# Made in Blockbench 5.1.5
mtllib CommandoBody.mtl

o Body
v -0.16874999999999973 1.0590029982717903 -0.16316964285714353
v -0.16875000000000054 1.0590029982717903 0.11607142857142795
v -0.1214999999999999 0.9140625000000002 -0.08928571428571479
v -0.12150000000000043 0.9140625000000002 0.08928571428571382
v 0.1687500000000004 1.0590029982717903 -0.16316964285714253
v 0.1687499999999996 1.0590029982717903 0.11607142857142895
v 0.12150000000000018 0.9140625000000002 -0.08928571428571407
v 0.12149999999999965 0.9140625000000002 0.08928571428571454
v -5.012475887799218e-16 0.9140625000000002 0.12499999999999993
v 2.394793354621751e-16 0.9140625000000002 -0.1250000000000002
v -0.14337499999999975 0.9683562713867808 -0.13616071428571486
v -0.1433750000000005 0.9683562713867808 0.11607142857142803
v -6.328943265800214e-16 0.9683562713867808 0.16718749999999985
v 0.14337499999999956 0.9683562713867808 0.1160714285714289
v 0.1433750000000003 0.9683562713867808 -0.13616071428571402
v -0.000022027677178892555 0.967889792452491 -0.18593750000000023
v 0.16875000000000037 1.207955094101836 -0.15535714285714258
v 3.467253311446939e-16 1.2480313569339043 -0.17500000000000024
v -7.226991657298334e-16 1.2480313569339043 0.18593749999999987
v 0.16874999999999957 1.207955094101836 0.11607142857142894
v -0.16875000000000057 1.207955094101836 0.11607142857142794
v -0.16874999999999976 1.207955094101836 -0.15535714285714358
v -0.08756250000000047 1.2246535369485312 0.08682065217391265
v 1.0580232371785746e-17 1.2480313569339043 -0.06154891304347847
v -5.022926488697531e-16 1.2480313569339043 0.11154891304347814
v -0.0875625000000001 1.2246535369485312 -0.036820652173913504
v 0.08756249999999999 1.2246535369485312 -0.036820652173912984
v 0.08756249999999961 1.2246535369485312 0.08682065217391317
v -0.07491346239682649 1.3029617063737828 0.07485536465638111
v -4.537066087330212e-17 1.2996220178044433 -0.04479751051893428
v -4.589778231648657e-16 1.2996220178044433 0.09479751051893394
v -0.0749134623968262 1.3029617063737828 -0.02485536465638191
v 0.07491346239682597 1.3029617063737828 -0.024855364656381464
v 0.07491346239682568 1.3029617063737828 0.07485536465638155
v -0.09970003125000043 1.2221571197429502 0.07328644215838466
v -0.09970003125000011 1.2221571197429502 -0.03266144215838558
v -0.15661246875000015 1.210451511307417 -0.03266144215838575
v -0.15661246875000046 1.210451511307417 0.0732864421583845
v 0.09970003124999997 1.2221571197429502 -0.03266144215838499
v 0.09970003124999965 1.2221571197429502 0.07328644215838524
v 0.15661246874999968 1.210451511307417 0.07328644215838541
v 0.15661246874999998 1.210451511307417 -0.03266144215838482
v -0.13099566977401433 1.2527663901618111 0.07328644215838456
v -0.1309956697740141 1.2527663901618111 -0.001411442158385677
v -0.16290810727401414 1.241060781726278 -0.00141144215838577
v -0.16290810727401436 1.241060781726278 0.07328644215838447
v 0.13099566977401378 1.2527663901618111 -0.0014114421583849006
v 0.13099566977401356 1.2527663901618111 0.07328644215838534
v 0.16290810727401359 1.241060781726278 0.07328644215838542
v 0.1629081072740138 1.241060781726278 -0.0014114421583848046
v 0.00006906871253763848 1.2353209763372461 -0.18593750000000026
v 0.11621656661247938 1.1978837316276891 -0.18593749999999992
v 0.14328675724023748 1.0994518458297786 -0.1859374999999998
v -0.11568454610953681 1.1978837316276891 -0.1859375000000006
v -0.14275473673729488 1.0994518458297786 -0.18593750000000067
v -0.11568454610953678 1.003117309718455 -0.18593750000000056
v 0.11621656661247941 1.003117309718455 -0.1859374999999999
v 0.0004629517904053956 1.2353209763372461 -0.35150231411492294
v 0.11621656661247987 1.1978837316276891 -0.3515023141149226
v 0.14328675724023798 1.0994518458297786 -0.3515023141149225
v -0.11568454610953632 1.1978837316276891 -0.3515023141149233
v -0.14275473673729439 1.0994518458297786 -0.35150231411492333
v -0.00021329599156365734 0.967889792452491 -0.3515023141149229
v -0.1156845461095363 1.003117309718455 -0.3515023141149233
v 0.1162165666124799 1.003117309718455 -0.35150231411492255
v -0.00009809485850241995 0.991327292452491 -0.41400231411492294
v -0.08781585951106154 1.020380175003628 -0.41400231411492316
v -0.10837973673729422 1.0998293153483747 -0.4140023141149233
v -0.08781585951106156 1.181008184576739 -0.4140023141149232
v 0.00041561694183725174 1.2118834763372461 -0.41400231411492294
v 0.08834788001400547 1.181008184576739 -0.41400231411492266
v 0.10891175724023817 1.0998293153483747 -0.4140023141149226
v 0.0883478800140055 1.020380175003628 -0.41400231411492266
v -0.00003388088345996093 1.018452798176462 -0.41400231411492294
v -0.06842479601367962 1.0366108497709225 -0.4140023141149231
v -0.08124511229255381 1.0998293153483747 -0.41400231411492316
v -0.06836058203863718 1.1645728787397114 -0.41400231411492316
v 0.00035140296679479283 1.1838699360900282 -0.41400231411492294
v 0.06890319191172127 1.1645728787397114 -0.4140023141149227
v 0.08172350819059548 1.0998293153483747 -0.41400231411492266
v 0.06883897793667881 1.0366108497709225 -0.4140023141149227
v 0.000158761041667268 1.0998293153483747 -0.36400231411492295
v -0.00003388088346010908 1.018452798176462 -0.36400231411492295
v -0.06842479601367976 1.0366108497709225 -0.3640023141149231
v -0.08124511229255395 1.0998293153483747 -0.3640023141149232
v -0.06836058203863732 1.1645728787397114 -0.3640023141149232
v 0.0003514029667946447 1.1838699360900282 -0.36400231411492295
v 0.06890319191172113 1.1645728787397114 -0.36400231411492273
v 0.08172350819059535 1.0998293153483747 -0.3640023141149227
v 0.06883897793667867 1.0366108497709225 -0.36400231411492273
v 0.08722892752222779 1.2072430428050784 -0.3304116314438801
v 0.0003644810209385165 1.2353209763372461 -0.33041163144388036
v 0.00016753948200468424 1.2353209763372461 -0.2632662035287309
v 0.08722892752222758 1.2072430428050784 -0.26326620352873065
v -0.08669690701928436 1.2072430428050782 -0.33041163144388064
v -0.08669690701928456 1.2072430428050782 -0.2632662035287312
v 0.07352374421803143 1.2325179300928106 -0.33041163144388014
v 0.0003340291553147664 1.2605985708940808 -0.33041163144388036
v 0.00021472605932840668 1.2605985708940808 -0.29450422438641893
v 0.07352374421803132 1.2325179300928106 -0.29449224524410683
v -0.07297498900338811 1.2325233446310153 -0.3304116314438806
v -0.07297498900338822 1.2325233446310153 -0.29451620352873104
v 0.13058692797796423 1.2070004351333548 0.1335379464285717
v -7.215013482722582e-16 1.2382504351333552 0.18593749999999987
v 0.13058692797796426 1.074774969806884 0.13353794642857172
v -0.13058692797796534 1.2070004351333548 0.13353794642857092
v -0.1305869279779653 1.074774969806884 0.13353794642857095
v -0.1305869279779653 1.0194368961782203 0.13119419642857091
v -6.511250181508214e-16 1.0038118961782203 0.17187499999999986
v 0.13058692797796426 1.0194368961782203 0.1311941964285717
v 0.13058692797796398 1.2070004351333548 0.2162824056989872
v -8.096757794555897e-16 1.2382504351333552 0.21628240569898682
v 0.130586927977964 1.074774969806884 0.21628240569898724
v -0.1305869279779656 1.2070004351333548 0.21628240569898644
v -0.13058692797796556 1.074774969806884 0.21628240569898646
v -0.13058692797796556 1.0194368961782203 0.21628240569898646
v -0.00012963499352241744 1.0038118961782203 0.21628240569898685
v 0.130586927977964 1.0194368961782203 0.21628240569898724
v 0.07605709379637768 1.1912177156133796 0.21628240569898705
v -0.0000162043741910096 1.2083190688017367 0.21628240569898682
v 0.07605080108781377 1.1009660446668637 0.21628240569898707
v -0.07607691712763184 1.1912177156133796 0.2162824056989866
v -0.07608320983619575 1.1009660446668637 0.2162824056989866
v -0.07608950254475967 1.0629158411795643 0.21628240569898663
v -0.00009171687695804572 1.0543651645853858 0.21628240569898685
v 0.07604450837924985 1.0629158411795643 0.21628240569898707
v 0.07605709379637736 1.1912177156133796 0.3240949056989871
v -0.00001620437419132904 1.2083190688017367 0.32409490569898686
v -0.000053960625574843383 1.1009660446668637 0.32409490569898686
v 0.07605080108781345 1.1009660446668637 0.3240949056989871
v -0.07607691712763216 1.1912177156133796 0.32409490569898664
v -0.07608320983619607 1.1009660446668637 0.32409490569898664
v -0.07608950254475999 1.0629158411795643 0.32409490569898664
v -0.00009171687695836515 1.0543651645853858 0.32409490569898686
v 0.07604450837924953 1.0629158411795643 0.3240949056989871
vt 0.2055109375 0.71875
vt 0.20885859375 0.7260671875
vt 0.1773296875 0.7260671875
vt 0.1831890625 0.71875
vt 0.2855609375 0.78125
vt 0.2914203125 0.7885671875
vt 0.25989140625 0.7885671875
vt 0.2632390625 0.78125
vt 0.44298671875 0.8828125
vt 0.44049375 0.875
vt 0.45794375 0.875
vt 0.45545078125 0.8828125
vt 0.24175 0.8392859375
vt 0.2265625 0.84375
vt 0.2265625 0.8125
vt 0.24175 0.8169640625
vt 0.38217220354752185 0.672437370056098
vt 0.3828124760127558 0.6817898987837687
vt 0.36384375 0.6817039613924423
vt 0.36636377127048375 0.671875
vt 0.44694296875 0.7265625
vt 0.4487140625 0.73497265625
vt 0.4296875 0.73497265625
vt 0.43113828125 0.72709140625
vt 0.30323671875 0.55514765625
vt 0.3046875 0.5630625
vt 0.2856609375 0.5630625
vt 0.28743203125 0.5546875
vt 0.211375 0.8169640625
vt 0.2265625 0.8125
vt 0.2265625 0.84375
vt 0.211375 0.8392859375
vt 0.19613709294957618 0.6171875
vt 0.19866093399362109 0.6270327090594083
vt 0.1796875 0.6271186430051118
vt 0.18032774236391813 0.6177834605045934
vt 0.44298671875 0.8671875
vt 0.44049375 0.859375
vt 0.45794375 0.859375
vt 0.45545078125 0.8671875
vt 0.17395390625 0.73783359375
vt 0.1773296875 0.7260671875
vt 0.20885859375 0.7260671875
vt 0.20885859375 0.73783359375
vt 0.353773046875 0.65064375
vt 0.35377226562499997 0.6458875
vt 0.363271484375 0.64481796875
vt 0.363276171875 0.65064375
vt 0.363276171875 0.65064375
vt 0.363271484375 0.64481796875
vt 0.372788671875 0.6458875
vt 0.372789453125 0.65064375
vt 0.25989140625 0.80033359375
vt 0.25989140625 0.7885671875
vt 0.2914203125 0.7885671875
vt 0.29479609375 0.80033359375
vt 0.329658203125 0.9113703125
vt 0.331269140625 0.90346796875
vt 0.339877734375 0.90119765625
vt 0.339854296875 0.9113703125
vt 0.339854296875 0.9113703125
vt 0.339877734375 0.90119765625
vt 0.348426953125 0.90346796875
vt 0.350029296875 0.9113703125
vt 0.339830078125 0.921875
vt 0.331260546875 0.91946328125
vt 0.329658203125 0.9113703125
vt 0.339854296875 0.9113703125
vt 0.37279023437500003 0.661925
vt 0.363280859375 0.6640625
vt 0.363276171875 0.65064375
vt 0.372789453125 0.65064375
vt 0.25475703125 0.71875
vt 0.22082890625 0.71875
vt 0.22082890625 0.703125
vt 0.25573359375 0.703125
vt 0.363280859375 0.6640625
vt 0.353773828125 0.661925
vt 0.353773046875 0.65064375
vt 0.363276171875 0.65064375
vt 0.348419140625 0.91946328125
vt 0.339830078125 0.921875
vt 0.339854296875 0.9113703125
vt 0.350029296875 0.9113703125
vt 0.2890625 0.6796875
vt 0.2587890625 0.6796875
vt 0.2578125 0.6640625
vt 0.2890625 0.6640625
vt 0.2398616879424614 0.9531197492213895
vt 0.23674012074841672 0.9417994912411837
vt 0.24039671810581242 0.9314383507376742
vt 0.24912070144202322 0.9531057494902839
vt 0.22128578060581242 0.9417985069876742
vt 0.2181855442494095 0.953125
vt 0.20400429855797678 0.9531139455113147
vt 0.20647666010074364 0.9314439911689608
vt 0.390625 0.5078125
vt 0.3828125 0.5078125
vt 0.3828125 0.5
vt 0.390625 0.5
vt 0.031827080544636135 0.8046857243446492
vt 0.02872541703004957 0.7933603014623983
vt 0.043542739376194475 0.7830000509281672
vt 0.04599988468747601 0.8046747958130671
vt 0.013270864376194475 0.7933602071781671
vt 0.010173551548551355 0.8046875
vt 0.000875115312523992 0.8046826517075617
vt 0.00962000779402198 0.7830153334311182
vt 0.5 0.6171875
vt 0.4921875 0.6171875
vt 0.4921875 0.609375
vt 0.5 0.609375
vt 0.4815762079264813 0.7628778989761801
vt 0.4722742117501576 0.765625
vt 0.46875 0.7578125
vt 0.480465434036062 0.7578125
vt 0.375 0.5297337301694691
vt 0.37234308152129336 0.5390625
vt 0.36564608038090285 0.5380034869059259
vt 0.36564608038090285 0.5263210413703625
vt 0.46716953125 0.625
vt 0.45470546875 0.625
vt 0.45321015625 0.6171875
vt 0.46866484375 0.6171875
vt 0.48157639615682674 0.82537846898122
vt 0.47227345351477223 0.828125
vt 0.46875 0.8203125
vt 0.480465434036062 0.8203125
vt 0.4765625 0.5844210503415324
vt 0.4739063417932682 0.59375
vt 0.46720934065287756 0.5926909869059259
vt 0.46720934065287756 0.5810085413703625
vt 0.12341953124999999 0.5390625
vt 0.11095546875 0.5390625
vt 0.10946015625 0.53125
vt 0.12491484375 0.53125
vt 0.22180531185581243 0.9402500694876742
vt 0.23504906185581242 0.9402500694876742
vt 0.23674046810581242 0.9417985069876742
vt 0.22128578060581242 0.9417985069876742
vt 0.22180531185581243 0.9329867882376741
vt 0.22180531185581243 0.9402500694876742
vt 0.22128578060581242 0.9417985069876742
vt 0.20646859310581242 0.9314383507376742
vt 0.23504906185581242 0.9329867882376741
vt 0.22180531185581243 0.9329867882376741
vt 0.20646859310581242 0.9314383507376742
vt 0.24039671810581242 0.9314383507376742
vt 0.23504906185581242 0.9402500694876742
vt 0.23504906185581242 0.9329867882376741
vt 0.24039671810581242 0.9314383507376742
vt 0.23674046810581242 0.9417985069876742
vt 0.014962270626194474 0.7918117696781672
vt 0.028206020626194473 0.7918117696781672
vt 0.028725551876194477 0.7933602071781671
vt 0.013270864376194475 0.7933602071781671
vt 0.014962270626194474 0.7845484884281672
vt 0.014962270626194474 0.7918117696781672
vt 0.013270864376194475 0.7933602071781671
vt 0.009614614376194475 0.7830000509281672
vt 0.028206020626194473 0.7845484884281672
vt 0.014962270626194474 0.7845484884281672
vt 0.009614614376194475 0.7830000509281672
vt 0.043542739376194475 0.7830000509281672
vt 0.028206020626194473 0.7918117696781672
vt 0.028206020626194473 0.7845484884281672
vt 0.043542739376194475 0.7830000509281672
vt 0.028725551876194477 0.7933602071781671
vt 0.479278125 0.84375
vt 0.469940625 0.84375
vt 0.469940625 0.8359375
vt 0.483184375 0.8359375
vt 0.54637912126139 0.805205802881361
vt 0.546875 0.8094260622646154
vt 0.540896104075849 0.8125
vt 0.540896104075849 0.8052677660768245
vt 0.2734375 0.6953125
vt 0.26171875 0.6953125
vt 0.2578125 0.6875
vt 0.2734375 0.6875
vt 0.03572676942617729 0.4609375
vt 0.03152475317233181 0.4603075229782554
vt 0.03152475317233181 0.453125
vt 0.03878774682766819 0.453125
vt 0.0859375 0.5546875
vt 0.07421875 0.5546875
vt 0.0703125 0.546875
vt 0.0859375 0.546875
vt 0.5446072507826368 0.734375
vt 0.5452368470764627 0.7391269335895992
vt 0.5407006529235373 0.7421875
vt 0.5407006529235373 0.734375
vt 0.479278125 0.859375
vt 0.469940625 0.859375
vt 0.469940625 0.8515625
vt 0.483184375 0.8515625
vt 0.1682879015991977 0.4609375
vt 0.1640625 0.46049219791425633
vt 0.1640625 0.453125
vt 0.17128554536350307 0.453125
vt 0.47522136621576727 0.6443171788058657
vt 0.4903392849208048 0.646352617718469
vt 0.49055860728158723 0.6484375
vt 0.46875 0.6484375
vt 0.4417855003379689 0.9862044521877107
vt 0.44506211040568816 0.9985375686092898
vt 0.4375 1
vt 0.4375 0.9814252353852555
vt 0.3848946855913653 0.585738415738928
vt 0.3828125 0.5706739245748611
vt 0.390625 0.5641200079304454
vt 0.390625 0.5859375
vt 0.45237073497765357 0.5703125
vt 0.4398404023699639 0.5678986839032619
vt 0.43484263002562623 0.5625
vt 0.453125 0.5625
vt 0.3774859375 0.6882086488924424
vt 0.36384375 0.6817039613924423
vt 0.3828125 0.6817898988924423
vt 0.4765625 0.8045588207130407
vt 0.4640544158465634 0.8045588207130407
vt 0.46080745536031464 0.796875
vt 0.4725744079875855 0.7996167289838145
vt 0.4453125 0.6438895915218265
vt 0.4453125 0.6563978753248223
vt 0.43933396953272463 0.6523913850327688
vt 0.4375 0.640625
vt 0.18495078125 0.6335545805051117
vt 0.1796875 0.6271186430051118
vt 0.19866171875 0.6270327055051117
vt 0.5 0.515625
vt 0.5 0.5234235435239608
vt 0.4921875 0.5234375
vt 0.4921875 0.515625
vt 0.375 0.875
vt 0.375 0.890625
vt 0.3515625 0.890625
vt 0.3515625 0.875
vt 0.4921875 0.5390625
vt 0.4921875 0.53125
vt 0.5 0.53125
vt 0.5 0.5390484375
vt 0 0.6484375
vt 0 0.6328125
vt 0.0234375 0.6328125
vt 0.0234375 0.6484375
vt 0.0625 0.6401142057435354
vt 0.0625 0.6250235709556684
vt 0.0859375 0.625
vt 0.0859375 0.6401142057435354
vt 0.3515625 0.8671875
vt 0.3515625 0.8515625
vt 0.375 0.8515625
vt 0.375 0.8671875
vt 0.375 0.7890625
vt 0.375 0.8046875
vt 0.3515625 0.8046875
vt 0.3515625 0.7890625
vt 0.0546875 0.625
vt 0.0546875 0.6402054687500001
vt 0.03125 0.6402054687500001
vt 0.03125 0.62502265625
vt 0.45049708795166266 0.7115404539758541
vt 0.4389466666846563 0.7115404539758541
vt 0.43803867286008485 0.703247043772243
vt 0.453125 0.703125
vt 0.10053145176709011 0.5244784481506175
vt 0.09027336874871314 0.5244784481506175
vt 0.08905742416377446 0.5157404573750055
vt 0.1015625 0.515625
vt 0.4447039719710707 0.7880895737092541
vt 0.4447039719710707 0.7764047241758556
vt 0.453125 0.7738136734206473
vt 0.4529837773509144 0.7890625
vt 0.4755275390372267 0.9519359535646583
vt 0.4755275390372267 0.9414681097955802
vt 0.484375 0.940366678978763
vt 0.48425413593428246 0.953125
vt 0.4635256633520947 0.5625
vt 0.4751751302384098 0.5625
vt 0.4761403187740306 0.570185850027303
vt 0.4609375 0.5703125
vt 0.2589123826424729 0.5234375
vt 0.2693801009918271 0.5234375
vt 0.270570249992351 0.5311336642585568
vt 0.2578125 0.53125
vt 0.2109375 0.5168410456706857
vt 0.2109375 0.5270992501864717
vt 0.203125 0.5281301014042374
vt 0.20324695471196036 0.515625
vt 0.46875 0.5399903928835881
vt 0.46875 0.5516276295968424
vt 0.4609375 0.5542634255425174
vt 0.46107120282265657 0.5390625
vt 0.196086328125 0.75934140625
vt 0.187537109375 0.75707109375
vt 0.187545703125 0.75368046875
vt 0.198510546875 0.7573125
vt 0.197688671875 0.76724375
vt 0.196086328125 0.75934140625
vt 0.198510546875 0.7573125
vt 0.201080859375 0.76724375
vt 0.187489453125 0.7777484375
vt 0.196078515625 0.77533671875
vt 0.198510546875 0.777390625
vt 0.187481640625 0.78125
vt 0.196078515625 0.77533671875
vt 0.197688671875 0.76724375
vt 0.201080859375 0.76724375
vt 0.198510546875 0.777390625
vt 0.178919921875 0.77533671875
vt 0.187489453125 0.7777484375
vt 0.187481640625 0.78125
vt 0.176489453125 0.777390625
vt 0.17731757812499999 0.76724375
vt 0.178919921875 0.77533671875
vt 0.176489453125 0.777390625
vt 0.173919140625 0.76724375
vt 0.178928515625 0.75934140625
vt 0.17731757812499999 0.76724375
vt 0.173919140625 0.76724375
vt 0.176489453125 0.7573125
vt 0.187537109375 0.75707109375
vt 0.178928515625 0.75934140625
vt 0.176489453125 0.7573125
vt 0.187545703125 0.75368046875
vt 0.390625 0.7265625
vt 0.390625 0.71875
vt 0.3984375 0.71875
vt 0.3984375 0.7265625
vt 0.1796875 0.8125
vt 0.1796875 0.8046875
vt 0.1875 0.8046875
vt 0.1875 0.8125
vt 0.1328125 0.5078125
vt 0.1328125 0.5
vt 0.140625 0.5
vt 0.140625 0.5078125
vt 0.1875 0.953125
vt 0.1875 0.9453125
vt 0.1953125 0.9453125
vt 0.1953125 0.953125
vt 0.2109375 0.5
vt 0.2109375 0.5078125
vt 0.203125 0.5078125
vt 0.203125 0.5
vt 0.03125 0.8125
vt 0.03125 0.8203125
vt 0.0234375 0.8203125
vt 0.0234375 0.8125
vt 0.3359375 0.75
vt 0.3359375 0.7578125
vt 0.328125 0.7578125
vt 0.328125 0.75
vt 0.390625 0.8515625
vt 0.390625 0.859375
vt 0.3828125 0.859375
vt 0.3828125 0.8515625
vt 0.37879603219962477 0.9218627765893075
vt 0.3788097415797334 0.9104510531308568
vt 0.3814499885721304 0.906647123246868
vt 0.3814319671960619 0.9218541606958305
vt 0.37041677930812966 0.910440625
vt 0.37040349805812967 0.921875
vt 0.3607370918081297 0.921875
vt 0.3607558418081297 0.90662109375
vt 0.3788097415797334 0.9104510531308568
vt 0.37041677930812966 0.910440625
vt 0.36075511166624596 0.9066208050823896
vt 0.3814504081918703 0.9066465186806767
vt 0.09775702057770314 0.6291786720969428
vt 0.09775760099063796 0.6406131598440654
vt 0.0951216900826948 0.640625
vt 0.09512114035073527 0.6253709423322003
vt 0.10614998932770314 0.6291786720969428
vt 0.09775702057770314 0.6291786720969428
vt 0.09512108307770314 0.6253708595969428
vt 0.11581639557770314 0.6253708595969428
vt 0.10614992259993926 0.6405896105595369
vt 0.10614998932770314 0.6291786720969428
vt 0.11581641692229686 0.6253708511888324
vt 0.11581632489378665 0.6405778837229104
vt 0.410148046875 0.5703125
vt 0.400998828125 0.56680234375
vt 0.399285546875 0.56364296875
vt 0.410144140625 0.56715234375
vt 0.140625 0.521436978610339
vt 0.140625 0.53125
vt 0.1328125 0.5301242587242894
vt 0.1331856742148848 0.5187065068430323
vt 0.5 0.5078125
vt 0.496090625 0.5078125
vt 0.4921875 0.5
vt 0.5 0.5
vt 0.419311328125 0.566803125
vt 0.410148046875 0.5703125
vt 0.410144140625 0.56715234375
vt 0.421026953125 0.56364296875
vt 0.047165234375000004 0.5078125
vt 0.042678515624999996 0.5078125
vt 0.042678515624999996 0.5
vt 0.051071484375000004 0.5
vt 0.5515938259371198 1
vt 0.5417950611360861 1
vt 0.5390625 0.9954480561550658
vt 0.5504575911426495 0.995135830261016
vt 0.2662462561328809 0.7175500001196305
vt 0.28381635235281083 0.7135624667422549
vt 0.2890625 0.7136819992202921
vt 0.2662467919623779 0.71875
vt 0.28381635235281083 0.7135624667422549
vt 0.28381635235281083 0.6970343417422549
vt 0.28906244610281084 0.6950624667422549
vt 0.28906244610281084 0.7136819979922548
vt 0.145872048171771 0.77612109375
vt 0.163460329421771 0.78002734375
vt 0.163460329421771 0.78125
vt 0.140631423171771 0.776240625
vt 0.1458716553926907 0.759592968754667
vt 0.145872048171771 0.77612109375
vt 0.1406259572638271 0.7762407496696355
vt 0.1406255147839717 0.7576212184248932
vt 0.14575171570530002 0.7526703463719981
vt 0.1458716553926907 0.759592968754667
vt 0.140625 0.7576210249444775
vt 0.14352488743020886 0.7462491051096813
vt 0.1628029517761236 0.7503485737737318
vt 0.14575171570530002 0.7526703463719981
vt 0.14350814544092305 0.746200828215761
vt 0.1625292912226659 0.7458983482879684
vt 0.4453125 0.6740033708027413
vt 0.44328758640642174 0.6910921218095791
vt 0.43882180241363233 0.6908954151859957
vt 0.43882180241363233 0.671875
vt 0.484375 0.6953125
vt 0.47762328625487915 0.6937799863934888
vt 0.47182814018273683 0.6875
vt 0.4834367920045093 0.6875
vt 0.432328515625 0.765625
vt 0.432328515625 0.75
vt 0.442671484375 0.75
vt 0.436121484375 0.765625
vt 0.21343203125 0.6328125
vt 0.21343203125 0.616284375
vt 0.223775 0.616284375
vt 0.223775 0.6328125
vt 0.453125 0.953125
vt 0.453125 0.96875
vt 0.4518625 0.96875
vt 0.4453125 0.953125
vt 0.24750546875 0.616284375
vt 0.24750546875 0.6328125
vt 0.2371625 0.6328125
vt 0.2371625 0.616284375
vt 0.24750546875 0.6093671875
vt 0.24750546875 0.616284375
vt 0.2371625 0.616284375
vt 0.23686953125 0.6093671875
vt 0.140625 0.53907890625
vt 0.140625 0.55550234375
vt 0.1328125 0.55550234375
vt 0.13789765625 0.5390625
vt 0.4453125 0.8387609811365606
vt 0.4296875 0.8387609811365606
vt 0.42970357540408816 0.833210223164289
vt 0.4453125 0.828125
vt 0.21343203125 0.616284375
vt 0.21343203125 0.6093671875
vt 0.22406796875 0.6093671875
vt 0.223775 0.616284375
vt 0.23046640625 0.91813359375
vt 0.23997578125 0.91599609375
vt 0.24679218749999998 0.91796875
vt 0.23046875 0.921875
vt 0.23997578125 0.91599609375
vt 0.239975 0.90471484375
vt 0.24679218749999998 0.901440625
vt 0.24679218749999998 0.91796875
vt 0.220959375 0.91599609375
vt 0.23046640625 0.91813359375
vt 0.23046875 0.921875
vt 0.2141453125 0.91796875
vt 0.22095859375 0.90471484375
vt 0.220959375 0.91599609375
vt 0.2141453125 0.91796875
vt 0.2141453125 0.901440625
vt 0.2209578125 0.89995859375
vt 0.22095859375 0.90471484375
vt 0.2141453125 0.901440625
vt 0.2141453125 0.8945234375
vt 0.23045703125 0.8988890625
vt 0.2209578125 0.89995859375
vt 0.2141453125 0.8945234375
vt 0.23045234375 0.8925703125
vt 0.23997421875 0.89995859375
vt 0.23045703125 0.8988890625
vt 0.23045234375 0.8925703125
vt 0.24679218749999998 0.8945234375
vt 0.239975 0.90471484375
vt 0.23997421875 0.89995859375
vt 0.24679218749999998 0.8945234375
vt 0.24679218749999998 0.901440625
vt 0.4375 0.59375
vt 0.4375 0.5859375
vt 0.453125 0.5859375
vt 0.453125 0.59375
vt 0.0010742187499999997 0.57853828125
vt 0.0010742187499999997 0.56725625
vt 0.01455078125 0.56725625
vt 0.01455078125 0.57853828125
vt 0.015625 0.546875
vt 0.015625 0.5546875
vt 0 0.5546875
vt 0 0.546875
vt 0.42861328125 0.98871875
vt 0.42861328125 1
vt 0.41513671875 1
vt 0.41513671875 0.98871875
vt 0.42861328125 0.9839625
vt 0.42861328125 0.98871875
vt 0.41513671875 0.98871875
vt 0.41513671875 0.9839625
vt 0.1640625 0.8984375
vt 0.1640625 0.90625
vt 0.1484375 0.90625
vt 0.1484375 0.8984375
vt 0.0625 0.9140625
vt 0.0625 0.90625
vt 0.078125 0.90625
vt 0.078125 0.9140625
vt 0.0010742187499999997 0.56725625
vt 0.0010742187499999997 0.5625
vt 0.01455078125 0.5625
vt 0.01455078125 0.56725625
vn -0.9275460149941754 -0.3737089643939856 -2.70246707841282e-15
vn 0.9275460149941754 -0.37370896439398543 2.793999375824374e-15
vn 0.04453638504767578 0.9990077629362473 9.614032132583015e-18
vn 1.224646799147353e-16 -1 1.224646799147357e-16
vn -0.2400454964617364 -0.6879972894091381 -0.6848634092971513
vn -0.2709890094240972 -0.5906108489119838 0.7600945874815926
vn 0.28796014251431823 -0.5144947961565512 0.8076967630558901
vn 1.224646799147353e-16 -1 1.224646799147357e-16
vn 0.22623940626835753 -0.730005036075584 -0.6449095892880073
vn -0.044536385047676035 0.9990077629362473 -2.5430036397323037e-16
vn -0.962980798127268 -0.26956999543378385 -2.820210415598627e-15
vn -2.9629076969683865e-15 1.224646799147353e-16 1
vn -2.9629076969683865e-15 1.224646799147353e-16 1
vn 0.962980798127268 -0.2695699954337837 2.8862360220094576e-15
vn 2.9629076969683865e-15 -1.224646799147353e-16 -1
vn 2.9629076969683865e-15 -1.224646799147353e-16 -1
vn 2.9629076969683865e-15 -1.224646799147353e-16 -1
vn -2.9629076969683865e-15 1.224646799147353e-16 1
vn 1 1.224646799147357e-16 2.9629076969683865e-15
vn -2.9629076969683865e-15 1.224646799147353e-16 1
vn 2.9629076969683865e-15 -1.224646799147353e-16 -1
vn -1 -1.224646799147357e-16 -2.9629076969683865e-15
vn -0.23241706024449726 0.9682211045338428 -0.09235909723774596
vn -0.25794922365436734 0.9661584745869123 -8.8260002852974e-16
vn -0.3443682664492856 0.9388346484140399 -1.1353054719651369e-15
vn 0.24881048205260628 0.9679532371989393 0.034056931993998424
vn 0.2579492236543672 0.9661584745869125 6.459594518553491e-16
vn 0.3443682664492854 0.9388346484140401 9.053573025433594e-16
vn -0.24509302112952858 0.18500452164662096 0.9516841587227904
vn -0.23284173401717528 0.3003383572244637 -0.9249765392049605
vn -0.9872040591762702 0.15946205048818216 -2.9445229743833883e-15
vn 0.24509302112952838 0.18500452164662076 -0.9516841587227908
vn 0.2328417340171754 0.30033835722446384 0.9249765392049601
vn 0.9872040591762702 0.15946205048818238 2.905466036440223e-15
vn -0.20146043276845518 0.9794966534035464 -7.168624110208577e-16
vn -0.2014604327684447 0.9794966534035484 3.113637230453433e-14
vn -0.20146043276845518 0.9794966534035464 -7.168624110208577e-16
vn -0.20146043276844466 0.9794966534035484 2.3796512018831263e-15
vn 0.20146043276845496 0.9794966534035464 4.769549227476175e-16
vn 0.20146043276844453 0.9794966534035485 -9.311890728671969e-15
vn 0.20146043276845496 0.9794966534035464 4.769549227476175e-16
vn 0.2014604327684445 0.9794966534035484 -6.028244998515394e-16
vn 0.6992237870615471 0.714902857461983 1.9841851909788305e-15
vn -0.21361536056948208 0.582369287402458 -0.7843560994976222
vn -0.9794966534035484 -0.20146043276844464 -2.8774863861096776e-15
vn -2.9629076969683865e-15 1.224646799147353e-16 1
vn -0.6992237870615473 0.7149028574619828 -2.159285890197254e-15
vn -2.9629076969683865e-15 1.224646799147353e-16 1
vn 0.9794966534035484 -0.20146043276844441 2.9268299609386213e-15
vn 0.24485273186029452 0.6675302309341223 -0.7031717645707825
vn 0.20594168416671366 0.6389255276352476 -0.7411897144851635
vn 0.4796760115531647 0.13191783299738866 -0.8674725409358625
vn -0.23477618504158668 0.7259132530595275 -0.646475128655274
vn -0.8158816481520935 0.22437924018352473 -0.5329081466662783
vn -0.2241808764003781 -0.7360531414427393 -0.6387242813833158
vn -0.7796198281877093 -0.21907467683067627 -0.5866849320274907
vn 0.5201835967663128 -0.1461725949416978 -0.8414526713626101
vn 0.22355358994828886 -0.737649345192493 -0.6371006482168408
vn 0.3582091616911919 0.9336406053756107 0.0011901572823691646
vn 0.9642018313744317 0.2651694333330899 2.8243671378340095e-15
vn -0.3576409573772644 0.9338591679724912 -1.1740219094554315e-15
vn -0.9642018313744318 0.26516943333308945 -2.889314917386627e-15
vn -0.29179905068815115 -0.9564795870174271 0.00033710008290455004
vn -0.9627131591258532 -0.2705242562986164 -2.8193005626899595e-15
vn 0.9627131591258534 -0.2705242562986165 2.8855598956035243e-15
vn 0.2895988286353778 -0.9571481173010881 9.75271436213059e-16
vn -0.2961493541795397 -0.8941473984966618 -0.33585114229475743
vn -0.86558668269206 -0.22404041370749142 -0.4478454954244059
vn -0.30644601510477354 0.87572239237546 -0.373096678246545
vn -0.8559246655254046 0.21681910457824852 -0.4694490843905344
vn 0.3122983705751129 0.8894200155719996 -0.33376902737676795
vn 0.8675439717260212 0.21976245656669902 -0.44617476374803006
vn 0.8539789642133018 -0.22103597971817274 -0.4710233798350186
vn 0.2895989698052743 -0.8816289798926967 -0.3726429638421836
vn 2.9629076969683865e-15 -1.224646799147353e-16 -1
vn 2.9629076969683865e-15 -1.224646799147353e-16 -1
vn 2.9629076969683865e-15 -1.224646799147353e-16 -1
vn 2.9629076969683865e-15 -1.224646799147353e-16 -1
vn 2.9629076969683865e-15 -1.224646799147353e-16 -1
vn 2.9629076969683865e-15 -1.224646799147353e-16 -1
vn 2.9629076969683865e-15 -1.224646799147353e-16 -1
vn 2.9629076969683865e-15 -1.224646799147353e-16 -1
vn 0.2566132384618752 0.9665141726048869 6.419574906015613e-16
vn 0.9800505800137512 0.19874823424299842 2.8794597680508873e-15
vn 0.2703795486936617 -0.9627538105082794 9.190129831678772e-16
vn 0.9807672044276432 -0.19518117409008917 2.9298254989431565e-15
vn -0.27096504749600364 -0.9625891870551468 -6.849612481532198e-16
vn -0.9809530030885764 -0.19424522061431393 -2.882685024447897e-15
vn -0.9798562486241699 0.19970411120497528 -2.927680321027496e-15
vn -0.2549346535885072 0.9669582836915499 -8.737660840445448e-16
vn 0.3075696595965844 0.951525446516172 0.00047867300010086104
vn 0.30693953360298837 0.9517289372196813 0.0003908583834268579
vn 0.30725431969900513 0.9516274391936699 7.938254390240356e-16
vn -0.30693924186668264 0.9517280326314599 -0.0014330756285899726
vn -0.3072543196989987 0.9516274391936719 -1.0269069385018809e-15
vn -0.30756969221183234 0.951525547417658 -0.0001305536102188075
vn 2.9629076969683865e-15 -1.224646799147353e-16 -1
vn 0.2852198479355679 0.7448694874464031 0.6031741746916426
vn 0.8790789347418214 0.4766762281603569 2.5462537402846916e-15
vn 2.9629076969683865e-15 -1.224646799147353e-16 -1
vn -0.8788778381082992 0.4770469009249325 -2.662455307252103e-15
vn -0.307457445753756 0.8012962997886235 0.5132194062929
vn 0.4045584216170195 0.1909031286723987 0.8943648466715558
vn 0.41616455972871846 1.6232128456781556e-16 0.9092893154688458
vn -0.37240002322256377 6.805022940506184e-17 0.9280723154495204
vn -0.4161645597287238 6.039036536974606e-17 0.9092893154688432
vn -0.40257231092899737 -0.038734984097979555 0.9145682781948081
vn -0.3129925429580962 -0.19672567276309003 0.9291580477661128
vn 0.3086712769907267 -0.12466686358944395 0.9429635283952847
vn 0.7114797150730973 -0.029735286840981392 0.702077223498946
vn 0.23273306057026794 0.9725406534009753 5.704646966798385e-16
vn 1 1.224646799147357e-16 2.9629076969683865e-15
vn -0.23273306057026816 0.9725406534009753 -8.086684563254752e-16
vn -1 -1.224646799147357e-16 -2.9629076969683865e-15
vn -1 -1.224646799147357e-16 -2.9629076969683865e-15
vn -0.11892106706585759 -0.9929037112469256 -2.307565097571156e-16
vn 0.11868851175750351 -0.9929314765530688 0.00034647789508562653
vn 1 1.224646799147357e-16 2.9629076969683865e-15
vn -2.9629076969683865e-15 1.224646799147353e-16 1
vn -2.9629076969683865e-15 1.224646799147353e-16 1
vn -2.9629076969683865e-15 1.224646799147353e-16 1
vn -2.9629076969683865e-15 1.224646799147353e-16 1
vn -2.9629076969683865e-15 1.224646799147353e-16 1
vn -2.9629076969683865e-15 1.224646799147353e-16 1
vn -2.9629076969683865e-15 1.224646799147353e-16 1
vn -2.9629076969683865e-15 1.224646799147353e-16 1
vn 0.21932738819928224 0.9756513192661 5.303639801293144e-16
vn 0.9999999975692812 -0.000069724011562546 2.9629162284951495e-15
vn -0.21936193311816543 0.9756435528914551 -7.694310354734041e-16
vn -0.9999999975692812 0.000069724011562546 -2.9629162284951495e-15
vn -0.9999999863248764 0.00016537910184798426 -2.96292790954903e-15
vn -0.11180672610987252 -0.9937299713687779 -2.095761864984211e-16
vn 0.11160596089641764 -0.9937525393639945 4.523777472152156e-16
vn 0.9999999863248764 -0.00016537910184798426 2.96292790954903e-15
usemtl m_b56f5dc6-1369-fe8a-30e0-035cc0472814
f 4/1/1 12/2/1 11/3/1 3/4/1
f 7/5/2 15/6/2 14/7/2 8/8/2
f 29/9/3 31/10/3 30/11/3 32/12/3
f 3/13/4 10/14/4 9/15/4 4/16/4
f 3/17/5 11/18/5 16/19/5 10/20/5
f 9/21/6 13/22/6 12/23/6 4/24/6
f 8/25/7 14/26/7 13/27/7 9/28/7
f 8/29/8 9/30/8 10/31/8 7/32/8
f 10/33/9 16/34/9 15/35/9 7/36/9
f 33/37/10 30/38/10 31/39/10 34/40/10
f 1/41/11 11/42/11 12/43/11 2/44/11
f 132/45/12 133/46/12 134/47/12 129/48/12
f 129/49/13 134/50/13 135/51/13 130/52/13
f 6/53/14 14/54/14 15/55/14 5/56/14
f 89/57/15 90/58/15 83/59/15 82/60/15
f 82/61/16 83/62/16 84/63/16 85/64/16
f 87/65/17 88/66/17 89/67/17 82/68/17
f 127/69/18 128/70/18 129/71/18 130/72/18
f 17/73/19 20/74/19 6/75/19 5/76/19
f 128/77/20 131/78/20 132/79/20 129/80/20
f 86/81/21 87/82/21 82/83/21 85/84/21
f 21/85/22 22/86/22 1/87/22 2/88/22
f 25/89/23 23/90/23 21/91/23 19/92/23
f 26/93/24 24/94/24 18/95/24 22/96/24
f 43/97/25 44/98/25 45/99/25 46/100/25
f 24/101/26 27/102/26 17/103/26 18/104/26
f 28/105/27 25/106/27 19/107/27 20/108/27
f 47/109/28 48/110/28 49/111/28 50/112/28
f 31/113/29 29/114/29 23/115/29 25/116/29
f 32/117/30 30/118/30 24/119/30 26/120/30
f 29/121/31 32/122/31 26/123/31 23/124/31
f 30/125/32 33/126/32 27/127/32 24/128/32
f 34/129/33 31/130/33 25/131/33 28/132/33
f 33/133/34 34/134/34 28/135/34 27/136/34
f 36/137/35 35/138/35 23/139/35 26/140/35
f 37/141/36 36/142/36 26/143/36 22/144/36
f 38/145/37 37/146/37 22/147/37 21/148/37
f 35/149/38 38/150/38 21/151/38 23/152/38
f 40/153/39 39/154/39 27/155/39 28/156/39
f 41/157/40 40/158/40 28/159/40 20/160/40
f 42/161/41 41/162/41 20/163/41 17/164/41
f 39/165/42 42/166/42 17/167/42 27/168/42
f 44/169/43 43/170/43 35/171/43 36/172/43
f 45/173/44 44/174/44 36/175/44 37/176/44
f 46/177/45 45/178/45 37/179/45 38/180/45
f 43/181/46 46/182/46 38/183/46 35/184/46
f 48/185/47 47/186/47 39/187/47 40/188/47
f 49/189/48 48/190/48 40/191/48 41/192/48
f 50/193/49 49/194/49 41/195/49 42/196/49
f 47/197/50 50/198/50 42/199/50 39/200/50
f 52/201/51 51/202/51 18/203/51 17/204/51
f 53/205/52 52/206/52 17/207/52 5/208/52
f 51/209/53 54/210/53 22/211/53 18/212/53
f 54/213/54 55/214/54 1/215/54 22/216/54
f 56/217/55 16/218/55 11/219/55
f 55/220/56 56/221/56 11/222/56 1/223/56
f 57/224/57 53/225/57 5/226/57 15/227/57
f 57/228/58 15/229/58 16/230/58
f 97/231/59 98/232/59 99/233/59 100/234/59
f 60/235/60 59/236/60 52/237/60 53/238/60
f 98/239/61 101/240/61 102/241/61 99/242/61
f 61/243/62 62/244/62 55/245/62 54/246/62
f 64/247/63 63/248/63 16/249/63 56/250/63
f 62/251/64 64/252/64 56/253/64 55/254/64
f 65/255/65 60/256/65 53/257/65 57/258/65
f 63/259/66 65/260/66 57/261/66 16/262/66
f 67/263/67 66/264/67 63/265/67 64/266/67
f 68/267/68 67/268/68 64/269/68 62/270/68
f 70/271/69 69/272/69 61/273/69 58/274/69
f 69/275/70 68/276/70 62/277/70 61/278/70
f 71/279/71 70/280/71 58/281/71 59/282/71
f 72/283/72 71/284/72 59/285/72 60/286/72
f 73/287/73 72/288/73 60/289/73 65/290/73
f 66/291/74 73/292/74 65/293/74 63/294/74
f 75/295/75 74/296/75 66/297/75 67/298/75
f 76/299/76 75/300/76 67/301/76 68/302/76
f 78/303/77 77/304/77 69/305/77 70/306/77
f 77/307/78 76/308/78 68/309/78 69/310/78
f 79/311/79 78/312/79 70/313/79 71/314/79
f 80/315/80 79/316/80 71/317/80 72/318/80
f 81/319/81 80/320/81 72/321/81 73/322/81
f 74/323/82 81/324/82 73/325/82 66/326/82
f 84/327/83 83/328/83 74/329/83 75/330/83
f 85/331/84 84/332/84 75/333/84 76/334/84
f 87/335/85 86/336/85 77/337/85 78/338/85
f 86/339/86 85/340/86 76/341/86 77/342/86
f 88/343/87 87/344/87 78/345/87 79/346/87
f 89/347/88 88/348/88 79/349/88 80/350/88
f 90/351/89 89/352/89 80/353/89 81/354/89
f 83/355/90 90/356/90 81/357/90 74/358/90
f 92/359/91 91/360/91 59/361/91 58/362/91
f 94/363/92 93/364/92 51/365/92 52/366/92
f 91/367/93 94/368/93 52/369/93 59/370/93
f 95/371/94 92/372/94 58/373/94 61/374/94
f 96/375/95 95/376/95 61/377/95 54/378/95
f 93/379/96 96/380/96 54/381/96 51/382/96
f 98/383/97 97/384/97 91/385/97 92/386/97
f 100/387/98 99/388/98 93/389/98 94/390/98
f 97/391/99 100/392/99 94/393/99 91/394/99
f 101/395/100 98/396/100 92/397/100 95/398/100
f 102/399/101 101/400/101 95/401/101 96/402/101
f 99/403/102 102/404/102 96/405/102 93/406/102
f 104/407/103 103/408/103 20/409/103 19/410/103
f 103/411/104 105/412/104 6/413/104 20/414/104
f 106/415/105 104/416/105 19/417/105 21/418/105
f 107/419/106 106/420/106 21/421/106 2/422/106
f 108/423/107 107/424/107 2/425/107 12/426/107
f 109/427/108 108/428/108 12/429/108 13/430/108
f 110/431/109 109/432/109 13/433/109 14/434/109
f 105/435/110 110/436/110 14/437/110 6/438/110
f 112/439/111 111/440/111 103/441/111 104/442/111
f 111/443/112 113/444/112 105/445/112 103/446/112
f 114/447/113 112/448/113 104/449/113 106/450/113
f 115/451/114 114/452/114 106/453/114 107/454/114
f 116/455/115 115/456/115 107/457/115 108/458/115
f 117/459/116 116/460/116 108/461/116 109/462/116
f 118/463/117 117/464/117 109/465/117 110/466/117
f 113/467/118 118/468/118 110/469/118 105/470/118
f 120/471/119 119/472/119 111/473/119 112/474/119
f 119/475/120 121/476/120 113/477/120 111/478/120
f 122/479/121 120/480/121 112/481/121 114/482/121
f 123/483/122 122/484/122 114/485/122 115/486/122
f 124/487/123 123/488/123 115/489/123 116/490/123
f 125/491/124 124/492/124 116/493/124 117/494/124
f 126/495/125 125/496/125 117/497/125 118/498/125
f 121/499/126 126/500/126 118/501/126 113/502/126
f 128/503/127 127/504/127 119/505/127 120/506/127
f 127/507/128 130/508/128 121/509/128 119/510/128
f 131/511/129 128/512/129 120/513/129 122/514/129
f 132/515/130 131/516/130 122/517/130 123/518/130
f 133/519/131 132/520/131 123/521/131 124/522/131
f 134/523/132 133/524/132 124/525/132 125/526/132
f 135/527/133 134/528/133 125/529/133 126/530/133
f 130/531/134 135/532/134 126/533/134 121/534/134
o cylinder
v -0.15373962819691242 1.3156249999999998 0.11875000000000041
v -0.15373962819691242 1.3156249999999998 -0.17499999999999982
v -0.12945233643574366 1.2983171651152294 0.1187500000000004
v -0.12945233643574366 1.2983171651152294 -0.17499999999999982
v -0.12017541647766247 1.2703124999999997 0.1187500000000004
v -0.12017541647766247 1.2703124999999997 -0.17499999999999985
v -0.12945233643574366 1.24230783488477 0.11875000000000038
v -0.12945233643574366 1.24230783488477 -0.17499999999999985
v -0.15373962819691242 1.2249999999999996 0.11875000000000038
v -0.15373962819691242 1.2249999999999996 -0.17499999999999985
v -0.18376037180308763 1.2249999999999996 0.11875000000000038
v -0.18376037180308763 1.2249999999999996 -0.17499999999999985
v -0.2080476635642564 1.24230783488477 0.11875000000000038
v -0.2080476635642564 1.24230783488477 -0.17499999999999985
v -0.21732458352233758 1.2703124999999997 0.1187500000000004
v -0.21732458352233758 1.2703124999999997 -0.17499999999999985
v -0.2080476635642564 1.2983171651152294 0.1187500000000004
v -0.2080476635642564 1.2983171651152294 -0.17499999999999982
v -0.18376037180308763 1.3156249999999998 0.11875000000000041
v -0.18376037180308763 1.3156249999999998 -0.17499999999999982
v -0.15757980271627633 1.303378378378378 -0.20781249999999957
v -0.13950604385016968 1.2907483367057078 -0.20781249999999957
v -0.1326024822677867 1.2703124999999997 -0.2078124999999996
v -0.13950604385016968 1.2498766632942917 -0.2078124999999996
v -0.15757980271627633 1.2372466216216214 -0.2078124999999996
v -0.17992019728372374 1.2372466216216214 -0.2078124999999996
v -0.1979939561498304 1.2498766632942917 -0.2078124999999996
v -0.20489751773221337 1.2703124999999997 -0.2078124999999996
v -0.1979939561498304 1.2907483367057078 -0.20781249999999957
v -0.17992019728372374 1.303378378378378 -0.20781249999999957
v -0.16037235203720726 1.2951119087837837 -0.20781249999999957
v -0.14681703288762726 1.2856393775292807 -0.20781249999999957
v -0.14163936170084002 1.2703124999999997 -0.2078124999999996
v -0.14681703288762726 1.2549856224707188 -0.2078124999999996
v -0.16037235203720726 1.2455130912162158 -0.2078124999999996
v -0.1771276479627928 1.2455130912162158 -0.2078124999999996
v -0.1906829671123728 1.2549856224707188 -0.2078124999999996
v -0.19586063829916006 1.2703124999999997 -0.2078124999999996
v -0.1906829671123728 1.2856393775292807 -0.20781249999999957
v -0.1771276479627928 1.2951119087837837 -0.20781249999999957
v -0.15749222114768432 1.304296875 0.13750000000000034
v -0.13927675232680775 1.291315998836422 0.13750000000000034
v -0.13231906235824686 1.2703124999999997 0.13750000000000032
v -0.13927675232680775 1.2493090011635775 0.13750000000000032
v -0.15749222114768432 1.2363281249999996 0.13750000000000032
v -0.18000777885231573 1.2363281249999996 0.13750000000000032
v -0.1982232476731923 1.2493090011635775 0.13750000000000032
v -0.2051809376417532 1.2703124999999997 0.13750000000000032
v -0.1982232476731923 1.291315998836422 0.13750000000000034
v -0.18000777885231573 1.304296875 0.13750000000000034
v -0.16018034331123907 1.2957242398648647 0.16562500000000036
v -0.14631434751690597 1.286017818949757 0.16562500000000036
v -0.1410180084113338 1.2703124999999997 0.16562500000000033
v -0.14631434751690597 1.2546071810502424 0.16562500000000033
v -0.16018034331123907 1.2449007601351347 0.16562500000000033
v -0.17731965668876098 1.2449007601351347 0.16562500000000033
v -0.1911856524830941 1.2546071810502424 0.16562500000000033
v -0.19648199158866628 1.2703124999999997 0.16562500000000033
v -0.1911856524830941 1.286017818949757 0.16562500000000036
v -0.17731965668876098 1.2957242398648647 0.16562500000000036
v -0.16875000000000004 1.2703124999999997 0.16562500000000033
v -0.14681703288762726 1.2856393775292807 -0.18906249999999944
v -0.14163936170084002 1.2703124999999997 -0.18906249999999947
v -0.16875000000000004 1.2703124999999997 -0.18906249999999947
v -0.16037235203720726 1.2951119087837837 -0.18906249999999944
v -0.1771276479627928 1.2951119087837837 -0.18906249999999944
v -0.1906829671123728 1.2856393775292807 -0.18906249999999944
v -0.19586063829916006 1.2703124999999997 -0.18906249999999947
v -0.1906829671123728 1.2549856224707188 -0.18906249999999947
v -0.1771276479627928 1.2455130912162158 -0.18906249999999947
v -0.16037235203720726 1.2455130912162158 -0.18906249999999947
v -0.14681703288762726 1.2549856224707188 -0.18906249999999947
v -0.2080476635642564 1.2983171651152294 -0.1041666666666662
v -0.21732458352233758 1.2703124999999997 -0.1041666666666662
v -0.2080476635642564 1.2983171651152294 -0.13333333333333308
v -0.21732458352233758 1.2703124999999997 -0.1333333333333331
v -0.2080476635642564 1.24230783488477 -0.10416666666666621
v -0.2080476635642564 1.24230783488477 -0.1333333333333331
v -0.18376037180308763 1.2249999999999996 -0.10416666666666621
v -0.18376037180308763 1.2249999999999996 -0.1333333333333331
v -0.15373962819691242 1.2249999999999996 -0.10416666666666621
v -0.15373962819691242 1.2249999999999996 -0.1333333333333331
v -0.12945233643574366 1.24230783488477 -0.10416666666666621
v -0.12945233643574366 1.24230783488477 -0.1333333333333331
v -0.12017541647766247 1.2703124999999997 -0.1041666666666662
v -0.12017541647766247 1.2703124999999997 -0.1333333333333331
v -0.12945233643574366 1.2983171651152294 -0.1041666666666662
v -0.12945233643574366 1.2983171651152294 -0.13333333333333308
v -0.15373962819691242 1.3156249999999998 -0.10416666666666619
v -0.15373962819691242 1.3156249999999998 -0.13333333333333308
v -0.18376037180308763 1.3156249999999998 -0.10416666666666619
v -0.18376037180308763 1.3156249999999998 -0.13333333333333308
v -0.20422857613059173 1.2955722915554442 -0.1041666666666662
v -0.20422857613059173 1.2955722915554442 -0.13333333333333308
v -0.21259918118450108 1.2703124999999997 -0.1333333333333331
v -0.21259918118450108 1.2703124999999997 -0.1041666666666662
v -0.20422857613059173 1.2450527084445553 -0.1333333333333331
v -0.20422857613059173 1.2450527084445553 -0.10416666666666621
v -0.18230398553834123 1.2294340858180546 -0.1333333333333331
v -0.18230398553834123 1.2294340858180546 -0.10416666666666621
v -0.15519601446165884 1.2294340858180546 -0.1333333333333331
v -0.15519601446165884 1.2294340858180546 -0.10416666666666621
v -0.13327142386940835 1.2450527084445553 -0.1333333333333331
v -0.13327142386940835 1.2450527084445553 -0.10416666666666621
v -0.12490081881549897 1.2703124999999997 -0.1333333333333331
v -0.12490081881549897 1.2703124999999997 -0.1041666666666662
v -0.13327142386940835 1.2955722915554442 -0.13333333333333308
v -0.13327142386940835 1.2955722915554442 -0.1041666666666662
v -0.15519601446165884 1.3111909141819449 -0.13333333333333308
v -0.15519601446165884 1.3111909141819449 -0.1041666666666662
v -0.18230398553834123 1.3111909141819449 -0.13333333333333308
v -0.18230398553834123 1.3111909141819449 -0.1041666666666662
vt 0.5457734375 0.82545234375
vt 0.54403984375 0.826665625
vt 0.54296875 0.8234890625
vt 0.5078125 0.625
vt 0.5078125 0.6171875
vt 0.515625 0.6171875
vt 0.515625 0.625
vt 0.200265625 0.4547375
vt 0.20196015625 0.45592187500000003
vt 0.19921875 0.4578375
vt 0.54643515625 0.8234890625
vt 0.5457734375 0.82545234375
vt 0.54296875 0.8234890625
vt 0.203125 0.4921875
vt 0.203125 0.484375
vt 0.2109375 0.484375
vt 0.2109375 0.4921875
vt 0.20196015625 0.45592187500000003
vt 0.2026078125 0.4578375
vt 0.19921875 0.4578375
vt 0.5457734375 0.82152578125
vt 0.54643515625 0.8234890625
vt 0.54296875 0.8234890625
vt 0.5078125 0.7890625
vt 0.5078125 0.78125
vt 0.515625 0.78125
vt 0.515625 0.7890625
vt 0.2026078125 0.4578375
vt 0.20196015625 0.459753125
vt 0.19921875 0.4578375
vt 0.54403984375 0.8203125
vt 0.5457734375 0.82152578125
vt 0.54296875 0.8234890625
vt 0.3828125 0.4921875
vt 0.3828125 0.484375
vt 0.390625 0.484375
vt 0.390625 0.4921875
vt 0.20196015625 0.459753125
vt 0.200265625 0.4609375
vt 0.19921875 0.4578375
vt 0.54189765625 0.8203125
vt 0.54403984375 0.8203125
vt 0.54296875 0.8234890625
vt 0.109375 0.4921875
vt 0.109375 0.484375
vt 0.1171875 0.484375
vt 0.1171875 0.4921875
vt 0.200265625 0.4609375
vt 0.198171875 0.4609375
vt 0.19921875 0.4578375
vt 0.5401640625 0.82152578125
vt 0.54189765625 0.8203125
vt 0.54296875 0.8234890625
vt 0.4296875 0.4921875
vt 0.4296875 0.484375
vt 0.4375 0.484375
vt 0.4375 0.4921875
vt 0.198171875 0.4609375
vt 0.19647734375 0.459753125
vt 0.19921875 0.4578375
vt 0.53950234375 0.8234890625
vt 0.5401640625 0.82152578125
vt 0.54296875 0.8234890625
vt 0.5078125 0.8203125
vt 0.5078125 0.8125
vt 0.515625 0.8125
vt 0.515625 0.8203125
vt 0.19647734375 0.459753125
vt 0.1958296875 0.4578375
vt 0.19921875 0.4578375
vt 0.5401640625 0.82545234375
vt 0.53950234375 0.8234890625
vt 0.54296875 0.8234890625
vt 0.5078125 0.8046875
vt 0.5078125 0.796875
vt 0.515625 0.796875
vt 0.515625 0.8046875
vt 0.1958296875 0.4578375
vt 0.19647734375 0.45592187500000003
vt 0.19921875 0.4578375
vt 0.54189765625 0.826665625
vt 0.5401640625 0.82545234375
vt 0.54296875 0.8234890625
vt 0.5078125 0.5390625
vt 0.5078125 0.53125
vt 0.515625 0.53125
vt 0.515625 0.5390625
vt 0.19647734375 0.45592187500000003
vt 0.198171875 0.4547375
vt 0.19921875 0.4578375
vt 0.54403984375 0.826665625
vt 0.54189765625 0.826665625
vt 0.54296875 0.8234890625
vt 0.5078125 0.8828125
vt 0.5078125 0.875
vt 0.515625 0.875
vt 0.515625 0.8828125
vt 0.198171875 0.4547375
vt 0.200265625 0.4547375
vt 0.19921875 0.4578375
vt 0.06982421875 0.4453125
vt 0.06706796875 0.4453125
vt 0.06658515625 0.44093515625
vt 0.0703125 0.44094687499999996
vt 0.08543984375 0.4453125
vt 0.08274375 0.4453125
vt 0.08224921875000002 0.44094687499999996
vt 0.0859375 0.4409546875
vt 0.54225625 0.546875
vt 0.53956015625 0.546875
vt 0.5390625 0.5390625
vt 0.54275 0.5390625
vt 0.03449453124999999 0.4453125
vt 0.03173828125 0.4453125
vt 0.03125 0.44094687499999996
vt 0.03497734375 0.44093515625
vt 0.54436484375 0.7265625
vt 0.54157265625 0.7265625
vt 0.5410921875 0.71875
vt 0.5448453125 0.71875
vt 0.55419921875 0.46875
vt 0.55144296875 0.46875
vt 0.550959375 0.464371875
vt 0.5546875 0.46438437499999996
vt 0.429190625 0.4609375
vt 0.42649453125000003 0.4609375
vt 0.426 0.453125
vt 0.4296875 0.453125
vt 0.37819296874999997 0.4609375
vt 0.375496875 0.4609375
vt 0.375 0.453125
vt 0.3786875 0.453125
vt 0.54230625 0.453125
vt 0.53955 0.453125
vt 0.5390625 0.44875937499999996
vt 0.5427898437500001 0.44874765625
vt 0.33342734375 0.4609375
vt 0.33063515625 0.4609375
vt 0.3301546875 0.453125
vt 0.3339078125 0.453125
vt 0.44024140625 0.50957578125
vt 0.438546875 0.50839140625
vt 0.43889609375 0.5073578125
vt 0.44115546875 0.50893671875
vt 0.4408890625 0.51149140625
vt 0.44024140625 0.50957578125
vt 0.44115546875 0.50893671875
vt 0.44201875 0.51149140625
vt 0.44024140625 0.51340703125
vt 0.4408890625 0.51149140625
vt 0.44201875 0.51149140625
vt 0.44115546875 0.51404609375
vt 0.438546875 0.51459140625
vt 0.44024140625 0.51340703125
vt 0.44115546875 0.51404609375
vt 0.43889609375 0.515625
vt 0.436453125 0.51459140625
vt 0.438546875 0.51459140625
vt 0.43889609375 0.515625
vt 0.43610390625 0.515625
vt 0.43475859375 0.51340703125
vt 0.436453125 0.51459140625
vt 0.43610390625 0.515625
vt 0.43384453125 0.51404609375
vt 0.4341109375 0.51149140625
vt 0.43475859375 0.51340703125
vt 0.43384453125 0.51404609375
vt 0.43298125 0.51149140625
vt 0.43475859375 0.50957578125
vt 0.4341109375 0.51149140625
vt 0.43298125 0.51149140625
vt 0.43384453125 0.50893671875
vt 0.436453125 0.50839140625
vt 0.43475859375 0.50957578125
vt 0.43384453125 0.50893671875
vt 0.43610390625 0.5073578125
vt 0.438546875 0.50839140625
vt 0.436453125 0.50839140625
vt 0.43610390625 0.5073578125
vt 0.43889609375 0.5073578125
vt 0.5513938769763607 0.9646124982380928
vt 0.5541891824931472 0.96460625
vt 0.5546875 0.9673481117326548
vt 0.5509601655616019 0.9673564432988764
vt 0.54363203125 0.5234375
vt 0.54639765625 0.5234375
vt 0.546875 0.53125
vt 0.5431875 0.53125
vt 0.46141484374999997 0.453125
vt 0.46418046874999996 0.453125
vt 0.46462499999999995 0.4609375
vt 0.4609375 0.4609375
vt 0.5083115855071336 0.4567929668071157
vt 0.5111076704116003 0.4568
vt 0.5115406132059557 0.4595440664395576
vt 0.5078125 0.45953468884904514
vt 0.49468671875 0.4568
vt 0.49750078125 0.4568
vt 0.4979703125 0.45953828124999996
vt 0.4942171875 0.45953828124999996
vt 0.5513923315103663 0.9802374999777689
vt 0.5541884164197753 0.98023046875
vt 0.5546875 0.982972191142691
vt 0.5509593867874546 0.9829815661130494
vt 0.48113203125000004 0.453125
vt 0.48389765625000003 0.453125
vt 0.484375 0.4609375
vt 0.48068750000000005 0.4609375
vt 0.53953984375 0.625
vt 0.54230625 0.625
vt 0.54275078125 0.6328125
vt 0.5390625 0.6328125
vt 0.016124083580224657 0.4489804687722312
vt 0.018920168489633737 0.4489875
vt 0.019353113212545417 0.45173156613528054
vt 0.015625 0.45172219116492207
vt 0.54156171875 0.5114875
vt 0.54437578125 0.5114875
vt 0.5448453125 0.51422578125
vt 0.5410921875 0.51422578125
vt 0.5517321512431471 0.9609375
vt 0.5538477762431472 0.9609375
vt 0.5541891824931472 0.96460625
vt 0.5513930887431472 0.9646125
vt 0.55226796875 0.4921875
vt 0.55433984375 0.4921875
vt 0.5546875 0.5
vt 0.551921875 0.5
vt 0.43784765625 0.4453125
vt 0.43991953125 0.4453125
vt 0.44026640625 0.453125
vt 0.4375 0.453125
vt 0.5086529829116003 0.453125
vt 0.5107686079116003 0.453125
vt 0.5111076704116003 0.4568
vt 0.5083123579116003 0.45679296875
vt 0.49502265625 0.453125
vt 0.49716484375 0.453125
vt 0.49750078125 0.4568
vt 0.49468671875 0.4568
vt 0.5517313851697754 0.9765625
vt 0.5538470101697753 0.9765625
vt 0.5541884164197753 0.98023046875
vt 0.5513923226697753 0.9802375
vt 0.52883125 0.4453125
vt 0.530903125 0.4453125
vt 0.53125 0.453125
vt 0.528484375 0.453125
vt 0.54722265625 0.4765625
vt 0.54929453125 0.4765625
vt 0.549640625 0.484375
vt 0.546875 0.484375
vt 0.01646548098963374 0.4453125
vt 0.018581105989633737 0.4453125
vt 0.018920168489633737 0.4489875
vt 0.016124074739633745 0.44898046875
vt 0.54189765625 0.5078125
vt 0.54403984375 0.5078125
vt 0.54437578125 0.5114875
vt 0.54156171875 0.5114875
vt 0.5078125 0.7109375
vt 0.515625 0.7109375
vt 0.515625 0.71875
vt 0.5078125 0.71875
vt 0.5 0.484375
vt 0.5078125 0.484375
vt 0.5078125 0.4921875
vt 0.5 0.4921875
vt 0.125 0.484375
vt 0.1328125 0.484375
vt 0.1328125 0.4921875
vt 0.125 0.4921875
vt 0.015625 0.4765625
vt 0.0234375 0.4765625
vt 0.0234375 0.484375
vt 0.015625 0.484375
vt 0.3125 0.484375
vt 0.3203125 0.484375
vt 0.3203125 0.4921875
vt 0.3125 0.4921875
vt 0.328125 0.484375
vt 0.3359375 0.484375
vt 0.3359375 0.4921875
vt 0.328125 0.4921875
vt 0.515625 0.9765625
vt 0.5234375 0.9765625
vt 0.5234375 0.984375
vt 0.515625 0.984375
vt 0.140625 0.484375
vt 0.1484375 0.484375
vt 0.1484375 0.4921875
vt 0.140625 0.4921875
vt 0.515625 0.9609375
vt 0.5234375 0.9609375
vt 0.5234375 0.96875
vt 0.515625 0.96875
vt 0.296875 0.484375
vt 0.3046875 0.484375
vt 0.3046875 0.4921875
vt 0.296875 0.4921875
vt 0.359375 0.6015625
vt 0.359375 0.6328125
vt 0.3515625 0.6328125
vt 0.3515625 0.6015625
vt 0.515625 0.7421875
vt 0.515625 0.75
vt 0.5078125 0.75
vt 0.5078125 0.7421875
vt 0.375 0.6015625
vt 0.375 0.6328125
vt 0.3671875 0.6328125
vt 0.3671875 0.6015625
vt 0.2734375 0.484375
vt 0.2734375 0.4921875
vt 0.265625 0.4921875
vt 0.265625 0.484375
vt 0.0703125 0.5859375
vt 0.0703125 0.6171875
vt 0.0625 0.6171875
vt 0.0625 0.5859375
vt 0.4765625 0.484375
vt 0.4765625 0.4921875
vt 0.46875 0.4921875
vt 0.46875 0.484375
vt 0.328125 0.6015625
vt 0.328125 0.6328125
vt 0.3203125 0.6328125
vt 0.3203125 0.6015625
vt 0.1640625 0.484375
vt 0.1640625 0.4921875
vt 0.15625 0.4921875
vt 0.15625 0.484375
vt 0.0390625 0.5859375
vt 0.0390625 0.6171875
vt 0.03125 0.6171875
vt 0.03125 0.5859375
vt 0.515625 0.515625
vt 0.515625 0.5234375
vt 0.5078125 0.5234375
vt 0.5078125 0.515625
vt 0.0078125 0.59375
vt 0.0078125 0.625
vt 0 0.625
vt 0 0.59375
vt 0.515625 0.7265625
vt 0.515625 0.734375
vt 0.5078125 0.734375
vt 0.5078125 0.7265625
vt 0.0234375 0.59375
vt 0.0234375 0.625
vt 0.015625 0.625
vt 0.015625 0.59375
vt 0.2890625 0.484375
vt 0.2890625 0.4921875
vt 0.28125 0.4921875
vt 0.28125 0.484375
vt 0.0546875 0.5859375
vt 0.0546875 0.6171875
vt 0.046875 0.6171875
vt 0.046875 0.5859375
vt 0.4921875 0.484375
vt 0.4921875 0.4921875
vt 0.484375 0.4921875
vt 0.484375 0.484375
vt 0.34375 0.6015625
vt 0.34375 0.6328125
vt 0.3359375 0.6328125
vt 0.3359375 0.6015625
vt 0.1796875 0.484375
vt 0.1796875 0.4921875
vt 0.171875 0.4921875
vt 0.171875 0.484375
vt 0.0859375 0.5859375
vt 0.0859375 0.6171875
vt 0.078125 0.6171875
vt 0.078125 0.5859375
vt 0.515625 0.5
vt 0.515625 0.5078125
vt 0.5078125 0.5078125
vt 0.5078125 0.5
vt 0.43983125 0.8962890625
vt 0.44087734375 0.899446875
vt 0.4404 0.89978984375
vt 0.439240625 0.8962890625
vt 0.11275234375 0.553678125
vt 0.11170624999999999 0.5568359375
vt 0.111115625 0.5568359375
vt 0.112275 0.55333515625
vt 0.44087734375 0.89313125
vt 0.43983125 0.8962890625
vt 0.439240625 0.8962890625
vt 0.4404 0.89278828125
vt 0.11170624999999999 0.5568359375
vt 0.11275234375 0.55999375
vt 0.112275 0.56033671875
vt 0.111115625 0.5568359375
vt 0.44361796875 0.89117890625
vt 0.44087734375 0.89313125
vt 0.4404 0.89278828125
vt 0.4434359375 0.890625
vt 0.11275234375 0.55999375
vt 0.11549296875 0.56194609375
vt 0.1153109375 0.5625
vt 0.112275 0.56033671875
vt 0.44700703125 0.89117890625
vt 0.44361796875 0.89117890625
vt 0.4434359375 0.890625
vt 0.4471890625 0.890625
vt 0.11549296875 0.56194609375
vt 0.11888203125 0.56194609375
vt 0.1190640625 0.5625
vt 0.1153109375 0.5625
vt 0.44974765625 0.89313125
vt 0.44700703125 0.89117890625
vt 0.4471890625 0.890625
vt 0.450225 0.89278828125
vt 0.11888203125 0.56194609375
vt 0.12162265625 0.55999375
vt 0.1221 0.56033671875
vt 0.1190640625 0.5625
vt 0.45079375 0.8962890625
vt 0.44974765625 0.89313125
vt 0.450225 0.89278828125
vt 0.451384375 0.8962890625
vt 0.12162265625 0.55999375
vt 0.12266875 0.5568359375
vt 0.123259375 0.5568359375
vt 0.1221 0.56033671875
vt 0.44974765625 0.899446875
vt 0.45079375 0.8962890625
vt 0.451384375 0.8962890625
vt 0.450225 0.89978984375
vt 0.12266875 0.5568359375
vt 0.12162265625 0.553678125
vt 0.1221 0.55333515625
vt 0.123259375 0.5568359375
vt 0.44700703125 0.90139921875
vt 0.44974765625 0.899446875
vt 0.450225 0.89978984375
vt 0.4471890625 0.901953125
vt 0.12162265625 0.553678125
vt 0.11888203125 0.55172578125
vt 0.1190640625 0.551171875
vt 0.1221 0.55333515625
vt 0.44361796875 0.90139921875
vt 0.44700703125 0.90139921875
vt 0.4471890625 0.901953125
vt 0.4434359375 0.901953125
vt 0.11888203125 0.55172578125
vt 0.11549296875 0.55172578125
vt 0.1153109375 0.551171875
vt 0.1190640625 0.551171875
vt 0.44087734375 0.899446875
vt 0.44361796875 0.90139921875
vt 0.4434359375 0.901953125
vt 0.4404 0.89978984375
vt 0.11549296875 0.55172578125
vt 0.11275234375 0.553678125
vt 0.112275 0.55333515625
vt 0.1153109375 0.551171875
vn 0 -2.220446049250313e-16 1
vn 0.5803446106252367 0.8143710044680142 1.8082668794950113e-16
vn 0 2.220446049250313e-16 -1
vn 0 -2.220446049250313e-16 1
vn 0.949271134481686 0.3144587623836435 6.982387165869042e-17
vn 0 2.220446049250313e-16 -1
vn 0 -2.220446049250313e-16 1
vn 0.949271134481686 -0.3144587623836435 -6.982387165869042e-17
vn 0 2.220446049250313e-16 -1
vn 0 -2.220446049250313e-16 1
vn 0.5803446106252367 -0.8143710044680142 -1.8082668794950113e-16
vn 0 2.220446049250313e-16 -1
vn 0 -2.220446049250313e-16 1
vn 0 -1 -2.220446049250313e-16
vn 0 2.220446049250313e-16 -1
vn 0 -2.220446049250313e-16 1
vn -0.5803446106252362 -0.8143710044680146 -1.808266879495012e-16
vn 0 2.220446049250313e-16 -1
vn 0 -2.220446049250313e-16 1
vn -0.9492711344816863 -0.31445876238364273 -6.982387165869025e-17
vn 0 2.220446049250313e-16 -1
vn 0 -2.220446049250313e-16 1
vn -0.9492711344816863 0.31445876238364273 6.982387165869025e-17
vn 0 2.220446049250313e-16 -1
vn 0 -2.220446049250313e-16 1
vn -0.5803446106252362 0.8143710044680146 1.808266879495012e-16
vn 0 2.220446049250313e-16 -1
vn 0 -2.220446049250313e-16 1
vn 0 1 2.220446049250313e-16
vn 0 2.220446049250313e-16 -1
vn 0.5366911374709739 0.7680122089554453 -0.34945653500183654
vn 0.8902267795876568 0.3007332405163167 -0.3421341826733262
vn 0.8917360421663024 -0.301243094226038 -0.3377268560282125
vn 0.5381543758768642 -0.7701061227205055 -0.3425294548983671
vn 0 -0.9368731175739888 -0.3496695033416487
vn -0.536691137470974 -0.7680122089554454 -0.34945653500183654
vn -0.8902267795876568 -0.3007332405163166 -0.3421341826733263
vn -0.8917360421663026 0.3012430942260382 -0.3377268560282118
vn -0.5381543758768642 0.7701061227205057 -0.3425294548983668
vn 0 0.9368731175739888 -0.3496695033416482
vn 0 2.220446049250313e-16 -1
vn 0 2.220446049250313e-16 -1
vn 0 2.220446049250313e-16 -1
vn 0 2.220446049250313e-16 -1
vn 0 2.220446049250313e-16 -1
vn 0 2.220446049250313e-16 -1
vn 0 2.220446049250313e-16 -1
vn 0 2.220446049250313e-16 -1
vn 0 2.220446049250313e-16 -1
vn 0 2.220446049250313e-16 -1
vn 0.4958463548248451 0.6957984732648252 0.5196160861725244
vn 0.8086634355666604 0.26788058110714935 0.5237398612319112
vn 0.8086634355666606 -0.26788058110714963 0.5237398612319107
vn 0.49584635482484646 -0.6957984732648272 0.5196160861725203
vn 0 -0.8559155419457917 0.51711563992558
vn -0.4958463548248449 -0.6957984732648251 0.5196160861725245
vn -0.8086634355666608 -0.2678805811071508 0.52373986123191
vn -0.8086634355666598 0.26788058110715024 0.5237398612319119
vn -0.49584635482484646 0.695798473264827 0.5196160861725205
vn 0 0.8559155419457912 0.5171156399255803
vn 0.549614071798604 0.7851448515079369 0.2854328891903297
vn 0.9093203427082489 0.30665209066972793 0.2812490171091051
vn 0.9082780663139959 -0.30630060151860944 0.28497525464897244
vn 0.5485993890168687 -0.7836953381077686 0.2913079597238444
vn 0 -0.9565520373458979 0.2915616570288557
vn -0.5496140717986032 -0.7851448515079376 0.28543288919032883
vn -0.9093203427082489 -0.30665209066972804 0.281249017109105
vn -0.9082780663139962 0.30630060151860944 0.2849752546489717
vn -0.548599389016868 0.7836953381077688 0.29130795972384477
vn 0 0.9565520373458979 0.2915616570288562
vn -0.9474014066320672 -0.3200477694213485 -7.106488051830084e-17
vn -0.5728050181772107 -0.8196916561433364 -1.8200810994869174e-16
vn 0 -1 -2.220446049250313e-16
vn 0.5728050181772107 -0.8196916561433364 -1.8200810994869174e-16
vn 0.9474014066320667 -0.32004776942135005 -7.106488051830119e-17
vn 0.9474014066320667 0.32004776942135005 7.106488051830119e-17
vn 0.5728050181772107 0.8196916561433364 1.8200810994869174e-16
vn 0 1 2.220446049250313e-16
vn -0.5728050181772107 0.8196916561433364 1.8200810994869174e-16
vn -0.9474014066320672 0.3200477694213485 7.106488051830084e-17
vn -0.9492711344816864 0.3144587623836428 6.982387165869026e-17
vn -0.9492379118734031 0.3145590352576472 6.984613670938327e-17
vn -0.9492711344816864 -0.3144587623836428 -6.982387165869026e-17
vn -0.9492379118734031 -0.3145590352576472 -6.984613670938327e-17
vn -0.5803446106252362 -0.8143710044680146 -1.808266879495012e-16
vn -0.5802095365407561 -0.8144672453249187 -1.8084805771255012e-16
vn 0 -1 -2.220446049250313e-16
vn 0 -1 -2.220446049250313e-16
vn 0.5803446106252368 -0.8143710044680144 -1.8082668794950115e-16
vn 0.5802095365407561 -0.8144672453249187 -1.8084805771255012e-16
vn 0.949271134481686 -0.3144587623836436 -6.982387165869044e-17
vn 0.9492379118734027 -0.3145590352576481 -6.984613670938347e-17
vn 0.949271134481686 0.3144587623836436 6.982387165869044e-17
vn 0.9492379118734027 0.3145590352576481 6.984613670938347e-17
vn 0.5803446106252368 0.8143710044680144 1.8082668794950115e-16
vn 0.5802095365407561 0.8144672453249187 1.8084805771255012e-16
vn 0 1 2.220446049250313e-16
vn 0 1 2.220446049250313e-16
vn -0.5803446106252362 0.8143710044680146 1.808266879495012e-16
vn -0.5802095365407561 0.8144672453249187 1.8084805771255012e-16
vn 0 -2.220446049250313e-16 1
vn 0 2.220446049250313e-16 -1
vn 0 -2.220446049250313e-16 1
vn 0 2.220446049250313e-16 -1
vn 0 -2.220446049250313e-16 1
vn 0 2.220446049250313e-16 -1
vn 0 -2.220446049250313e-16 1
vn 0 2.220446049250313e-16 -1
vn 0 -2.220446049250313e-16 1
vn 0 2.220446049250313e-16 -1
vn 0 -2.220446049250313e-16 1
vn 0 2.220446049250313e-16 -1
vn 0 -2.220446049250313e-16 1
vn 0 2.220446049250313e-16 -1
vn 0 -2.220446049250313e-16 1
vn 0 2.220446049250313e-16 -1
vn 0 -2.220446049250313e-16 1
vn 0 2.220446049250313e-16 -1
vn 0 -2.220446049250313e-16 1
vn 0 2.220446049250313e-16 -1
usemtl m_b56f5dc6-1369-fe8a-30e0-035cc0472814
f 187/535/135 186/536/135 196/537/135
f 137/538/136 225/539/136 223/540/136 139/541/136
f 200/542/137 197/543/137 199/544/137
f 188/545/138 187/546/138 196/547/138
f 139/548/139 223/549/139 221/550/139 141/551/139
f 197/552/140 198/553/140 199/554/140
f 189/555/141 188/556/141 196/557/141
f 141/558/142 221/559/142 219/560/142 143/561/142
f 198/562/143 207/563/143 199/564/143
f 190/565/144 189/566/144 196/567/144
f 143/568/145 219/569/145 217/570/145 145/571/145
f 207/572/146 206/573/146 199/574/146
f 191/575/147 190/576/147 196/577/147
f 145/578/148 217/579/148 215/580/148 147/581/148
f 206/582/149 205/583/149 199/584/149
f 192/585/150 191/586/150 196/587/150
f 147/588/151 215/589/151 213/590/151 149/591/151
f 205/592/152 204/593/152 199/594/152
f 193/595/153 192/596/153 196/597/153
f 149/598/154 213/599/154 211/600/154 151/601/154
f 204/602/155 203/603/155 199/604/155
f 194/605/156 193/606/156 196/607/156
f 151/608/157 211/609/157 210/610/157 153/611/157
f 203/612/158 202/613/158 199/614/158
f 195/615/159 194/616/159 196/617/159
f 153/618/160 210/619/160 227/620/160 155/621/160
f 202/622/161 201/623/161 199/624/161
f 186/625/162 195/626/162 196/627/162
f 155/628/163 227/629/163 225/630/163 137/631/163
f 201/632/164 200/633/164 199/634/164
f 157/635/165 156/636/165 137/637/165 139/638/165
f 158/639/166 157/640/166 139/641/166 141/642/166
f 159/643/167 158/644/167 141/645/167 143/646/167
f 160/647/168 159/648/168 143/649/168 145/650/168
f 161/651/169 160/652/169 145/653/169 147/654/169
f 162/655/170 161/656/170 147/657/170 149/658/170
f 163/659/171 162/660/171 149/661/171 151/662/171
f 164/663/172 163/664/172 151/665/172 153/666/172
f 165/667/173 164/668/173 153/669/173 155/670/173
f 156/671/174 165/672/174 155/673/174 137/674/174
f 167/675/175 166/676/175 156/677/175 157/678/175
f 168/679/176 167/680/176 157/681/176 158/682/176
f 169/683/177 168/684/177 158/685/177 159/686/177
f 170/687/178 169/688/178 159/689/178 160/690/178
f 171/691/179 170/692/179 160/693/179 161/694/179
f 172/695/180 171/696/180 161/697/180 162/698/180
f 173/699/181 172/700/181 162/701/181 163/702/181
f 174/703/182 173/704/182 163/705/182 164/706/182
f 175/707/183 174/708/183 164/709/183 165/710/183
f 166/711/184 175/712/184 165/713/184 156/714/184
f 176/715/185 177/716/185 138/717/185 136/718/185
f 177/719/186 178/720/186 140/721/186 138/722/186
f 178/723/187 179/724/187 142/725/187 140/726/187
f 179/727/188 180/728/188 144/729/188 142/730/188
f 180/731/189 181/732/189 146/733/189 144/734/189
f 181/735/190 182/736/190 148/737/190 146/738/190
f 182/739/191 183/740/191 150/741/191 148/742/191
f 183/743/192 184/744/192 152/745/192 150/746/192
f 184/747/193 185/748/193 154/749/193 152/750/193
f 185/751/194 176/752/194 136/753/194 154/754/194
f 186/755/195 187/756/195 177/757/195 176/758/195
f 187/759/196 188/760/196 178/761/196 177/762/196
f 188/763/197 189/764/197 179/765/197 178/766/197
f 189/767/198 190/768/198 180/769/198 179/770/198
f 190/771/199 191/772/199 181/773/199 180/774/199
f 191/775/200 192/776/200 182/777/200 181/778/200
f 192/779/201 193/780/201 183/781/201 182/782/201
f 193/783/202 194/784/202 184/785/202 183/786/202
f 194/787/203 195/788/203 185/789/203 184/790/203
f 195/791/204 186/792/204 176/793/204 185/794/204
f 198/795/205 197/796/205 167/797/205 168/798/205
f 197/799/206 200/800/206 166/801/206 167/802/206
f 200/803/207 201/804/207 175/805/207 166/806/207
f 201/807/208 202/808/208 174/809/208 175/810/208
f 202/811/209 203/812/209 173/813/209 174/814/209
f 203/815/210 204/816/210 172/817/210 173/818/210
f 204/819/211 205/820/211 171/821/211 172/822/211
f 205/823/212 206/824/212 170/825/212 171/826/212
f 206/827/213 207/828/213 169/829/213 170/830/213
f 207/831/214 198/832/214 168/833/214 169/834/214
f 152/835/215 208/836/215 209/837/215 150/838/215
f 228/839/216 229/840/216 230/841/216 231/842/216
f 150/843/217 209/844/217 212/845/217 148/846/217
f 231/847/218 230/848/218 232/849/218 233/850/218
f 148/851/219 212/852/219 214/853/219 146/854/219
f 233/855/220 232/856/220 234/857/220 235/858/220
f 146/859/221 214/860/221 216/861/221 144/862/221
f 235/863/222 234/864/222 236/865/222 237/866/222
f 144/867/223 216/868/223 218/869/223 142/870/223
f 237/871/224 236/872/224 238/873/224 239/874/224
f 142/875/225 218/876/225 220/877/225 140/878/225
f 239/879/226 238/880/226 240/881/226 241/882/226
f 140/883/227 220/884/227 222/885/227 138/886/227
f 241/887/228 240/888/228 242/889/228 243/890/228
f 138/891/229 222/892/229 224/893/229 136/894/229
f 243/895/230 242/896/230 244/897/230 245/898/230
f 136/899/231 224/900/231 226/901/231 154/902/231
f 245/903/232 244/904/232 246/905/232 247/906/232
f 154/907/233 226/908/233 208/909/233 152/910/233
f 247/911/234 246/912/234 229/913/234 228/914/234
f 230/915/235 229/916/235 210/917/235 211/918/235
f 228/919/236 231/920/236 209/921/236 208/922/236
f 232/923/237 230/924/237 211/925/237 213/926/237
f 231/927/238 233/928/238 212/929/238 209/930/238
f 234/931/239 232/932/239 213/933/239 215/934/239
f 233/935/240 235/936/240 214/937/240 212/938/240
f 236/939/241 234/940/241 215/941/241 217/942/241
f 235/943/242 237/944/242 216/945/242 214/946/242
f 238/947/243 236/948/243 217/949/243 219/950/243
f 237/951/244 239/952/244 218/953/244 216/954/244
f 240/955/245 238/956/245 219/957/245 221/958/245
f 239/959/246 241/960/246 220/961/246 218/962/246
f 242/963/247 240/964/247 221/965/247 223/966/247
f 241/967/248 243/968/248 222/969/248 220/970/248
f 244/971/249 242/972/249 223/973/249 225/974/249
f 243/975/250 245/976/250 224/977/250 222/978/250
f 246/979/251 244/980/251 225/981/251 227/982/251
f 245/983/252 247/984/252 226/985/252 224/986/252
f 229/987/253 246/988/253 227/989/253 210/990/253
f 247/991/254 228/992/254 208/993/254 226/994/254
o cylinder
v 0.15373962819691242 1.3156249999999998 0.11875000000000041
v 0.15373962819691242 1.3156249999999998 -0.17499999999999982
v 0.12945233643574366 1.2983171651152294 0.1187500000000004
v 0.12945233643574366 1.2983171651152294 -0.17499999999999982
v 0.12017541647766247 1.2703124999999997 0.1187500000000004
v 0.12017541647766247 1.2703124999999997 -0.17499999999999985
v 0.12945233643574366 1.24230783488477 0.11875000000000038
v 0.12945233643574366 1.24230783488477 -0.17499999999999985
v 0.15373962819691242 1.2249999999999996 0.11875000000000038
v 0.15373962819691242 1.2249999999999996 -0.17499999999999985
v 0.18376037180308763 1.2249999999999996 0.11875000000000038
v 0.18376037180308763 1.2249999999999996 -0.17499999999999985
v 0.2080476635642564 1.24230783488477 0.11875000000000038
v 0.2080476635642564 1.24230783488477 -0.17499999999999985
v 0.21732458352233758 1.2703124999999997 0.1187500000000004
v 0.21732458352233758 1.2703124999999997 -0.17499999999999985
v 0.2080476635642564 1.2983171651152294 0.1187500000000004
v 0.2080476635642564 1.2983171651152294 -0.17499999999999982
v 0.18376037180308763 1.3156249999999998 0.11875000000000041
v 0.18376037180308763 1.3156249999999998 -0.17499999999999982
v 0.15757980271627633 1.303378378378378 -0.20781249999999957
v 0.13950604385016968 1.2907483367057078 -0.20781249999999957
v 0.1326024822677867 1.2703124999999997 -0.2078124999999996
v 0.13950604385016968 1.2498766632942917 -0.2078124999999996
v 0.15757980271627633 1.2372466216216214 -0.2078124999999996
v 0.17992019728372374 1.2372466216216214 -0.2078124999999996
v 0.1979939561498304 1.2498766632942917 -0.2078124999999996
v 0.20489751773221337 1.2703124999999997 -0.2078124999999996
v 0.1979939561498304 1.2907483367057078 -0.20781249999999957
v 0.17992019728372374 1.303378378378378 -0.20781249999999957
v 0.16037235203720726 1.2951119087837837 -0.20781249999999957
v 0.14681703288762726 1.2856393775292807 -0.20781249999999957
v 0.14163936170084002 1.2703124999999997 -0.2078124999999996
v 0.14681703288762726 1.2549856224707188 -0.2078124999999996
v 0.16037235203720726 1.2455130912162158 -0.2078124999999996
v 0.1771276479627928 1.2455130912162158 -0.2078124999999996
v 0.1906829671123728 1.2549856224707188 -0.2078124999999996
v 0.19586063829916006 1.2703124999999997 -0.2078124999999996
v 0.1906829671123728 1.2856393775292807 -0.20781249999999957
v 0.1771276479627928 1.2951119087837837 -0.20781249999999957
v 0.15749222114768432 1.304296875 0.13750000000000034
v 0.13927675232680775 1.291315998836422 0.13750000000000034
v 0.13231906235824686 1.2703124999999997 0.13750000000000032
v 0.13927675232680775 1.2493090011635775 0.13750000000000032
v 0.15749222114768432 1.2363281249999996 0.13750000000000032
v 0.18000777885231573 1.2363281249999996 0.13750000000000032
v 0.1982232476731923 1.2493090011635775 0.13750000000000032
v 0.2051809376417532 1.2703124999999997 0.13750000000000032
v 0.1982232476731923 1.291315998836422 0.13750000000000034
v 0.18000777885231573 1.304296875 0.13750000000000034
v 0.16018034331123907 1.2957242398648647 0.16562500000000036
v 0.14631434751690597 1.286017818949757 0.16562500000000036
v 0.1410180084113338 1.2703124999999997 0.16562500000000033
v 0.14631434751690597 1.2546071810502424 0.16562500000000033
v 0.16018034331123907 1.2449007601351347 0.16562500000000033
v 0.17731965668876098 1.2449007601351347 0.16562500000000033
v 0.1911856524830941 1.2546071810502424 0.16562500000000033
v 0.19648199158866628 1.2703124999999997 0.16562500000000033
v 0.1911856524830941 1.286017818949757 0.16562500000000036
v 0.17731965668876098 1.2957242398648647 0.16562500000000036
v 0.16875000000000004 1.2703124999999997 0.16562500000000033
v 0.14681703288762726 1.2856393775292807 -0.18906249999999944
v 0.14163936170084002 1.2703124999999997 -0.18906249999999947
v 0.16875000000000004 1.2703124999999997 -0.18906249999999947
v 0.16037235203720726 1.2951119087837837 -0.18906249999999944
v 0.1771276479627928 1.2951119087837837 -0.18906249999999944
v 0.1906829671123728 1.2856393775292807 -0.18906249999999944
v 0.19586063829916006 1.2703124999999997 -0.18906249999999947
v 0.1906829671123728 1.2549856224707188 -0.18906249999999947
v 0.1771276479627928 1.2455130912162158 -0.18906249999999947
v 0.16037235203720726 1.2455130912162158 -0.18906249999999947
v 0.14681703288762726 1.2549856224707188 -0.18906249999999947
v 0.2080476635642564 1.2983171651152294 -0.1041666666666662
v 0.21732458352233758 1.2703124999999997 -0.1041666666666662
v 0.2080476635642564 1.2983171651152294 -0.13333333333333308
v 0.21732458352233758 1.2703124999999997 -0.1333333333333331
v 0.2080476635642564 1.24230783488477 -0.10416666666666621
v 0.2080476635642564 1.24230783488477 -0.1333333333333331
v 0.18376037180308763 1.2249999999999996 -0.10416666666666621
v 0.18376037180308763 1.2249999999999996 -0.1333333333333331
v 0.15373962819691242 1.2249999999999996 -0.10416666666666621
v 0.15373962819691242 1.2249999999999996 -0.1333333333333331
v 0.12945233643574366 1.24230783488477 -0.10416666666666621
v 0.12945233643574366 1.24230783488477 -0.1333333333333331
v 0.12017541647766247 1.2703124999999997 -0.1041666666666662
v 0.12017541647766247 1.2703124999999997 -0.1333333333333331
v 0.12945233643574366 1.2983171651152294 -0.1041666666666662
v 0.12945233643574366 1.2983171651152294 -0.13333333333333308
v 0.15373962819691242 1.3156249999999998 -0.10416666666666619
v 0.15373962819691242 1.3156249999999998 -0.13333333333333308
v 0.18376037180308763 1.3156249999999998 -0.10416666666666619
v 0.18376037180308763 1.3156249999999998 -0.13333333333333308
v 0.20422857613059173 1.2955722915554442 -0.1041666666666662
v 0.20422857613059173 1.2955722915554442 -0.13333333333333308
v 0.21259918118450108 1.2703124999999997 -0.1333333333333331
v 0.21259918118450108 1.2703124999999997 -0.1041666666666662
v 0.20422857613059173 1.2450527084445553 -0.1333333333333331
v 0.20422857613059173 1.2450527084445553 -0.10416666666666621
v 0.18230398553834123 1.2294340858180546 -0.1333333333333331
v 0.18230398553834123 1.2294340858180546 -0.10416666666666621
v 0.15519601446165884 1.2294340858180546 -0.1333333333333331
v 0.15519601446165884 1.2294340858180546 -0.10416666666666621
v 0.13327142386940835 1.2450527084445553 -0.1333333333333331
v 0.13327142386940835 1.2450527084445553 -0.10416666666666621
v 0.12490081881549897 1.2703124999999997 -0.1333333333333331
v 0.12490081881549897 1.2703124999999997 -0.1041666666666662
v 0.13327142386940835 1.2955722915554442 -0.13333333333333308
v 0.13327142386940835 1.2955722915554442 -0.1041666666666662
v 0.15519601446165884 1.3111909141819449 -0.13333333333333308
v 0.15519601446165884 1.3111909141819449 -0.1041666666666662
v 0.18230398553834123 1.3111909141819449 -0.13333333333333308
v 0.18230398553834123 1.3111909141819449 -0.1041666666666662
vt 0.54403984375 0.826665625
vt 0.5457734375 0.82545234375
vt 0.54296875 0.8234890625
vt 0.515625 0.6171875
vt 0.5078125 0.6171875
vt 0.5078125 0.625
vt 0.515625 0.625
vt 0.20196015625 0.45592187500000003
vt 0.200265625 0.4547375
vt 0.19921875 0.4578375
vt 0.5457734375 0.82545234375
vt 0.54643515625 0.8234890625
vt 0.54296875 0.8234890625
vt 0.2109375 0.484375
vt 0.203125 0.484375
vt 0.203125 0.4921875
vt 0.2109375 0.4921875
vt 0.2026078125 0.4578375
vt 0.20196015625 0.45592187500000003
vt 0.19921875 0.4578375
vt 0.54643515625 0.8234890625
vt 0.5457734375 0.82152578125
vt 0.54296875 0.8234890625
vt 0.515625 0.78125
vt 0.5078125 0.78125
vt 0.5078125 0.7890625
vt 0.515625 0.7890625
vt 0.20196015625 0.459753125
vt 0.2026078125 0.4578375
vt 0.19921875 0.4578375
vt 0.5457734375 0.82152578125
vt 0.54403984375 0.8203125
vt 0.54296875 0.8234890625
vt 0.390625 0.484375
vt 0.3828125 0.484375
vt 0.3828125 0.4921875
vt 0.390625 0.4921875
vt 0.200265625 0.4609375
vt 0.20196015625 0.459753125
vt 0.19921875 0.4578375
vt 0.54403984375 0.8203125
vt 0.54189765625 0.8203125
vt 0.54296875 0.8234890625
vt 0.1171875 0.484375
vt 0.109375 0.484375
vt 0.109375 0.4921875
vt 0.1171875 0.4921875
vt 0.198171875 0.4609375
vt 0.200265625 0.4609375
vt 0.19921875 0.4578375
vt 0.54189765625 0.8203125
vt 0.5401640625 0.82152578125
vt 0.54296875 0.8234890625
vt 0.4375 0.484375
vt 0.4296875 0.484375
vt 0.4296875 0.4921875
vt 0.4375 0.4921875
vt 0.19647734375 0.459753125
vt 0.198171875 0.4609375
vt 0.19921875 0.4578375
vt 0.5401640625 0.82152578125
vt 0.53950234375 0.8234890625
vt 0.54296875 0.8234890625
vt 0.515625 0.8125
vt 0.5078125 0.8125
vt 0.5078125 0.8203125
vt 0.515625 0.8203125
vt 0.1958296875 0.4578375
vt 0.19647734375 0.459753125
vt 0.19921875 0.4578375
vt 0.53950234375 0.8234890625
vt 0.5401640625 0.82545234375
vt 0.54296875 0.8234890625
vt 0.515625 0.796875
vt 0.5078125 0.796875
vt 0.5078125 0.8046875
vt 0.515625 0.8046875
vt 0.19647734375 0.45592187500000003
vt 0.1958296875 0.4578375
vt 0.19921875 0.4578375
vt 0.5401640625 0.82545234375
vt 0.54189765625 0.826665625
vt 0.54296875 0.8234890625
vt 0.515625 0.53125
vt 0.5078125 0.53125
vt 0.5078125 0.5390625
vt 0.515625 0.5390625
vt 0.198171875 0.4547375
vt 0.19647734375 0.45592187500000003
vt 0.19921875 0.4578375
vt 0.54189765625 0.826665625
vt 0.54403984375 0.826665625
vt 0.54296875 0.8234890625
vt 0.515625 0.875
vt 0.5078125 0.875
vt 0.5078125 0.8828125
vt 0.515625 0.8828125
vt 0.200265625 0.4547375
vt 0.198171875 0.4547375
vt 0.19921875 0.4578375
vt 0.06658515625 0.44093515625
vt 0.06706796875 0.4453125
vt 0.06982421875 0.4453125
vt 0.0703125 0.44094687499999996
vt 0.08224921875000002 0.44094687499999996
vt 0.08274375 0.4453125
vt 0.08543984375 0.4453125
vt 0.0859375 0.4409546875
vt 0.5390625 0.5390625
vt 0.53956015625 0.546875
vt 0.54225625 0.546875
vt 0.54275 0.5390625
vt 0.03125 0.44094687499999996
vt 0.03173828125 0.4453125
vt 0.03449453124999999 0.4453125
vt 0.03497734375 0.44093515625
vt 0.5410921875 0.71875
vt 0.54157265625 0.7265625
vt 0.54436484375 0.7265625
vt 0.5448453125 0.71875
vt 0.550959375 0.464371875
vt 0.55144296875 0.46875
vt 0.55419921875 0.46875
vt 0.5546875 0.46438437499999996
vt 0.426 0.453125
vt 0.42649453125000003 0.4609375
vt 0.429190625 0.4609375
vt 0.4296875 0.453125
vt 0.375 0.453125
vt 0.375496875 0.4609375
vt 0.37819296874999997 0.4609375
vt 0.3786875 0.453125
vt 0.5390625 0.44875937499999996
vt 0.53955 0.453125
vt 0.54230625 0.453125
vt 0.5427898437500001 0.44874765625
vt 0.3301546875 0.453125
vt 0.33063515625 0.4609375
vt 0.33342734375 0.4609375
vt 0.3339078125 0.453125
vt 0.43889609375 0.5073578125
vt 0.438546875 0.50839140625
vt 0.44024140625 0.50957578125
vt 0.44115546875 0.50893671875
vt 0.44115546875 0.50893671875
vt 0.44024140625 0.50957578125
vt 0.4408890625 0.51149140625
vt 0.44201875 0.51149140625
vt 0.44201875 0.51149140625
vt 0.4408890625 0.51149140625
vt 0.44024140625 0.51340703125
vt 0.44115546875 0.51404609375
vt 0.44115546875 0.51404609375
vt 0.44024140625 0.51340703125
vt 0.438546875 0.51459140625
vt 0.43889609375 0.515625
vt 0.43889609375 0.515625
vt 0.438546875 0.51459140625
vt 0.436453125 0.51459140625
vt 0.43610390625 0.515625
vt 0.43610390625 0.515625
vt 0.436453125 0.51459140625
vt 0.43475859375 0.51340703125
vt 0.43384453125 0.51404609375
vt 0.43384453125 0.51404609375
vt 0.43475859375 0.51340703125
vt 0.4341109375 0.51149140625
vt 0.43298125 0.51149140625
vt 0.43298125 0.51149140625
vt 0.4341109375 0.51149140625
vt 0.43475859375 0.50957578125
vt 0.43384453125 0.50893671875
vt 0.43384453125 0.50893671875
vt 0.43475859375 0.50957578125
vt 0.436453125 0.50839140625
vt 0.43610390625 0.5073578125
vt 0.43610390625 0.5073578125
vt 0.436453125 0.50839140625
vt 0.438546875 0.50839140625
vt 0.43889609375 0.5073578125
vt 0.5546875 0.9673481117326548
vt 0.5541891824931472 0.96460625
vt 0.5513938769763607 0.9646124982380928
vt 0.5509601655616019 0.9673564432988764
vt 0.546875 0.53125
vt 0.54639765625 0.5234375
vt 0.54363203125 0.5234375
vt 0.5431875 0.53125
vt 0.46462499999999995 0.4609375
vt 0.46418046874999996 0.453125
vt 0.46141484374999997 0.453125
vt 0.4609375 0.4609375
vt 0.5115406132059557 0.4595440664395576
vt 0.5111076704116003 0.4568
vt 0.5083115855071336 0.4567929668071157
vt 0.5078125 0.45953468884904514
vt 0.4979703125 0.45953828124999996
vt 0.49750078125 0.4568
vt 0.49468671875 0.4568
vt 0.4942171875 0.45953828124999996
vt 0.5546875 0.982972191142691
vt 0.5541884164197753 0.98023046875
vt 0.5513923315103663 0.9802374999777689
vt 0.5509593867874546 0.9829815661130494
vt 0.484375 0.4609375
vt 0.48389765625000003 0.453125
vt 0.48113203125000004 0.453125
vt 0.48068750000000005 0.4609375
vt 0.54275078125 0.6328125
vt 0.54230625 0.625
vt 0.53953984375 0.625
vt 0.5390625 0.6328125
vt 0.019353113212545417 0.45173156613528054
vt 0.018920168489633737 0.4489875
vt 0.016124083580224657 0.4489804687722312
vt 0.015625 0.45172219116492207
vt 0.5448453125 0.51422578125
vt 0.54437578125 0.5114875
vt 0.54156171875 0.5114875
vt 0.5410921875 0.51422578125
vt 0.5541891824931472 0.96460625
vt 0.5538477762431472 0.9609375
vt 0.5517321512431471 0.9609375
vt 0.5513930887431472 0.9646125
vt 0.5546875 0.5
vt 0.55433984375 0.4921875
vt 0.55226796875 0.4921875
vt 0.551921875 0.5
vt 0.44026640625 0.453125
vt 0.43991953125 0.4453125
vt 0.43784765625 0.4453125
vt 0.4375 0.453125
vt 0.5111076704116003 0.4568
vt 0.5107686079116003 0.453125
vt 0.5086529829116003 0.453125
vt 0.5083123579116003 0.45679296875
vt 0.49750078125 0.4568
vt 0.49716484375 0.453125
vt 0.49502265625 0.453125
vt 0.49468671875 0.4568
vt 0.5541884164197753 0.98023046875
vt 0.5538470101697753 0.9765625
vt 0.5517313851697754 0.9765625
vt 0.5513923226697753 0.9802375
vt 0.53125 0.453125
vt 0.530903125 0.4453125
vt 0.52883125 0.4453125
vt 0.528484375 0.453125
vt 0.549640625 0.484375
vt 0.54929453125 0.4765625
vt 0.54722265625 0.4765625
vt 0.546875 0.484375
vt 0.018920168489633737 0.4489875
vt 0.018581105989633737 0.4453125
vt 0.01646548098963374 0.4453125
vt 0.016124074739633745 0.44898046875
vt 0.54437578125 0.5114875
vt 0.54403984375 0.5078125
vt 0.54189765625 0.5078125
vt 0.54156171875 0.5114875
vt 0.515625 0.71875
vt 0.515625 0.7109375
vt 0.5078125 0.7109375
vt 0.5078125 0.71875
vt 0.5078125 0.4921875
vt 0.5078125 0.484375
vt 0.5 0.484375
vt 0.5 0.4921875
vt 0.1328125 0.4921875
vt 0.1328125 0.484375
vt 0.125 0.484375
vt 0.125 0.4921875
vt 0.0234375 0.484375
vt 0.0234375 0.4765625
vt 0.015625 0.4765625
vt 0.015625 0.484375
vt 0.3203125 0.4921875
vt 0.3203125 0.484375
vt 0.3125 0.484375
vt 0.3125 0.4921875
vt 0.3359375 0.4921875
vt 0.3359375 0.484375
vt 0.328125 0.484375
vt 0.328125 0.4921875
vt 0.5234375 0.984375
vt 0.5234375 0.9765625
vt 0.515625 0.9765625
vt 0.515625 0.984375
vt 0.1484375 0.4921875
vt 0.1484375 0.484375
vt 0.140625 0.484375
vt 0.140625 0.4921875
vt 0.5234375 0.96875
vt 0.5234375 0.9609375
vt 0.515625 0.9609375
vt 0.515625 0.96875
vt 0.3046875 0.4921875
vt 0.3046875 0.484375
vt 0.296875 0.484375
vt 0.296875 0.4921875
vt 0.3515625 0.6328125
vt 0.359375 0.6328125
vt 0.359375 0.6015625
vt 0.3515625 0.6015625
vt 0.5078125 0.75
vt 0.515625 0.75
vt 0.515625 0.7421875
vt 0.5078125 0.7421875
vt 0.3671875 0.6328125
vt 0.375 0.6328125
vt 0.375 0.6015625
vt 0.3671875 0.6015625
vt 0.265625 0.4921875
vt 0.2734375 0.4921875
vt 0.2734375 0.484375
vt 0.265625 0.484375
vt 0.0625 0.6171875
vt 0.0703125 0.6171875
vt 0.0703125 0.5859375
vt 0.0625 0.5859375
vt 0.46875 0.4921875
vt 0.4765625 0.4921875
vt 0.4765625 0.484375
vt 0.46875 0.484375
vt 0.3203125 0.6328125
vt 0.328125 0.6328125
vt 0.328125 0.6015625
vt 0.3203125 0.6015625
vt 0.15625 0.4921875
vt 0.1640625 0.4921875
vt 0.1640625 0.484375
vt 0.15625 0.484375
vt 0.03125 0.6171875
vt 0.0390625 0.6171875
vt 0.0390625 0.5859375
vt 0.03125 0.5859375
vt 0.5078125 0.5234375
vt 0.515625 0.5234375
vt 0.515625 0.515625
vt 0.5078125 0.515625
vt 0 0.625
vt 0.0078125 0.625
vt 0.0078125 0.59375
vt 0 0.59375
vt 0.5078125 0.734375
vt 0.515625 0.734375
vt 0.515625 0.7265625
vt 0.5078125 0.7265625
vt 0.015625 0.625
vt 0.0234375 0.625
vt 0.0234375 0.59375
vt 0.015625 0.59375
vt 0.28125 0.4921875
vt 0.2890625 0.4921875
vt 0.2890625 0.484375
vt 0.28125 0.484375
vt 0.046875 0.6171875
vt 0.0546875 0.6171875
vt 0.0546875 0.5859375
vt 0.046875 0.5859375
vt 0.484375 0.4921875
vt 0.4921875 0.4921875
vt 0.4921875 0.484375
vt 0.484375 0.484375
vt 0.3359375 0.6328125
vt 0.34375 0.6328125
vt 0.34375 0.6015625
vt 0.3359375 0.6015625
vt 0.171875 0.4921875
vt 0.1796875 0.4921875
vt 0.1796875 0.484375
vt 0.171875 0.484375
vt 0.078125 0.6171875
vt 0.0859375 0.6171875
vt 0.0859375 0.5859375
vt 0.078125 0.5859375
vt 0.5078125 0.5078125
vt 0.515625 0.5078125
vt 0.515625 0.5
vt 0.5078125 0.5
vt 0.4404 0.89978984375
vt 0.44087734375 0.899446875
vt 0.43983125 0.8962890625
vt 0.439240625 0.8962890625
vt 0.111115625 0.5568359375
vt 0.11170624999999999 0.5568359375
vt 0.11275234375 0.553678125
vt 0.112275 0.55333515625
vt 0.439240625 0.8962890625
vt 0.43983125 0.8962890625
vt 0.44087734375 0.89313125
vt 0.4404 0.89278828125
vt 0.112275 0.56033671875
vt 0.11275234375 0.55999375
vt 0.11170624999999999 0.5568359375
vt 0.111115625 0.5568359375
vt 0.4404 0.89278828125
vt 0.44087734375 0.89313125
vt 0.44361796875 0.89117890625
vt 0.4434359375 0.890625
vt 0.1153109375 0.5625
vt 0.11549296875 0.56194609375
vt 0.11275234375 0.55999375
vt 0.112275 0.56033671875
vt 0.4434359375 0.890625
vt 0.44361796875 0.89117890625
vt 0.44700703125 0.89117890625
vt 0.4471890625 0.890625
vt 0.1190640625 0.5625
vt 0.11888203125 0.56194609375
vt 0.11549296875 0.56194609375
vt 0.1153109375 0.5625
vt 0.4471890625 0.890625
vt 0.44700703125 0.89117890625
vt 0.44974765625 0.89313125
vt 0.450225 0.89278828125
vt 0.1221 0.56033671875
vt 0.12162265625 0.55999375
vt 0.11888203125 0.56194609375
vt 0.1190640625 0.5625
vt 0.450225 0.89278828125
vt 0.44974765625 0.89313125
vt 0.45079375 0.8962890625
vt 0.451384375 0.8962890625
vt 0.123259375 0.5568359375
vt 0.12266875 0.5568359375
vt 0.12162265625 0.55999375
vt 0.1221 0.56033671875
vt 0.451384375 0.8962890625
vt 0.45079375 0.8962890625
vt 0.44974765625 0.899446875
vt 0.450225 0.89978984375
vt 0.1221 0.55333515625
vt 0.12162265625 0.553678125
vt 0.12266875 0.5568359375
vt 0.123259375 0.5568359375
vt 0.450225 0.89978984375
vt 0.44974765625 0.899446875
vt 0.44700703125 0.90139921875
vt 0.4471890625 0.901953125
vt 0.1190640625 0.551171875
vt 0.11888203125 0.55172578125
vt 0.12162265625 0.553678125
vt 0.1221 0.55333515625
vt 0.4471890625 0.901953125
vt 0.44700703125 0.90139921875
vt 0.44361796875 0.90139921875
vt 0.4434359375 0.901953125
vt 0.1153109375 0.551171875
vt 0.11549296875 0.55172578125
vt 0.11888203125 0.55172578125
vt 0.1190640625 0.551171875
vt 0.4434359375 0.901953125
vt 0.44361796875 0.90139921875
vt 0.44087734375 0.899446875
vt 0.4404 0.89978984375
vt 0.112275 0.55333515625
vt 0.11275234375 0.553678125
vt 0.11549296875 0.55172578125
vt 0.1153109375 0.551171875
vn 0 -2.220446049250313e-16 1
vn -0.5803446106252367 0.8143710044680142 1.8082668794950113e-16
vn 0 2.220446049250313e-16 -1
vn 0 -2.220446049250313e-16 1
vn -0.949271134481686 0.3144587623836435 6.982387165869042e-17
vn 0 2.220446049250313e-16 -1
vn 0 -2.220446049250313e-16 1
vn -0.949271134481686 -0.3144587623836435 -6.982387165869042e-17
vn 0 2.220446049250313e-16 -1
vn 0 -2.220446049250313e-16 1
vn -0.5803446106252367 -0.8143710044680142 -1.8082668794950113e-16
vn 0 2.220446049250313e-16 -1
vn 0 -2.220446049250313e-16 1
vn 0 -1 -2.220446049250313e-16
vn 0 2.220446049250313e-16 -1
vn 0 -2.220446049250313e-16 1
vn 0.5803446106252362 -0.8143710044680146 -1.808266879495012e-16
vn 0 2.220446049250313e-16 -1
vn 0 -2.220446049250313e-16 1
vn 0.9492711344816863 -0.31445876238364273 -6.982387165869025e-17
vn 0 2.220446049250313e-16 -1
vn 0 -2.220446049250313e-16 1
vn 0.9492711344816863 0.31445876238364273 6.982387165869025e-17
vn 0 2.220446049250313e-16 -1
vn 0 -2.220446049250313e-16 1
vn 0.5803446106252362 0.8143710044680146 1.808266879495012e-16
vn 0 2.220446049250313e-16 -1
vn 0 -2.220446049250313e-16 1
vn 0 1 2.220446049250313e-16
vn 0 2.220446049250313e-16 -1
vn -0.5366911374709737 0.7680122089554453 -0.34945653500183654
vn -0.8902267795876567 0.3007332405163167 -0.3421341826733261
vn -0.8917360421663024 -0.30124309422603807 -0.3377268560282125
vn -0.5381543758768643 -0.7701061227205055 -0.3425294548983671
vn 0 -0.9368731175739888 -0.3496695033416487
vn 0.536691137470974 -0.7680122089554454 -0.34945653500183654
vn 0.8902267795876567 -0.3007332405163166 -0.34213418267332624
vn 0.8917360421663026 0.3012430942260382 -0.3377268560282118
vn 0.5381543758768642 0.7701061227205055 -0.3425294548983667
vn 0 0.9368731175739888 -0.34966950334164826
vn 0 2.220446049250313e-16 -1
vn 0 2.220446049250313e-16 -1
vn 0 2.220446049250313e-16 -1
vn 0 2.220446049250313e-16 -1
vn 0 2.220446049250313e-16 -1
vn 0 2.220446049250313e-16 -1
vn 0 2.220446049250313e-16 -1
vn 0 2.220446049250313e-16 -1
vn 0 2.220446049250313e-16 -1
vn 0 2.220446049250313e-16 -1
vn -0.495846354824845 0.6957984732648252 0.5196160861725243
vn -0.8086634355666604 0.2678805811071494 0.5237398612319112
vn -0.8086634355666606 -0.2678805811071497 0.5237398612319107
vn -0.4958463548248465 -0.6957984732648274 0.5196160861725202
vn 0 -0.8559155419457917 0.5171156399255799
vn 0.4958463548248449 -0.6957984732648251 0.5196160861725246
vn 0.8086634355666608 -0.2678805811071508 0.52373986123191
vn 0.8086634355666598 0.2678805811071502 0.523739861231912
vn 0.4958463548248465 0.6957984732648271 0.5196160861725204
vn 0 0.8559155419457914 0.5171156399255803
vn -0.549614071798604 0.7851448515079367 0.2854328891903297
vn -0.9093203427082491 0.30665209066972793 0.2812490171091051
vn -0.9082780663139959 -0.30630060151860944 0.2849752546489724
vn -0.5485993890168687 -0.7836953381077685 0.2913079597238444
vn 0 -0.956552037345898 0.2915616570288557
vn 0.5496140717986033 -0.7851448515079377 0.2854328891903289
vn 0.9093203427082491 -0.30665209066972804 0.281249017109105
vn 0.9082780663139962 0.30630060151860944 0.2849752546489718
vn 0.548599389016868 0.7836953381077688 0.2913079597238448
vn 0 0.9565520373458978 0.29156165702885617
vn 0.9474014066320672 -0.3200477694213485 -7.106488051830084e-17
vn 0.5728050181772107 -0.8196916561433364 -1.8200810994869174e-16
vn 0 -1 -2.220446049250313e-16
vn -0.5728050181772107 -0.8196916561433364 -1.8200810994869174e-16
vn -0.9474014066320667 -0.32004776942135005 -7.106488051830119e-17
vn -0.9474014066320667 0.32004776942135005 7.106488051830119e-17
vn -0.5728050181772107 0.8196916561433364 1.8200810994869174e-16
vn 0 1 2.220446049250313e-16
vn 0.5728050181772107 0.8196916561433364 1.8200810994869174e-16
vn 0.9474014066320672 0.3200477694213485 7.106488051830084e-17
vn 0.9492711344816864 0.3144587623836428 6.982387165869026e-17
vn 0.9492379118734031 0.3145590352576472 6.984613670938327e-17
vn 0.9492711344816864 -0.3144587623836428 -6.982387165869026e-17
vn 0.9492379118734031 -0.3145590352576472 -6.984613670938327e-17
vn 0.5803446106252362 -0.8143710044680146 -1.808266879495012e-16
vn 0.5802095365407561 -0.8144672453249187 -1.8084805771255012e-16
vn 0 -1 -2.220446049250313e-16
vn 0 -1 -2.220446049250313e-16
vn -0.5803446106252368 -0.8143710044680144 -1.8082668794950115e-16
vn -0.5802095365407561 -0.8144672453249187 -1.8084805771255012e-16
vn -0.949271134481686 -0.3144587623836436 -6.982387165869044e-17
vn -0.9492379118734027 -0.3145590352576481 -6.984613670938347e-17
vn -0.949271134481686 0.3144587623836436 6.982387165869044e-17
vn -0.9492379118734027 0.3145590352576481 6.984613670938347e-17
vn -0.5803446106252368 0.8143710044680144 1.8082668794950115e-16
vn -0.5802095365407561 0.8144672453249187 1.8084805771255012e-16
vn 0 1 2.220446049250313e-16
vn 0 1 2.220446049250313e-16
vn 0.5803446106252362 0.8143710044680146 1.808266879495012e-16
vn 0.5802095365407561 0.8144672453249187 1.8084805771255012e-16
vn 0 -2.220446049250313e-16 1
vn 0 2.220446049250313e-16 -1
vn 0 -2.220446049250313e-16 1
vn 0 2.220446049250313e-16 -1
vn 0 -2.220446049250313e-16 1
vn 0 2.220446049250313e-16 -1
vn 0 -2.220446049250313e-16 1
vn 0 2.220446049250313e-16 -1
vn 0 -2.220446049250313e-16 1
vn 0 2.220446049250313e-16 -1
vn 0 -2.220446049250313e-16 1
vn 0 2.220446049250313e-16 -1
vn 0 -2.220446049250313e-16 1
vn 0 2.220446049250313e-16 -1
vn 0 -2.220446049250313e-16 1
vn 0 2.220446049250313e-16 -1
vn 0 -2.220446049250313e-16 1
vn 0 2.220446049250313e-16 -1
vn 0 -2.220446049250313e-16 1
vn 0 2.220446049250313e-16 -1
usemtl m_b56f5dc6-1369-fe8a-30e0-035cc0472814
f 298/995/255 299/996/255 308/997/255
f 335/998/256 337/999/256 249/1000/256 251/1001/256
f 309/1002/257 312/1003/257 311/1004/257
f 299/1005/258 300/1006/258 308/1007/258
f 333/1008/259 335/1009/259 251/1010/259 253/1011/259
f 310/1012/260 309/1013/260 311/1014/260
f 300/1015/261 301/1016/261 308/1017/261
f 331/1018/262 333/1019/262 253/1020/262 255/1021/262
f 319/1022/263 310/1023/263 311/1024/263
f 301/1025/264 302/1026/264 308/1027/264
f 329/1028/265 331/1029/265 255/1030/265 257/1031/265
f 318/1032/266 319/1033/266 311/1034/266
f 302/1035/267 303/1036/267 308/1037/267
f 327/1038/268 329/1039/268 257/1040/268 259/1041/268
f 317/1042/269 318/1043/269 311/1044/269
f 303/1045/270 304/1046/270 308/1047/270
f 325/1048/271 327/1049/271 259/1050/271 261/1051/271
f 316/1052/272 317/1053/272 311/1054/272
f 304/1055/273 305/1056/273 308/1057/273
f 323/1058/274 325/1059/274 261/1060/274 263/1061/274
f 315/1062/275 316/1063/275 311/1064/275
f 305/1065/276 306/1066/276 308/1067/276
f 322/1068/277 323/1069/277 263/1070/277 265/1071/277
f 314/1072/278 315/1073/278 311/1074/278
f 306/1075/279 307/1076/279 308/1077/279
f 339/1078/280 322/1079/280 265/1080/280 267/1081/280
f 313/1082/281 314/1083/281 311/1084/281
f 307/1085/282 298/1086/282 308/1087/282
f 337/1088/283 339/1089/283 267/1090/283 249/1091/283
f 312/1092/284 313/1093/284 311/1094/284
f 249/1095/285 268/1096/285 269/1097/285 251/1098/285
f 251/1099/286 269/1100/286 270/1101/286 253/1102/286
f 253/1103/287 270/1104/287 271/1105/287 255/1106/287
f 255/1107/288 271/1108/288 272/1109/288 257/1110/288
f 257/1111/289 272/1112/289 273/1113/289 259/1114/289
f 259/1115/290 273/1116/290 274/1117/290 261/1118/290
f 261/1119/291 274/1120/291 275/1121/291 263/1122/291
f 263/1123/292 275/1124/292 276/1125/292 265/1126/292
f 265/1127/293 276/1128/293 277/1129/293 267/1130/293
f 267/1131/294 277/1132/294 268/1133/294 249/1134/294
f 268/1135/295 278/1136/295 279/1137/295 269/1138/295
f 269/1139/296 279/1140/296 280/1141/296 270/1142/296
f 270/1143/297 280/1144/297 281/1145/297 271/1146/297
f 271/1147/298 281/1148/298 282/1149/298 272/1150/298
f 272/1151/299 282/1152/299 283/1153/299 273/1154/299
f 273/1155/300 283/1156/300 284/1157/300 274/1158/300
f 274/1159/301 284/1160/301 285/1161/301 275/1162/301
f 275/1163/302 285/1164/302 286/1165/302 276/1166/302
f 276/1167/303 286/1168/303 287/1169/303 277/1170/303
f 277/1171/304 287/1172/304 278/1173/304 268/1174/304
f 250/1175/305 289/1176/305 288/1177/305 248/1178/305
f 252/1179/306 290/1180/306 289/1181/306 250/1182/306
f 254/1183/307 291/1184/307 290/1185/307 252/1186/307
f 256/1187/308 292/1188/308 291/1189/308 254/1190/308
f 258/1191/309 293/1192/309 292/1193/309 256/1194/309
f 260/1195/310 294/1196/310 293/1197/310 258/1198/310
f 262/1199/311 295/1200/311 294/1201/311 260/1202/311
f 264/1203/312 296/1204/312 295/1205/312 262/1206/312
f 266/1207/313 297/1208/313 296/1209/313 264/1210/313
f 248/1211/314 288/1212/314 297/1213/314 266/1214/314
f 289/1215/315 299/1216/315 298/1217/315 288/1218/315
f 290/1219/316 300/1220/316 299/1221/316 289/1222/316
f 291/1223/317 301/1224/317 300/1225/317 290/1226/317
f 292/1227/318 302/1228/318 301/1229/318 291/1230/318
f 293/1231/319 303/1232/319 302/1233/319 292/1234/319
f 294/1235/320 304/1236/320 303/1237/320 293/1238/320
f 295/1239/321 305/1240/321 304/1241/321 294/1242/321
f 296/1243/322 306/1244/322 305/1245/322 295/1246/322
f 297/1247/323 307/1248/323 306/1249/323 296/1250/323
f 288/1251/324 298/1252/324 307/1253/324 297/1254/324
f 279/1255/325 309/1256/325 310/1257/325 280/1258/325
f 278/1259/326 312/1260/326 309/1261/326 279/1262/326
f 287/1263/327 313/1264/327 312/1265/327 278/1266/327
f 286/1267/328 314/1268/328 313/1269/328 287/1270/328
f 285/1271/329 315/1272/329 314/1273/329 286/1274/329
f 284/1275/330 316/1276/330 315/1277/330 285/1278/330
f 283/1279/331 317/1280/331 316/1281/331 284/1282/331
f 282/1283/332 318/1284/332 317/1285/332 283/1286/332
f 281/1287/333 319/1288/333 318/1289/333 282/1290/333
f 280/1291/334 310/1292/334 319/1293/334 281/1294/334
f 321/1295/335 320/1296/335 264/1297/335 262/1298/335
f 342/1299/336 341/1300/336 340/1301/336 343/1302/336
f 324/1303/337 321/1304/337 262/1305/337 260/1306/337
f 344/1307/338 342/1308/338 343/1309/338 345/1310/338
f 326/1311/339 324/1312/339 260/1313/339 258/1314/339
f 346/1315/340 344/1316/340 345/1317/340 347/1318/340
f 328/1319/341 326/1320/341 258/1321/341 256/1322/341
f 348/1323/342 346/1324/342 347/1325/342 349/1326/342
f 330/1327/343 328/1328/343 256/1329/343 254/1330/343
f 350/1331/344 348/1332/344 349/1333/344 351/1334/344
f 332/1335/345 330/1336/345 254/1337/345 252/1338/345
f 352/1339/346 350/1340/346 351/1341/346 353/1342/346
f 334/1343/347 332/1344/347 252/1345/347 250/1346/347
f 354/1347/348 352/1348/348 353/1349/348 355/1350/348
f 336/1351/349 334/1352/349 250/1353/349 248/1354/349
f 356/1355/350 354/1356/350 355/1357/350 357/1358/350
f 338/1359/351 336/1360/351 248/1361/351 266/1362/351
f 358/1363/352 356/1364/352 357/1365/352 359/1366/352
f 320/1367/353 338/1368/353 266/1369/353 264/1370/353
f 341/1371/354 358/1372/354 359/1373/354 340/1374/354
f 322/1375/355 341/1376/355 342/1377/355 323/1378/355
f 321/1379/356 343/1380/356 340/1381/356 320/1382/356
f 323/1383/357 342/1384/357 344/1385/357 325/1386/357
f 324/1387/358 345/1388/358 343/1389/358 321/1390/358
f 325/1391/359 344/1392/359 346/1393/359 327/1394/359
f 326/1395/360 347/1396/360 345/1397/360 324/1398/360
f 327/1399/361 346/1400/361 348/1401/361 329/1402/361
f 328/1403/362 349/1404/362 347/1405/362 326/1406/362
f 329/1407/363 348/1408/363 350/1409/363 331/1410/363
f 330/1411/364 351/1412/364 349/1413/364 328/1414/364
f 331/1415/365 350/1416/365 352/1417/365 333/1418/365
f 332/1419/366 353/1420/366 351/1421/366 330/1422/366
f 333/1423/367 352/1424/367 354/1425/367 335/1426/367
f 334/1427/368 355/1428/368 353/1429/368 332/1430/368
f 335/1431/369 354/1432/369 356/1433/369 337/1434/369
f 336/1435/370 357/1436/370 355/1437/370 334/1438/370
f 337/1439/371 356/1440/371 358/1441/371 339/1442/371
f 338/1443/372 359/1444/372 357/1445/372 336/1446/372
f 339/1447/373 358/1448/373 341/1449/373 322/1450/373
f 320/1451/374 340/1452/374 359/1453/374 338/1454/374
o cuboid
v -0.028124999999999997 0.11250000000000002 -0.16874999999999998
v -0.028124999999999997 0.12499999999999997 -0.3468750000000001
v -0.009374999999999994 -1.1102230246251565e-16 -0.16874999999999998
v -0.028124999999999997 0.062499999999999944 -0.3468750000000001
v -0.2531250000000002 0.11250000000000002 -0.16874999999999998
v -0.2531250000000002 0.12499999999999997 -0.3468750000000001
v -0.2718750000000002 -1.1102230246251565e-16 -0.16874999999999998
v -0.2531250000000002 0.062499999999999944 -0.3468750000000001
v -0.028124999999999997 0.006249999999999867 -0.4562500000000001
v -0.028124999999999997 -1.1102230246251565e-16 -0.4562500000000001
v -0.2531250000000002 0.006249999999999867 -0.4562500000000001
v -0.2531250000000002 -1.1102230246251565e-16 -0.4562500000000001
vt 0.30507734375 0.8828125
vt 0.28281328125 0.881228125
vt 0.282840625 0.866971875
vt 0.30507734375 0.87510625
vt 0.303096875 0.726240625
vt 0.30312421875 0.740496875
vt 0.28086015625 0.74208125
vt 0.28086015625 0.734375
vt 0.09375 0.75
vt 0.125 0.75
vt 0.125 0.7734375
vt 0.09375 0.7734375
vt 0.005468750000000003 0.7734375
vt 0.0031250000000000028 0.75
vt 0.0359375 0.75
vt 0.033593750000000006 0.7734375
vt 0.35625 0.6953125
vt 0.35390625 0.7109375
vt 0.32578125 0.7109375
vt 0.3234375 0.6953125
vt 0.40625 1
vt 0.375 1
vt 0.375 0.9921875
vt 0.40625 0.9921875
vt 0 0.71875
vt 0.03125 0.71875
vt 0.03125 0.7421875
vt 0 0.7421875
vt 0.31874921875 0.8671875
vt 0.31874921875 0.86796875
vt 0.30507734375 0.8828125
vt 0.30507734375 0.875
vt 0.3203125 0.671875
vt 0.3515625 0.671875
vt 0.3515625 0.6875
vt 0.3203125 0.6875
vt 0.26718828125 0.72734375
vt 0.26718828125 0.7265625
vt 0.28086015625 0.734375
vt 0.28086015625 0.7421875
vn 0.9863282873056362 0.16438804788427253 0.011536003360299779
vn -0.9863282873056362 0.16438804788427241 0.011536003360299786
vn 0 0.9975467611004156 0.07000328148073062
vn 0 -0.9435999821328809 -0.33108771302908113
vn 0 0 1
vn 0 0 -1
vn 0 0.6774757547517901 -0.735545105159087
vn 1 0 0
vn 0 -0.8682431421244592 0.4961389383568342
vn -1 0 0
usemtl m_b56f5dc6-1369-fe8a-30e0-035cc0472814
f 361/1455/375 360/1456/375 362/1457/375 363/1458/375
f 366/1459/376 364/1460/376 365/1461/376 367/1462/376
f 364/1463/377 360/1464/377 361/1465/377 365/1466/377
f 363/1467/378 362/1468/378 366/1469/378 367/1470/378
f 362/1471/379 360/1472/379 364/1473/379 366/1474/379
f 370/1475/380 368/1476/380 369/1477/380 371/1478/380
f 368/1479/381 370/1480/381 365/1481/381 361/1482/381
f 369/1483/382 368/1484/382 361/1485/382 363/1486/382
f 371/1487/383 369/1488/383 363/1489/383 367/1490/383
f 370/1491/384 371/1492/384 367/1493/384 365/1494/384
o cuboid
v -0.020312499999999983 0.4921875 0.12031250000000002
v -0.020312499999999983 0.4921875 -0.10858035280909067
v 0.050000000000000044 -0.0007423200198724 0.19998660280909075
v 0.050000000000000044 -0.0007423200198724 -0.16562500000000002
v -0.26093750000000004 0.4921875 0.12031250000000002
v -0.26093750000000004 0.4921875 -0.10858035280909067
v -0.33125000000000004 -0.0007423200198724 0.19998660280909075
v -0.33125000000000004 -0.0007423200198724 -0.16562500000000002
v -0.2874732056181814 0.30348914893737694 0.19998660280909075
v 0.006223205618181394 0.30348914893737694 0.19998660280909075
v 0.050000000000000044 -0.0007423200198724 0.013284599297727337
v -0.33125000000000004 -0.0007423200198724 0.013284599297727337
v -0.2874732056181814 0.30348914893737694 0.013284599297727337
v -0.26093750000000004 0.4921875 0.013284599297727337
v -0.020312499999999983 0.4921875 0.013284599297727337
v 0.006223205618181394 0.30348914893737694 0.013284599297727337
v -0.14062499999999994 -0.0007423200198724 0.013284599297727337
v -0.14062499999999994 -0.0007423200198724 0.19998660280909075
v -0.14062499999999994 0.30348914893737694 0.19998660280909075
v -0.14062499999999997 0.4921875 0.12031250000000002
v -0.14062499999999997 0.4921875 0.013284599297727337
v -0.14062499999999997 0.4921875 -0.10858035280909067
v -0.14062499999999994 -0.0007423200198724 -0.16725812420403519
v -0.11960762163795689 0.1756637367030328 0.19998660280909075
v -0.14062499999999994 0.08251291223434426 0.19998660280909075
v -0.14062499999999997 0.1756637367030328 0.19998660280909075
v -0.08437834929772728 0.08251291223434426 0.19998660280909075
v -0.19687165070227267 0.08251291223434426 0.19998660280909075
v -0.16164237836204307 0.1756637367030328 0.19998660280909075
v -0.11960762163795689 0.1756637367030328 0.28748660280909066
v -0.14062499999999994 0.08251291223434426 0.3374866028090905
v -0.14062499999999997 0.1756637367030328 0.28748660280909066
v -0.08437834929772728 0.08251291223434426 0.3374866028090905
v -0.19687165070227267 0.08251291223434426 0.3374866028090905
v -0.16164237836204307 0.1756637367030328 0.28748660280909066
v -0.14062499999999994 0.08251291223434426 0.26873660280909073
v -0.08437834929772728 0.08251291223434426 0.26873660280909073
v -0.11960762163795689 0.1756637367030328 0.23123660280909075
v -0.14062499999999997 0.1756637367030328 0.23123660280909075
v -0.16164237836204307 0.1756637367030328 0.23123660280909075
v -0.19687165070227267 0.08251291223434426 0.26873660280909073
v -0.16562165070227267 -0.0007423200198724 0.2812366028090907
v -0.16562165070227267 -0.0007423200198724 0.26248660280909075
v -0.14062499999999997 -0.0007423200198724 0.26248660280909075
v -0.14062499999999997 -0.0007423200198724 0.2812366028090907
v -0.11562834929772728 -0.0007423200198724 0.26248660280909075
v -0.11562834929772728 -0.0007423200198724 0.2812366028090907
v -0.14062499999999994 0.11166648640811844 -0.16725812420403519
v -0.31457124009109394 0.11166648640811844 -0.1438912484080703
v -0.31457124009109394 0.11166648640811844 0.013284599297727337
v -0.31457124009109394 0.11166648640811844 0.19998660280909075
v -0.1834494578846965 0.13229028319047137 0.19998660280909075
v -0.1834494578846965 0.13229028319047137 0.25444927306244897
v -0.1834494578846965 0.13229028319047137 0.3184368298135682
v -0.14062499999999994 0.13229028319047137 0.3184368298135682
v -0.09780054211530347 0.13229028319047137 0.3184368298135682
v -0.09780054211530347 0.13229028319047137 0.25444927306244897
v -0.09780054211530347 0.13229028319047137 0.19998660280909075
v 0.033321240091093954 0.11166648640811844 0.19998660280909075
v 0.033321240091093954 0.11166648640811844 0.013284599297727337
v 0.033321240091093954 0.11166648640811844 -0.1438912484080703
v -0.2618188615555127 0.11166648640811844 -0.16725812420403519
v -0.2734395602130717 -0.0007423200198724 -0.16725812420403519
v -0.23593956021307166 -0.0007423200198724 0.013284599297727337
v -0.23593956021307166 -0.0007423200198724 0.19998660280909075
v -0.16874893324666423 0.08251291223434426 0.19998660280909075
v -0.16874893324666423 0.08251291223434426 0.26873660280909073
v -0.15312359550681645 -0.0007423200198724 0.26248660280909075
v -0.15312359550681645 -0.0007423200198724 0.2812366028090907
v -0.16874893324666423 0.08251291223434426 0.3374866028090905
v -0.16203769177517666 0.13229028319047137 0.3184368298135682
v -0.15113391633001894 0.1756637367030328 0.28748660280909066
v -0.15113391633001894 0.1756637367030328 0.23123660280909075
v -0.15113391633001894 0.1756637367030328 0.19998660280909075
v -0.21405068989679044 0.30348914893737694 0.19998660280909075
v -0.2007825502984141 0.4921875 0.12031250000000002
v -0.2007825502984141 0.4921875 0.013284599297727337
v -0.2007825502984141 0.4921875 -0.10858035280909067
v -0.019434756510545798 0.11166648640811844 -0.16725812420403519
v -0.00781456021307167 -0.0007423200198724 -0.16725812420403519
v -0.045314560213071675 -0.0007423200198724 0.013284599297727337
v -0.045314560213071675 -0.0007423200198724 0.19998660280909075
v -0.11250228254439157 0.08251291223434426 0.19998660280909075
v -0.11250228254439157 0.08251291223434426 0.26873660280909073
v -0.12812694480454376 -0.0007423200198724 0.26248660280909075
v -0.12812694480454376 -0.0007423200198724 0.2812366028090907
v -0.11250228254439157 0.08251291223434426 0.3374866028090905
v -0.11921323389048016 0.13229028319047137 0.3184368298135682
v -0.13011653796797587 0.1756637367030328 0.28748660280909066
v -0.13011653796797587 0.1756637367030328 0.23123660280909075
v -0.13011653796797587 0.1756637367030328 0.19998660280909075
v -0.06720248427860909 0.30348914893737694 0.19998660280909075
v -0.0804700502984141 0.4921875 0.12031250000000002
v -0.0804700502984141 0.4921875 0.013284599297727337
v -0.0804700502984141 0.4921875 -0.10858035280909067
v 0.050000000000000044 -0.0007423200198724 -0.22709224296696498
v -0.019434756510545798 0.1229814341340294 -0.20535849137503526
v -0.00781456021307167 -0.0007423200198724 -0.22709224296696498
v 0.033321240091093954 0.1229814341340294 -0.20535849137503526
v -0.14062499999999997 0.4921875 -0.17108035280909067
v -0.0804700502984141 0.4921875 -0.17108035280909067
v -0.020312499999999983 0.4921875 -0.17108035280909067
v -0.2007825502984141 0.4921875 -0.17108035280909067
v -0.26093750000000004 0.4921875 -0.17108035280909067
v -0.2618188615555127 0.1229814341340294 -0.20535849137503526
v -0.31457124009109394 0.1229814341340294 -0.20535849137503526
v -0.14062499999999994 0.1229814341340294 -0.20535849137503526
v -0.2734395602130717 -0.0007423200198724 -0.22709224296696498
v -0.33125000000000004 -0.0007423200198724 -0.22709224296696498
v -0.2874732056181814 0.30348914893737694 -0.10858035280909067
v 0.006223205618181394 0.30348914893737694 -0.10858035280909067
v -0.06720248427860909 0.3091466228003324 -0.17056397429257314
v 0.006223205618181394 0.3091466228003324 -0.17056397429257314
v -0.14062499999999994 0.3091466228003324 -0.17056397429257314
v -0.21405068989679044 0.3091466228003324 -0.17056397429257314
v -0.2874732056181814 0.3091466228003324 -0.17056397429257314
vt 0.06315116561189282 0.97618046875
vt 0.08648866561189282 0.97618046875
vt 0.08648866561189282 1
vt 0.07311054061189282 1
vt 0.0440778264373621 0.9999994193121478
vt 0.03069970144011736 0.9999996908272826
vt 0.03069921801189115 0.9761801595821883
vt 0.05403671800708473 0.9761796859370057
vt 0.0931640625 0.80507890625
vt 0.08564453125 0.80507890625
vt 0.08564453125 0.79170078125
vt 0.0931640625 0.79170078125
vt 0.176171875 0.99869765625
vt 0.1642578125 0.99869765625
vt 0.1642578125 0.97536015625
vt 0.176171875 0.97536015625
vt 0.2455078125 0.8046875
vt 0.23798828125 0.8046875
vt 0.239646875 0.779084375
vt 0.248825 0.779084375
vt 0.008987500000000002 0.85187578125
vt 0.018165625 0.85187578125
vt 0.019824218750000004 0.87475625
vt 0.012304687500000001 0.87475625
vt 0.0540359382335029 0.9377585921949185
vt 0.0540362265240998 0.951963279691993
vt 0.030698726528906223 0.9519637533371756
vt 0.03069843823830933 0.9377590658401012
vt 0.0035156250000000014 0.8125
vt 0.010742187500000002 0.8125
vt 0.012195312500000003 0.82820234375
vt 0.005600781250000002 0.82820234375
vt 0.08648866561189282 0.937759375
vt 0.08648866561189282 0.95196484375
vt 0.06315116561189282 0.95196484375
vt 0.06315116561189282 0.937759375
vt 0.427228125 0.6652148437500001
vt 0.4245515625 0.6652148437500001
vt 0.425390625 0.65855234375
vt 0.42890546875 0.65855234375
vt 0.176171875 0.97536015625
vt 0.1642578125 0.97536015625
vt 0.1689453125 0.9527921875
vt 0.176171875 0.95299609375
vt 0.03069843823830933 0.9377590658401012
vt 0.030698726528906223 0.9519637533371756
vt 0.011051070282952713 0.9519641520953003
vt 0.008334375742915269 0.9377595197289268
vt 0.015465624265028552 0.9761804687549057
vt 0.03069921801189115 0.9761801595821882
vt 0.03069970144011737 0.9999996908272826
vt 0.015466107693254768 1
vt 0.0931640625 0.8203125
vt 0.08564453125 0.8203125
vt 0.08564453125 0.80507890625
vt 0.0931640625 0.80507890625
vt 0.10172225936189282 1
vt 0.08648866561189282 1
vt 0.08648866561189282 0.97618046875
vt 0.10172225936189282 0.97618046875
vt 0.10885272811189281 0.937759375
vt 0.10613632186189281 0.95196484375
vt 0.08648866561189282 0.95196484375
vt 0.08648866561189282 0.937759375
vt 0.15234375 0.99869765625
vt 0.1404296875 0.99869765625
vt 0.1404296875 0.97536015625
vt 0.15234375 0.97536015625
vt 0.421875 0.6652148437500001
vt 0.4191984375 0.6652148437500001
vt 0.418359375 0.65855234375
vt 0.421875 0.65855234375
vt 0.23046875 0.8046875
vt 0.22294921875 0.8046875
vt 0.221290625 0.779084375
vt 0.23046875 0.779084375
vt 0.078125 0.80507890625
vt 0.07060546875 0.80507890625
vt 0.07060546875 0.79170078125
vt 0.078125 0.79170078125
vt 0.078125 0.8203125
vt 0.07060546875 0.8203125
vt 0.07060546875 0.80507890625
vt 0.078125 0.80507890625
vt 0.02734375 0.85187578125
vt 0.036521875 0.85187578125
vt 0.03486328125 0.87475625
vt 0.02734375 0.87475625
vt 0.34765625 0.9859484375
vt 0.3642578125 0.9859484375
vt 0.36280546874999997 1
vt 0.34765625 1
vt 0.15234375 0.97536015625
vt 0.1404296875 0.97536015625
vt 0.1357421875 0.9527921875
vt 0.15234375 0.9527921875
vt 0.10819999999999999 0.875
vt 0.09902187500000001 0.875
vt 0.09115703124999999 0.859021875
vt 0.09247109375 0.859021875
vt 0.09687421874999999 0.847378125
vt 0.093359375 0.847378125
vt 0.10175781249999999 0.83697109375
vt 0.113671875 0.83697109375
vt 0.113671875 0.83697109375
vt 0.11158671875000001 0.8510226562500001
vt 0.095196875 0.8536
vt 0.09687421874999999 0.847378125
vt 0.08984375 0.847378125
vt 0.086328125 0.847378125
vt 0.0779296875 0.83697109375
vt 0.08984375 0.83697109375
vt 0.08984375 0.875
vt 0.080665625 0.875
vt 0.08853046875000001 0.859021875
vt 0.08984375 0.859021875
vt 0.08281328125 0.847378125
vt 0.084490625 0.8536
vt 0.06810078124999999 0.8510226562500001
vt 0.066015625 0.83697109375
vt 0.00653359375 0.4609375
vt 0.005219531249999999 0.4609375
vt 0.005219531249999999 0.45703125
vt 0.00653359375 0.45703125
vt 0.47578046875 0.89921875
vt 0.472265625 0.89921875
vt 0.472265625 0.890625
vt 0.47578046875 0.890625
vt 0.4265625 0.70623671875
vt 0.4265625 0.7126812499999999
vt 0.4197546875 0.7126812499999999
vt 0.41796875 0.70623671875
vt 0.46875 0.89921875
vt 0.465234375 0.89921875
vt 0.465234375 0.890625
vt 0.46875 0.890625
vt 0.00390625 0.4609375
vt 0.0025929687500000007 0.4609375
vt 0.0025929687500000007 0.45703125
vt 0.00390625 0.45703125
vt 0.42578125 0.95623828125
vt 0.4239953125 0.96268203125
vt 0.4171875 0.96268203125
vt 0.4171875 0.95623828125
vt 0.56171796875 0.91640625
vt 0.56015625 0.91640625
vt 0.56015625 0.9140625
vt 0.56171796875 0.9140625
vt 0.41796875 0.70623671875
vt 0.4197546875 0.7126812499999999
vt 0.41175625 0.7126812499999999
vt 0.409375 0.70623671875
vt 0.00653359375 0.45703125
vt 0.005219531249999999 0.45703125
vt 0.005219531249999999 0.44999999999999996
vt 0.00653359375 0.44999999999999996
vt 0.00390625 0.45703125
vt 0.0025929687500000007 0.45703125
vt 0.0025929687500000007 0.44999999999999996
vt 0.00390625 0.44999999999999996
vt 0.434375 0.95623828125
vt 0.43199375 0.96268203125
vt 0.4239953125 0.96268203125
vt 0.42578125 0.95623828125
vt 0.55859375 0.91640625
vt 0.55703125 0.91640625
vt 0.55703125 0.9140625
vt 0.55859375 0.9140625
vt 0.4693596462252527 0.9244055245183378
vt 0.47061257476409235 0.921875
vt 0.4837653537747473 0.921875
vt 0.47917128246566876 0.9296875
vt 0.25 0.5598765625
vt 0.2515625 0.5598765625
vt 0.253515625 0.5703125
vt 0.25 0.5703125
vt 0.078125 0.5750593749999999
vt 0.074609375 0.5750593749999999
vt 0.0765625 0.5625
vt 0.078125 0.5625
vt 0.24687578125 0.5598765625
vt 0.2484375 0.5598765625
vt 0.246484375 0.5703125
vt 0.24296953125 0.5703125
vt 0.46902489185635726 0.8684404285388396
vt 0.4710056326619806 0.8671875
vt 0.47628760814364274 0.876999136240416
vt 0.46902489185635726 0.8815932075494946
vt 0.08515546875 0.5750593749999999
vt 0.081640625 0.5750593749999999
vt 0.0796875 0.5625
vt 0.08124921875 0.5625
vt 0.02734375 0.82820234375
vt 0.04249296875 0.82820234375
vt 0.036521875 0.85187578125
vt 0.02734375 0.85187578125
vt 0.015465624265028552 0.9761804687549057
vt 0.011051070282952713 0.9519641520953003
vt 0.030698726528906223 0.9519637533371756
vt 0.03069921801189115 0.9761801595821882
vt 0.03069921801189115 0.9761801595821883
vt 0.030698726528906223 0.9519637533371756
vt 0.0540362265240998 0.951963279691993
vt 0.05403671800708473 0.9761796859370057
vt 0.07148750000000001 0.875
vt 0.06810078124999999 0.8510226562500001
vt 0.084490625 0.8536
vt 0.08721640625 0.859021875
vt 0.4171875 0.96875
vt 0.4171875 0.96268203125
vt 0.4239953125 0.96268203125
vt 0.42109375 0.96875
vt 0.42109375 0.96875
vt 0.4239953125 0.96268203125
vt 0.43199375 0.96268203125
vt 0.428125 0.96875
vt 0.421875 0.671875
vt 0.42056171875 0.671875
vt 0.4191984375 0.6652148437500001
vt 0.421875 0.6652148437500001
vt 0.42450234375 0.671875
vt 0.42318828125 0.671875
vt 0.4245515625 0.6652148437500001
vt 0.427228125 0.6652148437500001
vt 0.415625 0.71875
vt 0.41175625 0.7126812499999999
vt 0.4197546875 0.7126812499999999
vt 0.42265625 0.71875
vt 0.42265625 0.71875
vt 0.4197546875 0.7126812499999999
vt 0.4265625 0.7126812499999999
vt 0.4265625 0.71875
vt 0.09247109375 0.859021875
vt 0.095196875 0.8536
vt 0.11158671875000001 0.8510226562500001
vt 0.10819999999999999 0.875
vt 0.06315116561189282 0.97618046875
vt 0.06315116561189282 0.95196484375
vt 0.08648866561189282 0.95196484375
vt 0.08648866561189282 0.97618046875
vt 0.08648866561189282 0.97618046875
vt 0.08648866561189282 0.95196484375
vt 0.10613632186189281 0.95196484375
vt 0.10172225936189282 0.97618046875
vt 0.005600781250000002 0.82820234375
vt 0.012195312500000001 0.82820234375
vt 0.018165625 0.85187578125
vt 0.008987500000000002 0.85187578125
vt 0.04908671875 0.82820234375
vt 0.04249296875 0.82820234375
vt 0.0439453125 0.8125
vt 0.051171875 0.8125
vt 0.128515625 0.95299609375
vt 0.1357421875 0.9527921875
vt 0.1404296875 0.97536015625
vt 0.128515625 0.97536015625
vt 0.128515625 0.97536015625
vt 0.1404296875 0.97536015625
vt 0.1404296875 0.99869765625
vt 0.128515625 0.99869765625
vt 0.066015625 0.83697109375
vt 0.0779296875 0.83697109375
vt 0.086328125 0.847378125
vt 0.08281328125 0.847378125
vt 0.46171953125 0.890625
vt 0.465234375 0.890625
vt 0.465234375 0.89921875
vt 0.46171953125 0.89921875
vt 0.25703046875 0.5703125
vt 0.253515625 0.5703125
vt 0.2515625 0.5598765625
vt 0.25312421875 0.5598765625
vt 0.55546953125 0.9140625
vt 0.55703125 0.9140625
vt 0.55703125 0.91640625
vt 0.55546953125 0.91640625
vt 0.07500078125 0.5625
vt 0.0765625 0.5625
vt 0.074609375 0.5750593749999999
vt 0.07109453125 0.5750593749999999
vt 0.41484453125 0.65855234375
vt 0.418359375 0.65855234375
vt 0.4191984375 0.6652148437500001
vt 0.416521875 0.6652148437500001
vt 0.416521875 0.6652148437500001
vt 0.4191984375 0.6652148437500001
vt 0.42056171875 0.671875
vt 0.41924765625 0.671875
vt 0.0012789062499999997 0.44999999999999996
vt 0.0025929687500000007 0.44999999999999996
vt 0.0025929687500000007 0.45703125
vt 0.0012789062499999997 0.45703125
vt 0.0012789062499999997 0.45703125
vt 0.0025929687500000007 0.45703125
vt 0.0025929687500000007 0.4609375
vt 0.0012789062499999997 0.4609375
vt 0.08721640625 0.859021875
vt 0.08853046875000001 0.859021875
vt 0.080665625 0.875
vt 0.07148750000000001 0.875
vt 0.2121125 0.779084375
vt 0.221290625 0.779084375
vt 0.22294921875 0.8046875
vt 0.2154296875 0.8046875
vt 0.0630859375 0.79170078125
vt 0.07060546875 0.79170078125
vt 0.07060546875 0.80507890625
vt 0.0630859375 0.80507890625
vt 0.0630859375 0.80507890625
vt 0.07060546875 0.80507890625
vt 0.07060546875 0.8203125
vt 0.0630859375 0.8203125
vt 0.0423828125 0.87475625
vt 0.03486328125 0.87475625
vt 0.036521875 0.85187578125
vt 0.0457 0.85187578125
vt 0.0457 0.85187578125
vt 0.036521875 0.85187578125
vt 0.04249296875 0.82820234375
vt 0.04908671875 0.82820234375
vt 0.34765625 1
vt 0.3325078125 1
vt 0.3310546875 0.9859484375
vt 0.34765625 0.9859484375
vt 0.15234375 0.9527921875
vt 0.1689453125 0.9527921875
vt 0.1642578125 0.97536015625
vt 0.15234375 0.97536015625
vt 0.15234375 0.97536015625
vt 0.1642578125 0.97536015625
vt 0.1642578125 0.99869765625
vt 0.15234375 0.99869765625
vt 0.08984375 0.83697109375
vt 0.10175781249999999 0.83697109375
vt 0.093359375 0.847378125
vt 0.08984375 0.847378125
vt 0.46875 0.890625
vt 0.472265625 0.890625
vt 0.472265625 0.89921875
vt 0.46875 0.89921875
vt 0.25 0.5703125
vt 0.246484375 0.5703125
vt 0.2484375 0.5598765625
vt 0.25 0.5598765625
vt 0.55859375 0.9140625
vt 0.56015625 0.9140625
vt 0.56015625 0.91640625
vt 0.55859375 0.91640625
vt 0.078125 0.5625
vt 0.0796875 0.5625
vt 0.081640625 0.5750593749999999
vt 0.078125 0.5750593749999999
vt 0.421875 0.65855234375
vt 0.425390625 0.65855234375
vt 0.4245515625 0.6652148437500001
vt 0.421875 0.6652148437500001
vt 0.421875 0.6652148437500001
vt 0.4245515625 0.6652148437500001
vt 0.42318828125 0.671875
vt 0.421875 0.671875
vt 0.00390625 0.44999999999999996
vt 0.005219531249999999 0.44999999999999996
vt 0.005219531249999999 0.45703125
vt 0.00390625 0.45703125
vt 0.00390625 0.45703125
vt 0.005219531249999999 0.45703125
vt 0.005219531249999999 0.4609375
vt 0.00390625 0.4609375
vt 0.08984375 0.859021875
vt 0.09115703124999999 0.859021875
vt 0.09902187500000001 0.875
vt 0.08984375 0.875
vt 0.23046875 0.779084375
vt 0.239646875 0.779084375
vt 0.23798828125 0.8046875
vt 0.23046875 0.8046875
vt 0.078125 0.79170078125
vt 0.08564453125 0.79170078125
vt 0.08564453125 0.80507890625
vt 0.078125 0.80507890625
vt 0.078125 0.80507890625
vt 0.08564453125 0.80507890625
vt 0.08564453125 0.8203125
vt 0.078125 0.8203125
vt 0.02734375 0.87475625
vt 0.019824218750000004 0.87475625
vt 0.018165625 0.85187578125
vt 0.02734375 0.85187578125
vt 0.02734375 0.85187578125
vt 0.018165625 0.85187578125
vt 0.012195312500000001 0.82820234375
vt 0.02734375 0.82820234375
vt 0.1689453125 0.9453125
vt 0.176171875 0.9453125
vt 0.176171875 0.95299609375
vt 0.1689453125 0.9527921875
vt 0.4558421875 0.765625
vt 0.453125 0.75
vt 0.4609375 0.75
vt 0.4609375 0.7642171875
vt 0.11653633438810718 0.9377598489298521
vt 0.11382167632245876 0.9533658139718568
vt 0.10613573683896924 0.9519647371056417
vt 0.10885504631091314 0.9377611080995368
vt 0.11382167632245876 0.9533658139718568
vt 0.10947115638411864 0.9768807383581495
vt 0.10172222353104324 0.976180665318675
vt 0.10613632186189281 0.95196484375
vt 0.08564453125 0.828125
vt 0.078125 0.828125
vt 0.078125 0.8203125
vt 0.08564453125 0.8203125
vt 0.0931640625 0.828125
vt 0.08564453125 0.828125
vt 0.08564453125 0.8203125
vt 0.0931640625 0.8203125
vt 0.10946991561189282 0.97688046875
vt 0.1095347593618928 1
vt 0.10172225936189282 1
vt 0.10172225936189282 0.97618046875
vt 0.078125 0.828125
vt 0.07060546875 0.828125
vt 0.07060546875 0.8203125
vt 0.078125 0.8203125
vt 0.07060546875 0.828125
vt 0.0630859375 0.828125
vt 0.0630859375 0.8203125
vt 0.07060546875 0.8203125
vt 0.007665922382152003 0.9999977531607532
vt 0.007724444349393643 0.9768790683075981
vt 0.01547327147513353 0.9761770304663988
vt 0.015477654995973575 0.9999958202427444
vt 0.007724444349393643 0.9768790683075981
vt 0.0033679694929152695 0.9533649884789267
vt 0.01105400591243957 0.9519620562669026
vt 0.015472173965873756 0.9761771298999026
vt 0.460461328125 0.81746875
vt 0.445312109375 0.81746875
vt 0.445312109375 0.8125
vt 0.460461328125 0.8125
vt 0.445312109375 0.81746875
vt 0.430163671875 0.81746875
vt 0.430163671875 0.8125
vt 0.445312109375 0.8125
vt 0.47639454187028385 0.984375
vt 0.47368272531193145 1
vt 0.46891795812971615 0.9985933768991244
vt 0.46891795812971615 0.984375
vt 0.128515625 0.9453125
vt 0.1357421875 0.9453125
vt 0.1357421875 0.9527921875
vt 0.128515625 0.95299609375
vt 0.0033679694929152695 0.9533649884789267
vt 0.000650781992915267 0.9377595197289268
vt 0.008334375742915269 0.9377595197289268
vt 0.01105078199291527 0.9519626447289268
vn 0.9902565788380346 0.1392548313990987 0
vn -0.9902565788380346 0.13925483139909856 0
vn 0 1 0
vn 0 -1 0
vn 0 0.38897811006724065 0.9212469972208961
vn 0 -0.0028210991423792066 -0.9999960206918971
vn -0.9891707762894615 0.14676912255275054 0
vn 0 0.17301440158346393 -0.9849192945844425
vn 0.9891707762894615 0.1467691225527504 0
vn 0 0.35741980126016126 0.9339438343215007
vn 0 -1 0
vn -0.9891707762894615 0.14676912255275051 0
vn -0.9902565788380348 0.13925483139909858 0
vn 0 1 0
vn 0.9902565788380348 0.1392548313990987 0
vn 0.9891707762894615 0.1467691225527504 0
vn 0 -1 0
vn 0 0.35741980126016126 0.9339438343215007
vn 0 0.3889781100672407 0.9212469972208962
vn 0 1 0
vn 0 1 0
vn 0 -0.002821099142379207 -0.9999960206918971
vn 0 0 -1
vn 0 -1 0
vn 0 0 1
vn 0 0 1
vn 0 0 1
vn 0 0 1
vn 0 0 1
vn 0 0 1
vn 0 1 0
vn 0 -1 0
vn 0.9655154148308062 0.2603458924663431 0
vn 0 -1 0
vn 0 1 0
vn -0.9655154148308062 0.2603458924663428 0
vn 0 -1 0
vn 0.9655154148308062 0.2603458924663431 0
vn 0 1 0
vn 0 1 0
vn -0.9655154148308063 0.26034589246634277 0
vn 0 -1 0
vn -0.9362208542419951 -0.3514121683755264 0
vn 0 0.07485971511330208 -0.997194074918797
vn 0 -0.5598332541189645 0.8286052905832614
vn 0 0.07485971511330208 -0.997194074918797
vn 0.9362208542419951 -0.3514121683755264 0
vn 0 -0.5598332541189645 0.8286052905832614
vn 0 0.18371998869178813 -0.9829786191749491
vn -0.9901688494494143 0.1398772661300735 0
vn -0.9901688494494142 0.13987726613007348 0
vn 0 0 1
vn -0.8934333517260657 0.4491957769431147 0
vn -0.8934333517260657 0.44919577694311463 0
vn 0 0.5808552364785409 0.8140068760492497
vn 0 0.5808552364785409 0.8140068760492496
vn 0.8934333517260657 0.44919577694311474 0
vn 0.8934333517260657 0.4491957769431147 0
vn 0 0 1
vn 0.9901688494494142 0.13987726613007362 0
vn 0.9901688494494143 0.13987726613007362 0
vn 0 0.18371998869178813 -0.982978619174949
vn 0 0.17301440158346393 -0.9849192945844425
vn 0 -1 0
vn 0 -1 0
vn 0 0 1
vn 0 -1 0
vn 0 0.0748597151133021 -0.9971940749187971
vn 0 -1 0
vn 0 -0.5598332541189645 0.8286052905832615
vn 0 0.3574198012601613 0.9339438343215007
vn 0 0.5808552364785408 0.8140068760492496
vn 0 1 0
vn 0 1 0
vn 0 0 1
vn 0 0.3889781100672406 0.9212469972208961
vn 0 1 0
vn 0 1 0
vn 0 -0.002821099142379207 -0.9999960206918971
vn 0 0.18371998869178813 -0.982978619174949
vn 0 0 -1
vn 0 -1 0
vn 0 -1 0
vn 0 0 1
vn 0 -1 0
vn 0 0.07485971511330211 -0.9971940749187971
vn 0 -1 0
vn 0 -0.5598332541189645 0.8286052905832615
vn 0 0.3574198012601613 0.9339438343215009
vn 0 0.5808552364785409 0.8140068760492496
vn 0 1 0
vn 0 1 0
vn 0 0 1
vn 0 0.3889781100672406 0.9212469972208961
vn 0 1 0
vn 0 1 0
vn 0 -0.002821099142379206 -0.999996020691897
vn 0 0.18371998869178813 -0.982978619174949
vn 0 -1 0
vn -0.9956184365696301 -0.09350897690941543 0
vn 0.9912998860222287 0.12944775474627035 0.023828864082577724
vn 0.989830609749241 0.14166219780704153 0.012930031551572602
vn 0 1 0
vn 0 1 0
vn 0.9896544259287732 0.14347166005727546 0
vn 0 1 0
vn 0 1 0
vn -0.989564292143708 0.1434955423494145 0.013097367673309714
vn -0.989918307003295 0.13929902428231383 0.025642295016743748
vn 0 -0.9586200821328835 -0.2846884931491683
vn 0 -0.9586200821328835 -0.2846884931491683
vn 0.9956922383019496 -0.08888308955093652 -0.026396268242574805
vn 0 -1 0
vn -0.9910356082650988 0.13359799081807147 0
usemtl m_b56f5dc6-1369-fe8a-30e0-035cc0472814
f 381/1495/385 387/1496/385 386/1497/385 372/1498/385
f 376/1499/386 385/1500/386 384/1501/386 380/1502/386
f 386/1503/387 465/1504/387 464/1505/387 372/1506/387
f 374/1507/388 453/1508/388 452/1509/388 382/1510/388
f 372/1511/389 464/1512/389 463/1513/389 381/1514/389
f 484/1515/390 483/1516/390 472/1517/390 473/1518/390
f 378/1519/391 422/1520/391 421/1521/391 383/1522/391
f 467/1523/392 469/1524/392 468/1525/392 470/1526/392
f 382/1527/393 431/1528/393 430/1529/393 374/1530/393
f 427/1531/394 459/1532/394 458/1533/394 404/1534/394
f 382/1535/395 452/1536/395 451/1537/395 375/1538/395
f 383/1539/396 421/1540/396 420/1541/396 379/1542/396
f 481/1543/397 384/1544/397 385/1545/397 377/1546/397
f 373/1547/398 466/1548/398 465/1549/398 386/1550/398
f 373/1551/399 386/1552/399 387/1553/399 482/1554/399
f 375/1555/400 432/1556/400 431/1557/400 382/1558/400
f 389/1559/401 436/1560/401 435/1561/401 388/1562/401
f 426/1563/402 442/1564/402 441/1565/402 402/1566/402
f 391/1567/403 447/1568/403 446/1569/403 390/1570/403
f 392/1571/404 448/1572/404 447/1573/404 391/1574/404
f 393/1575/405 449/1576/405 448/1577/405 392/1578/405
f 485/1579/406 486/1580/406 474/1581/406 471/1582/406
f 394/1583/407 434/1584/407 433/1585/407 419/1586/407
f 388/1587/408 435/1588/408 434/1589/408 394/1590/408
f 381/1591/409 463/1592/409 462/1593/409 395/1594/409
f 398/1595/410 454/1596/410 453/1597/410 374/1598/410
f 374/1599/411 430/1600/411 429/1601/411 398/1602/411
f 396/1603/412 437/1604/412 436/1605/412 389/1606/412
f 390/1607/413 446/1608/413 445/1609/413 397/1610/413
f 399/1611/414 423/1612/414 422/1613/414 378/1614/414
f 395/1615/415 462/1616/415 461/1617/415 409/1618/415
f 408/1619/416 455/1620/416 454/1621/416 398/1622/416
f 398/1623/417 429/1624/417 428/1625/417 408/1626/417
f 407/1627/418 438/1628/418 437/1629/418 396/1630/418
f 397/1631/419 445/1632/419 444/1633/419 410/1634/419
f 412/1635/420 424/1636/420 423/1637/420 399/1638/420
f 418/1639/421 457/1640/421 456/1641/421 417/1642/421
f 408/1643/422 428/1644/422 427/1645/422 404/1646/422
f 409/1647/423 461/1648/423 460/1649/423 401/1650/423
f 410/1651/424 444/1652/424 443/1653/424 403/1654/424
f 405/1655/425 425/1656/425 424/1657/425 412/1658/425
f 416/1659/426 440/1660/426 439/1661/426 415/1662/426
f 414/1663/427 413/1664/427 405/1665/427 412/1666/427
f 415/1667/428 439/1668/428 438/1669/428 407/1670/428
f 402/1671/429 441/1672/429 440/1673/429 416/1674/429
f 417/1675/430 456/1676/430 455/1677/430 408/1678/430
f 418/1679/431 417/1680/431 408/1681/431 404/1682/431
f 404/1683/432 458/1684/432 457/1685/432 418/1686/432
f 478/1687/433 476/1688/433 486/1689/433 485/1690/433
f 481/1691/434 420/1692/434 421/1693/434 384/1694/434
f 384/1695/435 421/1696/435 422/1697/435 380/1698/435
f 380/1699/436 422/1700/436 423/1701/436 400/1702/436
f 400/1703/437 423/1704/437 424/1705/437 411/1706/437
f 411/1707/438 424/1708/438 425/1709/438 406/1710/438
f 403/1711/439 443/1712/439 442/1713/439 426/1714/439
f 401/1715/440 460/1716/440 459/1717/440 427/1718/440
f 401/1719/441 427/1720/441 428/1721/441 409/1722/441
f 409/1723/442 428/1724/442 429/1725/442 395/1726/442
f 395/1727/443 429/1728/443 430/1729/443 381/1730/443
f 381/1731/444 430/1732/444 431/1733/444 387/1734/444
f 387/1735/445 431/1736/445 432/1737/445 482/1738/445
f 470/1739/446 468/1740/446 483/1741/446 484/1742/446
f 477/1743/447 476/1744/447 479/1745/447 480/1746/447
f 379/1747/448 434/1748/448 435/1749/448 383/1750/448
f 383/1751/449 435/1752/449 436/1753/449 378/1754/449
f 378/1755/450 436/1756/450 437/1757/450 399/1758/450
f 399/1759/451 437/1760/451 438/1761/451 412/1762/451
f 412/1763/452 438/1764/452 439/1765/452 414/1766/452
f 414/1767/453 439/1768/453 440/1769/453 413/1770/453
f 413/1771/454 440/1772/454 441/1773/454 405/1774/454
f 405/1775/455 441/1776/455 442/1777/455 425/1778/455
f 425/1779/456 442/1780/456 443/1781/456 406/1782/456
f 406/1783/457 443/1784/457 444/1785/457 411/1786/457
f 411/1787/458 444/1788/458 445/1789/458 400/1790/458
f 400/1791/459 445/1792/459 446/1793/459 380/1794/459
f 380/1795/460 446/1796/460 447/1797/460 376/1798/460
f 376/1799/461 447/1800/461 448/1801/461 385/1802/461
f 385/1803/462 448/1804/462 449/1805/462 377/1806/462
f 475/1807/463 474/1808/463 486/1809/463 487/1810/463
f 487/1811/464 486/1812/464 476/1813/464 477/1814/464
f 419/1815/465 450/1816/465 451/1817/465 394/1818/465
f 394/1819/466 451/1820/466 452/1821/466 388/1822/466
f 388/1823/467 452/1824/467 453/1825/467 389/1826/467
f 389/1827/468 453/1828/468 454/1829/468 396/1830/468
f 396/1831/469 454/1832/469 455/1833/469 407/1834/469
f 407/1835/470 455/1836/470 456/1837/470 415/1838/470
f 415/1839/471 456/1840/471 457/1841/471 416/1842/471
f 416/1843/472 457/1844/472 458/1845/472 402/1846/472
f 402/1847/473 458/1848/473 459/1849/473 426/1850/473
f 426/1851/474 459/1852/474 460/1853/474 403/1854/474
f 403/1855/475 460/1856/475 461/1857/475 410/1858/475
f 410/1859/476 461/1860/476 462/1861/476 397/1862/476
f 397/1863/477 462/1864/477 463/1865/477 390/1866/477
f 390/1867/478 463/1868/478 464/1869/478 391/1870/478
f 391/1871/479 464/1872/479 465/1873/479 392/1874/479
f 392/1875/480 465/1876/480 466/1877/480 393/1878/480
f 471/1879/481 472/1880/481 483/1881/481 485/1882/481
f 485/1883/482 483/1884/482 468/1885/482 478/1886/482
f 469/1887/483 467/1888/483 375/1889/483 451/1890/483
f 468/1891/484 469/1892/484 451/1893/484 450/1894/484
f 467/1895/485 470/1896/485 432/1897/485 375/1898/485
f 470/1899/486 484/1900/486 482/1901/486 432/1902/486
f 472/1903/487 471/1904/487 393/1905/487 466/1906/487
f 473/1907/488 472/1908/488 466/1909/488 373/1910/488
f 484/1911/489 473/1912/489 373/1913/489 482/1914/489
f 471/1915/490 474/1916/490 449/1917/490 393/1918/490
f 474/1919/491 475/1920/491 377/1921/491 449/1922/491
f 475/1923/492 487/1924/492 481/1925/492 377/1926/492
f 487/1927/493 477/1928/493 420/1929/493 481/1930/493
f 476/1931/494 478/1932/494 419/1933/494 433/1934/494
f 478/1935/495 468/1936/495 450/1937/495 419/1938/495
f 479/1939/496 476/1940/496 433/1941/496 434/1942/496
f 480/1943/497 479/1944/497 434/1945/497 379/1946/497
f 477/1947/498 480/1948/498 379/1949/498 420/1950/498
o Thigh
v -0.21874999999999978 0.8203125000000001 -0.09000000000000077
v -0.21875000000000033 0.8203125000000001 0.08999999999999925
v -0.24374999999999972 0.49531249999999993 -0.10250000000000083
v -0.24375000000000036 0.49531249999999993 0.10874999999999922
v -0.05624999999999984 0.7753125000000002 -0.09000000000000029
v -0.05625000000000037 0.7753125000000002 0.08999999999999973
v -0.03749999999999976 0.49531249999999993 -0.10250000000000022
v -0.03750000000000039 0.49531249999999993 0.10874999999999983
v -0.05625000000000043 0.6838125 0.11249999999999974
v -0.056249999999999765 0.6838125 -0.11250000000000027
v -0.1374999999999997 0.6838125 -0.11250000000000052
v -0.13749999999999976 0.8228125000000001 -0.09000000000000054
v -0.13750000000000032 0.8228125000000001 0.08999999999999948
v -0.13750000000000037 0.6838125 0.11249999999999949
v -0.13750000000000034 0.49531249999999993 0.10874999999999954
v -0.1374999999999997 0.49531249999999993 -0.10250000000000051
v -0.16093750000000034 0.7979533935772579 0.09562499999999942
v -0.1640625000000004 0.684766321656051 0.11249999999999942
v -0.22500000000000037 0.7979533935772579 0.09562499999999924
v -0.24375000000000038 0.5346120603331206 0.10968749999999922
v -0.16406250000000036 0.5346120603331206 0.10968749999999945
v -0.24374999999999974 0.5346120603331206 -0.10500000000000081
v -0.2249999999999998 0.7979533935772579 -0.09562500000000079
v -0.16406249999999972 0.684766321656051 -0.11250000000000059
v -0.1609374999999998 0.7979533935772579 -0.09562500000000061
v -0.16406249999999972 0.5346120603331206 -0.10500000000000058
v -0.26226800475698975 0.6895386799734106 0.11306834422531704
v -0.1609375000000004 0.7979533935772579 0.11306834422531735
v -0.1640625000000004 0.688945955047686 0.11306834422531736
v -0.24328600951397894 0.7979533935772579 0.11306834422531709
v -0.26250000000000046 0.5346120603331206 0.11306834422531706
v -0.16406250000000036 0.5346120603331206 0.11306834422531738
v -0.26232919666794025 0.6890483696913811 -0.11305050883326843
v -0.2624999999999998 0.5346120603331206 -0.11305050883326842
v -0.24340839333588055 0.7979533935772579 -0.11305050883326839
v -0.16418488382190202 0.6879653344836268 -0.11305050883326812
v -0.1611822676438043 0.7979533935772579 -0.11305050883326813
v -0.1640624999999997 0.5346120603331206 -0.1130505088332681
vt 0.08444453990022593 0.7481265625136657
vt 0.08444453990022593 0.7674921875136657
vt 0.05617969615022593 0.7674312500136656
vt 0.05617969615022593 0.7481265625136657
vt 0.2159375 0.96488359375
vt 0.2171875 0.9885625
vt 0.1890625 0.9885625
vt 0.18953125 0.96488359375
vt 0.4375 0.6015625
vt 0.4375 0.609375
vt 0.4140625 0.609375
vt 0.4140625 0.6015625
vt 0.122265625 0.73734375
vt 0.108984375 0.73734375
vt 0.108984375 0.7109375
vt 0.122265625 0.7109375
vt 0.342248828125 0.79107421875
vt 0.329980859375 0.79093828125
vt 0.329965234375 0.77176953125
vt 0.342269921875 0.77176953125
vt 0.32958984375 0.85770703125
vt 0.34189453125 0.85770703125
vt 0.34189453125 0.8769984375
vt 0.32961875 0.87707265625
vt 0.05618045997021037 0.7812484374925535
vt 0.05617969615022593 0.7674312500136656
vt 0.0844445433120648 0.7674921875210214
vt 0.08444530384977407 0.78125
vt 0.32961875 0.87707265625
vt 0.34189453125 0.8769984375
vt 0.34228515625 0.890625
vt 0.33199140625 0.890625
vt 0.191875 1
vt 0.1890625 0.9885625
vt 0.2171875 0.9885625
vt 0.214375 1
vt 0.339883203125 0.8046875
vt 0.329605078125 0.8046875
vt 0.329980859375 0.79093828125
vt 0.342248828125 0.79107421875
vt 0.17695108448986258 0.9142205451910251
vt 0.18710733443975833 0.9142215540232167
vt 0.18710558613357034 0.931822335186386
vt 0.1769499183574516 0.9259603888831085
vt 0.375 0.765625
vt 0.375 0.78125
vt 0.3515625 0.78125
vt 0.3515625 0.765625
vt 0.12782247966036384 0.8165573457267757
vt 0.11762208472685814 0.8224183992228056
vt 0.1176224122931203 0.8048171878237296
vt 0.12773449742661627 0.8048171878237296
vt 0.12773449742661627 0.8048171878237296
vt 0.11757824742661627 0.8048171878237296
vt 0.11757824742661627 0.7812507815737295
vt 0.13007824742661628 0.7812507815737295
vt 0.096484375 0.7109375
vt 0.108984375 0.7109375
vt 0.108984375 0.73734375
vt 0.096484375 0.73734375
vt 0.17460967825141352 0.890625
vt 0.18710967818974678 0.8906262416396205
vt 0.18710733443975833 0.9142215540232167
vt 0.17695108448986258 0.9142205451910251
vt 0.11469201018240796 0.8192408723033097
vt 0.11430199729429706 0.8049358432955471
vt 0.11762241227069206 0.8048183929662831
vt 0.11762208472685814 0.8224183992228056
vt 0.10668420534113021 0.8192519474631191
vt 0.11469201018240796 0.8192408723033097
vt 0.1176261011732855 0.8224227548685238
vt 0.10746943840995903 0.8221313329548247
vt 0.11425796822572244 0.7861646129021833
vt 0.10429703074168138 0.7861651767568407
vt 0.10429675257338372 0.7812511142647138
vt 0.11757800255210513 0.7812503624585039
vt 0.11425795465498073 0.8049364881622916
vt 0.11425796822572244 0.7861646129021833
vt 0.11757824742661627 0.78125
vt 0.11757824742661627 0.8048171878237296
vt 0.44310546875 0.921875
vt 0.41626953125 0.921875
vt 0.41658203125 0.9140625
vt 0.44298828125 0.9140625
vt 0.417734375 0.6171875
vt 0.441640625 0.6171875
vt 0.4409375 0.625
vt 0.4184375 0.625
vt 0.3828125 0.5282265941510145
vt 0.3830513960240905 0.5202223459211787
vt 0.390625 0.5210892274492476
vt 0.390625 0.53125
vt 0.19041775070540787 0.9143359600029599
vt 0.19004229596954708 0.9286406852615158
vt 0.18710558628583857 0.9318208022515849
vt 0.18710733443975833 0.9142215540232167
vt 0.19042920943975833 0.8955481165232166
vt 0.19042764693975833 0.9143410852732167
vt 0.18710733443975833 0.9142215540232167
vt 0.18710967818975832 0.8906262415232167
vt 0.20039014693347731 0.8955484702595509
vt 0.19042920943975833 0.8955481165232166
vt 0.18710907175696115 0.8906253423642093
vt 0.20039032174858648 0.890625814012655
vt 0.45598329703171675 0.515625
vt 0.45594558050791595 0.5019935646666956
vt 0.4560167506281505 0.50147112905882
vt 0.45811691949208405 0.5156191916736351
vt 0.169201953125 0.6328125
vt 0.158908203125 0.6328125
vt 0.158908203125 0.63063203125
vt 0.166916015625 0.63063203125
vt 0.29853515625 0.6171875
vt 0.31083984375 0.6171875
vt 0.30849609375 0.61761015625
vt 0.29853515625 0.61761015625
vt 0.45594558050791595 0.5019935646666956
vt 0.45594558050791595 0.4827021584166956
vt 0.45636823675791593 0.4827021584166956
vt 0.456016674257916 0.5014716896666956
vt 0.31083984375 0.6171875
vt 0.31083984375 0.6454523437499999
vt 0.30849609375 0.6444460937500001
vt 0.30849609375 0.61761015625
vt 0.169216796875 0.6045476562500001
vt 0.169201953125 0.6328125
vt 0.166916015625 0.63063203125
vt 0.166916015625 0.60672578125
vt 0.158938671875 0.6045476562500001
vt 0.169216796875 0.6045476562500001
vt 0.166916015625 0.60672578125
vt 0.158908203125 0.60672578125
vt 0.4190079067861698 0.49573655944132855
vt 0.4190032192861698 0.5094904656913285
vt 0.4168243130361698 0.5094904656913285
vt 0.4189391567861698 0.4953373406913285
vt 0.4191131869638302 0.47656809815969503
vt 0.4190079067861698 0.49573655944132855
vt 0.4189390881637495 0.4953369422134106
vt 0.41813039040768835 0.4765625
vt 0.31083984375 0.6454523437499999
vt 0.29853515625 0.6454523437499999
vt 0.29853515625 0.6444460937500001
vt 0.30849609375 0.6444460937500001
vn -0.9999988430764086 0.0014974506972950604 0.0002673710036320956
vn 0.9950893201478751 0.09898103317120781 2.936236125292236e-15
vn -0.03075467578697342 0.9995269630766537 -2.135300152063207e-16
vn 1.224646799147353e-16 -1 1.224646799147357e-16
vn 3.2457138957712154e-15 -1.2223898598248063e-16 -1
vn -3.244869100047791e-15 1.2246467991473527e-16 1
vn -0.9852410578285694 0.17117256509102427 -0.00010454186048768088
vn -3.2454862966123166e-15 1.305655777598646e-16 1
vn 1 1.224646799147357e-16 2.9629076969683865e-15
vn 3.3004594833625205e-15 -1.316796661880179e-16 -1
vn 2.90526838129115e-15 0.15979061814520865 -0.9871509298748457
vn 0.5046965873311549 0.8632967941190827 1.3896460376739453e-15
vn 0.09301110178732469 0.15909793726779767 0.9828717013432833
vn -2.959885742026078e-15 -0.01988996369571752 0.9998021751047471
vn 1.224646799147353e-16 -1 1.224646799147357e-16
vn 2.965234832131894e-15 -0.05297590402624378 -0.9985957908946954
vn 0.00528986142327351 0.14731469259938348 0.9890755273033863
vn -2.9168777580159586e-15 0.22069588628027106 0.9753426709515819
vn -2.959144410752471e-15 -0.023848443936324418 0.9997155854150801
vn 0.0075802037420712575 -0.018726914215682886 0.9997959007693458
vn -1 -8.287213245275569e-16 -2.9629076969683865e-15
vn -0.9630819136872492 0.2692085205347448 -2.8864913501726006e-15
vn 2.8434963447163047e-15 0.24397323627264447 -0.9697819651770456
vn 0.08315435819611644 0.14470264783916095 -0.985974896445811
vn -0.0017913483888266283 -0.04988636112047345 -0.9987532938844845
vn 2.9647055276947232e-15 -0.0634856182256352 -0.9979827534975286
vn 0.9781062259591833 -0.028040122741653285 0.20620854069731515
vn -1.224646799147353e-16 1 -1.224646799147357e-16
vn 1.224646799147353e-16 -1 1.224646799147357e-16
vn 1 1.224646799147357e-16 2.9629076969683865e-15
vn 1.224646799147353e-16 -1 1.224646799147357e-16
vn -1.224646799147353e-16 1 -1.224646799147357e-16
vn -1.224646799147353e-16 1 -1.224646799147357e-16
vn 0.9995290499852283 -0.027286617480988547 -0.014039898221622207
vn 0.9771189185398762 0.0007797912914894985 -0.21269229171976325
vn 1.224646799147353e-16 -1 1.224646799147357e-16
usemtl m_b56f5dc6-1369-fe8a-30e0-035cc0472814
f 518/1951/499 514/1952/499 520/1953/499 521/1954/499
f 494/1955/500 497/1956/500 496/1957/500 495/1958/500
f 489/1959/501 500/1960/501 499/1961/501 488/1962/501
f 490/1963/502 503/1964/502 502/1965/502 491/1966/502
f 520/1967/503 523/1968/503 525/1969/503 521/1970/503
f 518/1971/504 519/1972/504 516/1973/504 514/1974/504
f 522/1975/505 520/1976/505 514/1977/505 517/1978/505
f 514/1979/506 516/1980/506 515/1981/506 517/1982/506
f 493/1983/507 496/1984/507 497/1985/507 492/1986/507
f 522/1987/508 524/1988/508 523/1989/508 520/1990/508
f 497/1991/509 498/1992/509 499/1993/509 492/1994/509
f 492/1995/510 499/1996/510 500/1997/510 493/1998/510
f 493/1999/511 500/2000/511 501/2001/511 496/2002/511
f 496/2003/512 501/2004/512 502/2005/512 495/2006/512
f 495/2007/513 502/2008/513 503/2009/513 494/2010/513
f 494/2011/514 503/2012/514 498/2013/514 497/2014/514
f 504/2015/515 505/2016/515 501/2017/515 500/2018/515
f 506/2019/516 504/2020/516 500/2021/516 489/2022/516
f 508/2023/517 507/2024/517 491/2025/517 502/2026/517
f 505/2027/518 508/2028/518 502/2029/518 501/2030/518
f 507/2031/519 509/2032/519 490/2033/519 491/2034/519
f 510/2035/520 506/2036/520 489/2037/520 488/2038/520
f 512/2039/521 510/2040/521 488/2041/521 499/2042/521
f 511/2043/522 512/2044/522 499/2045/522 498/2046/522
f 513/2047/523 511/2048/523 498/2049/523 503/2050/523
f 509/2051/524 513/2052/524 503/2053/524 490/2054/524
f 515/2055/525 516/2056/525 505/2057/525 504/2058/525
f 517/2059/526 515/2060/526 504/2061/526 506/2062/526
f 519/2063/527 518/2064/527 507/2065/527 508/2066/527
f 516/2067/528 519/2068/528 508/2069/528 505/2070/528
f 518/2071/529 521/2072/529 509/2073/529 507/2074/529
f 522/2075/530 517/2076/530 506/2077/530 510/2078/530
f 524/2079/531 522/2080/531 510/2081/531 512/2082/531
f 523/2083/532 524/2084/532 512/2085/532 511/2086/532
f 525/2087/533 523/2088/533 511/2089/533 513/2090/533
f 521/2091/534 525/2092/534 513/2093/534 509/2094/534
o cuboid
v 0.028124999999999997 0.11250000000000002 -0.16874999999999998
v 0.028124999999999997 0.12499999999999997 -0.3468750000000001
v 0.009374999999999994 -1.1102230246251565e-16 -0.16874999999999998
v 0.028124999999999997 0.062499999999999944 -0.3468750000000001
v 0.2531250000000002 0.11250000000000002 -0.16874999999999998
v 0.2531250000000002 0.12499999999999997 -0.3468750000000001
v 0.2718750000000002 -1.1102230246251565e-16 -0.16874999999999998
v 0.2531250000000002 0.062499999999999944 -0.3468750000000001
v 0.028124999999999997 0.006249999999999867 -0.4562500000000001
v 0.028124999999999997 -1.1102230246251565e-16 -0.4562500000000001
v 0.2531250000000002 0.006249999999999867 -0.4562500000000001
v 0.2531250000000002 -1.1102230246251565e-16 -0.4562500000000001
vt 0.282840625 0.866971875
vt 0.28281328125 0.881228125
vt 0.30507734375 0.8828125
vt 0.30507734375 0.87510625
vt 0.28086015625 0.74208125
vt 0.30312421875 0.740496875
vt 0.303096875 0.726240625
vt 0.28086015625 0.734375
vt 0.125 0.7734375
vt 0.125 0.75
vt 0.09375 0.75
vt 0.09375 0.7734375
vt 0.0359375 0.75
vt 0.0031250000000000028 0.75
vt 0.005468750000000003 0.7734375
vt 0.033593750000000006 0.7734375
vt 0.32578125 0.7109375
vt 0.35390625 0.7109375
vt 0.35625 0.6953125
vt 0.3234375 0.6953125
vt 0.375 0.9921875
vt 0.375 1
vt 0.40625 1
vt 0.40625 0.9921875
vt 0.03125 0.7421875
vt 0.03125 0.71875
vt 0 0.71875
vt 0 0.7421875
vt 0.30507734375 0.8828125
vt 0.31874921875 0.86796875
vt 0.31874921875 0.8671875
vt 0.30507734375 0.875
vt 0.3515625 0.6875
vt 0.3515625 0.671875
vt 0.3203125 0.671875
vt 0.3203125 0.6875
vt 0.28086015625 0.734375
vt 0.26718828125 0.7265625
vt 0.26718828125 0.72734375
vt 0.28086015625 0.7421875
vn -0.9863282873056362 0.16438804788427253 0.011536003360299786
vn 0.9863282873056362 0.16438804788427241 0.011536003360299769
vn 0 0.9975467611004156 0.07000328148073062
vn 0 -0.9435999821328809 -0.331087713029081
vn 0 0 1
vn 0 0 -1
vn 0 0.6774757547517901 -0.735545105159087
vn -1 0 0
vn 0 -0.8682431421244592 0.4961389383568342
vn 1 0 0
usemtl m_b56f5dc6-1369-fe8a-30e0-035cc0472814
f 528/2095/535 526/2096/535 527/2097/535 529/2098/535
f 531/2099/536 530/2100/536 532/2101/536 533/2102/536
f 527/2103/537 526/2104/537 530/2105/537 531/2106/537
f 532/2107/538 528/2108/538 529/2109/538 533/2110/538
f 530/2111/539 526/2112/539 528/2113/539 532/2114/539
f 535/2115/540 534/2116/540 536/2117/540 537/2118/540
f 531/2119/541 536/2120/541 534/2121/541 527/2122/541
f 527/2123/542 534/2124/542 535/2125/542 529/2126/542
f 529/2127/543 535/2128/543 537/2129/543 533/2130/543
f 533/2131/544 537/2132/544 536/2133/544 531/2134/544
o cuboid
v 0.020312499999999983 0.4921875 0.12031250000000002
v 0.020312499999999983 0.4921875 -0.10858035280909067
v -0.050000000000000044 -0.0007423200198724 0.19998660280909075
v -0.050000000000000044 -0.0007423200198724 -0.16562500000000002
v 0.26093750000000004 0.4921875 0.12031250000000002
v 0.26093750000000004 0.4921875 -0.10858035280909067
v 0.33125000000000004 -0.0007423200198724 0.19998660280909075
v 0.33125000000000004 -0.0007423200198724 -0.16562500000000002
v 0.2874732056181814 0.30348914893737694 0.19998660280909075
v -0.006223205618181394 0.30348914893737694 0.19998660280909075
v -0.050000000000000044 -0.0007423200198724 0.013284599297727337
v 0.33125000000000004 -0.0007423200198724 0.013284599297727337
v 0.2874732056181814 0.30348914893737694 0.013284599297727337
v 0.26093750000000004 0.4921875 0.013284599297727337
v 0.020312499999999983 0.4921875 0.013284599297727337
v -0.006223205618181394 0.30348914893737694 0.013284599297727337
v 0.14062499999999994 -0.0007423200198724 0.013284599297727337
v 0.14062499999999994 -0.0007423200198724 0.19998660280909075
v 0.14062499999999994 0.30348914893737694 0.19998660280909075
v 0.14062499999999997 0.4921875 0.12031250000000002
v 0.14062499999999997 0.4921875 0.013284599297727337
v 0.14062499999999997 0.4921875 -0.10858035280909067
v 0.14062499999999994 -0.0007423200198724 -0.16725812420403519
v 0.11960762163795689 0.1756637367030328 0.19998660280909075
v 0.14062499999999994 0.08251291223434426 0.19998660280909075
v 0.14062499999999997 0.1756637367030328 0.19998660280909075
v 0.08437834929772728 0.08251291223434426 0.19998660280909075
v 0.19687165070227267 0.08251291223434426 0.19998660280909075
v 0.16164237836204307 0.1756637367030328 0.19998660280909075
v 0.11960762163795689 0.1756637367030328 0.28748660280909066
v 0.14062499999999994 0.08251291223434426 0.3374866028090905
v 0.14062499999999997 0.1756637367030328 0.28748660280909066
v 0.08437834929772728 0.08251291223434426 0.3374866028090905
v 0.19687165070227267 0.08251291223434426 0.3374866028090905
v 0.16164237836204307 0.1756637367030328 0.28748660280909066
v 0.14062499999999994 0.08251291223434426 0.26873660280909073
v 0.08437834929772728 0.08251291223434426 0.26873660280909073
v 0.11960762163795689 0.1756637367030328 0.23123660280909075
v 0.14062499999999997 0.1756637367030328 0.23123660280909075
v 0.16164237836204307 0.1756637367030328 0.23123660280909075
v 0.19687165070227267 0.08251291223434426 0.26873660280909073
v 0.16562165070227267 -0.0007423200198724 0.2812366028090907
v 0.16562165070227267 -0.0007423200198724 0.26248660280909075
v 0.14062499999999997 -0.0007423200198724 0.26248660280909075
v 0.14062499999999997 -0.0007423200198724 0.2812366028090907
v 0.11562834929772728 -0.0007423200198724 0.26248660280909075
v 0.11562834929772728 -0.0007423200198724 0.2812366028090907
v 0.14062499999999994 0.11166648640811844 -0.16725812420403519
v 0.31457124009109394 0.11166648640811844 -0.1438912484080703
v 0.31457124009109394 0.11166648640811844 0.013284599297727337
v 0.31457124009109394 0.11166648640811844 0.19998660280909075
v 0.1834494578846965 0.13229028319047137 0.19998660280909075
v 0.1834494578846965 0.13229028319047137 0.25444927306244897
v 0.1834494578846965 0.13229028319047137 0.3184368298135682
v 0.14062499999999994 0.13229028319047137 0.3184368298135682
v 0.09780054211530347 0.13229028319047137 0.3184368298135682
v 0.09780054211530347 0.13229028319047137 0.25444927306244897
v 0.09780054211530347 0.13229028319047137 0.19998660280909075
v -0.033321240091093954 0.11166648640811844 0.19998660280909075
v -0.033321240091093954 0.11166648640811844 0.013284599297727337
v -0.033321240091093954 0.11166648640811844 -0.1438912484080703
v 0.2618188615555127 0.11166648640811844 -0.16725812420403519
v 0.2734395602130717 -0.0007423200198724 -0.16725812420403519
v 0.23593956021307166 -0.0007423200198724 0.013284599297727337
v 0.23593956021307166 -0.0007423200198724 0.19998660280909075
v 0.16874893324666423 0.08251291223434426 0.19998660280909075
v 0.16874893324666423 0.08251291223434426 0.26873660280909073
v 0.15312359550681645 -0.0007423200198724 0.26248660280909075
v 0.15312359550681645 -0.0007423200198724 0.2812366028090907
v 0.16874893324666423 0.08251291223434426 0.3374866028090905
v 0.16203769177517666 0.13229028319047137 0.3184368298135682
v 0.15113391633001894 0.1756637367030328 0.28748660280909066
v 0.15113391633001894 0.1756637367030328 0.23123660280909075
v 0.15113391633001894 0.1756637367030328 0.19998660280909075
v 0.21405068989679044 0.30348914893737694 0.19998660280909075
v 0.2007825502984141 0.4921875 0.12031250000000002
v 0.2007825502984141 0.4921875 0.013284599297727337
v 0.2007825502984141 0.4921875 -0.10858035280909067
v 0.019434756510545798 0.11166648640811844 -0.16725812420403519
v 0.00781456021307167 -0.0007423200198724 -0.16725812420403519
v 0.045314560213071675 -0.0007423200198724 0.013284599297727337
v 0.045314560213071675 -0.0007423200198724 0.19998660280909075
v 0.11250228254439157 0.08251291223434426 0.19998660280909075
v 0.11250228254439157 0.08251291223434426 0.26873660280909073
v 0.12812694480454376 -0.0007423200198724 0.26248660280909075
v 0.12812694480454376 -0.0007423200198724 0.2812366028090907
v 0.11250228254439157 0.08251291223434426 0.3374866028090905
v 0.11921323389048016 0.13229028319047137 0.3184368298135682
v 0.13011653796797587 0.1756637367030328 0.28748660280909066
v 0.13011653796797587 0.1756637367030328 0.23123660280909075
v 0.13011653796797587 0.1756637367030328 0.19998660280909075
v 0.06720248427860909 0.30348914893737694 0.19998660280909075
v 0.0804700502984141 0.4921875 0.12031250000000002
v 0.0804700502984141 0.4921875 0.013284599297727337
v 0.0804700502984141 0.4921875 -0.10858035280909067
v -0.050000000000000044 -0.0007423200198724 -0.22709224296696498
v 0.019434756510545798 0.1229814341340294 -0.20535849137503526
v 0.00781456021307167 -0.0007423200198724 -0.22709224296696498
v -0.033321240091093954 0.1229814341340294 -0.20535849137503526
v 0.14062499999999997 0.4921875 -0.17108035280909067
v 0.0804700502984141 0.4921875 -0.17108035280909067
v 0.020312499999999983 0.4921875 -0.17108035280909067
v 0.2007825502984141 0.4921875 -0.17108035280909067
v 0.26093750000000004 0.4921875 -0.17108035280909067
v 0.2618188615555127 0.1229814341340294 -0.20535849137503526
v 0.31457124009109394 0.1229814341340294 -0.20535849137503526
v 0.14062499999999994 0.1229814341340294 -0.20535849137503526
v 0.2734395602130717 -0.0007423200198724 -0.22709224296696498
v 0.33125000000000004 -0.0007423200198724 -0.22709224296696498
v 0.2874732056181814 0.30348914893737694 -0.10858035280909067
v -0.006223205618181394 0.30348914893737694 -0.10858035280909067
v 0.06720248427860909 0.3091466228003324 -0.17056397429257314
v -0.006223205618181394 0.3091466228003324 -0.17056397429257314
v 0.14062499999999994 0.3091466228003324 -0.17056397429257314
v 0.21405068989679044 0.3091466228003324 -0.17056397429257314
v 0.2874732056181814 0.3091466228003324 -0.17056397429257314
vt 0.08648866561189282 1
vt 0.08648866561189282 0.97618046875
vt 0.06315116561189282 0.97618046875
vt 0.07311054061189282 1
vt 0.03069921801189115 0.9761801595821883
vt 0.03069970144011736 0.9999996908272826
vt 0.0440778264373621 0.9999994193121478
vt 0.05403671800708473 0.9761796859370057
vt 0.08564453125 0.79170078125
vt 0.08564453125 0.80507890625
vt 0.0931640625 0.80507890625
vt 0.0931640625 0.79170078125
vt 0.1642578125 0.97536015625
vt 0.1642578125 0.99869765625
vt 0.176171875 0.99869765625
vt 0.176171875 0.97536015625
vt 0.239646875 0.779084375
vt 0.23798828125 0.8046875
vt 0.2455078125 0.8046875
vt 0.248825 0.779084375
vt 0.019824218750000004 0.87475625
vt 0.018165625 0.85187578125
vt 0.008987500000000002 0.85187578125
vt 0.012304687500000001 0.87475625
vt 0.030698726528906223 0.9519637533371756
vt 0.0540362265240998 0.951963279691993
vt 0.0540359382335029 0.9377585921949185
vt 0.03069843823830933 0.9377590658401012
vt 0.012195312500000003 0.82820234375
vt 0.010742187500000002 0.8125
vt 0.0035156250000000014 0.8125
vt 0.005600781250000002 0.82820234375
vt 0.06315116561189282 0.95196484375
vt 0.08648866561189282 0.95196484375
vt 0.08648866561189282 0.937759375
vt 0.06315116561189282 0.937759375
vt 0.425390625 0.65855234375
vt 0.4245515625 0.6652148437500001
vt 0.427228125 0.6652148437500001
vt 0.42890546875 0.65855234375
vt 0.1689453125 0.9527921875
vt 0.1642578125 0.97536015625
vt 0.176171875 0.97536015625
vt 0.176171875 0.95299609375
vt 0.011051070282952713 0.9519641520953003
vt 0.030698726528906223 0.9519637533371756
vt 0.03069843823830933 0.9377590658401012
vt 0.008334375742915269 0.9377595197289268
vt 0.03069970144011737 0.9999996908272826
vt 0.03069921801189115 0.9761801595821882
vt 0.015465624265028552 0.9761804687549057
vt 0.015466107693254768 1
vt 0.08564453125 0.80507890625
vt 0.08564453125 0.8203125
vt 0.0931640625 0.8203125
vt 0.0931640625 0.80507890625
vt 0.08648866561189282 0.97618046875
vt 0.08648866561189282 1
vt 0.10172225936189282 1
vt 0.10172225936189282 0.97618046875
vt 0.08648866561189282 0.95196484375
vt 0.10613632186189281 0.95196484375
vt 0.10885272811189281 0.937759375
vt 0.08648866561189282 0.937759375
vt 0.1404296875 0.97536015625
vt 0.1404296875 0.99869765625
vt 0.15234375 0.99869765625
vt 0.15234375 0.97536015625
vt 0.418359375 0.65855234375
vt 0.4191984375 0.6652148437500001
vt 0.421875 0.6652148437500001
vt 0.421875 0.65855234375
vt 0.221290625 0.779084375
vt 0.22294921875 0.8046875
vt 0.23046875 0.8046875
vt 0.23046875 0.779084375
vt 0.07060546875 0.79170078125
vt 0.07060546875 0.80507890625
vt 0.078125 0.80507890625
vt 0.078125 0.79170078125
vt 0.07060546875 0.80507890625
vt 0.07060546875 0.8203125
vt 0.078125 0.8203125
vt 0.078125 0.80507890625
vt 0.03486328125 0.87475625
vt 0.036521875 0.85187578125
vt 0.02734375 0.85187578125
vt 0.02734375 0.87475625
vt 0.36280546874999997 1
vt 0.3642578125 0.9859484375
vt 0.34765625 0.9859484375
vt 0.34765625 1
vt 0.1357421875 0.9527921875
vt 0.1404296875 0.97536015625
vt 0.15234375 0.97536015625
vt 0.15234375 0.9527921875
vt 0.09115703124999999 0.859021875
vt 0.09902187500000001 0.875
vt 0.10819999999999999 0.875
vt 0.09247109375 0.859021875
vt 0.10175781249999999 0.83697109375
vt 0.093359375 0.847378125
vt 0.09687421874999999 0.847378125
vt 0.113671875 0.83697109375
vt 0.095196875 0.8536
vt 0.11158671875000001 0.8510226562500001
vt 0.113671875 0.83697109375
vt 0.09687421874999999 0.847378125
vt 0.0779296875 0.83697109375
vt 0.086328125 0.847378125
vt 0.08984375 0.847378125
vt 0.08984375 0.83697109375
vt 0.08853046875000001 0.859021875
vt 0.080665625 0.875
vt 0.08984375 0.875
vt 0.08984375 0.859021875
vt 0.06810078124999999 0.8510226562500001
vt 0.084490625 0.8536
vt 0.08281328125 0.847378125
vt 0.066015625 0.83697109375
vt 0.005219531249999999 0.45703125
vt 0.005219531249999999 0.4609375
vt 0.00653359375 0.4609375
vt 0.00653359375 0.45703125
vt 0.472265625 0.890625
vt 0.472265625 0.89921875
vt 0.47578046875 0.89921875
vt 0.47578046875 0.890625
vt 0.4197546875 0.7126812499999999
vt 0.4265625 0.7126812499999999
vt 0.4265625 0.70623671875
vt 0.41796875 0.70623671875
vt 0.465234375 0.890625
vt 0.465234375 0.89921875
vt 0.46875 0.89921875
vt 0.46875 0.890625
vt 0.0025929687500000007 0.45703125
vt 0.0025929687500000007 0.4609375
vt 0.00390625 0.4609375
vt 0.00390625 0.45703125
vt 0.4171875 0.96268203125
vt 0.4239953125 0.96268203125
vt 0.42578125 0.95623828125
vt 0.4171875 0.95623828125
vt 0.56015625 0.9140625
vt 0.56015625 0.91640625
vt 0.56171796875 0.91640625
vt 0.56171796875 0.9140625
vt 0.41175625 0.7126812499999999
vt 0.4197546875 0.7126812499999999
vt 0.41796875 0.70623671875
vt 0.409375 0.70623671875
vt 0.005219531249999999 0.44999999999999996
vt 0.005219531249999999 0.45703125
vt 0.00653359375 0.45703125
vt 0.00653359375 0.44999999999999996
vt 0.0025929687500000007 0.44999999999999996
vt 0.0025929687500000007 0.45703125
vt 0.00390625 0.45703125
vt 0.00390625 0.44999999999999996
vt 0.4239953125 0.96268203125
vt 0.43199375 0.96268203125
vt 0.434375 0.95623828125
vt 0.42578125 0.95623828125
vt 0.55703125 0.9140625
vt 0.55703125 0.91640625
vt 0.55859375 0.91640625
vt 0.55859375 0.9140625
vt 0.4837653537747473 0.921875
vt 0.47061257476409235 0.921875
vt 0.4693596462252527 0.9244055245183378
vt 0.47917128246566876 0.9296875
vt 0.253515625 0.5703125
vt 0.2515625 0.5598765625
vt 0.25 0.5598765625
vt 0.25 0.5703125
vt 0.0765625 0.5625
vt 0.074609375 0.5750593749999999
vt 0.078125 0.5750593749999999
vt 0.078125 0.5625
vt 0.246484375 0.5703125
vt 0.2484375 0.5598765625
vt 0.24687578125 0.5598765625
vt 0.24296953125 0.5703125
vt 0.47628760814364274 0.876999136240416
vt 0.4710056326619806 0.8671875
vt 0.46902489185635726 0.8684404285388396
vt 0.46902489185635726 0.8815932075494946
vt 0.0796875 0.5625
vt 0.081640625 0.5750593749999999
vt 0.08515546875 0.5750593749999999
vt 0.08124921875 0.5625
vt 0.036521875 0.85187578125
vt 0.04249296875 0.82820234375
vt 0.02734375 0.82820234375
vt 0.02734375 0.85187578125
vt 0.030698726528906223 0.9519637533371756
vt 0.011051070282952713 0.9519641520953003
vt 0.015465624265028552 0.9761804687549057
vt 0.03069921801189115 0.9761801595821882
vt 0.0540362265240998 0.951963279691993
vt 0.030698726528906223 0.9519637533371756
vt 0.03069921801189115 0.9761801595821883
vt 0.05403671800708473 0.9761796859370057
vt 0.084490625 0.8536
vt 0.06810078124999999 0.8510226562500001
vt 0.07148750000000001 0.875
vt 0.08721640625 0.859021875
vt 0.4239953125 0.96268203125
vt 0.4171875 0.96268203125
vt 0.4171875 0.96875
vt 0.42109375 0.96875
vt 0.43199375 0.96268203125
vt 0.4239953125 0.96268203125
vt 0.42109375 0.96875
vt 0.428125 0.96875
vt 0.4191984375 0.6652148437500001
vt 0.42056171875 0.671875
vt 0.421875 0.671875
vt 0.421875 0.6652148437500001
vt 0.4245515625 0.6652148437500001
vt 0.42318828125 0.671875
vt 0.42450234375 0.671875
vt 0.427228125 0.6652148437500001
vt 0.4197546875 0.7126812499999999
vt 0.41175625 0.7126812499999999
vt 0.415625 0.71875
vt 0.42265625 0.71875
vt 0.4265625 0.7126812499999999
vt 0.4197546875 0.7126812499999999
vt 0.42265625 0.71875
vt 0.4265625 0.71875
vt 0.11158671875000001 0.8510226562500001
vt 0.095196875 0.8536
vt 0.09247109375 0.859021875
vt 0.10819999999999999 0.875
vt 0.08648866561189282 0.95196484375
vt 0.06315116561189282 0.95196484375
vt 0.06315116561189282 0.97618046875
vt 0.08648866561189282 0.97618046875
vt 0.10613632186189281 0.95196484375
vt 0.08648866561189282 0.95196484375
vt 0.08648866561189282 0.97618046875
vt 0.10172225936189282 0.97618046875
vt 0.018165625 0.85187578125
vt 0.012195312500000001 0.82820234375
vt 0.005600781250000002 0.82820234375
vt 0.008987500000000002 0.85187578125
vt 0.0439453125 0.8125
vt 0.04249296875 0.82820234375
vt 0.04908671875 0.82820234375
vt 0.051171875 0.8125
vt 0.1404296875 0.97536015625
vt 0.1357421875 0.9527921875
vt 0.128515625 0.95299609375
vt 0.128515625 0.97536015625
vt 0.1404296875 0.99869765625
vt 0.1404296875 0.97536015625
vt 0.128515625 0.97536015625
vt 0.128515625 0.99869765625
vt 0.086328125 0.847378125
vt 0.0779296875 0.83697109375
vt 0.066015625 0.83697109375
vt 0.08281328125 0.847378125
vt 0.465234375 0.89921875
vt 0.465234375 0.890625
vt 0.46171953125 0.890625
vt 0.46171953125 0.89921875
vt 0.2515625 0.5598765625
vt 0.253515625 0.5703125
vt 0.25703046875 0.5703125
vt 0.25312421875 0.5598765625
vt 0.55703125 0.91640625
vt 0.55703125 0.9140625
vt 0.55546953125 0.9140625
vt 0.55546953125 0.91640625
vt 0.074609375 0.5750593749999999
vt 0.0765625 0.5625
vt 0.07500078125 0.5625
vt 0.07109453125 0.5750593749999999
vt 0.4191984375 0.6652148437500001
vt 0.418359375 0.65855234375
vt 0.41484453125 0.65855234375
vt 0.416521875 0.6652148437500001
vt 0.42056171875 0.671875
vt 0.4191984375 0.6652148437500001
vt 0.416521875 0.6652148437500001
vt 0.41924765625 0.671875
vt 0.0025929687500000007 0.45703125
vt 0.0025929687500000007 0.44999999999999996
vt 0.0012789062499999997 0.44999999999999996
vt 0.0012789062499999997 0.45703125
vt 0.0025929687500000007 0.4609375
vt 0.0025929687500000007 0.45703125
vt 0.0012789062499999997 0.45703125
vt 0.0012789062499999997 0.4609375
vt 0.080665625 0.875
vt 0.08853046875000001 0.859021875
vt 0.08721640625 0.859021875
vt 0.07148750000000001 0.875
vt 0.22294921875 0.8046875
vt 0.221290625 0.779084375
vt 0.2121125 0.779084375
vt 0.2154296875 0.8046875
vt 0.07060546875 0.80507890625
vt 0.07060546875 0.79170078125
vt 0.0630859375 0.79170078125
vt 0.0630859375 0.80507890625
vt 0.07060546875 0.8203125
vt 0.07060546875 0.80507890625
vt 0.0630859375 0.80507890625
vt 0.0630859375 0.8203125
vt 0.036521875 0.85187578125
vt 0.03486328125 0.87475625
vt 0.0423828125 0.87475625
vt 0.0457 0.85187578125
vt 0.04249296875 0.82820234375
vt 0.036521875 0.85187578125
vt 0.0457 0.85187578125
vt 0.04908671875 0.82820234375
vt 0.3310546875 0.9859484375
vt 0.3325078125 1
vt 0.34765625 1
vt 0.34765625 0.9859484375
vt 0.1642578125 0.97536015625
vt 0.1689453125 0.9527921875
vt 0.15234375 0.9527921875
vt 0.15234375 0.97536015625
vt 0.1642578125 0.99869765625
vt 0.1642578125 0.97536015625
vt 0.15234375 0.97536015625
vt 0.15234375 0.99869765625
vt 0.093359375 0.847378125
vt 0.10175781249999999 0.83697109375
vt 0.08984375 0.83697109375
vt 0.08984375 0.847378125
vt 0.472265625 0.89921875
vt 0.472265625 0.890625
vt 0.46875 0.890625
vt 0.46875 0.89921875
vt 0.2484375 0.5598765625
vt 0.246484375 0.5703125
vt 0.25 0.5703125
vt 0.25 0.5598765625
vt 0.56015625 0.91640625
vt 0.56015625 0.9140625
vt 0.55859375 0.9140625
vt 0.55859375 0.91640625
vt 0.081640625 0.5750593749999999
vt 0.0796875 0.5625
vt 0.078125 0.5625
vt 0.078125 0.5750593749999999
vt 0.4245515625 0.6652148437500001
vt 0.425390625 0.65855234375
vt 0.421875 0.65855234375
vt 0.421875 0.6652148437500001
vt 0.42318828125 0.671875
vt 0.4245515625 0.6652148437500001
vt 0.421875 0.6652148437500001
vt 0.421875 0.671875
vt 0.005219531249999999 0.45703125
vt 0.005219531249999999 0.44999999999999996
vt 0.00390625 0.44999999999999996
vt 0.00390625 0.45703125
vt 0.005219531249999999 0.4609375
vt 0.005219531249999999 0.45703125
vt 0.00390625 0.45703125
vt 0.00390625 0.4609375
vt 0.09902187500000001 0.875
vt 0.09115703124999999 0.859021875
vt 0.08984375 0.859021875
vt 0.08984375 0.875
vt 0.23798828125 0.8046875
vt 0.239646875 0.779084375
vt 0.23046875 0.779084375
vt 0.23046875 0.8046875
vt 0.08564453125 0.80507890625
vt 0.08564453125 0.79170078125
vt 0.078125 0.79170078125
vt 0.078125 0.80507890625
vt 0.08564453125 0.8203125
vt 0.08564453125 0.80507890625
vt 0.078125 0.80507890625
vt 0.078125 0.8203125
vt 0.018165625 0.85187578125
vt 0.019824218750000004 0.87475625
vt 0.02734375 0.87475625
vt 0.02734375 0.85187578125
vt 0.012195312500000001 0.82820234375
vt 0.018165625 0.85187578125
vt 0.02734375 0.85187578125
vt 0.02734375 0.82820234375
vt 0.176171875 0.95299609375
vt 0.176171875 0.9453125
vt 0.1689453125 0.9453125
vt 0.1689453125 0.9527921875
vt 0.4609375 0.75
vt 0.453125 0.75
vt 0.4558421875 0.765625
vt 0.4609375 0.7642171875
vt 0.10613573683896924 0.9519647371056417
vt 0.11382167632245876 0.9533658139718568
vt 0.11653633438810718 0.9377598489298521
vt 0.10885504631091314 0.9377611080995368
vt 0.10172222353104324 0.976180665318675
vt 0.10947115638411864 0.9768807383581495
vt 0.11382167632245876 0.9533658139718568
vt 0.10613632186189281 0.95196484375
vt 0.078125 0.8203125
vt 0.078125 0.828125
vt 0.08564453125 0.828125
vt 0.08564453125 0.8203125
vt 0.08564453125 0.8203125
vt 0.08564453125 0.828125
vt 0.0931640625 0.828125
vt 0.0931640625 0.8203125
vt 0.10172225936189282 1
vt 0.1095347593618928 1
vt 0.10946991561189282 0.97688046875
vt 0.10172225936189282 0.97618046875
vt 0.07060546875 0.8203125
vt 0.07060546875 0.828125
vt 0.078125 0.828125
vt 0.078125 0.8203125
vt 0.0630859375 0.8203125
vt 0.0630859375 0.828125
vt 0.07060546875 0.828125
vt 0.07060546875 0.8203125
vt 0.01547327147513353 0.9761770304663988
vt 0.007724444349393643 0.9768790683075981
vt 0.007665922382152003 0.9999977531607532
vt 0.015477654995973575 0.9999958202427444
vt 0.01105400591243957 0.9519620562669026
vt 0.0033679694929152695 0.9533649884789267
vt 0.007724444349393643 0.9768790683075981
vt 0.015472173965873756 0.9761771298999026
vt 0.445312109375 0.8125
vt 0.445312109375 0.81746875
vt 0.460461328125 0.81746875
vt 0.460461328125 0.8125
vt 0.430163671875 0.8125
vt 0.430163671875 0.81746875
vt 0.445312109375 0.81746875
vt 0.445312109375 0.8125
vt 0.46891795812971615 0.9985933768991244
vt 0.47368272531193145 1
vt 0.47639454187028385 0.984375
vt 0.46891795812971615 0.984375
vt 0.1357421875 0.9527921875
vt 0.1357421875 0.9453125
vt 0.128515625 0.9453125
vt 0.128515625 0.95299609375
vt 0.008334375742915269 0.9377595197289268
vt 0.000650781992915267 0.9377595197289268
vt 0.0033679694929152695 0.9533649884789267
vt 0.01105078199291527 0.9519626447289268
vn -0.9902565788380346 0.1392548313990987 0
vn 0.9902565788380346 0.13925483139909856 0
vn 0 1 0
vn 0 -1 0
vn 0 0.38897811006724065 0.9212469972208961
vn 0 -0.0028210991423792066 -0.9999960206918971
vn 0.9891707762894615 0.14676912255275054 0
vn 0 0.17301440158346393 -0.9849192945844425
vn -0.9891707762894615 0.1467691225527504 0
vn 0 0.3574198012601612 0.9339438343215007
vn 0 -1 0
vn 0.9891707762894615 0.14676912255275051 0
vn 0.9902565788380348 0.13925483139909858 0
vn 0 1 0
vn -0.9902565788380348 0.1392548313990987 0
vn -0.9891707762894615 0.1467691225527504 0
vn 0 -1 0
vn 0 0.3574198012601612 0.9339438343215007
vn 0 0.38897811006724053 0.9212469972208961
vn 0 1 0
vn 0 1 0
vn 0 -0.002821099142379207 -0.9999960206918971
vn 0 0 -1
vn 0 -1 0
vn 0 0 1
vn 0 0 1
vn 0 0 1
vn 0 0 1
vn 0 0 1
vn 0 0 1
vn 0 1 0
vn 0 -1 0
vn -0.9655154148308062 0.2603458924663431 0
vn 0 -1 0
vn 0 1 0
vn 0.9655154148308062 0.2603458924663428 0
vn 0 -1 0
vn -0.9655154148308062 0.2603458924663431 0
vn 0 1 0
vn 0 1 0
vn 0.965515414830806 0.2603458924663428 0
vn 0 -1 0
vn 0.9362208542419951 -0.3514121683755264 0
vn 0 0.07485971511330208 -0.997194074918797
vn 0 -0.5598332541189645 0.8286052905832614
vn 0 0.07485971511330208 -0.997194074918797
vn -0.9362208542419951 -0.3514121683755264 0
vn 0 -0.5598332541189645 0.8286052905832614
vn 0 0.18371998869178813 -0.9829786191749491
vn 0.9901688494494143 0.1398772661300735 0
vn 0.9901688494494142 0.13987726613007348 0
vn 0 0 1
vn 0.8934333517260657 0.4491957769431147 0
vn 0.8934333517260657 0.44919577694311474 0
vn 0 0.5808552364785409 0.8140068760492497
vn 0 0.5808552364785409 0.8140068760492496
vn -0.8934333517260657 0.44919577694311474 0
vn -0.8934333517260657 0.4491957769431147 0
vn 0 0 1
vn -0.9901688494494142 0.13987726613007362 0
vn -0.9901688494494143 0.13987726613007362 0
vn 0 0.18371998869178813 -0.982978619174949
vn 0 0.1730144015834639 -0.9849192945844425
vn 0 -1 0
vn 0 -1 0
vn 0 0 1
vn 0 -1 0
vn 0 0.07485971511330211 -0.9971940749187971
vn 0 -1 0
vn 0 -0.5598332541189645 0.8286052905832614
vn 0 0.3574198012601612 0.9339438343215007
vn 0 0.580855236478541 0.8140068760492497
vn 0 1 0
vn 0 1 0
vn 0 0 1
vn 0 0.38897811006724065 0.9212469972208961
vn 0 1 0
vn 0 1 0
vn 0 -0.002821099142379207 -0.9999960206918971
vn 0 0.18371998869178813 -0.982978619174949
vn 0 0 -1
vn 0 -1 0
vn 0 -1 0
vn 0 0 1
vn 0 -1 0
vn 0 0.07485971511330208 -0.9971940749187971
vn 0 -1 0
vn 0 -0.5598332541189645 0.8286052905832615
vn 0 0.3574198012601613 0.9339438343215009
vn 0 0.5808552364785409 0.8140068760492496
vn 0 1 0
vn 0 1 0
vn 0 0 1
vn 0 0.3889781100672406 0.9212469972208961
vn 0 1 0
vn 0 1 0
vn 0 -0.002821099142379206 -0.999996020691897
vn 0 0.18371998869178816 -0.982978619174949
vn 0 -1 0
vn 0.9956184365696301 -0.09350897690941543 0
vn -0.9912998860222287 0.12944775474627032 0.023828864082577755
vn -0.989830609749241 0.14166219780704153 0.012930031551572624
vn 0 1 0
vn 0 1 0
vn -0.9896544259287732 0.14347166005727546 0
vn 0 1 0
vn 0 1 0
vn 0.989564292143708 0.1434955423494145 0.013097367673309735
vn 0.989918307003295 0.13929902428231383 0.025642295016743748
vn 0 -0.9586200821328835 -0.2846884931491683
vn 0 -0.9586200821328835 -0.2846884931491683
vn -0.9956922383019496 -0.08888308955093653 -0.026396268242574832
vn 0 -1 0
vn 0.9910356082650988 0.13359799081807147 0
usemtl m_b56f5dc6-1369-fe8a-30e0-035cc0472814
f 552/2135/545 553/2136/545 547/2137/545 538/2138/545
f 550/2139/546 551/2140/546 542/2141/546 546/2142/546
f 630/2143/547 631/2144/547 552/2145/547 538/2146/547
f 618/2147/548 619/2148/548 540/2149/548 548/2150/548
f 629/2151/549 630/2152/549 538/2153/549 547/2154/549
f 638/2155/550 649/2156/550 650/2157/550 639/2158/550
f 587/2159/551 588/2160/551 544/2161/551 549/2162/551
f 634/2163/552 635/2164/552 633/2165/552 636/2166/552
f 596/2167/553 597/2168/553 548/2169/553 540/2170/553
f 624/2171/554 625/2172/554 593/2173/554 570/2174/554
f 617/2175/555 618/2176/555 548/2177/555 541/2178/555
f 586/2179/556 587/2180/556 549/2181/556 545/2182/556
f 551/2183/557 550/2184/557 647/2185/557 543/2186/557
f 631/2187/558 632/2188/558 539/2189/558 552/2190/558
f 553/2191/559 552/2192/559 539/2193/559 648/2194/559
f 597/2195/560 598/2196/560 541/2197/560 548/2198/560
f 601/2199/561 602/2200/561 555/2201/561 554/2202/561
f 607/2203/562 608/2204/562 592/2205/562 568/2206/562
f 612/2207/563 613/2208/563 557/2209/563 556/2210/563
f 613/2211/564 614/2212/564 558/2213/564 557/2214/564
f 614/2215/565 615/2216/565 559/2217/565 558/2218/565
f 640/2219/566 652/2220/566 651/2221/566 637/2222/566
f 599/2223/567 600/2224/567 560/2225/567 585/2226/567
f 600/2227/568 601/2228/568 554/2229/568 560/2230/568
f 628/2231/569 629/2232/569 547/2233/569 561/2234/569
f 619/2235/570 620/2236/570 564/2237/570 540/2238/570
f 595/2239/571 596/2240/571 540/2241/571 564/2242/571
f 602/2243/572 603/2244/572 562/2245/572 555/2246/572
f 611/2247/573 612/2248/573 556/2249/573 563/2250/573
f 588/2251/574 589/2252/574 565/2253/574 544/2254/574
f 627/2255/575 628/2256/575 561/2257/575 575/2258/575
f 620/2259/576 621/2260/576 574/2261/576 564/2262/576
f 594/2263/577 595/2264/577 564/2265/577 574/2266/577
f 603/2267/578 604/2268/578 573/2269/578 562/2270/578
f 610/2271/579 611/2272/579 563/2273/579 576/2274/579
f 589/2275/580 590/2276/580 578/2277/580 565/2278/580
f 622/2279/581 623/2280/581 584/2281/581 583/2282/581
f 593/2283/582 594/2284/582 574/2285/582 570/2286/582
f 626/2287/583 627/2288/583 575/2289/583 567/2290/583
f 609/2291/584 610/2292/584 576/2293/584 569/2294/584
f 590/2295/585 591/2296/585 571/2297/585 578/2298/585
f 605/2299/586 606/2300/586 582/2301/586 581/2302/586
f 571/2303/587 579/2304/587 580/2305/587 578/2306/587
f 604/2307/588 605/2308/588 581/2309/588 573/2310/588
f 606/2311/589 607/2312/589 568/2313/589 582/2314/589
f 621/2315/590 622/2316/590 583/2317/590 574/2318/590
f 574/2319/591 583/2320/591 584/2321/591 570/2322/591
f 623/2323/592 624/2324/592 570/2325/592 584/2326/592
f 652/2327/593 642/2328/593 644/2329/593 651/2330/593
f 587/2331/594 586/2332/594 647/2333/594 550/2334/594
f 588/2335/595 587/2336/595 550/2337/595 546/2338/595
f 589/2339/596 588/2340/596 546/2341/596 566/2342/596
f 590/2343/597 589/2344/597 566/2345/597 577/2346/597
f 591/2347/598 590/2348/598 577/2349/598 572/2350/598
f 608/2351/599 609/2352/599 569/2353/599 592/2354/599
f 625/2355/600 626/2356/600 567/2357/600 593/2358/600
f 594/2359/601 593/2360/601 567/2361/601 575/2362/601
f 595/2363/602 594/2364/602 575/2365/602 561/2366/602
f 596/2367/603 595/2368/603 561/2369/603 547/2370/603
f 597/2371/604 596/2372/604 547/2373/604 553/2374/604
f 598/2375/605 597/2376/605 553/2377/605 648/2378/605
f 649/2379/606 634/2380/606 636/2381/606 650/2382/606
f 645/2383/607 642/2384/607 643/2385/607 646/2386/607
f 601/2387/608 600/2388/608 545/2389/608 549/2390/608
f 602/2391/609 601/2392/609 549/2393/609 544/2394/609
f 603/2395/610 602/2396/610 544/2397/610 565/2398/610
f 604/2399/611 603/2400/611 565/2401/611 578/2402/611
f 605/2403/612 604/2404/612 578/2405/612 580/2406/612
f 606/2407/613 605/2408/613 580/2409/613 579/2410/613
f 607/2411/614 606/2412/614 579/2413/614 571/2414/614
f 608/2415/615 607/2416/615 571/2417/615 591/2418/615
f 609/2419/616 608/2420/616 591/2421/616 572/2422/616
f 610/2423/617 609/2424/617 572/2425/617 577/2426/617
f 611/2427/618 610/2428/618 577/2429/618 566/2430/618
f 612/2431/619 611/2432/619 566/2433/619 546/2434/619
f 613/2435/620 612/2436/620 546/2437/620 542/2438/620
f 614/2439/621 613/2440/621 542/2441/621 551/2442/621
f 615/2443/622 614/2444/622 551/2445/622 543/2446/622
f 652/2447/623 640/2448/623 641/2449/623 653/2450/623
f 642/2451/624 652/2452/624 653/2453/624 643/2454/624
f 617/2455/625 616/2456/625 585/2457/625 560/2458/625
f 618/2459/626 617/2460/626 560/2461/626 554/2462/626
f 619/2463/627 618/2464/627 554/2465/627 555/2466/627
f 620/2467/628 619/2468/628 555/2469/628 562/2470/628
f 621/2471/629 620/2472/629 562/2473/629 573/2474/629
f 622/2475/630 621/2476/630 573/2477/630 581/2478/630
f 623/2479/631 622/2480/631 581/2481/631 582/2482/631
f 624/2483/632 623/2484/632 582/2485/632 568/2486/632
f 625/2487/633 624/2488/633 568/2489/633 592/2490/633
f 626/2491/634 625/2492/634 592/2493/634 569/2494/634
f 627/2495/635 626/2496/635 569/2497/635 576/2498/635
f 628/2499/636 627/2500/636 576/2501/636 563/2502/636
f 629/2503/637 628/2504/637 563/2505/637 556/2506/637
f 630/2507/638 629/2508/638 556/2509/638 557/2510/638
f 631/2511/639 630/2512/639 557/2513/639 558/2514/639
f 632/2515/640 631/2516/640 558/2517/640 559/2518/640
f 649/2519/641 638/2520/641 637/2521/641 651/2522/641
f 634/2523/642 649/2524/642 651/2525/642 644/2526/642
f 541/2527/643 633/2528/643 635/2529/643 617/2530/643
f 617/2531/644 635/2532/644 634/2533/644 616/2534/644
f 598/2535/645 636/2536/645 633/2537/645 541/2538/645
f 648/2539/646 650/2540/646 636/2541/646 598/2542/646
f 559/2543/647 637/2544/647 638/2545/647 632/2546/647
f 632/2547/648 638/2548/648 639/2549/648 539/2550/648
f 539/2551/649 639/2552/649 650/2553/649 648/2554/649
f 615/2555/650 640/2556/650 637/2557/650 559/2558/650
f 543/2559/651 641/2560/651 640/2561/651 615/2562/651
f 647/2563/652 653/2564/652 641/2565/652 543/2566/652
f 586/2567/653 643/2568/653 653/2569/653 647/2570/653
f 585/2571/654 644/2572/654 642/2573/654 599/2574/654
f 616/2575/655 634/2576/655 644/2577/655 585/2578/655
f 599/2579/656 642/2580/656 645/2581/656 600/2582/656
f 600/2583/657 645/2584/657 646/2585/657 545/2586/657
f 545/2587/658 646/2588/658 643/2589/658 586/2590/658
o Thigh
v 0.21874999999999978 0.8203125000000001 -0.09000000000000077
v 0.21875000000000033 0.8203125000000001 0.08999999999999925
v 0.24374999999999972 0.49531249999999993 -0.10250000000000083
v 0.24375000000000036 0.49531249999999993 0.10874999999999922
v 0.05624999999999984 0.7753125000000002 -0.09000000000000029
v 0.05625000000000037 0.7753125000000002 0.08999999999999973
v 0.03749999999999976 0.49531249999999993 -0.10250000000000022
v 0.03750000000000039 0.49531249999999993 0.10874999999999983
v 0.05625000000000043 0.6838125 0.11249999999999974
v 0.056249999999999765 0.6838125 -0.11250000000000027
v 0.1374999999999997 0.6838125 -0.11250000000000052
v 0.13749999999999976 0.8228125000000001 -0.09000000000000054
v 0.13750000000000032 0.8228125000000001 0.08999999999999948
v 0.13750000000000037 0.6838125 0.11249999999999949
v 0.13750000000000034 0.49531249999999993 0.10874999999999954
v 0.1374999999999997 0.49531249999999993 -0.10250000000000051
v 0.16093750000000034 0.7979533935772579 0.09562499999999942
v 0.1640625000000004 0.684766321656051 0.11249999999999942
v 0.22500000000000037 0.7979533935772579 0.09562499999999924
v 0.24375000000000038 0.5346120603331206 0.10968749999999922
v 0.16406250000000036 0.5346120603331206 0.10968749999999945
v 0.24374999999999974 0.5346120603331206 -0.10500000000000081
v 0.2249999999999998 0.7979533935772579 -0.09562500000000079
v 0.16406249999999972 0.684766321656051 -0.11250000000000059
v 0.1609374999999998 0.7979533935772579 -0.09562500000000061
v 0.16406249999999972 0.5346120603331206 -0.10500000000000058
v 0.26226800475698975 0.6895386799734106 0.11306834422531704
v 0.1609375000000004 0.7979533935772579 0.11306834422531735
v 0.1640625000000004 0.688945955047686 0.11306834422531736
v 0.24328600951397894 0.7979533935772579 0.11306834422531709
v 0.26250000000000046 0.5346120603331206 0.11306834422531706
v 0.16406250000000036 0.5346120603331206 0.11306834422531738
v 0.26232919666794025 0.6890483696913811 -0.11305050883326843
v 0.2624999999999998 0.5346120603331206 -0.11305050883326842
v 0.24340839333588055 0.7979533935772579 -0.11305050883326839
v 0.16418488382190202 0.6879653344836268 -0.11305050883326812
v 0.1611822676438043 0.7979533935772579 -0.11305050883326813
v 0.1640624999999997 0.5346120603331206 -0.1130505088332681
vt 0.05617969615022593 0.7674312500136656
vt 0.08444453990022593 0.7674921875136657
vt 0.08444453990022593 0.7481265625136657
vt 0.05617969615022593 0.7481265625136657
vt 0.1890625 0.9885625
vt 0.2171875 0.9885625
vt 0.2159375 0.96488359375
vt 0.18953125 0.96488359375
vt 0.4140625 0.609375
vt 0.4375 0.609375
vt 0.4375 0.6015625
vt 0.4140625 0.6015625
vt 0.108984375 0.7109375
vt 0.108984375 0.73734375
vt 0.122265625 0.73734375
vt 0.122265625 0.7109375
vt 0.329965234375 0.77176953125
vt 0.329980859375 0.79093828125
vt 0.342248828125 0.79107421875
vt 0.342269921875 0.77176953125
vt 0.34189453125 0.8769984375
vt 0.34189453125 0.85770703125
vt 0.32958984375 0.85770703125
vt 0.32961875 0.87707265625
vt 0.0844445433120648 0.7674921875210214
vt 0.05617969615022593 0.7674312500136656
vt 0.05618045997021037 0.7812484374925535
vt 0.08444530384977407 0.78125
vt 0.34228515625 0.890625
vt 0.34189453125 0.8769984375
vt 0.32961875 0.87707265625
vt 0.33199140625 0.890625
vt 0.2171875 0.9885625
vt 0.1890625 0.9885625
vt 0.191875 1
vt 0.214375 1
vt 0.329980859375 0.79093828125
vt 0.329605078125 0.8046875
vt 0.339883203125 0.8046875
vt 0.342248828125 0.79107421875
vt 0.18710558613357034 0.931822335186386
vt 0.18710733443975833 0.9142215540232167
vt 0.17695108448986258 0.9142205451910251
vt 0.1769499183574516 0.9259603888831085
vt 0.3515625 0.78125
vt 0.375 0.78125
vt 0.375 0.765625
vt 0.3515625 0.765625
vt 0.1176224122931203 0.8048171878237296
vt 0.11762208472685814 0.8224183992228056
vt 0.12782247966036384 0.8165573457267757
vt 0.12773449742661627 0.8048171878237296
vt 0.11757824742661627 0.7812507815737295
vt 0.11757824742661627 0.8048171878237296
vt 0.12773449742661627 0.8048171878237296
vt 0.13007824742661628 0.7812507815737295
vt 0.108984375 0.73734375
vt 0.108984375 0.7109375
vt 0.096484375 0.7109375
vt 0.096484375 0.73734375
vt 0.18710733443975833 0.9142215540232167
vt 0.18710967818974678 0.8906262416396205
vt 0.17460967825141352 0.890625
vt 0.17695108448986258 0.9142205451910251
vt 0.11762241227069206 0.8048183929662831
vt 0.11430199729429706 0.8049358432955471
vt 0.11469201018240796 0.8192408723033097
vt 0.11762208472685814 0.8224183992228056
vt 0.1176261011732855 0.8224227548685238
vt 0.11469201018240796 0.8192408723033097
vt 0.10668420534113021 0.8192519474631191
vt 0.10746943840995903 0.8221313329548247
vt 0.10429675257338372 0.7812511142647138
vt 0.10429703074168138 0.7861651767568407
vt 0.11425796822572244 0.7861646129021833
vt 0.11757800255210513 0.7812503624585039
vt 0.11757824742661627 0.78125
vt 0.11425796822572244 0.7861646129021833
vt 0.11425795465498073 0.8049364881622916
vt 0.11757824742661627 0.8048171878237296
vt 0.41658203125 0.9140625
vt 0.41626953125 0.921875
vt 0.44310546875 0.921875
vt 0.44298828125 0.9140625
vt 0.4409375 0.625
vt 0.441640625 0.6171875
vt 0.417734375 0.6171875
vt 0.4184375 0.625
vt 0.390625 0.5210892274492476
vt 0.3830513960240905 0.5202223459211787
vt 0.3828125 0.5282265941510145
vt 0.390625 0.53125
vt 0.18710558628583857 0.9318208022515849
vt 0.19004229596954708 0.9286406852615158
vt 0.19041775070540787 0.9143359600029599
vt 0.18710733443975833 0.9142215540232167
vt 0.18710733443975833 0.9142215540232167
vt 0.19042764693975833 0.9143410852732167
vt 0.19042920943975833 0.8955481165232166
vt 0.18710967818975832 0.8906262415232167
vt 0.18710907175696115 0.8906253423642093
vt 0.19042920943975833 0.8955481165232166
vt 0.20039014693347731 0.8955484702595509
vt 0.20039032174858648 0.890625814012655
vt 0.4560167506281505 0.50147112905882
vt 0.45594558050791595 0.5019935646666956
vt 0.45598329703171675 0.515625
vt 0.45811691949208405 0.5156191916736351
vt 0.158908203125 0.63063203125
vt 0.158908203125 0.6328125
vt 0.169201953125 0.6328125
vt 0.166916015625 0.63063203125
vt 0.30849609375 0.61761015625
vt 0.31083984375 0.6171875
vt 0.29853515625 0.6171875
vt 0.29853515625 0.61761015625
vt 0.45636823675791593 0.4827021584166956
vt 0.45594558050791595 0.4827021584166956
vt 0.45594558050791595 0.5019935646666956
vt 0.456016674257916 0.5014716896666956
vt 0.30849609375 0.6444460937500001
vt 0.31083984375 0.6454523437499999
vt 0.31083984375 0.6171875
vt 0.30849609375 0.61761015625
vt 0.166916015625 0.63063203125
vt 0.169201953125 0.6328125
vt 0.169216796875 0.6045476562500001
vt 0.166916015625 0.60672578125
vt 0.166916015625 0.60672578125
vt 0.169216796875 0.6045476562500001
vt 0.158938671875 0.6045476562500001
vt 0.158908203125 0.60672578125
vt 0.4168243130361698 0.5094904656913285
vt 0.4190032192861698 0.5094904656913285
vt 0.4190079067861698 0.49573655944132855
vt 0.4189391567861698 0.4953373406913285
vt 0.4189390881637495 0.4953369422134106
vt 0.4190079067861698 0.49573655944132855
vt 0.4191131869638302 0.47656809815969503
vt 0.41813039040768835 0.4765625
vt 0.29853515625 0.6444460937500001
vt 0.29853515625 0.6454523437499999
vt 0.31083984375 0.6454523437499999
vt 0.30849609375 0.6444460937500001
vn 0.9999988430764086 0.0014974506972950604 0.0002673710036320956
vn -0.9950893201478751 0.09898103317120782 2.936236125292236e-15
vn 0.03075467578697342 0.9995269630766537 -2.135300152063207e-16
vn -1.224646799147353e-16 -1 1.224646799147357e-16
vn -3.2457138957712154e-15 -1.2223898598248063e-16 -1
vn 3.244869100047791e-15 1.2246467991473527e-16 1
vn 0.9852410578285694 0.17117256509102421 -0.00010454186048766932
vn 3.2454862966123166e-15 1.305655777598646e-16 1
vn -1 1.224646799147357e-16 2.9629076969683865e-15
vn -3.3004594833625205e-15 -1.316796661880179e-16 -1
vn -2.90526838129115e-15 0.15979061814520865 -0.9871509298748457
vn -0.5046965873311549 0.8632967941190827 1.3896460376739453e-15
vn -0.09301110178732469 0.15909793726779767 0.9828717013432833
vn 2.959885742026078e-15 -0.01988996369571752 0.9998021751047471
vn -1.224646799147353e-16 -1 1.224646799147357e-16
vn -2.965234832131894e-15 -0.05297590402624378 -0.9985957908946954
vn -0.005289861423273528 0.14731469259938348 0.9890755273033863
vn 2.9168777580159586e-15 0.2206958862802711 0.9753426709515819
vn 2.9591444107524705e-15 -0.02384844393632441 0.99971558541508
vn -0.0075802037420712575 -0.018726914215682882 0.9997959007693458
vn 1 -8.287213245275569e-16 -2.9629076969683865e-15
vn 0.9630819136872492 0.2692085205347448 -2.8864913501726006e-15
vn -2.8434963447163047e-15 0.24397323627264447 -0.9697819651770456
vn -0.08315435819611636 0.14470264783916095 -0.985974896445811
vn 0.001791348388826622 -0.04988636112047345 -0.9987532938844845
vn -2.9647055276947232e-15 -0.0634856182256352 -0.9979827534975286
vn -0.9781062259591833 -0.028040122741653285 0.20620854069731528
vn 1.224646799147353e-16 1 -1.224646799147357e-16
vn -1.224646799147353e-16 -1 1.224646799147357e-16
vn -1 1.224646799147357e-16 2.9629076969683865e-15
vn -1.224646799147353e-16 -1 1.224646799147357e-16
vn 1.224646799147353e-16 1 -1.224646799147357e-16
vn 1.224646799147353e-16 1 -1.224646799147357e-16
vn -0.9995290499852283 -0.027286617480988547 -0.014039898221622228
vn -0.9771189185398762 0.0007797912914894985 -0.21269229171976325
vn -1.224646799147353e-16 -1 1.224646799147357e-16
usemtl m_b56f5dc6-1369-fe8a-30e0-035cc0472814
f 686/2591/659 680/2592/659 684/2593/659 687/2594/659
f 662/2595/660 663/2596/660 660/2597/660 661/2598/660
f 665/2599/661 666/2600/661 655/2601/661 654/2602/661
f 668/2603/662 669/2604/662 656/2605/662 657/2606/662
f 691/2607/663 689/2608/663 686/2609/663 687/2610/663
f 682/2611/664 685/2612/664 684/2613/664 680/2614/664
f 680/2615/665 686/2616/665 688/2617/665 683/2618/665
f 681/2619/666 682/2620/666 680/2621/666 683/2622/666
f 663/2623/667 662/2624/667 659/2625/667 658/2626/667
f 689/2627/668 690/2628/668 688/2629/668 686/2630/668
f 665/2631/669 664/2632/669 663/2633/669 658/2634/669
f 666/2635/670 665/2636/670 658/2637/670 659/2638/670
f 667/2639/671 666/2640/671 659/2641/671 662/2642/671
f 668/2643/672 667/2644/672 662/2645/672 661/2646/672
f 669/2647/673 668/2648/673 661/2649/673 660/2650/673
f 664/2651/674 669/2652/674 660/2653/674 663/2654/674
f 667/2655/675 671/2656/675 670/2657/675 666/2658/675
f 666/2659/676 670/2660/676 672/2661/676 655/2662/676
f 657/2663/677 673/2664/677 674/2665/677 668/2666/677
f 668/2667/678 674/2668/678 671/2669/678 667/2670/678
f 656/2671/679 675/2672/679 673/2673/679 657/2674/679
f 655/2675/680 672/2676/680 676/2677/680 654/2678/680
f 654/2679/681 676/2680/681 678/2681/681 665/2682/681
f 665/2683/682 678/2684/682 677/2685/682 664/2686/682
f 664/2687/683 677/2688/683 679/2689/683 669/2690/683
f 669/2691/684 679/2692/684 675/2693/684 656/2694/684
f 671/2695/685 682/2696/685 681/2697/685 670/2698/685
f 670/2699/686 681/2700/686 683/2701/686 672/2702/686
f 673/2703/687 684/2704/687 685/2705/687 674/2706/687
f 674/2707/688 685/2708/688 682/2709/688 671/2710/688
f 675/2711/689 687/2712/689 684/2713/689 673/2714/689
f 672/2715/690 683/2716/690 688/2717/690 676/2718/690
f 676/2719/691 688/2720/691 690/2721/691 678/2722/691
f 678/2723/692 690/2724/692 689/2725/692 677/2726/692
f 677/2727/693 689/2728/693 691/2729/693 679/2730/693
f 679/2731/694 691/2732/694 687/2733/694 675/2734/694
o Pelvis
v -0.13749999999999984 0.9078124999999995 -0.10036764705882407
v -0.13750000000000046 0.9078124999999995 0.10036764705882299
v -0.13749999999999982 0.7866039078674947 -0.10036764705882406
v -0.13750000000000043 0.7866039078674947 0.100367647058823
v 0.13750000000000018 0.9078124999999995 -0.10036764705882326
v 0.13749999999999957 0.9078124999999995 0.10036764705882381
v 0.1375000000000002 0.7866039078674947 -0.10036764705882324
v 0.1374999999999996 0.7866039078674947 0.10036764705882383
v -0.04583333333333308 0.7265624999999999 -0.13125000000000026
v -0.04583333333333386 0.7265624999999999 0.13124999999999976
v 0.04583333333333361 0.7265624999999999 -0.13124999999999998
v 0.04583333333333283 0.7265624999999999 0.13125000000000003
v -0.04583333333333388 0.9078124999999995 0.13124999999999973
v 0.04583333333333281 0.9078124999999995 0.13125
v -0.0458333333333331 0.9078124999999995 -0.13125000000000028
v 0.04583333333333359 0.9078124999999995 -0.13125
v -0.045833333333333094 0.8405958850931671 -0.13125000000000026
v -0.13749999999999982 0.8405958850931671 -0.10036764705882406
v -0.13750000000000043 0.8405958850931671 0.100367647058823
v -0.04583333333333387 0.8405958850931671 0.13124999999999976
v 0.04583333333333282 0.8405958850931671 0.13125000000000003
v 0.1374999999999996 0.8405958850931671 0.10036764705882383
v 0.1375000000000002 0.8405958850931671 -0.10036764705882324
v 0.045833333333333594 0.8405958850931671 -0.13124999999999998
v -0.04982416805493323 0.9078124999999995 -0.15559581099903577
v -0.04982416805493322 0.8405958850931671 -0.15559581099903577
v -0.1539908347216 0.8405958850931671 -0.11221345805785961
v -0.15399083472160002 0.9078124999999995 -0.11221345805785961
v -0.15399083472160066 0.8405958850931671 0.11221345805785844
v -0.1539908347216007 0.9078124999999995 0.11221345805785844
v -0.049824168054934136 0.8405958850931671 0.15559581099903522
v -0.04982416805493414 0.9078124999999995 0.15559581099903522
v 0.04982416805493294 0.8405958850931671 0.15559581099903552
v 0.049824168054932935 0.9078124999999995 0.15559581099903552
v 0.15399083472159977 0.8405958850931671 0.11221345805785936
v 0.15399083472159975 0.9078124999999995 0.11221345805785936
v 0.15399083472160044 0.8405958850931671 -0.11221345805785869
v 0.1539908347216004 0.9078124999999995 -0.11221345805785869
v 0.04982416805493386 0.8405958850931671 -0.15559581099903547
v 0.04982416805493385 0.9078124999999995 -0.15559581099903547
v 0.031074168054933907 0.9078124999999995 -0.1743458109990355
v 0.031074168054933918 0.8405958850931671 -0.1743458109990355
v -0.031074168054933154 0.8405958850931671 -0.1743458109990357
v -0.031074168054933165 0.9078124999999995 -0.1743458109990357
v 0.04583333333333365 0.8405958850931671 -0.15
v -0.04583333333333304 0.8405958850931671 -0.15000000000000027
v -0.04583333333333393 0.8405958850931671 0.14999999999999977
v 0.04583333333333276 0.8405958850931671 0.15000000000000005
vt 0.25 0.9609375
vt 0.25 0.96875
vt 0.2265625 0.96875
vt 0.2265625 0.9609375
vt 0.3515625 0.8359375
vt 0.3515625 0.84375
vt 0.328125 0.84375
vt 0.328125 0.8359375
vt 0.12734375 0.8430046875
vt 0.13880234375 0.83914453125
vt 0.13880234375 0.87195703125
vt 0.12734375 0.868096875
vt 0.31948515625 0.828125
vt 0.315625 0.8125
vt 0.3484375 0.8125
vt 0.34457734375 0.828125
vt 0.421875 0.93105859375
vt 0.421875 0.9453125
vt 0.40625 0.9453125
vt 0.40625 0.9385640625
vt 0.421875 0.7588765625
vt 0.421875 0.765625
vt 0.40625 0.765625
vt 0.40625 0.75137109375
vt 0.32729765625 0.96875
vt 0.3234375 0.953125
vt 0.35625 0.953125
vt 0.35238984375 0.96875
vt 0.265625 0.6328125
vt 0.2578125 0.6328125
vt 0.2578125 0.6015625
vt 0.265625 0.6015625
vt 0.421875 0.72793359375
vt 0.421875 0.7421875
vt 0.40625 0.7421875
vt 0.40625 0.7354390625
vt 0.1015625 0.5390625
vt 0.1015625 0.5546875
vt 0.09375 0.5546875
vt 0.09375 0.5390625
vt 0.16171875 0.868096875
vt 0.15026015625 0.87195703125
vt 0.15026015625 0.83914453125
vt 0.16171875 0.8430046875
vt 0.15026015625 0.87195703125
vt 0.13880234375 0.87195703125
vt 0.13880234375 0.83914453125
vt 0.15026015625 0.83914453125
vt 0.2578125 0.5870015625
vt 0.2578125 0.59375
vt 0.2421875 0.59375
vt 0.2421875 0.57949609375
vt 0.2109375 0.5390625
vt 0.2109375 0.5546875
vt 0.203125 0.5546875
vt 0.203125 0.5390625
vt 0.3359375 0.5546875
vt 0.3359375 0.546875
vt 0.3515625 0.546875
vt 0.3515625 0.5546875
vt 0.359375 0.8203125
vt 0.359375 0.8125
vt 0.390625 0.8125
vt 0.390625 0.8203125
vt 0.359375 0.5546875
vt 0.359375 0.546875
vt 0.375 0.546875
vt 0.375 0.5546875
vt 0.1484375 0.5546875
vt 0.1484375 0.546875
vt 0.1640625 0.546875
vt 0.1640625 0.5546875
vt 0.21875 0.5546875
vt 0.21875 0.546875
vt 0.234375 0.546875
vt 0.234375 0.5546875
vt 0.3671875 0.7109375
vt 0.3671875 0.703125
vt 0.3984375 0.703125
vt 0.3984375 0.7109375
vt 0.3125 0.5546875
vt 0.3125 0.546875
vt 0.328125 0.546875
vt 0.328125 0.5546875
vt 0.5 0.984375
vt 0.5 0.9765625
vt 0.5078125 0.9765625
vt 0.5078125 0.984375
vt 0.20284296875000002 0.82253828125
vt 0.189821875 0.8279609375
vt 0.18932265625 0.82491796875
vt 0.20078125 0.8210578125
vt 0.150759375 0.8361015625
vt 0.16378046875000002 0.84152421875
vt 0.16171875 0.8430046875
vt 0.15026015625 0.83914453125
vt 0.20284296875000002 0.7944851562499999
vt 0.20284296875000002 0.82253828125
vt 0.20078125 0.8210578125
vt 0.20078125 0.795965625
vt 0.16378046875 0.84152421875
vt 0.16378046875 0.8695773437500001
vt 0.16171875 0.868096875
vt 0.16171875 0.8430046875
vt 0.189821875 0.7890625
vt 0.20284296875000002 0.7944851562499999
vt 0.20078125 0.795965625
vt 0.18932265625 0.79210546875
vt 0.16378046875 0.8695773437500001
vt 0.150759375 0.875
vt 0.15026015625 0.87195703125
vt 0.16171875 0.868096875
vt 0.177365625 0.7890625
vt 0.189821875 0.7890625
vt 0.18932265625 0.79210546875
vt 0.17786484375 0.79210546875
vt 0.150759375 0.875
vt 0.138303125 0.875
vt 0.13880234375 0.87195703125
vt 0.15026015625 0.87195703125
vt 0.16434453124999998 0.7944851562499999
vt 0.177365625 0.7890625
vt 0.17786484375 0.79210546875
vt 0.16640625 0.795965625
vt 0.138303125 0.875
vt 0.12528203124999998 0.8695773437500001
vt 0.12734375 0.868096875
vt 0.13880234375 0.87195703125
vt 0.16434453125 0.82253828125
vt 0.16434453125 0.7944851562499999
vt 0.16640625 0.795965625
vt 0.16640625 0.8210578125
vt 0.12528203124999998 0.8695773437500001
vt 0.12528203124999998 0.84152421875
vt 0.12734375 0.8430046875
vt 0.12734375 0.868096875
vt 0.177365625 0.8279609375
vt 0.16434453125 0.82253828125
vt 0.16640625 0.8210578125
vt 0.17786484375 0.82491796875
vt 0.12528203124999998 0.84152421875
vt 0.138303125 0.8361015625
vt 0.13880234375 0.83914453125
vt 0.12734375 0.8430046875
vt 0.189821875 0.8279609375
vt 0.177365625 0.8279609375
vt 0.17786484375 0.82491796875
vt 0.18932265625 0.82491796875
vt 0.138303125 0.8361015625
vt 0.150759375 0.8361015625
vt 0.15026015625 0.83914453125
vt 0.13880234375 0.83914453125
vt 0.2265625 0.4921875
vt 0.2265625 0.5
vt 0.21875 0.5
vt 0.21875 0.4921875
vt 0.187478125 0.8303046875
vt 0.179709375 0.8303046875
vt 0.177365625 0.8279609375
vt 0.189821875 0.8279609375
vt 0.234375 0.5
vt 0.234375 0.4921875
vt 0.2421875 0.4921875
vt 0.2421875 0.5
vt 0.140646875 0.8337578125
vt 0.148415625 0.8337578125
vt 0.150759375 0.8361015625
vt 0.138303125 0.8361015625
vt 0.268359375 0.4609375
vt 0.270703125 0.44668359375
vt 0.270703125 0.4609375
vt 0.0625 0.4921875
vt 0.0703125 0.4921875
vt 0.0703125 0.5
vt 0.0625 0.5
vt 0.286328125 0.4609375
vt 0.283984375 0.4609375
vt 0.283984375 0.44668359375
vt 0.299609375 0.4609375
vt 0.301953125 0.44668359375
vt 0.301953125 0.4609375
vt 0.1953125 0.5
vt 0.1875 0.5
vt 0.1875 0.4921875
vt 0.1953125 0.4921875
vt 0.317578125 0.4609375
vt 0.315234375 0.4609375
vt 0.315234375 0.44668359375
vn -1 -1.224646799147357e-16 -2.9629076969683865e-15
vn 1 1.224646799147357e-16 2.9629076969683865e-15
vn -1.224646799147353e-16 1 -1.224646799147357e-16
vn 0.547923688440741 -0.8365283208866833 1.7258924868893783e-15
vn 0.3192667777280183 -7.695657244431613e-17 -0.9476648799228387
vn 0.3192667777280126 1.5515437992805709e-16 0.9476648799228405
vn -0.5479236884407408 -0.8365283208866834 -1.5210021407753805e-15
vn 1.224646799147353e-16 -1 1.224646799147357e-16
vn -0.31926677772801837 7.695657244431612e-17 0.9476648799228387
vn -2.9037802121804312e-15 -0.1622469246882543 0.9867501889684156
vn -1.224646799147353e-16 1 -1.224646799147357e-16
vn -1.224646799147353e-16 1 -1.224646799147357e-16
vn -0.3192667777280127 -1.5515437992805709e-16 -0.9476648799228405
vn 2.9435192475786257e-15 -0.16224692468825452 -0.9867501889684156
vn -0.3844611475156655 -1.601350996883346e-16 -0.9231411734133288
vn -1 -1.224646799147357e-16 -2.9629076969683865e-15
vn -0.38446114751567095 6.596927694801802e-17 0.9231411734133266
vn -2.9629076969683865e-15 1.224646799147353e-16 1
vn 0.3844611475156655 1.601350996883346e-16 0.923141173413329
vn 1 1.224646799147357e-16 2.9629076969683865e-15
vn 0.38446114751567095 -6.596927694801806e-17 -0.9231411734133268
vn 2.9629076969683865e-15 -1.224646799147353e-16 -1
vn 1.224646799147353e-16 -1 1.224646799147357e-16
vn -1.224646799147353e-16 1 -1.224646799147357e-16
vn 1.224646799147353e-16 -1 1.224646799147357e-16
vn -1.224646799147353e-16 1 -1.224646799147357e-16
vn 1.224646799147353e-16 -1 1.224646799147357e-16
vn -1.224646799147353e-16 1 -1.224646799147357e-16
vn 1.224646799147353e-16 -1 1.224646799147357e-16
vn -1.224646799147353e-16 1 -1.224646799147357e-16
vn 1.224646799147353e-16 -1 1.224646799147357e-16
vn -1.224646799147353e-16 1 -1.224646799147357e-16
vn 1.224646799147353e-16 -1 1.224646799147357e-16
vn -1.224646799147353e-16 1 -1.224646799147357e-16
vn 1.224646799147353e-16 -1 1.224646799147357e-16
vn -1.224646799147353e-16 1 -1.224646799147357e-16
vn 1.224646799147353e-16 -1 1.224646799147357e-16
vn -1.224646799147353e-16 1 -1.224646799147357e-16
vn 0.7071067811865493 1.9721522630525295e-31 -0.7071067811865458
vn 1.224646799147353e-16 -1 1.224646799147357e-16
vn -0.7071067811865451 -1.731912112470989e-16 -0.70710678118655
vn -1.224646799147353e-16 1 -1.224646799147357e-16
vn -1 -1.224646799147357e-16 -2.9629076969683865e-15
vn -1.224646799147353e-16 1 -1.224646799147357e-16
vn 1 1.224646799147357e-16 2.9629076969683865e-15
vn 1 1.224646799147357e-16 2.9629076969683865e-15
vn -1.224646799147353e-16 1 -1.224646799147357e-16
vn -1 -1.224646799147357e-16 -2.9629076969683865e-15
usemtl m_b56f5dc6-1369-fe8a-30e0-035cc0472814
f 695/2735/695 710/2736/695 709/2737/695 694/2738/695
f 698/2739/696 714/2740/696 713/2741/696 699/2742/696
f 696/2743/697 707/2744/697 705/2745/697 697/2746/697
f 699/2747/698 703/2748/698 702/2749/698 698/2750/698
f 702/2751/699 715/2752/699 714/2753/699 698/2754/699
f 699/2755/700 713/2756/700 712/2757/700 703/2758/700
f 694/2759/701 700/2760/701 701/2761/701 695/2762/701
f 700/2763/702 702/2764/702 703/2765/702 701/2766/702
f 701/2767/703 711/2768/703 710/2769/703 695/2770/703
f 703/2771/704 739/2772/704 738/2773/704 701/2774/704
f 693/2775/705 704/2776/705 706/2777/705 692/2778/705
f 704/2779/706 705/2780/706 707/2781/706 706/2782/706
f 694/2783/707 709/2784/707 708/2785/707 700/2786/707
f 700/2787/708 737/2788/708 736/2789/708 702/2790/708
f 716/2791/709 717/2792/709 718/2793/709 719/2794/709
f 719/2795/710 718/2796/710 720/2797/710 721/2798/710
f 721/2799/711 720/2800/711 722/2801/711 723/2802/711
f 723/2803/712 722/2804/712 724/2805/712 725/2806/712
f 725/2807/713 724/2808/713 726/2809/713 727/2810/713
f 727/2811/714 726/2812/714 728/2813/714 729/2814/714
f 729/2815/715 728/2816/715 730/2817/715 731/2818/715
f 732/2819/716 733/2820/716 734/2821/716 735/2822/716
f 718/2823/717 717/2824/717 708/2825/717 709/2826/717
f 716/2827/718 719/2828/718 692/2829/718 706/2830/718
f 720/2831/719 718/2832/719 709/2833/719 710/2834/719
f 719/2835/720 721/2836/720 693/2837/720 692/2838/720
f 722/2839/721 720/2840/721 710/2841/721 711/2842/721
f 721/2843/722 723/2844/722 704/2845/722 693/2846/722
f 724/2847/723 722/2848/723 711/2849/723 712/2850/723
f 723/2851/724 725/2852/724 705/2853/724 704/2854/724
f 726/2855/725 724/2856/725 712/2857/725 713/2858/725
f 725/2859/726 727/2860/726 697/2861/726 705/2862/726
f 728/2863/727 726/2864/727 713/2865/727 714/2866/727
f 727/2867/728 729/2868/728 696/2869/728 697/2870/728
f 730/2871/729 728/2872/729 714/2873/729 715/2874/729
f 729/2875/730 731/2876/730 707/2877/730 696/2878/730
f 717/2879/731 730/2880/731 715/2881/731 708/2882/731
f 731/2883/732 716/2884/732 706/2885/732 707/2886/732
f 733/2887/733 732/2888/733 731/2889/733 730/2890/733
f 734/2891/734 733/2892/734 730/2893/734 717/2894/734
f 735/2895/735 734/2896/735 717/2897/735 716/2898/735
f 732/2899/736 735/2900/736 716/2901/736 731/2902/736
f 737/2903/737 700/2904/737 708/2905/737
f 736/2906/738 737/2907/738 708/2908/738 715/2909/738
f 736/2910/739 715/2911/739 702/2912/739
f 739/2913/740 703/2914/740 712/2915/740
f 738/2916/741 739/2917/741 712/2918/741 711/2919/741
f 738/2920/742 711/2921/742 701/2922/742