# Made in Blockbench 5.1.5
mtllib CommandoArmL.mtl

o cuboid
v -0.8250000000000001 1.1640625000000013 0.10937499999999997
v -0.8250000000000001 1.1640625000000013 -0.11718749999999994
v -0.8250000000000001 1.0390625000000018 0.10937499999999997
v -0.8250000000000001 1.0390625000000018 -0.11718749999999994
v -0.6250000000000001 1.1640625000000013 0.08437499999999995
v -0.6250000000000001 1.1640625000000013 -0.11718749999999994
v -0.6250000000000001 1.0390625000000018 0.08437499999999995
v -0.6250000000000001 1.0390625000000018 -0.11718749999999994
v -0.6250000000000001 1.114062500000002 -0.11718749999999994
v -0.85 1.114062500000002 -0.11718749999999994
v -0.85 1.114062500000002 0.10937499999999997
v -0.6250000000000001 1.114062500000002 0.08437499999999995
v -0.7250000000000001 1.114062500000002 -0.11718749999999994
v -0.7250000000000001 1.1640625000000013 -0.11718749999999994
v -0.7250000000000001 1.1640625000000013 0.10937499999999997
v -0.7250000000000001 1.114062500000002 0.10937499999999997
v -0.7250000000000001 1.0390625000000018 0.10937499999999997
v -0.7250000000000001 1.0390625000000018 -0.11718749999999994
v -0.85 1.114062500000002 -0.042187500000000024
v -0.8250000000000001 1.0390625000000018 -0.042187500000000024
v -0.7250000000000001 1.0390625000000018 -0.042187500000000024
v -0.6250000000000001 1.0390625000000018 -0.042187500000000024
v -0.6250000000000001 1.114062500000002 -0.042187500000000024
v -0.6250000000000001 1.1640625000000013 -0.042187500000000024
v -0.7250000000000001 1.1640625000000013 -0.042187500000000024
v -0.8250000000000001 1.1640625000000013 -0.042187500000000024
v -0.6250000000000001 1.0015625000000015 -0.14843749999999997
v -0.7250000000000001 1.0015625000000015 -0.14843749999999997
v -0.7250000000000001 1.0015625000000017 -0.042187500000000024
v -0.6250000000000001 1.0015625000000017 -0.042187500000000024
v -0.6812500000000001 1.0390625000000018 -0.042187500000000024
v -0.6812500000000001 1.0390625000000018 0.10937499999999997
v -0.6812500000000001 1.114062500000002 0.10937499999999997
v -0.6812500000000001 1.1640625000000013 0.10937499999999997
v -0.6812500000000001 1.1640625000000013 -0.042187500000000024
v -0.6812500000000001 1.1640625000000013 -0.11718749999999994
v -0.6812500000000001 1.114062500000002 -0.11718749999999994
v -0.6812500000000001 1.0015625000000015 -0.14843749999999997
v -0.6812500000000001 1.0015625000000017 -0.042187500000000024
v -0.7250000000000001 1.0140625000000016 -0.11718749999999994
v -0.8171875000000001 1.0140625000000016 -0.042187500000000024
v -0.7250000000000001 1.0140625000000016 -0.042187500000000024
v -0.8171875000000001 1.0140625000000016 -0.11718749999999994
v -0.8171875000000001 1.0140625000000016 0.10937499999999997
v -0.7250000000000001 1.0140625000000016 0.10937499999999997
v -0.6812500000000001 1.0140625000000016 -0.042187500000000024
v -0.6812500000000001 1.0140625000000016 0.10937499999999997
vt 0.25927734375 0.64389921875
vt 0.26865234375 0.64389921875
vt 0.26865234375 0.65378125
vt 0.25927734375 0.65378125
vt 0.2609375 0.9453125
vt 0.2609375 0.9359375
vt 0.2734375 0.9359375
vt 0.2734375 0.9453125
vt 0.19443359375 0.6484375
vt 0.19443359375 0.6578125
vt 0.18291015625 0.6578125
vt 0.18291015625 0.6484375
vt 0.324609375 0.6484375
vt 0.337109375 0.6484375
vt 0.337109375 0.6578125
vt 0.321484375 0.6578125
vt 0.2015625 0.7046875
vt 0.1859375 0.7046875
vt 0.1859375 0.6953125
vt 0.1984375 0.6953125
vt 0.06533203125 0.728125
vt 0.05595703125 0.728125
vt 0.05595703125 0.71875
vt 0.06533203125 0.71875
vt 0.1984375 0.7109375
vt 0.1859375 0.7109375
vt 0.1859375 0.7046875
vt 0.2015625 0.7046875
vt 0.41552734375 0.7977
vt 0.42490234375 0.7977
vt 0.42490234375 0.8046875
vt 0.41552734375 0.8046875
vt 0.321484375 0.6578125
vt 0.337109375 0.6578125
vt 0.337109375 0.6640625
vt 0.324609375 0.6640625
vt 0.06533203125 0.734375
vt 0.05595703125 0.734375
vt 0.05595703125 0.728125
vt 0.06533203125 0.728125
vt 0.1734375 0.7046875
vt 0.18046875 0.7046875
vt 0.18046875 0.7109375
vt 0.1734375 0.7109375
vt 0.2859375 0.9453125
vt 0.27890625 0.9453125
vt 0.27890625 0.9359375
vt 0.2859375 0.9359375
vt 0.15625 0.5390625
vt 0.14855546875 0.5390625
vt 0.14855546875 0.5328125
vt 0.15625 0.5328125
vt 0.15625 0.5328125
vt 0.14855546875 0.5328125
vt 0.14855546875 0.5234375
vt 0.15625 0.5234375
vt 0.19375 0.56796875
vt 0.18671875 0.56796875
vt 0.18671875 0.5546875
vt 0.19375 0.5546875
vt 0.415625 0.5791546875
vt 0.42265625 0.5791546875
vt 0.42265625 0.59375
vt 0.415625 0.59375
vt 0.28759765625 0.65378125
vt 0.26865234375 0.65378125
vt 0.26865234375 0.64389921875
vt 0.28759765625 0.64389921875
vt 0.18291015625 0.6767578125
vt 0.18291015625 0.6578125
vt 0.19443359375 0.6578125
vt 0.19443359375 0.6767578125
vt 0.25 0.54375
vt 0.2421875 0.546875
vt 0.2421875 0.53125
vt 0.25 0.53125
vt 0.040136718749999994 0.71875
vt 0.05595703125 0.71875
vt 0.05595703125 0.728125
vt 0.040136718749999994 0.728125
vt 0.040136718749999994 0.728125
vt 0.05595703125 0.728125
vt 0.05595703125 0.734375
vt 0.040136718749999994 0.734375
vt 0.2859375 0.9359375
vt 0.27890625 0.9359375
vt 0.27890625 0.9169921875
vt 0.2859375 0.9201171875
vt 0.2734375 0.9169921875
vt 0.2734375 0.9359375
vt 0.2609375 0.9359375
vt 0.2609375 0.9169921875
vt 0.44384765625 0.8046875
vt 0.42490234375 0.8046875
vt 0.42490234375 0.7977
vt 0.44384765625 0.7977
vt 0.415234375 0.634375
vt 0.419140625 0.6390625
vt 0.419140625 0.6484375
vt 0.06923828125 0.7140625
vt 0.06533203125 0.728125
vt 0.06533203125 0.71875
vt 0.05595703125 0.7140625
vt 0.06923828125 0.7140625
vt 0.06533203125 0.71875
vt 0.05595703125 0.71875
vt 0.0765625 0.4609375
vt 0.06953124999999999 0.4609375
vt 0.06953124999999999 0.45625000000000004
vt 0.0765625 0.45625000000000004
vt 0.415234375 0.634375
vt 0.428515625 0.634375
vt 0.428515625 0.6390625
vt 0.419140625 0.6390625
vt 0.19443359375 0.6578125
vt 0.19990234375 0.6578125
vt 0.19990234375 0.6767578125
vt 0.19443359375 0.6767578125
vt 0.337109375 0.6484375
vt 0.342578125 0.6484375
vt 0.342578125 0.6578125
vt 0.337109375 0.6578125
vt 0.337109375 0.6578125
vt 0.342578125 0.6578125
vt 0.342578125 0.6640625
vt 0.337109375 0.6640625
vt 0.2734375 0.9169921875
vt 0.27890625 0.9169921875
vt 0.27890625 0.9359375
vt 0.2734375 0.9359375
vt 0.2734375 0.9359375
vt 0.27890625 0.9359375
vt 0.27890625 0.9453125
vt 0.2734375 0.9453125
vt 0.1859375 0.7109375
vt 0.18046875 0.7109375
vt 0.18046875 0.7046875
vt 0.1859375 0.7046875
vt 0.428125 0.59375
vt 0.42265625 0.59375
vt 0.42265625 0.5791546875
vt 0.428125 0.5791546875
vt 0.18125 0.5546875
vt 0.18671875 0.5546875
vt 0.18671875 0.56796875
vt 0.18125 0.56796875
vt 0.0640625 0.45625000000000004
vt 0.06953124999999999 0.45625000000000004
vt 0.06953124999999999 0.4609375
vt 0.0640625 0.4609375
vt 0.515625 0.9453125
vt 0.5234375 0.9453125
vt 0.5234375 0.953125
vt 0.515625 0.953125
vt 0.25927734375 0.640625
vt 0.26865234375 0.640625
vt 0.26865234375 0.64389921875
vt 0.25927734375 0.64389921875
vt 0.1859375 0.6921875
vt 0.1974609375 0.6921875
vt 0.1984375 0.6953125
vt 0.1859375 0.6953125
vt 0.26865234375 0.640625
vt 0.28759765625 0.640625
vt 0.28759765625 0.64389921875
vt 0.26865234375 0.64389921875
vt 0.3255859375 0.6453125
vt 0.337109375 0.6453125
vt 0.337109375 0.6484375
vt 0.324609375 0.6484375
vt 0.0546875 0.4765625
vt 0.0625 0.4765625
vt 0.0625 0.484375
vt 0.0546875 0.484375
vt 0.4453125 0.6015625
vt 0.4609375 0.6015625
vt 0.4609375 0.609375
vt 0.4453125 0.609375
vt 0.337109375 0.6453125
vt 0.342578125 0.6453125
vt 0.342578125 0.6484375
vt 0.337109375 0.6484375
vn -0.9486832980505144 -0.3162277660168363 0
vn 0 1 0
vn 0 -1 0
vn 0 0 1
vn 0 0 -1
vn 1 0 0
vn 0 0 -1
vn -0.8944271909999143 0.44721359549996115 0
vn 0 0 1
vn 1 0 0
vn 0 0 -1
vn 0 1 0
vn 0.4061384660534478 0 0.9138115486202572
vn 0.4061384660534478 0 0.913811548620257
vn 0 -1 2.0898315757650014e-15
vn 0 0.2676438637860938 -0.963517909629941
vn -0.9486832980505144 -0.3162277660168363 0
vn 0 -1 0
vn 0 -1 0
vn 1 0 0
vn 1 0 0
vn 0 1 0
vn 0 1 0
vn -0.8944271909999143 0.44721359549996115 0
vn -1 0 0
vn 1 0 0
vn 1 0 0
vn 0 0 1
vn -1 0 0
vn 0 -1 0
vn 0 0 1
vn 0 0 1
vn 0 1 0
vn 0 1 0
vn 0 0 -1
vn 0 0.2676438637860938 -0.963517909629941
vn 0 -1 2.0898315757650014e-15
vn 0 0 1
vn 1 0 0
vn -0.9544799780350304 -0.2982749931359454 0
vn 0 0 -1
vn -0.9544799780350303 -0.29827499313594535 0
vn 0 0 1
vn 0 0 -1
vn 1 0 0
vn 0 0 1
usemtl m_b56f5dc6-1369-fe8a-30e0-035cc0472814
f 4/1/1 20/2/1 19/3/1 10/4/1
f 2/5/2 26/6/2 25/7/2 14/8/2
f 40/9/3 42/10/3 41/11/3 43/12/3
f 3/13/4 17/14/4 16/15/4 11/16/4
f 10/17/5 13/18/5 18/19/5 4/20/5
f 9/21/6 23/22/6 22/23/6 8/24/6
f 2/25/7 14/26/7 13/27/7 10/28/7
f 10/29/8 19/30/8 26/31/8 2/32/8
f 11/33/9 16/34/9 15/35/9 1/36/9
f 6/37/10 24/38/10 23/39/10 9/40/10
f 9/41/11 37/42/11 36/43/11 6/44/11
f 6/45/12 36/46/12 35/47/12 24/48/12
f 5/49/13 34/50/13 33/51/13 12/52/13
f 12/53/14 33/54/14 32/55/14 7/56/14
f 30/57/15 39/58/15 38/59/15 27/60/15
f 27/61/16 38/62/16 37/63/16 9/64/16
f 11/65/17 19/66/17 20/67/17 3/68/17
f 44/69/18 41/70/18 42/71/18 45/72/18
f 7/73/19 32/74/19 31/75/19 22/76/19
f 7/77/20 22/78/20 23/79/20 12/80/20
f 12/81/21 23/82/21 24/83/21 5/84/21
f 24/85/22 35/86/22 34/87/22 5/88/22
f 15/89/23 25/90/23 26/91/23 1/92/23
f 1/93/24 26/94/24 19/95/24 11/96/24
f 28/97/25 18/98/25 13/99/25
f 27/100/26 9/101/26 8/102/26
f 30/103/27 27/104/27 8/105/27 22/106/27
f 22/107/28 31/108/28 39/109/28 30/110/28
f 28/111/29 29/112/29 21/113/29 18/114/29
f 42/115/30 46/116/30 47/117/30 45/118/30
f 17/119/31 32/120/31 33/121/31 16/122/31
f 16/123/32 33/124/32 34/125/32 15/126/32
f 15/127/33 34/128/33 35/129/33 25/130/33
f 25/131/34 35/132/34 36/133/34 14/134/34
f 14/135/35 36/136/35 37/137/35 13/138/35
f 13/139/36 37/140/36 38/141/36 28/142/36
f 28/143/37 38/144/37 39/145/37 29/146/37
f 29/147/38 39/148/38 31/149/38 21/150/38
f 42/151/39 40/152/39 18/153/39 21/154/39
f 43/155/40 41/156/40 20/157/40 4/158/40
f 40/159/41 43/160/41 4/161/41 18/162/41
f 41/163/42 44/164/42 3/165/42 20/166/42
f 44/167/43 45/168/43 17/169/43 3/170/43
f 46/171/44 42/172/44 21/173/44 31/174/44
f 47/175/45 46/176/45 31/177/45 32/178/45
f 45/179/46 47/180/46 32/181/46 17/182/46
o Forearm
v -0.6187499999999997 1.2734375000000007 -0.1157525510204102
v -0.6187500000000004 1.2734375000000007 0.11575255102040606
v -0.6187499999999996 1.0578124999999994 -0.11575255102041017
v -0.6187500000000002 1.0578124999999994 0.11575255102040609
v -0.33749999999999974 1.2734375000000007 -0.11575255102040936
v -0.3375000000000004 1.2734375000000007 0.1157525510204069
v -0.33749999999999974 1.0578124999999994 -0.11575255102040934
v -0.3375000000000004 1.0578124999999994 0.11575255102040692
v -0.6187499999999996 1.1437499999999998 -0.11575255102041018
v -0.33749999999999974 1.1437499999999998 -0.11575255102040935
v -0.3375000000000004 1.1437499999999998 0.11575255102040691
v -0.6187500000000002 1.1437499999999998 0.11575255102040607
v -0.7249999999999995 1.2734375000000007 -0.1157525510204105
v -0.7250000000000001 1.1437499999999998 0.11575255102040577
v -0.7249999999999994 1.1437499999999998 -0.11575255102041049
v -0.7250000000000002 1.2734375000000007 0.11575255102040576
v -0.6187499999999994 1.0578124999999994 -0.17187500000000192
v -0.6187499999999994 1.1437499999999998 -0.17187500000000194
v -0.3374999999999996 1.1437499999999998 -0.1718750000000011
v -0.3374999999999996 1.0578124999999994 -0.17187500000000108
v -0.3375000000000006 1.0578124999999994 0.17187499999999875
v -0.3375000000000006 1.1437499999999998 0.17187499999999872
v -0.6187500000000005 1.1437499999999998 0.1718749999999979
v -0.6187500000000005 1.0578124999999994 0.17187499999999792
v -0.8625000000000005 1.0578124999999994 0.1718749999999978
v -0.8625000000000005 1.1437499999999998 0.17187499999999778
v -0.9000000000000001 1.1437499999999998 0.11575255102040596
v -0.9000000000000001 1.0578124999999994 0.11575255102040598
v -0.8624999999999994 1.1437499999999998 -0.1718750000000021
v -0.8624999999999994 1.0578124999999994 -0.17187500000000208
v -0.8999999999999995 1.0578124999999994 -0.1157525510204103
v -0.8999999999999995 1.1437499999999998 -0.11575255102041031
v -0.8437499999999997 1.1437499999999998 -0.1718750000000021
v -0.8437499999999997 1.0578124999999994 -0.17187500000000208
v -0.8437499999999999 1.0578124999999994 -0.11575255102041027
v -0.8437499999999999 1.1437499999999998 -0.11575255102041028
v -0.8437500000000006 1.1437499999999998 0.11575255102040598
v -0.8437500000000006 1.0578124999999994 0.11575255102040599
v -0.8437500000000008 1.0578124999999994 0.17187499999999775
v -0.8437500000000008 1.1437499999999998 0.17187499999999772
v -0.6187499999999996 1.0265624999999998 -0.11575255102041017
v -0.33749999999999974 1.0265624999999998 -0.11575255102040932
v -0.6187500000000002 1.0265624999999998 0.11575255102040609
v -0.3375000000000004 1.0265624999999998 0.11575255102040694
v -0.7062500000000005 1.1253906249999999 0.17187499999999772
v -0.7562500000000008 1.0761718749999993 0.17187499999999786
v -0.7562500000000008 1.1253906249999999 0.17187499999999786
v -0.7062500000000005 1.0761718749999993 0.17187499999999772
v -0.7062499999999994 1.0761718749999993 -0.1718750000000021
v -0.7562499999999996 1.1253906249999999 -0.171875000000002
v -0.7562499999999996 1.0761718749999993 -0.171875000000002
v -0.7062499999999994 1.1253906249999999 -0.1718750000000021
v -0.7062500000000003 1.1253906249999999 0.20312499999999772
v -0.7562500000000005 1.0761718749999993 0.20312499999999786
v -0.7562500000000005 1.1253906249999999 0.20312499999999786
v -0.7062500000000003 1.0761718749999993 0.20312499999999772
v -0.7062499999999995 1.0761718749999993 -0.2031250000000021
v -0.7562499999999998 1.1253906249999999 -0.203125000000002
v -0.7562499999999998 1.0761718749999993 -0.203125000000002
v -0.7062499999999995 1.1253906249999999 -0.2031250000000021
v -0.8999999999999996 1.0578124999999994 -0.057877551020410284
v -0.8999999999999996 1.1437499999999998 -0.05787755102041029
v -0.8999999999999998 1.0578124999999994 -0.0000021258597123974056
v -0.8999999999999998 1.1437499999999998 -0.0000021258597124079296
v -0.9 1.0578124999999994 0.05787393704671727
v -0.9 1.1437499999999998 0.05787393704671726
v -0.84375 1.1437499999999998 -0.05787755102041026
v -0.8437500000000002 1.1437499999999998 -0.000002125859712384641
v -0.8437500000000004 1.1437499999999998 0.05787393704671729
v -0.84375 1.0578124999999994 -0.057877551020410256
v -0.8437500000000002 1.0578124999999994 -0.0000021258597123741165
v -0.8437500000000004 1.0578124999999994 0.0578739370467173
v -0.9312499999999995 1.0728515624999992 -0.1056244260204103
v -0.9312499999999996 1.0728515624999992 -0.0680056760204103
v -0.9312499999999996 1.1287109374999995 -0.0680056760204103
v -0.9312499999999995 1.1287109374999995 -0.1056244260204103
v -0.9312499999999997 1.0728515624999992 -0.04774935161728815
v -0.9312499999999998 1.0728515624999992 -0.010130325262834526
v -0.9312499999999998 1.1287109374999995 -0.010130325262834533
v -0.9312499999999997 1.1287109374999995 -0.047749351617288154
v -0.9312499999999998 1.0728515624999992 0.010126185148912795
v -0.9312499999999999 1.0728515624999992 0.047745626038092084
v -0.9312499999999999 1.1287109374999995 0.04774562603809208
v -0.9312499999999998 1.1287109374999995 0.010126185148912788
v -0.9312500000000001 1.1287109374999995 0.10562379357501044
v -0.93125 1.0728515624999992 0.06800269449211278
v -0.93125 1.1287109374999995 0.06800269449211278
v -0.9312500000000001 1.0728515624999992 0.10562379357501044
v -0.7249999999999998 1.1437499999999998 0.0000025510204057604183
v -0.7249999999999999 1.2921875000000007 0.00000255102040574224
v -0.61875 1.2921875000000007 0.000002551020406057049
v -0.3375000000000001 1.2921875000000007 0.0000025510204068903666
v -0.3375000000000001 1.1437499999999998 0.0000025510204069085452
v -0.3375000000000001 1.0578124999999994 0.000002551020406919069
v -0.3375000000000001 1.0078124999999998 0.0000025510204069251924
v -0.6187499999999999 1.0078124999999998 0.0000025510204060918746
v -0.6187499999999999 1.0578124999999994 0.0000025510204060857514
v -0.6187499999999999 1.1437499999999998 0.0000025510204060752275
v -0.7250000000000002 1.2644140625000007 0.10707130102040575
v -0.7249999999999998 1.1541796874999999 0.008683801020405758
v -0.7249999999999999 1.2803515625000006 0.008683801020405743
v -0.7250000000000001 1.1541796874999999 0.10707130102040577
v -0.7249999999999994 1.1541796874999999 -0.10707091836734928
v -0.7249999999999998 1.1541796874999999 -0.00867908163265546
v -0.7249999999999999 1.2803515625000006 -0.008679081632655475
v -0.7249999999999995 1.2644140625000007 -0.10707091836734929
v -0.7062499999999994 1.1541796874999999 -0.10707091836734922
v -0.7062499999999997 1.1541796874999999 -0.008679081632655404
v -0.7062499999999998 1.2803515625000006 -0.00867908163265542
v -0.7062499999999995 1.2644140625000007 -0.10707091836734924
v -0.7062500000000002 1.2644140625000007 0.10707130102040581
v -0.7062499999999997 1.1541796874999999 0.008683801020405814
v -0.7062499999999998 1.2803515625000006 0.008683801020405798
v -0.70625 1.1541796874999999 0.10707130102040582
v -0.31249999999999956 1.0578124999999994 -0.17187500000000103
v -0.31249999999999956 1.1437499999999998 -0.17187500000000103
v -0.3124999999999997 1.1437499999999998 -0.11575255102040927
v -0.3124999999999997 1.0578124999999994 -0.11575255102040925
v -0.31250000000000006 1.1437499999999998 0.000002551020406982618
v -0.31250000000000006 1.0578124999999994 0.0000025510204069931422
v -0.3125000000000004 1.0578124999999994 0.115752551020407
v -0.3125000000000004 1.1437499999999998 0.11575255102040699
v -0.31250000000000056 1.1437499999999998 0.1718749999999988
v -0.31250000000000056 1.0578124999999994 0.1718749999999988
vt 0.3984375 0.9433203125
vt 0.3828125 0.9453125
vt 0.3828125 0.9296875
vt 0.3984375 0.9296875
vt 0.0011562499999999993 0.6923828125
vt 0.015625 0.6923828125
vt 0.015625 0.7109375
vt 0.0011562499999999993 0.70859375
vt 0.309375 0.95409296875
vt 0.309375 0.96875
vt 0.27421875 0.96875
vt 0.27421875 0.95409296875
vt 0.21875 0.7421875
vt 0.21875 0.7265625
vt 0.2578125 0.7265625
vt 0.2578125 0.7421875
vt 0.221875 0.8828125
vt 0.221875 0.8666015625
vt 0.25703125 0.8666015625
vt 0.25703125 0.8828125
vt 0.24296875 1
vt 0.24296875 0.9837890625
vt 0.278125 0.9837890625
vt 0.278125 1
vt 0.24999942211014345 0.7548828125
vt 0.24999942211014345 0.765625
vt 0.21484317211014345 0.765625
vt 0.21484317211014345 0.7548828125
vt 0.33709375 0.9345703125
vt 0.3515625 0.9345703125
vt 0.3515625 0.9453125
vt 0.33709375 0.9453125
vt 0.3164064069678384 0.8408203125
vt 0.3164064069678384 0.8515625
vt 0.28125015696783834 0.8515625
vt 0.28125015696783834 0.8408203125
vt 0.030093750000000002 0.6796875
vt 0.015625 0.6796875
vt 0.015625 0.6689453125
vt 0.030093750000000002 0.6689453125
vt 0.2703125 0.8666015625
vt 0.2703125 0.8828125
vt 0.25703125 0.8828125
vt 0.25703125 0.8666015625
vt 0.155078125 0.7890625
vt 0.155078125 0.80353125
vt 0.141796875 0.80353125
vt 0.141796875 0.7890625
vt 0.2296875 1
vt 0.2296875 0.9837890625
vt 0.24296875 0.9837890625
vt 0.24296875 1
vt 0.27421875 0.95409296875
vt 0.27421875 0.96875
vt 0.2609375 0.96875
vt 0.2609375 0.95409296875
vt 0.359375 0.484375
vt 0.359375 0.4765625
vt 0.3671875 0.4765625
vt 0.3671875 0.484375
vt 0.005468750000000001 0.88671875
vt 0.040625 0.88671875
vt 0.040625 0.893734375
vt 0.005468750000000001 0.893734375
vt 0.373046875 0.9345703125
vt 0.373046875 0.9453125
vt 0.36603125000000003 0.9453125
vt 0.36603125000000003 0.9345703125
vt 0.1265625 0.92578125
vt 0.09140625 0.92578125
vt 0.09140625 0.918765625
vt 0.1265625 0.918765625
vt 0.330078125 0.9453125
vt 0.330078125 0.9345703125
vt 0.33709375 0.9345703125
vt 0.33709375 0.9453125
vt 0.040625 0.9296875
vt 0.005468750000000001 0.9296875
vt 0.005468750000000001 0.922671875
vt 0.040625 0.922671875
vt 0.5234375 0.6328125
vt 0.5234375 0.640625
vt 0.515625 0.640625
vt 0.515625 0.6328125
vt 0.09140625 0.8828125
vt 0.1265625 0.8828125
vt 0.1265625 0.889828125
vt 0.09140625 0.889828125
vt 0.5234375 0.65625
vt 0.515625 0.65625
vt 0.515625 0.6484375
vt 0.5234375 0.6484375
vt 0.040625 0.922671875
vt 0.06875 0.922671875
vt 0.06875 0.9296875
vt 0.040625 0.9296875
vt 0.345703125 0.7236328125
vt 0.373828125 0.7236328125
vt 0.373828125 0.734375
vt 0.345703125 0.734375
vt 0.1265625 0.8828125
vt 0.1546875 0.8828125
vt 0.1546875 0.889828125
vt 0.1265625 0.889828125
vt 0.34375 0.4765625
vt 0.3515625 0.4765625
vt 0.3515625 0.484375
vt 0.34375 0.484375
vt 0.1265625 0.918765625
vt 0.1546875 0.918765625
vt 0.1546875 0.92578125
vt 0.1265625 0.92578125
vt 0.380859375 0.7578125
vt 0.352734375 0.7578125
vt 0.352734375 0.7470703125
vt 0.380859375 0.7470703125
vt 0.040625 0.88671875
vt 0.06875 0.88671875
vt 0.06875 0.893734375
vt 0.040625 0.893734375
vt 0.28046932788985657 0.7656227550034846
vt 0.2781255779117979 0.7656230757059747
vt 0.2781241080253851 0.7548808883065392
vt 0.28046785800344376 0.7548805676040491
vt 0.15703125 0.92578125
vt 0.1546875 0.92578125
vt 0.1546875 0.918765625
vt 0.16171875 0.918765625
vt 0.345703125 0.7470703125
vt 0.352734375 0.7470703125
vt 0.352734375 0.7578125
vt 0.345703125 0.7578125
vt 0.07578125 0.893734375
vt 0.06875 0.893734375
vt 0.06875 0.88671875
vt 0.07109375000000001 0.88671875
vt 0.380859375 0.734375
vt 0.373828125 0.734375
vt 0.373828125 0.7236328125
vt 0.380859375 0.7236328125
vt 0.16171875 0.889828125
vt 0.1546875 0.889828125
vt 0.1546875 0.8828125
vt 0.15703125 0.8828125
vt 0.2507825629185744 0.8408180676616452
vt 0.25312631289663307 0.8408183883641352
vt 0.2531248430102203 0.8515605757635707
vt 0.2507810930321616 0.8515602550610807
vt 0.07109375000000001 0.9296875
vt 0.06875 0.9296875
vt 0.06875 0.922671875
vt 0.07578125 0.922671875
vt 0.36053125 0.8330078125
vt 0.367765625 0.8330078125
vt 0.367765625 0.84375
vt 0.36053125 0.84375
vt 0.5234375 0.9375
vt 0.515625 0.9375
vt 0.515625 0.9296875
vt 0.5234375 0.9296875
vt 0.367578125 0.59375
vt 0.367578125 0.586515625
vt 0.374609375 0.586515625
vt 0.374609375 0.59375
vt 0.421484375 0.8125
vt 0.421484375 0.819734375
vt 0.414453125 0.819734375
vt 0.414453125 0.8125
vt 0.030093750000000002 0.6689453125
vt 0.015625 0.6689453125
vt 0.015625 0.6626953125
vt 0.030093750000000002 0.6650390625
vt 0.015625 0.90625
vt 0.0546875 0.90625
vt 0.0546875 0.9140625
vt 0.015625 0.9140625
vt 0.43084375 0.94140625
vt 0.4453125 0.9390625
vt 0.4453125 0.9453125
vt 0.43084375 0.9453125
vt 0.1015625 0.8984375
vt 0.140625 0.8984375
vt 0.140625 0.90625
vt 0.1015625 0.90625
vt 0.26406265698246595 0.849266759896679
vt 0.27031265696783835 0.8492671875
vt 0.28124999995837086 0.8515624670504418
vt 0.2531250000241949 0.8515605428354969
vt 0.2640634988265023 0.843114416204275
vt 0.26406265698246595 0.849266759896679
vt 0.2531248430102203 0.8515605757635707
vt 0.25312631289663307 0.8408183883641352
vt 0.27031265696783835 0.84311484375
vt 0.26406265698246595 0.8431144161466789
vt 0.25312531404538385 0.8408183553462389
vt 0.2812503139795598 0.8408202795611839
vt 0.27031265696783835 0.8492671875
vt 0.27031265696783835 0.84311484375
vt 0.28125015696783834 0.8408203125
vt 0.28125015696783834 0.8515625
vt 0.26718692209551587 0.7571769161466789
vt 0.26093692211014347 0.75717734375
vt 0.24999926509842202 0.7548827795611839
vt 0.27812426503259796 0.7548808553462389
vt 0.2671877639395523 0.7633292598390828
vt 0.26718692209551587 0.7571769161466789
vt 0.2781241080253851 0.7548808883065392
vt 0.2781255779117979 0.7656230757059747
vt 0.26093692211014347 0.7633296875
vt 0.26718692209551587 0.763329259896679
vt 0.27812457905378685 0.7656230428354969
vt 0.24999957911961093 0.7656249670504418
vt 0.26093692211014347 0.75717734375
vt 0.26093692211014347 0.7633296875
vt 0.24999942211014345 0.765625
vt 0.24999942211014345 0.7548828125
vt 0.5234375 0.8671875
vt 0.515625 0.8671875
vt 0.515625 0.859375
vt 0.5234375 0.859375
vt 0.5234375 0.6796875
vt 0.5234375 0.6875
vt 0.515625 0.6875
vt 0.515625 0.6796875
vt 0.515625 0.84375
vt 0.5234375 0.84375
vt 0.5234375 0.8515625
vt 0.515625 0.8515625
vt 0.515625 0.671875
vt 0.515625 0.6640625
vt 0.5234375 0.6640625
vt 0.5234375 0.671875
vt 0.5234375 0.8359375
vt 0.515625 0.8359375
vt 0.515625 0.828125
vt 0.5234375 0.828125
vt 0.25 0.484375
vt 0.25 0.4765625
vt 0.2578125 0.4765625
vt 0.2578125 0.484375
vt 0.1875 0.4765625
vt 0.1953125 0.4765625
vt 0.1953125 0.484375
vt 0.1875 0.484375
vt 0.5234375 0.6953125
vt 0.5234375 0.703125
vt 0.515625 0.703125
vt 0.515625 0.6953125
vt 0.21875 0.4765625
vt 0.2265625 0.4765625
vt 0.2265625 0.484375
vt 0.21875 0.484375
vt 0.515625 0.765625
vt 0.5234375 0.765625
vt 0.5234375 0.7734375
vt 0.515625 0.7734375
vt 0.234375 0.4765625
vt 0.2421875 0.4765625
vt 0.2421875 0.484375
vt 0.234375 0.484375
vt 0.374609375 0.5648124999999999
vt 0.374609375 0.5720468750000001
vt 0.367578125 0.5720468750000001
vt 0.367578125 0.5648124999999999
vt 0.374609375 0.5720468750000001
vt 0.374609375 0.57928125
vt 0.367578125 0.57928125
vt 0.367578125 0.5720468750000001
vt 0.374609375 0.57928125
vt 0.374609375 0.586515625
vt 0.367578125 0.586515625
vt 0.367578125 0.57928125
vt 0.38946875000000003 0.84375
vt 0.382234375 0.84375
vt 0.382234375 0.8330078125
vt 0.38946875000000003 0.8330078125
vt 0.382234375 0.84375
vt 0.375 0.84375
vt 0.375 0.8330078125
vt 0.382234375 0.8330078125
vt 0.375 0.84375
vt 0.367765625 0.84375
vt 0.367765625 0.8330078125
vt 0.375 0.8330078125
vt 0.414453125 0.8414375000000001
vt 0.414453125 0.8342031249999999
vt 0.421484375 0.8342031249999999
vt 0.421484375 0.8414375000000001
vt 0.414453125 0.8342031249999999
vt 0.414453125 0.82696875
vt 0.421484375 0.82696875
vt 0.421484375 0.8342031249999999
vt 0.414453125 0.82696875
vt 0.414453125 0.819734375
vt 0.421484375 0.819734375
vt 0.421484375 0.82696875
vt 0.54531953125 0.921875
vt 0.5406171875 0.921875
vt 0.5393515625 0.9140625
vt 0.5465859375 0.9140625
vt 0.1875 0.5215578125
vt 0.1875 0.514575
vt 0.1953125 0.5126953125
vt 0.1953125 0.5234375
vt 0.0874921875 0.453125
vt 0.09219453125 0.453125
vt 0.09346093750000001 0.4609375
vt 0.0862265625 0.4609375
vt 0.0078125 0.5067625
vt 0.0078125 0.5137453125
vt 0 0.515625
vt 0 0.5048828125
vt 0.54531953125 0.890625
vt 0.5406171875 0.890625
vt 0.5393515625 0.8828125
vt 0.5465859375 0.8828125
vt 0.1484375 0.5137453125
vt 0.1484375 0.5067625
vt 0.15625 0.5048828125
vt 0.15625 0.515625
vt 0.1187421875 0.453125
vt 0.12344453125 0.453125
vt 0.12471093750000001 0.4609375
vt 0.1174765625 0.4609375
vt 0.2734375 0.5067625
vt 0.2734375 0.5137453125
vt 0.265625 0.515625
vt 0.265625 0.5048828125
vt 0.13906953125 0.4609375
vt 0.1343671875 0.4609375
vt 0.1331015625 0.453125
vt 0.1403359375 0.453125
vt 0.3046875 0.5137453125
vt 0.3046875 0.5067625
vt 0.3125 0.5048828125
vt 0.3125 0.515625
vt 0.1499921875 0.453125
vt 0.15469453125 0.453125
vt 0.1559609375 0.4609375
vt 0.1487265625 0.4609375
vt 0.328125 0.5067625
vt 0.328125 0.5137453125
vt 0.3203125 0.515625
vt 0.3203125 0.5048828125
vt 0.5406171875 0.8984375
vt 0.5453203125 0.8984375
vt 0.5465859375 0.90625
vt 0.5393515625 0.90625
vt 0.34375 0.5067625
vt 0.34375 0.5137453125
vt 0.3359375 0.515625
vt 0.3359375 0.5048828125
vt 0.1078203125 0.4609375
vt 0.1031171875 0.4609375
vt 0.1018515625 0.453125
vt 0.10908593750000001 0.453125
vt 0.484375 0.6778078125
vt 0.484375 0.670825
vt 0.4921875 0.6689453125
vt 0.4921875 0.6796875
vt 0.09375 0.6015625
vt 0.109375 0.6015625
vt 0.109375 0.6171875
vt 0.09375 0.6151953125
vt 0.3015625 0.8134671875
vt 0.3015625 0.828125
vt 0.28828125 0.828125
vt 0.28828125 0.8134671875
vt 0.28828125 0.8134671875
vt 0.28828125 0.828125
vt 0.253125 0.828125
vt 0.253125 0.8134671875
vt 0.030093750000000002 0.70859375
vt 0.015625 0.7109375
vt 0.015625 0.6923828125
vt 0.030093750000000002 0.6923828125
vt 0.36603125000000003 0.9453125
vt 0.3515625 0.9453125
vt 0.3515625 0.9345703125
vt 0.36603125000000003 0.9345703125
vt 0.45978125000000003 0.9453125
vt 0.4453125 0.9453125
vt 0.4453125 0.9390625
vt 0.45978125000000003 0.94140625
vt 0.2578125 0.90625
vt 0.2578125 0.890625
vt 0.296875 0.890625
vt 0.296875 0.90625
vt 0.0011562499999999993 0.6650390625
vt 0.015625 0.6626953125
vt 0.015625 0.6689453125
vt 0.0011562499999999993 0.6689453125
vt 0.0011562499999999993 0.6689453125
vt 0.015625 0.6689453125
vt 0.015625 0.6796875
vt 0.0011562499999999993 0.6796875
vt 0.141796875 0.8180000000000001
vt 0.141796875 0.80353125
vt 0.155078125 0.80353125
vt 0.155078125 0.8180000000000001
vt 0.30577265625 0.9985203125
vt 0.31807109375 0.996528125
vt 0.31915625000000003 0.99765625
vt 0.3046875 1
vt 0.30577265625 0.98274921875
vt 0.30577265625 0.9985203125
vt 0.3046875 1
vt 0.3046875 0.9814453125
vt 0.31807109375 0.98274921875
vt 0.30577265625 0.98274921875
vt 0.3046875 0.9814453125
vt 0.31915625000000003 0.9814453125
vt 0.31807109375 0.996528125
vt 0.31807109375 0.98274921875
vt 0.31915625000000003 0.9814453125
vt 0.31915625000000003 0.99765625
vt 0.30360234375 0.98274921875
vt 0.29130390625 0.98274921875
vt 0.29021875 0.9814453125
vt 0.3046875 0.9814453125
vt 0.30360234375 0.9985203125
vt 0.30360234375 0.98274921875
vt 0.3046875 0.9814453125
vt 0.3046875 1
vt 0.29130390625 0.996528125
vt 0.30360234375 0.9985203125
vt 0.3046875 1
vt 0.29021875 0.99765625
vt 0.29130390625 0.98274921875
vt 0.29130390625 0.996528125
vt 0.29021875 0.99765625
vt 0.29021875 0.9814453125
vt 0.28125 0.546875
vt 0.28125 0.53125
vt 0.2890625 0.53125
vt 0.2890625 0.546875
vt 0.296875 0.546875
vt 0.296875 0.53125
vt 0.3046875 0.53125
vt 0.3046875 0.546875
vt 0.46875 0.9609375
vt 0.46875 0.9765625
vt 0.4609375 0.9765625
vt 0.4609375 0.9609375
vt 0.4609375 0.6796875
vt 0.4609375 0.6953125
vt 0.453125 0.6953125
vt 0.453125 0.6796875
vt 0.0703125 0.5390625
vt 0.0703125 0.5234375
vt 0.078125 0.5234375
vt 0.078125 0.5390625
vt 0.4609375 0.65625
vt 0.4609375 0.671875
vt 0.453125 0.671875
vt 0.453125 0.65625
vt 0.453125 0.6484375
vt 0.453125 0.6328125
vt 0.4609375 0.6328125
vt 0.4609375 0.6484375
vt 0 0.5390625
vt 0 0.5234375
vt 0.0078125 0.5234375
vt 0.0078125 0.5390625
vt 0.21171817211014343 0.765625
vt 0.21171817211014343 0.7548828125
vt 0.21484317211014345 0.7548828125
vt 0.21484317211014345 0.765625
vt 0.0023437499999999986 0.893734375
vt 0.0023437499999999986 0.88671875
vt 0.005468750000000001 0.88671875
vt 0.005468750000000001 0.893734375
vt 0.08828125 0.92578125
vt 0.08828125 0.918765625
vt 0.09140625 0.918765625
vt 0.09140625 0.92578125
vt 0.0023437499999999986 0.908203125
vt 0.0023437499999999986 0.893734375
vt 0.005468750000000001 0.893734375
vt 0.005468750000000001 0.908203125
vt 0.08828125 0.918765625
vt 0.08828125 0.904296875
vt 0.09140625 0.904296875
vt 0.09140625 0.918765625
vt 0.08828125 0.904296875
vt 0.08828125 0.889828125
vt 0.09140625 0.889828125
vt 0.09140625 0.904296875
vt 0.0023437499999999986 0.922671875
vt 0.0023437499999999986 0.908203125
vt 0.005468750000000001 0.908203125
vt 0.005468750000000001 0.922671875
vt 0.3195314069678383 0.8408203125
vt 0.3195314069678383 0.8515625
vt 0.3164064069678384 0.8515625
vt 0.3164064069678384 0.8408203125
vt 0.08828125 0.889828125
vt 0.08828125 0.8828125
vt 0.09140625 0.8828125
vt 0.09140625 0.889828125
vt 0.0023437499999999986 0.9296875
vt 0.0023437499999999986 0.922671875
vt 0.005468750000000001 0.922671875
vt 0.005468750000000001 0.9296875
vn -1 -1.224646799147357e-16 -2.9629076969683865e-15
vn 1 1.224646799147357e-16 2.9629076969683865e-15
vn -5.946658929131181e-16 0.9871327777197709 0.1599027177731813
vn -3.528880935995274e-16 -0.9871327777197707 0.1599027177731815
vn 2.9629076969683865e-15 -1.224646799147353e-16 -1
vn -2.9629076969683865e-15 1.224646799147353e-16 1
vn 2.9629076969683865e-15 -1.224646799147353e-16 -1
vn 1 1.224646799147357e-16 2.9629076969683865e-15
vn -2.9629076969683865e-15 1.224646799147353e-16 1
vn -1 -1.224646799147357e-16 -2.9629076969683865e-15
vn 2.9629076969683865e-15 -1.224646799147353e-16 -1
vn 1.224646799147353e-16 -1 1.224646799147357e-16
vn -2.9629076969683865e-15 1.224646799147353e-16 1
vn -5.94665892913118e-16 0.9871327777197708 0.15990271777318127
vn -0.8314683907988658 -1.6986346497360918e-16 -0.5555720611246975
vn -1.224646799147353e-16 1 -1.224646799147357e-16
vn 1 1.224646799147357e-16 2.9629076969683865e-15
vn 1.224646799147353e-16 -1 1.224646799147357e-16
vn 1 1.224646799147357e-16 2.9629076969683865e-15
vn -1.224646799147353e-16 1 -1.224646799147357e-16
vn -0.8314683907988681 -3.3787555703197833e-17 0.555572061124694
vn 1.224646799147353e-16 -1 1.224646799147357e-16
vn 2.5882074261573662e-15 1.2246467991473599e-16 1
vn -1.224646799147353e-16 1 -1.224646799147357e-16
vn 4.3406636309997786e-16 -1.2246467991473562e-16 -1
vn 1.224646799147353e-16 -1 1.224646799147357e-16
vn -2.033095913844791e-15 -1.2246467991473591e-16 -1
vn 1.224646799147353e-16 -1 1.224646799147357e-16
vn -4.3406636309997786e-16 1.2246467991473562e-16 1
vn -1.224646799147353e-16 1 -1.224646799147357e-16
vn 2.3129646345898574e-18 -1.2246467991473567e-16 -1
vn 1.224646799147353e-16 -1 1.224646799147357e-16
vn -4.957454200235758e-16 1.224646799147356e-16 1
vn -1.224646799147353e-16 1 -1.224646799147357e-16
vn 2.4902919232909464e-16 -1.2246467991473562e-16 -1
vn 1.224646799147353e-16 -1 1.224646799147357e-16
vn 2.9582817676992068e-15 1.22464679914736e-16 1
vn -1.224646799147353e-16 1 -1.224646799147357e-16
vn 1 1.224646799147357e-16 2.9629076969683865e-15
vn -1 -1.224646799147357e-16 -2.9629076969683865e-15
vn -1.224646799147353e-16 1 -1.224646799147357e-16
vn 1.224646799147353e-16 -1 1.224646799147357e-16
vn -1 -1.224646799147357e-16 -2.9629076969683865e-15
vn 2.9629076969683865e-15 -1.224646799147353e-16 -1
vn 1 1.224646799147357e-16 2.9629076969683865e-15
vn -2.9629076969683865e-15 1.224646799147353e-16 1
vn 2.5882074261573694e-15 -2.179853461481168e-14 1
vn -1.3768748046467348e-15 1.224646799147355e-16 1
vn 2.5882074261573694e-15 -1.8774948505194224e-14 1
vn -2.0112879615753954e-15 1.2246467991473542e-16 1
vn -2.0330959138447887e-15 -1.9397826128725885e-14 -1
vn 1.0596682261824043e-15 -1.2246467991473552e-16 -1
vn -2.0330959138447895e-15 -1.4862446964299703e-14 -1
vn 2.0112879615753954e-15 -1.2246467991473542e-16 -1
vn -1.224646799147353e-16 1 -1.224646799147357e-16
vn -1 -1.2246467991473483e-16 4.142519660632615e-15
vn 1.224646799147353e-16 -1 1.224646799147357e-16
vn 1 1.2246467991473483e-16 -4.142519660632615e-15
vn 1.224646799147353e-16 -1 1.224646799147357e-16
vn -1 -1.2246467991473525e-16 5.898059818321144e-16
vn -1.224646799147353e-16 1 -1.224646799147357e-16
vn 1 1.2246467991473525e-16 -5.898059818321144e-16
vn -1 -1.224646799147357e-16 -2.9629076969683865e-15
vn -1 -1.224646799147357e-16 -2.9629076969683865e-15
vn -1 -1.224646799147357e-16 -2.9629076969683865e-15
vn -1.224646799147353e-16 1 -1.224646799147357e-16
vn -1.224646799147353e-16 1 -1.224646799147357e-16
vn -1.224646799147353e-16 1 -1.224646799147357e-16
vn 1 1.224646799147357e-16 2.9629076969683865e-15
vn 1 1.224646799147357e-16 2.9629076969683865e-15
vn 1 1.224646799147357e-16 2.9629076969683865e-15
vn 1.224646799147353e-16 -1 1.224646799147357e-16
vn 1.224646799147353e-16 -1 1.224646799147357e-16
vn 1.224646799147353e-16 -1 1.224646799147357e-16
vn -0.4336462817275479 -0.901083182810484 -1.1745030423328361e-15
vn -0.3083116052618753 7.874158265724465e-17 0.9512854219743125
vn -0.4336462817275481 0.901083182810484 -1.3952047694517105e-15
vn -0.30831160526187423 -1.542561467620321e-16 -0.9512854219743129
vn -0.43364628172754793 -0.901083182810484 -1.1745030423328363e-15
vn -0.30831365488120205 7.87412502999346e-17 0.9512847576902487
vn -0.43364628172754816 0.901083182810484 -1.3952047694517107e-15
vn -0.3083136548812017 -1.5425631641667173e-16 -0.9512847576902489
vn -0.43364628172754793 -0.901083182810484 -1.1745030423328363e-15
vn -0.30831672932472703 7.874075176049209e-17 0.9512837612502923
vn -0.43364628172754816 0.901083182810484 -1.3952047694517107e-15
vn -0.3083167293247266 -1.5425657089871362e-16 -0.9512837612502925
vn -0.4336462817275481 0.901083182810484 -1.3952047694517105e-15
vn -0.3083290274087557 -1.542575888390878e-16 -0.9512797752802121
vn -0.4336462817275479 -0.901083182810484 -1.1745030423328361e-15
vn -0.3083290274087568 7.873875753901775e-17 0.9512797752802119
vn -1 -1.224646799147357e-16 -2.9629076969683865e-15
vn 3.52867608992786e-16 0.9871338901741575 -0.15989585007008297
vn 3.528676089927861e-16 0.9871338901741575 -0.159895850070083
vn 1 1.224646799147357e-16 2.9629076969683865e-15
vn 1 1.224646799147357e-16 2.9629076969683865e-15
vn 1 1.224646799147357e-16 2.9629076969683865e-15
vn 5.946456807791174e-16 -0.9871338901741575 -0.15989585007008278
vn -1 -1.224646799147357e-16 -2.9629076969683865e-15
vn -1 -1.224646799147357e-16 -2.9629076969683865e-15
vn 1.224646799147353e-16 -1 1.224646799147357e-16
vn -1 -1.224646799147357e-16 -2.9629076969683865e-15
vn -1 -1.224646799147357e-16 -2.9629076969683865e-15
vn -1 -1.224646799147357e-16 -2.9629076969683865e-15
vn -1 -1.224646799147357e-16 -2.9629076969683865e-15
vn -1 -1.224646799147357e-16 -2.9629076969683865e-15
vn -1 -1.224646799147357e-16 -2.9629076969683865e-15
vn -1 -1.224646799147357e-16 -2.9629076969683865e-15
vn -1 -1.224646799147357e-16 -2.9629076969683865e-15
vn -1.224646799147353e-16 1 -1.224646799147357e-16
vn 2.9629076969683865e-15 -1.224646799147353e-16 -1
vn -3.5286760899278313e-16 -0.9871338901741578 0.159895850070082
vn -2.9629076969683865e-15 1.224646799147353e-16 1
vn 5.946658929131151e-16 -0.9871327777197709 -0.1599027177731803
vn -2.9629076969683865e-15 1.224646799147353e-16 1
vn -1.224646799147353e-16 1 -1.224646799147357e-16
vn 2.9629076969683865e-15 -1.224646799147353e-16 -1
vn 2.9629076969683865e-15 -1.224646799147353e-16 -1
vn -1.224646799147353e-16 1 -1.224646799147357e-16
vn 1.224646799147353e-16 -1 1.224646799147357e-16
vn -1.224646799147353e-16 1 -1.224646799147357e-16
vn 1.224646799147353e-16 -1 1.224646799147357e-16
vn 1.224646799147353e-16 -1 1.224646799147357e-16
vn -1.224646799147353e-16 1 -1.224646799147357e-16
vn -2.9629076969683865e-15 1.224646799147353e-16 1
vn 1.224646799147353e-16 -1 1.224646799147357e-16
vn -1.224646799147353e-16 1 -1.224646799147357e-16
usemtl m_b56f5dc6-1369-fe8a-30e0-035cc0472814
f 158/183/47 160/184/47 159/185/47 161/186/47
f 58/187/48 140/188/48 139/189/48 53/190/48
f 53/191/49 139/192/49 138/193/49 49/194/49
f 90/195/50 143/196/50 142/197/50 91/198/50
f 52/199/51 57/200/51 56/201/51 48/202/51
f 49/203/52 59/204/52 58/205/52 53/206/52
f 64/207/53 65/208/53 66/209/53 67/210/53
f 168/211/54 167/212/54 166/213/54 169/214/54
f 68/215/55 69/216/55 70/217/55 71/218/55
f 59/219/56 145/220/56 144/221/56 51/222/56
f 62/223/57 60/224/57 48/225/57 56/226/57
f 61/227/58 136/228/58 145/229/58 59/230/58
f 63/231/59 61/232/59 59/233/59 49/234/59
f 49/235/60 138/236/60 137/237/60 63/238/60
f 76/239/61 77/240/61 78/241/61 79/242/61
f 66/243/62 65/244/62 56/245/62 57/246/62
f 162/247/63 163/248/63 164/249/63 165/250/63
f 64/251/64 67/252/64 54/253/64 50/254/64
f 170/255/65 171/256/65 168/257/65 169/258/65
f 70/259/66 69/260/66 58/261/66 59/262/66
f 72/263/67 73/264/67 74/265/67 75/266/67
f 68/267/68 71/268/68 51/269/68 55/270/68
f 100/271/69 102/272/69 101/273/69 103/274/69
f 59/275/70 84/276/70 87/277/70 70/278/70
f 51/279/71 85/280/71 84/281/71 59/282/71
f 71/283/72 86/284/72 85/285/72 51/286/72
f 104/287/73 106/288/73 105/289/73 107/290/73
f 50/291/74 82/292/74 81/293/74 64/294/74
f 56/295/75 83/296/75 82/297/75 50/298/75
f 65/299/76 80/300/76 83/301/76 56/302/76
f 76/303/77 80/304/77 81/305/77 77/306/77
f 77/307/78 81/308/78 82/309/78 78/310/78
f 78/311/79 82/312/79 83/313/79 79/314/79
f 79/315/80 83/316/80 80/317/80 76/318/80
f 74/319/81 84/320/81 85/321/81 75/322/81
f 75/323/82 85/324/82 86/325/82 72/326/82
f 72/327/83 86/328/83 87/329/83 73/330/83
f 73/331/84 87/332/84 84/333/84 74/334/84
f 85/335/85 119/336/85 116/337/85 84/338/85
f 132/339/86 134/340/86 133/341/86 135/342/86
f 84/343/87 116/344/87 113/345/87 74/346/87
f 75/347/88 112/348/88 119/349/88 85/350/88
f 51/351/89 144/352/89 143/353/89 90/354/89
f 89/355/90 88/356/90 50/357/90 54/358/90
f 91/359/91 142/360/91 141/361/91 55/362/91
f 90/363/92 91/364/92 55/365/92 51/366/92
f 94/367/93 92/368/93 70/369/93 87/370/93
f 93/371/94 94/372/94 87/373/94 86/374/94
f 95/375/95 93/376/95 86/377/95 71/378/95
f 92/379/96 95/380/96 71/381/96 70/382/96
f 98/383/97 96/384/97 64/385/97 81/386/97
f 97/387/98 98/388/98 81/389/98 80/390/98
f 99/391/99 97/392/99 80/393/99 65/394/99
f 96/395/100 99/396/100 65/397/100 64/398/100
f 102/399/101 100/400/101 92/401/101 94/402/101
f 101/403/102 102/404/102 94/405/102 93/406/102
f 103/407/103 101/408/103 93/409/103 95/410/103
f 100/411/104 103/412/104 95/413/104 92/414/104
f 106/415/105 104/416/105 96/417/105 98/418/105
f 105/419/106 106/420/106 98/421/106 97/422/106
f 107/423/107 105/424/107 97/425/107 99/426/107
f 104/427/108 107/428/108 99/429/108 96/430/108
f 120/431/109 121/432/109 122/433/109 123/434/109
f 124/435/110 125/436/110 126/437/110 127/438/110
f 128/439/111 129/440/111 130/441/111 131/442/111
f 79/443/112 109/444/112 114/445/112 83/446/112
f 109/447/113 111/448/113 115/449/113 114/450/113
f 111/451/114 113/452/114 116/453/114 115/454/114
f 83/455/115 114/456/115 117/457/115 82/458/115
f 114/459/116 115/460/116 118/461/116 117/462/116
f 115/463/117 116/464/117 119/465/117 118/466/117
f 82/467/118 117/468/118 108/469/118 78/470/118
f 117/471/119 118/472/119 110/473/119 108/474/119
f 118/475/120 119/476/120 112/477/120 110/478/120
f 121/479/121 120/480/121 78/481/121 108/482/121
f 122/483/122 121/484/122 108/485/122 109/486/122
f 123/487/123 122/488/123 109/489/123 79/490/123
f 120/491/124 123/492/124 79/493/124 78/494/124
f 125/495/125 124/496/125 108/497/125 110/498/125
f 126/499/126 125/500/126 110/501/126 111/502/126
f 127/503/127 126/504/127 111/505/127 109/506/127
f 124/507/128 127/508/128 109/509/128 108/510/128
f 129/511/129 128/512/129 110/513/129 112/514/129
f 130/515/130 129/516/130 112/517/130 113/518/130
f 131/519/131 130/520/131 113/521/131 111/522/131
f 128/523/132 131/524/132 111/525/132 110/526/132
f 134/527/133 132/528/133 74/529/133 113/530/133
f 133/531/134 134/532/134 113/533/134 112/534/134
f 135/535/135 133/536/135 112/537/135 75/538/135
f 132/539/136 135/540/136 75/541/136 74/542/136
f 154/543/137 155/544/137 156/545/137 157/546/137
f 60/547/138 137/548/138 138/549/138 48/550/138
f 48/551/139 138/552/139 139/553/139 52/554/139
f 52/555/140 139/556/140 140/557/140 57/558/140
f 164/559/141 166/560/141 167/561/141 165/562/141
f 54/563/142 141/564/142 142/565/142 89/566/142
f 89/567/143 142/568/143 143/569/143 88/570/143
f 88/571/144 143/572/144 144/573/144 50/574/144
f 50/575/145 144/576/145 145/577/145 56/578/145
f 56/579/146 145/580/146 136/581/146 62/582/146
f 148/583/147 146/584/147 63/585/147 137/586/147
f 147/587/148 148/588/148 137/589/148 136/590/148
f 149/591/149 147/592/149 136/593/149 61/594/149
f 146/595/150 149/596/150 61/597/150 63/598/150
f 151/599/151 150/600/151 62/601/151 136/602/151
f 152/603/152 151/604/152 136/605/152 137/606/152
f 153/607/153 152/608/153 137/609/153 60/610/153
f 150/611/154 153/612/154 60/613/154 62/614/154
f 155/615/155 154/616/155 150/617/155 151/618/155
f 156/619/156 155/620/156 151/621/156 152/622/156
f 157/623/157 156/624/157 152/625/157 153/626/157
f 154/627/158 157/628/158 153/629/158 150/630/158
f 160/631/159 158/632/159 146/633/159 148/634/159
f 159/635/160 160/636/160 148/637/160 147/638/160
f 161/639/161 159/640/161 147/641/161 149/642/161
f 158/643/162 161/644/162 149/645/162 146/646/162
f 163/647/163 162/648/163 67/649/163 66/650/163
f 164/651/164 163/652/164 66/653/164 57/654/164
f 162/655/165 165/656/165 54/657/165 67/658/165
f 166/659/166 164/660/166 57/661/166 140/662/166
f 165/663/167 167/664/167 141/665/167 54/666/167
f 167/667/168 168/668/168 55/669/168 141/670/168
f 169/671/169 166/672/169 140/673/169 58/674/169
f 171/675/170 170/676/170 69/677/170 68/678/170
f 168/679/171 171/680/171 68/681/171 55/682/171
f 170/683/172 169/684/172 58/685/172 69/686/172
o cylinder
v -0.64375 1.2203125 0.05625
v -0.64375 1.2320352771688616 0.1
v -0.9285087719298246 1.2320352771688616 0.1
v -0.64375 1.2523397228311384 0.08827722283113838
v -0.9285087719298246 1.2523397228311384 0.08827722283113838
v -0.64375 1.2640624999999999 0.06797277716886162
v -0.9285087719298246 1.2640625 0.06797277716886162
v -0.64375 1.2640624999999999 0.04452722283113838
v -0.9285087719298246 1.2640625 0.04452722283113838
v -0.64375 1.2523397228311384 0.02422277716886162
v -0.9285087719298246 1.2523397228311384 0.02422277716886162
v -0.64375 1.2320352771688616 0.012500000000000011
v -0.9285087719298246 1.2320352771688616 0.012500000000000011
v -0.64375 1.2085897228311384 0.012499999999999997
v -0.9285087719298246 1.2085897228311384 0.012499999999999997
v -0.64375 1.1882852771688615 0.024222777168861613
v -0.9285087719298246 1.1882852771688617 0.024222777168861613
v -0.64375 1.1765625 0.044527222831138386
v -0.9285087719298246 1.1765625 0.044527222831138386
v -0.64375 1.1765625 0.0679727771688616
v -0.9285087719298246 1.1765625 0.0679727771688616
v -0.64375 1.1882852771688615 0.08827722283113838
v -0.9285087719298246 1.1882852771688617 0.08827722283113838
v -0.64375 1.2085897228311384 0.1
v -0.9285087719298246 1.2085897228311384 0.1
v -0.9500000000000002 1.2291045828766463 0.08906250000000002
v -0.9500000000000002 1.2443329171233537 0.08027041712335378
v -0.9500000000000002 1.253125 0.06504208287664622
v -0.9500000000000002 1.253125 0.04745791712335379
v -0.9500000000000002 1.2443329171233537 0.032229582876646214
v -0.9500000000000002 1.2291045828766463 0.0234375
v -0.9500000000000002 1.2115204171233538 0.023437499999999993
v -0.9500000000000002 1.1962920828766461 0.03222958287664621
v -0.9500000000000002 1.1875 0.04745791712335379
v -0.9500000000000002 1.1875 0.0650420828766462
v -0.9500000000000002 1.1962920828766461 0.08027041712335378
v -0.9500000000000002 1.2115204171233538 0.08906250000000002
v -0.9500000000000002 1.2269065621574846 0.08085937500000001
v -0.9500000000000002 1.2383278128425153 0.07426531284251534
v -0.9500000000000002 1.244921875 0.06284406215748466
v -0.9500000000000002 1.244921875 0.04965593784251534
v -0.9500000000000002 1.2383278128425153 0.03823468715748466
v -0.9500000000000002 1.2269065621574846 0.031640625000000006
v -0.9500000000000002 1.2137184378425154 0.031640625
v -0.9500000000000002 1.2022971871574846 0.038234687157484654
v -0.9500000000000002 1.195703125 0.049655937842515346
v -0.9500000000000002 1.195703125 0.06284406215748464
v -0.9500000000000002 1.2022971871574846 0.07426531284251534
v -0.9500000000000002 1.2137184378425154 0.08085937500000001
v -0.8658260233918129 1.2320352771688616 0.012500000000000011
v -0.8658260233918129 1.2523397228311384 0.02422277716886162
v -0.89667742469381 1.2320352771688616 0.012500000000000011
v -0.89667742469381 1.2523397228311384 0.02422277716886162
v -0.8658260233918129 1.2640625 0.04452722283113838
v -0.89667742469381 1.2640625 0.04452722283113838
v -0.8658260233918129 1.2640625 0.06797277716886162
v -0.89667742469381 1.2640625 0.06797277716886162
v -0.8658260233918129 1.2523397228311384 0.08827722283113838
v -0.89667742469381 1.2523397228311384 0.08827722283113838
v -0.8658260233918129 1.2320352771688616 0.1
v -0.89667742469381 1.2320352771688616 0.1
v -0.8658260233918129 1.2085897228311384 0.1
v -0.89667742469381 1.2085897228311384 0.1
v -0.8658260233918129 1.1882852771688617 0.08827722283113838
v -0.89667742469381 1.1882852771688617 0.08827722283113838
v -0.8658260233918129 1.1765625 0.0679727771688616
v -0.89667742469381 1.1765625 0.0679727771688616
v -0.8658260233918129 1.1765625 0.044527222831138386
v -0.89667742469381 1.1765625 0.044527222831138386
v -0.8658260233918129 1.1882852771688617 0.024222777168861613
v -0.89667742469381 1.1882852771688617 0.024222777168861613
v -0.8658260233918129 1.2085897228311384 0.012499999999999997
v -0.89667742469381 1.2085897228311384 0.012499999999999997
v -0.8658260233918129 1.2306680896688615 0.01760241321347309
v -0.8658260233918129 1.2486044971176653 0.027958002882334698
v -0.89667742469381 1.2306680896688615 0.01760241321347309
v -0.89667742469381 1.2486044971176653 0.027958002882334698
v -0.8658260233918129 1.258960086786527 0.04589441033113838
v -0.89667742469381 1.258960086786527 0.04589441033113838
v -0.8658260233918129 1.258960086786527 0.06660558966886161
v -0.89667742469381 1.258960086786527 0.06660558966886161
v -0.8658260233918129 1.2486044971176653 0.0845419971176653
v -0.89667742469381 1.2486044971176653 0.0845419971176653
v -0.8658260233918129 1.2306680896688615 0.09489758678652693
v -0.89667742469381 1.2306680896688615 0.09489758678652693
v -0.8658260233918129 1.2099569103311383 0.09489758678652693
v -0.89667742469381 1.2099569103311383 0.09489758678652693
v -0.8658260233918129 1.1920205028823347 0.0845419971176653
v -0.89667742469381 1.1920205028823347 0.0845419971176653
v -0.8658260233918129 1.1816649132134731 0.0666055896688616
v -0.89667742469381 1.1816649132134731 0.0666055896688616
v -0.8658260233918129 1.1816649132134731 0.04589441033113839
v -0.89667742469381 1.1816649132134731 0.04589441033113839
v -0.8658260233918129 1.1920205028823347 0.027958002882334684
v -0.89667742469381 1.1920205028823347 0.027958002882334684
v -0.8658260233918129 1.2099569103311383 0.017602413213473077
v -0.89667742469381 1.2099569103311383 0.017602413213473077
v -0.9338815789473687 1.2383278128425153 0.03823468715748466
v -0.9338815789473687 1.2269065621574846 0.031640625000000006
v -0.9338815789473687 1.2203125 0.05625
v -0.9338815789473687 1.244921875 0.04965593784251534
v -0.9338815789473687 1.244921875 0.06284406215748466
v -0.9338815789473687 1.2383278128425153 0.07426531284251534
v -0.9338815789473687 1.2269065621574846 0.08085937500000001
v -0.9338815789473687 1.2137184378425154 0.08085937500000001
v -0.9338815789473687 1.2022971871574846 0.07426531284251534
v -0.9338815789473687 1.195703125 0.06284406215748464
v -0.9338815789473687 1.195703125 0.049655937842515346
v -0.9338815789473687 1.2022971871574846 0.038234687157484654
v -0.9338815789473687 1.2137184378425154 0.031640625
vt 0.324315625 0.532909375
vt 0.321778125 0.534375
vt 0.3203125 0.52890625
vt 0.5234375 0.625
vt 0.5234375 0.6171875
vt 0.53125 0.6171875
vt 0.53125 0.625
vt 0.543792578125 0.790721875
vt 0.545219921875 0.791546875
vt 0.542968359375 0.7937984375
vt 0.32578125 0.5303718749999999
vt 0.324315625 0.532909375
vt 0.3203125 0.52890625
vt 0.5234375 0.7578125
vt 0.5234375 0.75
vt 0.53125 0.75
vt 0.53125 0.7578125
vt 0.545219921875 0.791546875
vt 0.546044921875 0.79297421875
vt 0.542968359375 0.7937984375
vt 0.32578125 0.527440625
vt 0.32578125 0.5303718749999999
vt 0.3203125 0.52890625
vt 0.515625 0.609375
vt 0.515625 0.6015625
vt 0.5234375 0.6015625
vt 0.5234375 0.609375
vt 0.546044921875 0.79297421875
vt 0.546044921875 0.7946226562500001
vt 0.542968359375 0.7937984375
vt 0.324315625 0.524903125
vt 0.32578125 0.527440625
vt 0.3203125 0.52890625
vt 0.203125 0.4765625
vt 0.203125 0.46875
vt 0.2109375 0.46875
vt 0.2109375 0.4765625
vt 0.546044921875 0.7946226562500001
vt 0.545219921875 0.79605
vt 0.542968359375 0.7937984375
vt 0.321778125 0.5234375
vt 0.324315625 0.524903125
vt 0.3203125 0.52890625
vt 0.296875 0.4765625
vt 0.296875 0.46875
vt 0.3046875 0.46875
vt 0.3046875 0.4765625
vt 0.545219921875 0.79605
vt 0.543792578125 0.79687421875
vt 0.542968359375 0.7937984375
vt 0.318846875 0.5234375
vt 0.321778125 0.5234375
vt 0.3203125 0.52890625
vt 0.5234375 0.921875
vt 0.5234375 0.9140625
vt 0.53125 0.9140625
vt 0.53125 0.921875
vt 0.543792578125 0.79687421875
vt 0.542144140625 0.796875
vt 0.542968359375 0.7937984375
vt 0.316309375 0.524903125
vt 0.318846875 0.5234375
vt 0.3203125 0.52890625
vt 0.3125 0.4765625
vt 0.3125 0.46875
vt 0.3203125 0.46875
vt 0.3203125 0.4765625
vt 0.542144140625 0.796875
vt 0.540716796875 0.79605
vt 0.542968359375 0.7937984375
vt 0.31484375 0.527440625
vt 0.316309375 0.524903125
vt 0.3203125 0.52890625
vt 0.5234375 0.890625
vt 0.5234375 0.8828125
vt 0.53125 0.8828125
vt 0.53125 0.890625
vt 0.540716796875 0.79605
vt 0.539892578125 0.7946226562500001
vt 0.542968359375 0.7937984375
vt 0.31484375 0.5303718749999999
vt 0.31484375 0.527440625
vt 0.3203125 0.52890625
vt 0.5234375 1
vt 0.5234375 0.9921875
vt 0.53125 0.9921875
vt 0.53125 1
vt 0.539892578125 0.7946226562500001
vt 0.539892578125 0.79297421875
vt 0.542968359375 0.7937984375
vt 0.316309375 0.532909375
vt 0.31484375 0.5303718749999999
vt 0.3203125 0.52890625
vt 0.5234375 0.90625
vt 0.5234375 0.8984375
vt 0.53125 0.8984375
vt 0.53125 0.90625
vt 0.539892578125 0.79297421875
vt 0.540716796875 0.791546875
vt 0.542968359375 0.7937984375
vt 0.318846875 0.534375
vt 0.316309375 0.532909375
vt 0.3203125 0.52890625
vt 0.375 0.4765625
vt 0.375 0.46875
vt 0.3828125 0.46875
vt 0.3828125 0.4765625
vt 0.540716796875 0.791546875
vt 0.542144140625 0.790721875
vt 0.542968359375 0.7937984375
vt 0.321778125 0.534375
vt 0.318846875 0.534375
vt 0.3203125 0.52890625
vt 0.3984375 0.484375
vt 0.3984375 0.4765625
vt 0.40625 0.4765625
vt 0.40625 0.484375
vt 0.542144140625 0.790721875
vt 0.543792578125 0.790721875
vt 0.542968359375 0.7937984375
vt 0.24963359375 0.453125
vt 0.24743515625 0.453125
vt 0.24706875 0.4453125
vt 0.25 0.4453125
vt 0.18713359375 0.453125
vt 0.18493515625 0.453125
vt 0.18456875 0.4453125
vt 0.1875 0.4453125
vt 0.55188046875 0.9375
vt 0.54968203125 0.9375
vt 0.549315625 0.9296875
vt 0.552246875 0.9296875
vt 0.21350234375 0.453125
vt 0.21130390625 0.453125
vt 0.2109375 0.4453125
vt 0.21386875 0.4453125
vt 0.54943984375 0.7109375
vt 0.54724140625 0.7109375
vt 0.546875 0.703125
vt 0.54980625 0.703125
vt 0.55188046875 0.953125
vt 0.54968203125 0.953125
vt 0.549315625 0.9453125
vt 0.552246875 0.9453125
vt 0.55432109375 0.78125
vt 0.55212265625 0.78125
vt 0.55175625 0.7734375
vt 0.5546875 0.7734375
vt 0.55432109375 0.84375
vt 0.55212265625 0.84375
vt 0.55175625 0.8359375
vt 0.5546875 0.8359375
vt 0.55188046875 0.875
vt 0.54968203125 0.875
vt 0.549315625 0.8671875
vt 0.552246875 0.8671875
vt 0.54943984375 0.859375
vt 0.54724140625 0.859375
vt 0.546875 0.8515625
vt 0.54980625 0.8515625
vt 0.22912734375 0.453125
vt 0.22692890625 0.453125
vt 0.2265625 0.4453125
vt 0.22949375 0.4453125
vt 0.05188046875 0.453125
vt 0.04968203125 0.453125
vt 0.049315625 0.4453125
vt 0.052246875 0.4453125
vt 0.4788140625 0.509271875
vt 0.47738671875 0.508446875
vt 0.47766171875 0.507421875
vt 0.47956484375 0.50852109375
vt 0.4796390625 0.51069921875
vt 0.4788140625 0.509271875
vt 0.47956484375 0.50852109375
vt 0.4806640625 0.51042421875
vt 0.4796390625 0.51234765625
vt 0.4796390625 0.51069921875
vt 0.4806640625 0.51042421875
vt 0.4806640625 0.51262265625
vt 0.4788140625 0.513775
vt 0.4796390625 0.51234765625
vt 0.4806640625 0.51262265625
vt 0.47956484375 0.5145257812499999
vt 0.47738671875 0.5145992187499999
vt 0.4788140625 0.513775
vt 0.47956484375 0.5145257812499999
vt 0.47766171875 0.515625
vt 0.47573828125 0.5146
vt 0.47738671875 0.5145992187499999
vt 0.47766171875 0.515625
vt 0.47546328125 0.515625
vt 0.4743109375 0.513775
vt 0.47573828125 0.5146
vt 0.47546328125 0.515625
vt 0.47356015625 0.5145257812499999
vt 0.47348671875 0.51234765625
vt 0.4743109375 0.513775
vt 0.47356015625 0.5145257812499999
vt 0.4724609375 0.51262265625
vt 0.47348671875 0.51069921875
vt 0.47348671875 0.51234765625
vt 0.4724609375 0.51262265625
vt 0.4724609375 0.51042421875
vt 0.4743109375 0.509271875
vt 0.47348671875 0.51069921875
vt 0.4724609375 0.51042421875
vt 0.47356015625 0.50852109375
vt 0.47573828125 0.508446875
vt 0.4743109375 0.509271875
vt 0.47356015625 0.50852109375
vt 0.47546328125 0.507421875
vt 0.47738671875 0.508446875
vt 0.47573828125 0.508446875
vt 0.47546328125 0.507421875
vt 0.47766171875 0.507421875
vt 0.3125 0.578125
vt 0.3125 0.609375
vt 0.3046875 0.609375
vt 0.3046875 0.578125
vt 0.2734375 0.46875
vt 0.2734375 0.4765625
vt 0.265625 0.4765625
vt 0.265625 0.46875
vt 0.3984375 0.734375
vt 0.3984375 0.765625
vt 0.390625 0.765625
vt 0.390625 0.734375
vt 0.53125 0.78125
vt 0.53125 0.7890625
vt 0.5234375 0.7890625
vt 0.5234375 0.78125
vt 0.390625 0.8671875
vt 0.390625 0.8984375
vt 0.3828125 0.8984375
vt 0.3828125 0.8671875
vt 0.5234375 0.5859375
vt 0.5234375 0.59375
vt 0.515625 0.59375
vt 0.515625 0.5859375
vt 0.296875 0.578125
vt 0.296875 0.609375
vt 0.2890625 0.609375
vt 0.2890625 0.578125
vt 0.15625 0.46875
vt 0.15625 0.4765625
vt 0.1484375 0.4765625
vt 0.1484375 0.46875
vt 0.40625 0.890625
vt 0.40625 0.921875
vt 0.3984375 0.921875
vt 0.3984375 0.890625
vt 0.4375 0.46875
vt 0.4375 0.4765625
vt 0.4296875 0.4765625
vt 0.4296875 0.46875
vt 0.390625 0.7734375
vt 0.390625 0.8046875
vt 0.3828125 0.8046875
vt 0.3828125 0.7734375
vt 0.5234375 0.5703125
vt 0.5234375 0.578125
vt 0.515625 0.578125
vt 0.515625 0.5703125
vt 0.125 0.5703125
vt 0.125 0.6015625
vt 0.1171875 0.6015625
vt 0.1171875 0.5703125
vt 0.4765625 0.46875
vt 0.4765625 0.4765625
vt 0.46875 0.4765625
vt 0.46875 0.46875
vt 0.1875 0.578125
vt 0.1875 0.609375
vt 0.1796875 0.609375
vt 0.1796875 0.578125
vt 0.171875 0.46875
vt 0.171875 0.4765625
vt 0.1640625 0.4765625
vt 0.1640625 0.46875
vt 0.390625 0.6328125
vt 0.390625 0.6640625
vt 0.3828125 0.6640625
vt 0.3828125 0.6328125
vt 0.0390625 0.46875
vt 0.0390625 0.4765625
vt 0.03125 0.4765625
vt 0.03125 0.46875
vt 0.203125 0.578125
vt 0.203125 0.609375
vt 0.1953125 0.609375
vt 0.1953125 0.578125
vt 0.125 0.46875
vt 0.125 0.4765625
vt 0.1171875 0.4765625
vt 0.1171875 0.46875
vt 0.40625 0.953125
vt 0.40625 0.984375
vt 0.3984375 0.984375
vt 0.3984375 0.953125
vt 0.2890625 0.46875
vt 0.2890625 0.4765625
vt 0.28125 0.4765625
vt 0.28125 0.46875
vt 0.390625 0.59375
vt 0.390625 0.625
vt 0.3828125 0.625
vt 0.3828125 0.59375
vt 0.09375 0.46875
vt 0.09375 0.4765625
vt 0.0859375 0.4765625
vt 0.0859375 0.46875
vt 0.47228671875 0.77536953125
vt 0.47004453125 0.7740750000000001
vt 0.470215625 0.7734375
vt 0.472753125 0.774903125
vt 0.22785703125 0.5384249999999999
vt 0.23009921875 0.53713046875
vt 0.230565625 0.537596875
vt 0.228028125 0.5390625
vt 0.47358125 0.77761171875
vt 0.47228671875 0.77536953125
vt 0.472753125 0.774903125
vt 0.47421875 0.777440625
vt 0.23009921875 0.53713046875
vt 0.23139375 0.53488828125
vt 0.23203125 0.535059375
vt 0.230565625 0.537596875
vt 0.47358125 0.78020078125
vt 0.47358125 0.77761171875
vt 0.47421875 0.777440625
vt 0.47421875 0.7803718749999999
vt 0.23139375 0.53488828125
vt 0.23139375 0.53229921875
vt 0.23203125 0.5321281250000001
vt 0.23203125 0.535059375
vt 0.47228671875 0.78244296875
vt 0.47358125 0.78020078125
vt 0.47421875 0.7803718749999999
vt 0.472753125 0.782909375
vt 0.23139375 0.53229921875
vt 0.23009921875 0.5300570312499999
vt 0.230565625 0.529590625
vt 0.23203125 0.5321281250000001
vt 0.47004453125 0.7837375
vt 0.47228671875 0.78244296875
vt 0.472753125 0.782909375
vt 0.470215625 0.784375
vt 0.23009921875 0.5300570312499999
vt 0.22785703125 0.5287625
vt 0.228028125 0.528125
vt 0.230565625 0.529590625
vt 0.46745546875 0.7837375
vt 0.47004453125 0.7837375
vt 0.470215625 0.784375
vt 0.46728437500000003 0.784375
vt 0.22785703125 0.5287625
vt 0.22526796875 0.5287625
vt 0.225096875 0.528125
vt 0.228028125 0.528125
vt 0.46521328125 0.7824429687500001
vt 0.46745546875 0.7837375
vt 0.46728437500000003 0.784375
vt 0.464746875 0.782909375
vt 0.22526796875 0.5287625
vt 0.22302578125 0.5300570312499999
vt 0.222559375 0.529590625
vt 0.225096875 0.528125
vt 0.46391875 0.78020078125
vt 0.46521328125 0.78244296875
vt 0.464746875 0.782909375
vt 0.46328125 0.7803718749999999
vt 0.22302578125 0.5300570312499999
vt 0.22173125 0.53229921875
vt 0.22109375 0.5321281250000001
vt 0.222559375 0.529590625
vt 0.46391875 0.77761171875
vt 0.46391875 0.78020078125
vt 0.46328125 0.7803718749999999
vt 0.46328125 0.777440625
vt 0.22173125 0.53229921875
vt 0.22173125 0.53488828125
vt 0.22109375 0.535059375
vt 0.22109375 0.5321281250000001
vt 0.46521328125 0.77536953125
vt 0.46391875 0.77761171875
vt 0.46328125 0.777440625
vt 0.464746875 0.774903125
vt 0.22173125 0.53488828125
vt 0.22302578125 0.53713046875
vt 0.222559375 0.537596875
vt 0.22109375 0.535059375
vt 0.46745546875 0.7740750000000001
vt 0.46521328125 0.77536953125
vt 0.464746875 0.774903125
vt 0.467284375 0.7734375
vt 0.22302578125 0.53713046875
vt 0.22526796875 0.5384249999999999
vt 0.225096875 0.5390625
vt 0.222559375 0.537596875
vt 0.47004453125 0.7740750000000001
vt 0.46745546875 0.7740750000000001
vt 0.467284375 0.7734375
vt 0.470215625 0.7734375
vt 0.22526796875 0.5384249999999999
vt 0.22785703125 0.5384249999999999
vt 0.228028125 0.5390625
vt 0.225096875 0.5390625
vt 0.5234375 0.5390625
vt 0.53125 0.5390625
vt 0.53125 0.546875
vt 0.5234375 0.546875
vt 0.5234375 0.796875
vt 0.53125 0.796875
vt 0.53125 0.8046875
vt 0.5234375 0.8046875
vt 0.515625 0.5546875
vt 0.5234375 0.5546875
vt 0.5234375 0.5625
vt 0.515625 0.5625
vt 0.5234375 0.8125
vt 0.53125 0.8125
vt 0.53125 0.8203125
vt 0.5234375 0.8203125
vt 0.328125 0.46875
vt 0.3359375 0.46875
vt 0.3359375 0.4765625
vt 0.328125 0.4765625
vt 0.515625 0.484375
vt 0.5234375 0.484375
vt 0.5234375 0.4921875
vt 0.515625 0.4921875
vt 0.5234375 0.71875
vt 0.53125 0.71875
vt 0.53125 0.7265625
vt 0.5234375 0.7265625
vt 0.1015625 0.46875
vt 0.109375 0.46875
vt 0.109375 0.4765625
vt 0.1015625 0.4765625
vt 0 0.46875
vt 0.0078125 0.46875
vt 0.0078125 0.4765625
vt 0 0.4765625
vt 0.1328125 0.46875
vt 0.140625 0.46875
vt 0.140625 0.4765625
vt 0.1328125 0.4765625
vt 0.5234375 0.734375
vt 0.53125 0.734375
vt 0.53125 0.7421875
vt 0.5234375 0.7421875
vt 0.0703125 0.46875
vt 0.078125 0.46875
vt 0.078125 0.4765625
vt 0.0703125 0.4765625
vn 1 -2.220446049250313e-16 0
vn 3.0176296200486017e-16 0.49999999999999983 0.8660254037844387
vn -1 2.220446049250313e-16 0
vn 1 -2.220446049250313e-16 0
vn 1.922962686383564e-16 0.8660254037844387 0.5000000000000002
vn -1 2.220446049250313e-16 0
vn 1 -2.220446049250313e-16 0
vn 2.220446049250313e-16 1 0
vn -1 2.220446049250313e-16 0
vn 1 -2.220446049250313e-16 0
vn 1.922962686383564e-16 0.8660254037844387 -0.5000000000000003
vn -1 2.220446049250313e-16 0
vn 1 -2.220446049250313e-16 0
vn 1.1102230246251563e-16 0.4999999999999999 -0.8660254037844389
vn -1 2.220446049250313e-16 0
vn 1 -2.220446049250313e-16 0
vn 3.572363693890549e-31 5.919155336619826e-16 -1
vn -1 2.220446049250313e-16 0
vn 1 -2.220446049250313e-16 0
vn -3.017629620048601e-16 -0.4999999999999997 -0.8660254037844388
vn -1 2.220446049250313e-16 0
vn 1 -2.220446049250313e-16 0
vn -1.922962686383565e-16 -0.8660254037844392 -0.49999999999999956
vn -1 2.220446049250313e-16 0
vn 1 -2.220446049250313e-16 0
vn -2.220446049250313e-16 -1 -5.919155336619832e-16
vn -1 2.220446049250313e-16 0
vn 1 -2.220446049250313e-16 0
vn -1.922962686383565e-16 -0.8660254037844392 0.4999999999999993
vn -1 2.220446049250313e-16 0
vn 1 -2.220446049250313e-16 0
vn -1.1102230246251564e-16 -0.49999999999999994 0.8660254037844387
vn -1 2.220446049250313e-16 0
vn 1 -2.220446049250313e-16 0
vn 0 0 1
vn -1 2.220446049250313e-16 0
vn -0.45356813706548715 0.4456108013274997 0.7718205483007092
vn -0.4535681370654872 0.7718205483007095 0.44561080132749886
vn -0.4535681370654874 0.8912216026549982 0
vn -0.4535681370654873 0.7718205483007091 -0.445610801327499
vn -0.4535681370654874 0.4456108013274995 -0.771820548300709
vn -0.45356813706548726 4.523976314990357e-16 -0.8912216026549984
vn -0.45356813706548754 -0.4456108013274983 -0.7718205483007096
vn -0.45356813706548754 -0.7718205483007093 -0.4456108013274987
vn -0.4535681370654875 -0.8912216026549982 -7.033705473954949e-16
vn -0.4535681370654872 -0.7718205483007095 0.44561080132749886
vn -0.4535681370654876 -0.4456108013274988 0.7718205483007095
vn -0.4535681370654873 1.0071235780128858e-16 0.8912216026549981
vn -1 2.220446049250313e-16 0
vn -1 2.220446049250313e-16 0
vn -1 2.220446049250313e-16 0
vn -1 2.220446049250313e-16 0
vn -1 2.220446049250313e-16 0
vn -1 2.220446049250313e-16 0
vn -1 2.220446049250313e-16 0
vn -1 2.220446049250313e-16 0
vn -1 2.220446049250313e-16 0
vn -1 2.220446049250313e-16 0
vn -1 2.220446049250313e-16 0
vn -1 2.220446049250313e-16 0
vn 9.539951302778042e-17 0.49999999999999967 -0.8660254037844389
vn 1.3913647884944866e-16 0.49999999999999956 -0.8660254037844389
vn 1.9229626863835638e-16 0.8660254037844386 -0.5000000000000003
vn 4.844673601290846e-16 0.8660254037844387 -0.49999999999999983
vn 2.220446049250313e-16 1 0
vn 2.220446049250313e-16 1 0
vn 1.9229626863835638e-16 0.8660254037844386 0.5000000000000002
vn 1.9229626863835643e-16 0.8660254037844388 0.49999999999999967
vn 1.1102230246251562e-16 0.49999999999999983 0.8660254037844387
vn 2.7970736078411423e-16 0.49999999999999983 0.8660254037844387
vn 0 0 1
vn 0 0 1
vn -9.149381566909672e-17 -0.5000000000000001 0.8660254037844386
vn -1.3913647884944878e-16 -0.5000000000000001 0.8660254037844387
vn -1.9229626863835653e-16 -0.8660254037844393 0.4999999999999993
vn -4.844673601290847e-16 -0.8660254037844389 0.49999999999999967
vn -2.220446049250313e-16 -1 -5.919155336619831e-16
vn -2.220446049250313e-16 -1 -6.700626546426326e-16
vn -1.922962686383565e-16 -0.8660254037844392 -0.4999999999999995
vn -1.9229626863835646e-16 -0.8660254037844389 -0.4999999999999995
vn -1.1102230246251562e-16 -0.49999999999999983 -0.8660254037844388
vn -2.797073607841141e-16 -0.4999999999999995 -0.8660254037844389
vn 1.1756059320263892e-31 5.919155336619826e-16 -1
vn 1.8646031675098007e-31 6.700626546426318e-16 -1
vn 1 -2.220446049250313e-16 0
vn -1 2.220446049250313e-16 0
vn 1 -2.220446049250313e-16 0
vn -1 2.220446049250313e-16 0
vn 1 -2.220446049250313e-16 0
vn -1 2.220446049250313e-16 0
vn 1 -2.220446049250313e-16 0
vn -1 2.220446049250313e-16 0
vn 1 -2.220446049250313e-16 0
vn -1 2.220446049250313e-16 0
vn 1 -2.220446049250313e-16 0
vn -1 2.220446049250313e-16 0
vn 1 -2.220446049250313e-16 0
vn -1 2.220446049250313e-16 0
vn 1 -2.220446049250313e-16 0
vn -1 2.220446049250313e-16 0
vn 1 -2.220446049250313e-16 0
vn -1 2.220446049250313e-16 0
vn 1 -2.220446049250313e-16 0
vn -1 2.220446049250313e-16 0
vn 1 -2.220446049250313e-16 0
vn -1 2.220446049250313e-16 0
vn 1 -2.220446049250313e-16 0
vn -1 2.220446049250313e-16 0
vn -1.110223024625157e-16 -0.5000000000000002 0.8660254037844387
vn -1.9229626863835638e-16 -0.8660254037844386 0.5000000000000001
vn -2.220446049250313e-16 -1 0
vn -1.922962686383564e-16 -0.8660254037844387 -0.5000000000000001
vn -1.1102230246251573e-16 -0.5000000000000003 -0.8660254037844385
vn 0 0 -1
vn 1.1102230246251556e-16 0.49999999999999956 -0.8660254037844389
vn 1.922962686383565e-16 0.8660254037844392 -0.4999999999999993
vn 2.220446049250313e-16 1 2.630735705164369e-16
vn 1.9229626863835648e-16 0.866025403784439 0.49999999999999967
vn 1.1102230246251548e-16 0.4999999999999992 0.8660254037844393
vn -1.1682813406307909e-31 -5.261471410328733e-16 1
usemtl m_b56f5dc6-1369-fe8a-30e0-035cc0472814
f 175/687/173 173/688/173 172/689/173
f 174/690/174 232/691/174 230/692/174 176/693/174
f 275/694/175 274/695/175 271/696/175
f 177/697/176 175/698/176 172/699/176
f 176/700/177 230/701/177 228/702/177 178/703/177
f 274/704/178 273/705/178 271/706/178
f 179/707/179 177/708/179 172/709/179
f 178/710/180 228/711/180 226/712/180 180/713/180
f 273/714/181 272/715/181 271/716/181
f 181/717/182 179/718/182 172/719/182
f 180/720/183 226/721/183 224/722/183 182/723/183
f 272/724/184 269/725/184 271/726/184
f 183/727/185 181/728/185 172/729/185
f 182/730/186 224/731/186 223/732/186 184/733/186
f 269/734/187 270/735/187 271/736/187
f 185/737/188 183/738/188 172/739/188
f 184/740/189 223/741/189 244/742/189 186/743/189
f 270/744/190 281/745/190 271/746/190
f 187/747/191 185/748/191 172/749/191
f 186/750/192 244/751/192 242/752/192 188/753/192
f 281/754/193 280/755/193 271/756/193
f 189/757/194 187/758/194 172/759/194
f 188/760/195 242/761/195 240/762/195 190/763/195
f 280/764/196 279/765/196 271/766/196
f 191/767/197 189/768/197 172/769/197
f 190/770/198 240/771/198 238/772/198 192/773/198
f 279/774/199 278/775/199 271/776/199
f 193/777/200 191/778/200 172/779/200
f 192/780/201 238/781/201 236/782/201 194/783/201
f 278/784/202 277/785/202 271/786/202
f 195/787/203 193/788/203 172/789/203
f 194/790/204 236/791/204 234/792/204 196/793/204
f 277/794/205 276/795/205 271/796/205
f 173/797/206 195/798/206 172/799/206
f 196/800/207 234/801/207 232/802/207 174/803/207
f 276/804/208 275/805/208 271/806/208
f 198/807/209 197/808/209 174/809/209 176/810/209
f 199/811/210 198/812/210 176/813/210 178/814/210
f 200/815/211 199/816/211 178/817/211 180/818/211
f 201/819/212 200/820/212 180/821/212 182/822/212
f 202/823/213 201/824/213 182/825/213 184/826/213
f 203/827/214 202/828/214 184/829/214 186/830/214
f 204/831/215 203/832/215 186/833/215 188/834/215
f 205/835/216 204/836/216 188/837/216 190/838/216
f 206/839/217 205/840/217 190/841/217 192/842/217
f 207/843/218 206/844/218 192/845/218 194/846/218
f 208/847/219 207/848/219 194/849/219 196/850/219
f 197/851/220 208/852/220 196/853/220 174/854/220
f 210/855/221 209/856/221 197/857/221 198/858/221
f 211/859/222 210/860/222 198/861/222 199/862/222
f 212/863/223 211/864/223 199/865/223 200/866/223
f 213/867/224 212/868/224 200/869/224 201/870/224
f 214/871/225 213/872/225 201/873/225 202/874/225
f 215/875/226 214/876/226 202/877/226 203/878/226
f 216/879/227 215/880/227 203/881/227 204/882/227
f 217/883/228 216/884/228 204/885/228 205/886/228
f 218/887/229 217/888/229 205/889/229 206/890/229
f 219/891/230 218/892/230 206/893/230 207/894/230
f 220/895/231 219/896/231 207/897/231 208/898/231
f 209/899/232 220/900/232 208/901/232 197/902/232
f 183/903/233 221/904/233 222/905/233 181/906/233
f 245/907/234 247/908/234 248/909/234 246/910/234
f 181/911/235 222/912/235 225/913/235 179/914/235
f 246/915/236 248/916/236 250/917/236 249/918/236
f 179/919/237 225/920/237 227/921/237 177/922/237
f 249/923/238 250/924/238 252/925/238 251/926/238
f 177/927/239 227/928/239 229/929/239 175/930/239
f 251/931/240 252/932/240 254/933/240 253/934/240
f 175/935/241 229/936/241 231/937/241 173/938/241
f 253/939/242 254/940/242 256/941/242 255/942/242
f 173/943/243 231/944/243 233/945/243 195/946/243
f 255/947/244 256/948/244 258/949/244 257/950/244
f 195/951/245 233/952/245 235/953/245 193/954/245
f 257/955/246 258/956/246 260/957/246 259/958/246
f 193/959/247 235/960/247 237/961/247 191/962/247
f 259/963/248 260/964/248 262/965/248 261/966/248
f 191/967/249 237/968/249 239/969/249 189/970/249
f 261/971/250 262/972/250 264/973/250 263/974/250
f 189/975/251 239/976/251 241/977/251 187/978/251
f 263/979/252 264/980/252 266/981/252 265/982/252
f 187/983/253 241/984/253 243/985/253 185/986/253
f 265/987/254 266/988/254 268/989/254 267/990/254
f 185/991/255 243/992/255 221/993/255 183/994/255
f 267/995/256 268/996/256 247/997/256 245/998/256
f 248/999/257 247/1000/257 223/1001/257 224/1002/257
f 245/1003/258 246/1004/258 222/1005/258 221/1006/258
f 250/1007/259 248/1008/259 224/1009/259 226/1010/259
f 246/1011/260 249/1012/260 225/1013/260 222/1014/260
f 252/1015/261 250/1016/261 226/1017/261 228/1018/261
f 249/1019/262 251/1020/262 227/1021/262 225/1022/262
f 254/1023/263 252/1024/263 228/1025/263 230/1026/263
f 251/1027/264 253/1028/264 229/1029/264 227/1030/264
f 256/1031/265 254/1032/265 230/1033/265 232/1034/265
f 253/1035/266 255/1036/266 231/1037/266 229/1038/266
f 258/1039/267 256/1040/267 232/1041/267 234/1042/267
f 255/1043/268 257/1044/268 233/1045/268 231/1046/268
f 260/1047/269 258/1048/269 234/1049/269 236/1050/269
f 257/1051/270 259/1052/270 235/1053/270 233/1054/270
f 262/1055/271 260/1056/271 236/1057/271 238/1058/271
f 259/1059/272 261/1060/272 237/1061/272 235/1062/272
f 264/1063/273 262/1064/273 238/1065/273 240/1066/273
f 261/1067/274 263/1068/274 239/1069/274 237/1070/274
f 266/1071/275 264/1072/275 240/1073/275 242/1074/275
f 263/1075/276 265/1076/276 241/1077/276 239/1078/276
f 268/1079/277 266/1080/277 242/1081/277 244/1082/277
f 265/1083/278 267/1084/278 243/1085/278 241/1086/278
f 247/1087/279 268/1088/279 244/1089/279 223/1090/279
f 267/1091/280 245/1092/280 221/1093/280 243/1094/280
f 270/1095/281 269/1096/281 213/1097/281 214/1098/281
f 269/1099/282 272/1100/282 212/1101/282 213/1102/282
f 272/1103/283 273/1104/283 211/1105/283 212/1106/283
f 273/1107/284 274/1108/284 210/1109/284 211/1110/284
f 274/1111/285 275/1112/285 209/1113/285 210/1114/285
f 275/1115/286 276/1116/286 220/1117/286 209/1118/286
f 276/1119/287 277/1120/287 219/1121/287 220/1122/287
f 277/1123/288 278/1124/288 218/1125/288 219/1126/288
f 278/1127/289 279/1128/289 217/1129/289 218/1130/289
f 279/1131/290 280/1132/290 216/1133/290 217/1134/290
f 280/1135/291 281/1136/291 215/1137/291 216/1138/291
f 281/1139/292 270/1140/292 214/1141/292 215/1142/292
o cylinder
v -0.64375 1.2203125 -0.05625
v -0.64375 1.2320352771688616 -0.012499999999999997
v -0.9285087719298246 1.2320352771688616 -0.012499999999999997
v -0.64375 1.2523397228311384 -0.02422277716886162
v -0.9285087719298246 1.2523397228311384 -0.02422277716886162
v -0.64375 1.2640624999999999 -0.044527222831138386
v -0.9285087719298246 1.2640625 -0.044527222831138386
v -0.64375 1.2640624999999999 -0.06797277716886162
v -0.9285087719298246 1.2640625 -0.06797277716886162
v -0.64375 1.2523397228311384 -0.08827722283113838
v -0.9285087719298246 1.2523397228311384 -0.08827722283113838
v -0.64375 1.2320352771688616 -0.09999999999999999
v -0.9285087719298246 1.2320352771688616 -0.09999999999999999
v -0.64375 1.2085897228311384 -0.1
v -0.9285087719298246 1.2085897228311384 -0.1
v -0.64375 1.1882852771688615 -0.0882772228311384
v -0.9285087719298246 1.1882852771688617 -0.0882772228311384
v -0.64375 1.1765625 -0.06797277716886162
v -0.9285087719298246 1.1765625 -0.06797277716886162
v -0.64375 1.1765625 -0.044527222831138406
v -0.9285087719298246 1.1765625 -0.044527222831138406
v -0.64375 1.1882852771688615 -0.02422277716886162
v -0.9285087719298246 1.1882852771688617 -0.02422277716886162
v -0.64375 1.2085897228311384 -0.012499999999999997
v -0.9285087719298246 1.2085897228311384 -0.012499999999999997
v -0.9500000000000002 1.2291045828766463 -0.023437499999999993
v -0.9500000000000002 1.2443329171233537 -0.032229582876646214
v -0.9500000000000002 1.253125 -0.04745791712335379
v -0.9500000000000002 1.253125 -0.06504208287664622
v -0.9500000000000002 1.2443329171233537 -0.08027041712335378
v -0.9500000000000002 1.2291045828766463 -0.0890625
v -0.9500000000000002 1.2115204171233538 -0.08906250000000002
v -0.9500000000000002 1.1962920828766461 -0.0802704171233538
v -0.9500000000000002 1.1875 -0.06504208287664622
v -0.9500000000000002 1.1875 -0.0474579171233538
v -0.9500000000000002 1.1962920828766461 -0.032229582876646214
v -0.9500000000000002 1.2115204171233538 -0.023437499999999993
v -0.9500000000000002 1.2269065621574846 -0.031640625
v -0.9500000000000002 1.2383278128425153 -0.03823468715748466
v -0.9500000000000002 1.244921875 -0.04965593784251534
v -0.9500000000000002 1.244921875 -0.06284406215748467
v -0.9500000000000002 1.2383278128425153 -0.07426531284251534
v -0.9500000000000002 1.2269065621574846 -0.080859375
v -0.9500000000000002 1.2137184378425154 -0.08085937500000001
v -0.9500000000000002 1.2022971871574846 -0.07426531284251535
v -0.9500000000000002 1.195703125 -0.06284406215748466
v -0.9500000000000002 1.195703125 -0.04965593784251535
v -0.9500000000000002 1.2022971871574846 -0.03823468715748466
v -0.9500000000000002 1.2137184378425154 -0.031640625
v -0.8658260233918129 1.2320352771688616 -0.09999999999999999
v -0.8658260233918129 1.2523397228311384 -0.08827722283113838
v -0.89667742469381 1.2320352771688616 -0.09999999999999999
v -0.89667742469381 1.2523397228311384 -0.08827722283113838
v -0.8658260233918129 1.2640625 -0.06797277716886162
v -0.89667742469381 1.2640625 -0.06797277716886162
v -0.8658260233918129 1.2640625 -0.044527222831138386
v -0.89667742469381 1.2640625 -0.044527222831138386
v -0.8658260233918129 1.2523397228311384 -0.02422277716886162
v -0.89667742469381 1.2523397228311384 -0.02422277716886162
v -0.8658260233918129 1.2320352771688616 -0.012499999999999997
v -0.89667742469381 1.2320352771688616 -0.012499999999999997
v -0.8658260233918129 1.2085897228311384 -0.012499999999999997
v -0.89667742469381 1.2085897228311384 -0.012499999999999997
v -0.8658260233918129 1.1882852771688617 -0.02422277716886162
v -0.89667742469381 1.1882852771688617 -0.02422277716886162
v -0.8658260233918129 1.1765625 -0.044527222831138406
v -0.89667742469381 1.1765625 -0.044527222831138406
v -0.8658260233918129 1.1765625 -0.06797277716886162
v -0.89667742469381 1.1765625 -0.06797277716886162
v -0.8658260233918129 1.1882852771688617 -0.0882772228311384
v -0.89667742469381 1.1882852771688617 -0.0882772228311384
v -0.8658260233918129 1.2085897228311384 -0.1
v -0.89667742469381 1.2085897228311384 -0.1
v -0.8658260233918129 1.2306680896688615 -0.0948975867865269
v -0.8658260233918129 1.2486044971176653 -0.0845419971176653
v -0.89667742469381 1.2306680896688615 -0.0948975867865269
v -0.89667742469381 1.2486044971176653 -0.0845419971176653
v -0.8658260233918129 1.258960086786527 -0.06660558966886163
v -0.89667742469381 1.258960086786527 -0.06660558966886163
v -0.8658260233918129 1.258960086786527 -0.04589441033113839
v -0.89667742469381 1.258960086786527 -0.04589441033113839
v -0.8658260233918129 1.2486044971176653 -0.027958002882334698
v -0.89667742469381 1.2486044971176653 -0.027958002882334698
v -0.8658260233918129 1.2306680896688615 -0.017602413213473077
v -0.89667742469381 1.2306680896688615 -0.017602413213473077
v -0.8658260233918129 1.2099569103311383 -0.017602413213473077
v -0.89667742469381 1.2099569103311383 -0.017602413213473077
v -0.8658260233918129 1.1920205028823347 -0.027958002882334698
v -0.89667742469381 1.1920205028823347 -0.027958002882334698
v -0.8658260233918129 1.1816649132134731 -0.045894410331138405
v -0.89667742469381 1.1816649132134731 -0.045894410331138405
v -0.8658260233918129 1.1816649132134731 -0.06660558966886161
v -0.89667742469381 1.1816649132134731 -0.06660558966886161
v -0.8658260233918129 1.1920205028823347 -0.08454199711766532
v -0.89667742469381 1.1920205028823347 -0.08454199711766532
v -0.8658260233918129 1.2099569103311383 -0.09489758678652693
v -0.89667742469381 1.2099569103311383 -0.09489758678652693
v -0.9338815789473687 1.2383278128425153 -0.07426531284251534
v -0.9338815789473687 1.2269065621574846 -0.080859375
v -0.9338815789473687 1.2203125 -0.05625
v -0.9338815789473687 1.244921875 -0.06284406215748467
v -0.9338815789473687 1.244921875 -0.04965593784251534
v -0.9338815789473687 1.2383278128425153 -0.03823468715748466
v -0.9338815789473687 1.2269065621574846 -0.031640625
v -0.9338815789473687 1.2137184378425154 -0.031640625
v -0.9338815789473687 1.2022971871574846 -0.03823468715748466
v -0.9338815789473687 1.195703125 -0.04965593784251535
v -0.9338815789473687 1.195703125 -0.06284406215748466
v -0.9338815789473687 1.2022971871574846 -0.07426531284251535
v -0.9338815789473687 1.2137184378425154 -0.08085937500000001
vt 0.347753125 0.532909375
vt 0.345215625 0.534375
vt 0.34375 0.52890625
vt 0.4453125 0.46875
vt 0.4453125 0.4609375
vt 0.453125 0.4609375
vt 0.453125 0.46875
vt 0.543792578125 0.751659375
vt 0.545219921875 0.752484375
vt 0.542968359375 0.7547359375
vt 0.34921875 0.5303718749999999
vt 0.347753125 0.532909375
vt 0.34375 0.52890625
vt 0.34375 0.46875
vt 0.34375 0.4609375
vt 0.3515625 0.4609375
vt 0.3515625 0.46875
vt 0.545219921875 0.752484375
vt 0.546044921875 0.75391171875
vt 0.542968359375 0.7547359375
vt 0.34921875 0.527440625
vt 0.34921875 0.5303718749999999
vt 0.34375 0.52890625
vt 0.5234375 0.53125
vt 0.5234375 0.5234375
vt 0.53125 0.5234375
vt 0.53125 0.53125
vt 0.546044921875 0.75391171875
vt 0.546044921875 0.7555601562500001
vt 0.542968359375 0.7547359375
vt 0.347753125 0.524903125
vt 0.34921875 0.527440625
vt 0.34375 0.52890625
vt 0.53125 0.6796875
vt 0.53125 0.671875
vt 0.5390625 0.671875
vt 0.5390625 0.6796875
vt 0.546044921875 0.7555601562500001
vt 0.545219921875 0.7569875
vt 0.542968359375 0.7547359375
vt 0.345215625 0.5234375
vt 0.347753125 0.524903125
vt 0.34375 0.52890625
vt 0.40625 0.46875
vt 0.40625 0.4609375
vt 0.4140625 0.4609375
vt 0.4140625 0.46875
vt 0.545219921875 0.7569875
vt 0.543792578125 0.75781171875
vt 0.542968359375 0.7547359375
vt 0.342284375 0.5234375
vt 0.345215625 0.5234375
vt 0.34375 0.52890625
vt 0.53125 0.9375
vt 0.53125 0.9296875
vt 0.5390625 0.9296875
vt 0.5390625 0.9375
vt 0.543792578125 0.75781171875
vt 0.542144140625 0.7578125
vt 0.542968359375 0.7547359375
vt 0.339746875 0.524903125
vt 0.342284375 0.5234375
vt 0.34375 0.52890625
vt 0.53125 0.59375
vt 0.53125 0.5859375
vt 0.5390625 0.5859375
vt 0.5390625 0.59375
vt 0.542144140625 0.7578125
vt 0.540716796875 0.7569875
vt 0.542968359375 0.7547359375
vt 0.33828125 0.527440625
vt 0.339746875 0.524903125
vt 0.34375 0.52890625
vt 0.1796875 0.46875
vt 0.1796875 0.4609375
vt 0.1875 0.4609375
vt 0.1875 0.46875
vt 0.540716796875 0.7569875
vt 0.539892578125 0.7555601562500001
vt 0.542968359375 0.7547359375
vt 0.33828125 0.5303718749999999
vt 0.33828125 0.527440625
vt 0.34375 0.52890625
vt 0.53125 0.96875
vt 0.53125 0.9609375
vt 0.5390625 0.9609375
vt 0.5390625 0.96875
vt 0.539892578125 0.7555601562500001
vt 0.539892578125 0.75391171875
vt 0.542968359375 0.7547359375
vt 0.339746875 0.532909375
vt 0.33828125 0.5303718749999999
vt 0.34375 0.52890625
vt 0.53125 0.859375
vt 0.53125 0.8515625
vt 0.5390625 0.8515625
vt 0.5390625 0.859375
vt 0.539892578125 0.75391171875
vt 0.540716796875 0.752484375
vt 0.542968359375 0.7547359375
vt 0.342284375 0.534375
vt 0.339746875 0.532909375
vt 0.34375 0.52890625
vt 0.53125 0.5625
vt 0.53125 0.5546875
vt 0.5390625 0.5546875
vt 0.5390625 0.5625
vt 0.540716796875 0.752484375
vt 0.542144140625 0.751659375
vt 0.542968359375 0.7547359375
vt 0.345215625 0.534375
vt 0.342284375 0.534375
vt 0.34375 0.52890625
vt 0.484375 0.4765625
vt 0.484375 0.46875
vt 0.4921875 0.46875
vt 0.4921875 0.4765625
vt 0.542144140625 0.751659375
vt 0.543792578125 0.751659375
vt 0.542968359375 0.7547359375
vt 0.55432109375 0.5859375
vt 0.55212265625 0.5859375
vt 0.55175625 0.578125
vt 0.5546875 0.578125
vt 0.55432109375 0.6171875
vt 0.55212265625 0.6171875
vt 0.55175625 0.609375
vt 0.5546875 0.609375
vt 0.55188046875 0.6640625
vt 0.54968203125 0.6640625
vt 0.549315625 0.65625
vt 0.552246875 0.65625
vt 0.39318984375 0.453125
vt 0.39099140625 0.453125
vt 0.390625 0.4453125
vt 0.39355625 0.4453125
vt 0.54943984375 0.5703125
vt 0.54724140625 0.5703125
vt 0.546875 0.5625
vt 0.54980625 0.5625
vt 0.55188046875 0.6796875
vt 0.54968203125 0.6796875
vt 0.549315625 0.671875
vt 0.552246875 0.671875
vt 0.55432109375 0.6015625
vt 0.55212265625 0.6015625
vt 0.55175625 0.59375
vt 0.5546875 0.59375
vt 0.36682109375 0.453125
vt 0.36462265625 0.453125
vt 0.36425625 0.4453125
vt 0.3671875 0.4453125
vt 0.34875546875 0.453125
vt 0.34655703125 0.453125
vt 0.346190625 0.4453125
vt 0.349121875 0.4453125
vt 0.54943984375 0.6484375
vt 0.54724140625 0.6484375
vt 0.546875 0.640625
vt 0.54980625 0.640625
vt 0.40881484375 0.453125
vt 0.40661640625 0.453125
vt 0.40625 0.4453125
vt 0.40918125 0.4453125
vt 0.55188046875 0.6953125
vt 0.54968203125 0.6953125
vt 0.549315625 0.6875
vt 0.552246875 0.6875
vt 0.0256890625 0.501459375
vt 0.02426171875 0.500634375
vt 0.02453671875 0.499609375
vt 0.02643984375 0.50070859375
vt 0.0265140625 0.50288671875
vt 0.0256890625 0.501459375
vt 0.02643984375 0.50070859375
vt 0.0275390625 0.50261171875
vt 0.0265140625 0.50453515625
vt 0.0265140625 0.50288671875
vt 0.0275390625 0.50261171875
vt 0.0275390625 0.50481015625
vt 0.0256890625 0.5059625
vt 0.0265140625 0.50453515625
vt 0.0275390625 0.50481015625
vt 0.02643984375 0.5067132812499999
vt 0.02426171875 0.5067867187499999
vt 0.0256890625 0.5059625
vt 0.02643984375 0.5067132812499999
vt 0.02453671875 0.5078125
vt 0.02261328125 0.5067875
vt 0.02426171875 0.5067867187499999
vt 0.02453671875 0.5078125
vt 0.02233828125 0.5078125
vt 0.0211859375 0.5059625
vt 0.02261328125 0.5067875
vt 0.02233828125 0.5078125
vt 0.02043515625 0.5067132812499999
vt 0.02036171875 0.50453515625
vt 0.0211859375 0.5059625
vt 0.02043515625 0.5067132812499999
vt 0.0193359375 0.50481015625
vt 0.02036171875 0.50288671875
vt 0.02036171875 0.50453515625
vt 0.0193359375 0.50481015625
vt 0.0193359375 0.50261171875
vt 0.0211859375 0.501459375
vt 0.02036171875 0.50288671875
vt 0.0193359375 0.50261171875
vt 0.02043515625 0.50070859375
vt 0.02261328125 0.500634375
vt 0.0211859375 0.501459375
vt 0.02043515625 0.50070859375
vt 0.02233828125 0.499609375
vt 0.02426171875 0.500634375
vt 0.02261328125 0.500634375
vt 0.02233828125 0.499609375
vt 0.02453671875 0.499609375
vt 0.15625 0.5625
vt 0.15625 0.59375
vt 0.1484375 0.59375
vt 0.1484375 0.5625
vt 0.3671875 0.4609375
vt 0.3671875 0.46875
vt 0.359375 0.46875
vt 0.359375 0.4609375
vt 0.40625 0.5859375
vt 0.40625 0.6171875
vt 0.3984375 0.6171875
vt 0.3984375 0.5859375
vt 0.5390625 0.65625
vt 0.5390625 0.6640625
vt 0.53125 0.6640625
vt 0.53125 0.65625
vt 0.40625 0.8515625
vt 0.40625 0.8828125
vt 0.3984375 0.8828125
vt 0.3984375 0.8515625
vt 0.53125 0.5078125
vt 0.53125 0.515625
vt 0.5234375 0.515625
vt 0.5234375 0.5078125
vt 0.1015625 0.5625
vt 0.1015625 0.59375
vt 0.09375 0.59375
vt 0.09375 0.5625
vt 0.2421875 0.4609375
vt 0.2421875 0.46875
vt 0.234375 0.46875
vt 0.234375 0.4609375
vt 0.21875 0.5625
vt 0.21875 0.59375
vt 0.2109375 0.59375
vt 0.2109375 0.5625
vt 0.5390625 0.4921875
vt 0.5390625 0.5
vt 0.53125 0.5
vt 0.53125 0.4921875
vt 0.140625 0.5703125
vt 0.140625 0.6015625
vt 0.1328125 0.6015625
vt 0.1328125 0.5703125
vt 0.5078125 0.46875
vt 0.5078125 0.4765625
vt 0.5 0.4765625
vt 0.5 0.46875
vt 0.234375 0.5625
vt 0.234375 0.59375
vt 0.2265625 0.59375
vt 0.2265625 0.5625
vt 0.5390625 0.4609375
vt 0.5390625 0.46875
vt 0.53125 0.46875
vt 0.53125 0.4609375
vt 0.40625 0.6640625
vt 0.40625 0.6953125
vt 0.3984375 0.6953125
vt 0.3984375 0.6640625
vt 0.2578125 0.4609375
vt 0.2578125 0.46875
vt 0.25 0.46875
vt 0.25 0.4609375
vt 0.40625 0.8125
vt 0.40625 0.84375
vt 0.3984375 0.84375
vt 0.3984375 0.8125
vt 0.0546875 0.4609375
vt 0.0546875 0.46875
vt 0.046875 0.46875
vt 0.046875 0.4609375
vt 0.40625 0.625
vt 0.40625 0.65625
vt 0.3984375 0.65625
vt 0.3984375 0.625
vt 0.2265625 0.4609375
vt 0.2265625 0.46875
vt 0.21875 0.46875
vt 0.21875 0.4609375
vt 0.171875 0.5625
vt 0.171875 0.59375
vt 0.1640625 0.59375
vt 0.1640625 0.5625
vt 0.5390625 0.6015625
vt 0.5390625 0.609375
vt 0.53125 0.609375
vt 0.53125 0.6015625
vt 0.40625 0.7734375
vt 0.40625 0.8046875
vt 0.3984375 0.8046875
vt 0.3984375 0.7734375
vt 0.5390625 0.8671875
vt 0.5390625 0.875
vt 0.53125 0.875
vt 0.53125 0.8671875
vt 0.47228671875 0.72849453125
vt 0.47004453125 0.7272000000000001
vt 0.470215625 0.7265625
vt 0.472753125 0.728028125
vt 0.47004453125 0.7181124999999999
vt 0.47228671875 0.71681796875
vt 0.472753125 0.717284375
vt 0.470215625 0.71875
vt 0.47358125 0.73073671875
vt 0.47228671875 0.72849453125
vt 0.472753125 0.728028125
vt 0.47421875 0.730565625
vt 0.47228671875 0.71681796875
vt 0.47358125 0.71457578125
vt 0.47421875 0.714746875
vt 0.472753125 0.717284375
vt 0.47358125 0.73332578125
vt 0.47358125 0.73073671875
vt 0.47421875 0.730565625
vt 0.47421875 0.7334968749999999
vt 0.47358125 0.71457578125
vt 0.47358125 0.71198671875
vt 0.47421875 0.7118156250000001
vt 0.47421875 0.714746875
vt 0.47228671875 0.7355679687500001
vt 0.47358125 0.73332578125
vt 0.47421875 0.7334968749999999
vt 0.472753125 0.736034375
vt 0.47358125 0.71198671875
vt 0.47228671875 0.7097445312499999
vt 0.472753125 0.709278125
vt 0.47421875 0.7118156250000001
vt 0.47004453125 0.7368625
vt 0.47228671875 0.7355679687500001
vt 0.472753125 0.736034375
vt 0.470215625 0.7375
vt 0.47228671875 0.7097445312499999
vt 0.47004453125 0.70845
vt 0.470215625 0.7078125
vt 0.472753125 0.709278125
vt 0.46745546875 0.7368625
vt 0.47004453125 0.7368625
vt 0.470215625 0.7375
vt 0.46728437500000003 0.7375
vt 0.47004453125 0.70845
vt 0.46745546875 0.70845
vt 0.46728437500000003 0.7078125
vt 0.470215625 0.7078125
vt 0.46521328125 0.7355679687500001
vt 0.46745546875 0.7368625
vt 0.46728437500000003 0.7375
vt 0.464746875 0.736034375
vt 0.46745546875 0.70845
vt 0.46521328125 0.7097445312499999
vt 0.464746875 0.709278125
vt 0.467284375 0.7078125
vt 0.46391875 0.73332578125
vt 0.46521328125 0.7355679687500001
vt 0.464746875 0.736034375
vt 0.46328125 0.7334968749999999
vt 0.46521328125 0.7097445312499999
vt 0.46391875 0.71198671875
vt 0.46328125 0.7118156250000001
vt 0.464746875 0.709278125
vt 0.46391875 0.73073671875
vt 0.46391875 0.73332578125
vt 0.46328125 0.7334968749999999
vt 0.46328125 0.730565625
vt 0.46391875 0.71198671875
vt 0.46391875 0.71457578125
vt 0.46328125 0.714746875
vt 0.46328125 0.7118156250000001
vt 0.46521328125 0.72849453125
vt 0.46391875 0.73073671875
vt 0.46328125 0.730565625
vt 0.464746875 0.728028125
vt 0.46391875 0.71457578125
vt 0.46521328125 0.71681796875
vt 0.464746875 0.717284375
vt 0.46328125 0.714746875
vt 0.46745546875 0.7272000000000001
vt 0.46521328125 0.72849453125
vt 0.464746875 0.728028125
vt 0.467284375 0.7265625
vt 0.46521328125 0.71681796875
vt 0.46745546875 0.7181124999999999
vt 0.467284375 0.71875
vt 0.464746875 0.717284375
vt 0.47004453125 0.7272000000000001
vt 0.46745546875 0.7272000000000001
vt 0.467284375 0.7265625
vt 0.470215625 0.7265625
vt 0.46745546875 0.7181124999999999
vt 0.47004453125 0.7181124999999999
vt 0.470215625 0.71875
vt 0.467284375 0.71875
vt 0.53125 0.4765625
vt 0.5390625 0.4765625
vt 0.5390625 0.484375
vt 0.53125 0.484375
vt 0.53125 0.6875
vt 0.5390625 0.6875
vt 0.5390625 0.6953125
vt 0.53125 0.6953125
vt 0.515625 0.46875
vt 0.5234375 0.46875
vt 0.5234375 0.4765625
vt 0.515625 0.4765625
vt 0.53125 0.703125
vt 0.5390625 0.703125
vt 0.5390625 0.7109375
vt 0.53125 0.7109375
vt 0.53125 0.5703125
vt 0.5390625 0.5703125
vt 0.5390625 0.578125
vt 0.53125 0.578125
vt 0.015625 0.4609375
vt 0.0234375 0.4609375
vt 0.0234375 0.46875
vt 0.015625 0.46875
vt 0.390625 0.4609375
vt 0.3984375 0.4609375
vt 0.3984375 0.46875
vt 0.390625 0.46875
vt 0.53125 0.8359375
vt 0.5390625 0.8359375
vt 0.5390625 0.84375
vt 0.53125 0.84375
vt 0.53125 0.9765625
vt 0.5390625 0.9765625
vt 0.5390625 0.984375
vt 0.53125 0.984375
vt 0.53125 0.765625
vt 0.5390625 0.765625
vt 0.5390625 0.7734375
vt 0.53125 0.7734375
vt 0.53125 0.640625
vt 0.5390625 0.640625
vt 0.5390625 0.6484375
vt 0.53125 0.6484375
vt 0.53125 0.9453125
vt 0.5390625 0.9453125
vt 0.5390625 0.953125
vt 0.53125 0.953125
vn 1 -2.220446049250313e-16 0
vn 3.0176296200486017e-16 0.49999999999999983 0.8660254037844387
vn -1 2.220446049250313e-16 0
vn 1 -2.220446049250313e-16 0
vn 1.922962686383564e-16 0.8660254037844387 0.5000000000000002
vn -1 2.220446049250313e-16 0
vn 1 -2.220446049250313e-16 0
vn 2.220446049250313e-16 1 0
vn -1 2.220446049250313e-16 0
vn 1 -2.220446049250313e-16 0
vn 1.922962686383564e-16 0.8660254037844387 -0.5000000000000003
vn -1 2.220446049250313e-16 0
vn 1 -2.220446049250313e-16 0
vn 1.1102230246251563e-16 0.4999999999999999 -0.8660254037844389
vn -1 2.220446049250313e-16 0
vn 1 -2.220446049250313e-16 0
vn 3.572363693890549e-31 5.919155336619826e-16 -1
vn -1 2.220446049250313e-16 0
vn 1 -2.220446049250313e-16 0
vn -3.017629620048601e-16 -0.4999999999999997 -0.8660254037844388
vn -1 2.220446049250313e-16 0
vn 1 -2.220446049250313e-16 0
vn -1.922962686383565e-16 -0.8660254037844392 -0.49999999999999956
vn -1 2.220446049250313e-16 0
vn 1 -2.220446049250313e-16 0
vn -2.220446049250313e-16 -1 -5.919155336619832e-16
vn -1 2.220446049250313e-16 0
vn 1 -2.220446049250313e-16 0
vn -1.922962686383565e-16 -0.8660254037844392 0.4999999999999993
vn -1 2.220446049250313e-16 0
vn 1 -2.220446049250313e-16 0
vn -1.1102230246251564e-16 -0.49999999999999994 0.8660254037844387
vn -1 2.220446049250313e-16 0
vn 1 -2.220446049250313e-16 0
vn 0 0 1
vn -1 2.220446049250313e-16 0
vn -0.45356813706548715 0.4456108013274997 0.7718205483007092
vn -0.4535681370654872 0.7718205483007095 0.44561080132749886
vn -0.4535681370654874 0.8912216026549982 0
vn -0.4535681370654873 0.7718205483007091 -0.445610801327499
vn -0.4535681370654874 0.4456108013274995 -0.771820548300709
vn -0.45356813706548726 4.523976314990357e-16 -0.8912216026549984
vn -0.45356813706548754 -0.4456108013274983 -0.7718205483007096
vn -0.45356813706548754 -0.7718205483007093 -0.4456108013274987
vn -0.4535681370654875 -0.8912216026549982 -7.033705473954949e-16
vn -0.4535681370654872 -0.7718205483007095 0.44561080132749886
vn -0.4535681370654876 -0.4456108013274988 0.7718205483007095
vn -0.4535681370654873 1.0071235780128858e-16 0.8912216026549981
vn -1 2.220446049250313e-16 0
vn -1 2.220446049250313e-16 0
vn -1 2.220446049250313e-16 0
vn -1 2.220446049250313e-16 0
vn -1 2.220446049250313e-16 0
vn -1 2.220446049250313e-16 0
vn -1 2.220446049250313e-16 0
vn -1 2.220446049250313e-16 0
vn -1 2.220446049250313e-16 0
vn -1 2.220446049250313e-16 0
vn -1 2.220446049250313e-16 0
vn -1 2.220446049250313e-16 0
vn 9.539951302778042e-17 0.49999999999999967 -0.8660254037844389
vn 1.3913647884944866e-16 0.49999999999999956 -0.8660254037844389
vn 1.9229626863835638e-16 0.8660254037844386 -0.5000000000000003
vn 4.844673601290846e-16 0.8660254037844387 -0.49999999999999983
vn 2.220446049250313e-16 1 0
vn 2.220446049250313e-16 1 0
vn 1.9229626863835638e-16 0.8660254037844386 0.5000000000000002
vn 1.9229626863835643e-16 0.8660254037844388 0.49999999999999967
vn 1.1102230246251562e-16 0.49999999999999983 0.8660254037844387
vn 2.7970736078411423e-16 0.49999999999999983 0.8660254037844387
vn 0 0 1
vn 0 0 1
vn -9.149381566909672e-17 -0.5000000000000001 0.8660254037844386
vn -1.3913647884944878e-16 -0.5000000000000001 0.8660254037844387
vn -1.9229626863835653e-16 -0.8660254037844393 0.4999999999999993
vn -4.844673601290847e-16 -0.8660254037844389 0.49999999999999967
vn -2.220446049250313e-16 -1 -5.919155336619831e-16
vn -2.220446049250313e-16 -1 -6.700626546426326e-16
vn -1.922962686383565e-16 -0.8660254037844392 -0.4999999999999995
vn -1.9229626863835646e-16 -0.8660254037844389 -0.4999999999999995
vn -1.1102230246251562e-16 -0.49999999999999983 -0.8660254037844388
vn -2.797073607841141e-16 -0.4999999999999995 -0.8660254037844389
vn 1.1756059320263892e-31 5.919155336619826e-16 -1
vn 1.8646031675098007e-31 6.700626546426318e-16 -1
vn 1 -2.220446049250313e-16 0
vn -1 2.220446049250313e-16 0
vn 1 -2.220446049250313e-16 0
vn -1 2.220446049250313e-16 0
vn 1 -2.220446049250313e-16 0
vn -1 2.220446049250313e-16 0
vn 1 -2.220446049250313e-16 0
vn -1 2.220446049250313e-16 0
vn 1 -2.220446049250313e-16 0
vn -1 2.220446049250313e-16 0
vn 1 -2.220446049250313e-16 0
vn -1 2.220446049250313e-16 0
vn 1 -2.220446049250313e-16 0
vn -1 2.220446049250313e-16 0
vn 1 -2.220446049250313e-16 0
vn -1 2.220446049250313e-16 0
vn 1 -2.220446049250313e-16 0
vn -1 2.220446049250313e-16 0
vn 1 -2.220446049250313e-16 0
vn -1 2.220446049250313e-16 0
vn 1 -2.220446049250313e-16 0
vn -1 2.220446049250313e-16 0
vn 1 -2.220446049250313e-16 0
vn -1 2.220446049250313e-16 0
vn -1.110223024625157e-16 -0.5000000000000002 0.8660254037844387
vn -1.9229626863835638e-16 -0.8660254037844386 0.5000000000000001
vn -2.220446049250313e-16 -1 0
vn -1.922962686383564e-16 -0.8660254037844387 -0.5000000000000001
vn -1.1102230246251573e-16 -0.5000000000000003 -0.8660254037844385
vn 0 0 -1
vn 1.1102230246251556e-16 0.49999999999999956 -0.8660254037844389
vn 1.922962686383565e-16 0.8660254037844392 -0.4999999999999993
vn 2.220446049250313e-16 1 2.630735705164369e-16
vn 1.9229626863835648e-16 0.866025403784439 0.49999999999999967
vn 1.1102230246251548e-16 0.4999999999999992 0.8660254037844393
vn -1.1682813406307909e-31 -5.261471410328733e-16 1
usemtl m_b56f5dc6-1369-fe8a-30e0-035cc0472814
f 285/1143/293 283/1144/293 282/1145/293
f 284/1146/294 342/1147/294 340/1148/294 286/1149/294
f 385/1150/295 384/1151/295 381/1152/295
f 287/1153/296 285/1154/296 282/1155/296
f 286/1156/297 340/1157/297 338/1158/297 288/1159/297
f 384/1160/298 383/1161/298 381/1162/298
f 289/1163/299 287/1164/299 282/1165/299
f 288/1166/300 338/1167/300 336/1168/300 290/1169/300
f 383/1170/301 382/1171/301 381/1172/301
f 291/1173/302 289/1174/302 282/1175/302
f 290/1176/303 336/1177/303 334/1178/303 292/1179/303
f 382/1180/304 379/1181/304 381/1182/304
f 293/1183/305 291/1184/305 282/1185/305
f 292/1186/306 334/1187/306 333/1188/306 294/1189/306
f 379/1190/307 380/1191/307 381/1192/307
f 295/1193/308 293/1194/308 282/1195/308
f 294/1196/309 333/1197/309 354/1198/309 296/1199/309
f 380/1200/310 391/1201/310 381/1202/310
f 297/1203/311 295/1204/311 282/1205/311
f 296/1206/312 354/1207/312 352/1208/312 298/1209/312
f 391/1210/313 390/1211/313 381/1212/313
f 299/1213/314 297/1214/314 282/1215/314
f 298/1216/315 352/1217/315 350/1218/315 300/1219/315
f 390/1220/316 389/1221/316 381/1222/316
f 301/1223/317 299/1224/317 282/1225/317
f 300/1226/318 350/1227/318 348/1228/318 302/1229/318
f 389/1230/319 388/1231/319 381/1232/319
f 303/1233/320 301/1234/320 282/1235/320
f 302/1236/321 348/1237/321 346/1238/321 304/1239/321
f 388/1240/322 387/1241/322 381/1242/322
f 305/1243/323 303/1244/323 282/1245/323
f 304/1246/324 346/1247/324 344/1248/324 306/1249/324
f 387/1250/325 386/1251/325 381/1252/325
f 283/1253/326 305/1254/326 282/1255/326
f 306/1256/327 344/1257/327 342/1258/327 284/1259/327
f 386/1260/328 385/1261/328 381/1262/328
f 308/1263/329 307/1264/329 284/1265/329 286/1266/329
f 309/1267/330 308/1268/330 286/1269/330 288/1270/330
f 310/1271/331 309/1272/331 288/1273/331 290/1274/331
f 311/1275/332 310/1276/332 290/1277/332 292/1278/332
f 312/1279/333 311/1280/333 292/1281/333 294/1282/333
f 313/1283/334 312/1284/334 294/1285/334 296/1286/334
f 314/1287/335 313/1288/335 296/1289/335 298/1290/335
f 315/1291/336 314/1292/336 298/1293/336 300/1294/336
f 316/1295/337 315/1296/337 300/1297/337 302/1298/337
f 317/1299/338 316/1300/338 302/1301/338 304/1302/338
f 318/1303/339 317/1304/339 304/1305/339 306/1306/339
f 307/1307/340 318/1308/340 306/1309/340 284/1310/340
f 320/1311/341 319/1312/341 307/1313/341 308/1314/341
f 321/1315/342 320/1316/342 308/1317/342 309/1318/342
f 322/1319/343 321/1320/343 309/1321/343 310/1322/343
f 323/1323/344 322/1324/344 310/1325/344 311/1326/344
f 324/1327/345 323/1328/345 311/1329/345 312/1330/345
f 325/1331/346 324/1332/346 312/1333/346 313/1334/346
f 326/1335/347 325/1336/347 313/1337/347 314/1338/347
f 327/1339/348 326/1340/348 314/1341/348 315/1342/348
f 328/1343/349 327/1344/349 315/1345/349 316/1346/349
f 329/1347/350 328/1348/350 316/1349/350 317/1350/350
f 330/1351/351 329/1352/351 317/1353/351 318/1354/351
f 319/1355/352 330/1356/352 318/1357/352 307/1358/352
f 293/1359/353 331/1360/353 332/1361/353 291/1362/353
f 355/1363/354 357/1364/354 358/1365/354 356/1366/354
f 291/1367/355 332/1368/355 335/1369/355 289/1370/355
f 356/1371/356 358/1372/356 360/1373/356 359/1374/356
f 289/1375/357 335/1376/357 337/1377/357 287/1378/357
f 359/1379/358 360/1380/358 362/1381/358 361/1382/358
f 287/1383/359 337/1384/359 339/1385/359 285/1386/359
f 361/1387/360 362/1388/360 364/1389/360 363/1390/360
f 285/1391/361 339/1392/361 341/1393/361 283/1394/361
f 363/1395/362 364/1396/362 366/1397/362 365/1398/362
f 283/1399/363 341/1400/363 343/1401/363 305/1402/363
f 365/1403/364 366/1404/364 368/1405/364 367/1406/364
f 305/1407/365 343/1408/365 345/1409/365 303/1410/365
f 367/1411/366 368/1412/366 370/1413/366 369/1414/366
f 303/1415/367 345/1416/367 347/1417/367 301/1418/367
f 369/1419/368 370/1420/368 372/1421/368 371/1422/368
f 301/1423/369 347/1424/369 349/1425/369 299/1426/369
f 371/1427/370 372/1428/370 374/1429/370 373/1430/370
f 299/1431/371 349/1432/371 351/1433/371 297/1434/371
f 373/1435/372 374/1436/372 376/1437/372 375/1438/372
f 297/1439/373 351/1440/373 353/1441/373 295/1442/373
f 375/1443/374 376/1444/374 378/1445/374 377/1446/374
f 295/1447/375 353/1448/375 331/1449/375 293/1450/375
f 377/1451/376 378/1452/376 357/1453/376 355/1454/376
f 358/1455/377 357/1456/377 333/1457/377 334/1458/377
f 355/1459/378 356/1460/378 332/1461/378 331/1462/378
f 360/1463/379 358/1464/379 334/1465/379 336/1466/379
f 356/1467/380 359/1468/380 335/1469/380 332/1470/380
f 362/1471/381 360/1472/381 336/1473/381 338/1474/381
f 359/1475/382 361/1476/382 337/1477/382 335/1478/382
f 364/1479/383 362/1480/383 338/1481/383 340/1482/383
f 361/1483/384 363/1484/384 339/1485/384 337/1486/384
f 366/1487/385 364/1488/385 340/1489/385 342/1490/385
f 363/1491/386 365/1492/386 341/1493/386 339/1494/386
f 368/1495/387 366/1496/387 342/1497/387 344/1498/387
f 365/1499/388 367/1500/388 343/1501/388 341/1502/388
f 370/1503/389 368/1504/389 344/1505/389 346/1506/389
f 367/1507/390 369/1508/390 345/1509/390 343/1510/390
f 372/1511/391 370/1512/391 346/1513/391 348/1514/391
f 369/1515/392 371/1516/392 347/1517/392 345/1518/392
f 374/1519/393 372/1520/393 348/1521/393 350/1522/393
f 371/1523/394 373/1524/394 349/1525/394 347/1526/394
f 376/1527/395 374/1528/395 350/1529/395 352/1530/395
f 373/1531/396 375/1532/396 351/1533/396 349/1534/396
f 378/1535/397 376/1536/397 352/1537/397 354/1538/397
f 375/1539/398 377/1540/398 353/1541/398 351/1542/398
f 357/1543/399 378/1544/399 354/1545/399 333/1546/399
f 377/1547/400 355/1548/400 331/1549/400 353/1550/400
f 380/1551/401 379/1552/401 323/1553/401 324/1554/401
f 379/1555/402 382/1556/402 322/1557/402 323/1558/402
f 382/1559/403 383/1560/403 321/1561/403 322/1562/403
f 383/1563/404 384/1564/404 320/1565/404 321/1566/404
f 384/1567/405 385/1568/405 319/1569/405 320/1570/405
f 385/1571/406 386/1572/406 330/1573/406 319/1574/406
f 386/1575/407 387/1576/407 329/1577/407 330/1578/407
f 387/1579/408 388/1580/408 328/1581/408 329/1582/408
f 388/1583/409 389/1584/409 327/1585/409 328/1586/409
f 389/1587/410 390/1588/410 326/1589/410 327/1590/410
f 390/1591/411 391/1592/411 325/1593/411 326/1594/411
f 391/1595/412 380/1596/412 324/1597/412 325/1598/412
o Arm
v -0.3343749999999953 1.1359375000000016 5.389023147467818e-16
v -0.15937499999999533 1.135937500000001 8.772126480466929e-16
v -0.3343749999999951 1.1690807628834883 -0.05624999999999942
v -0.15937499999999508 1.1690807628834876 -0.05624999999999908
v -0.33437499999999504 1.1921875000000013 -0.037362012883486
v -0.15937499999999502 1.1921875000000006 -0.03736201288348566
v -0.33437499999999515 1.1921875000000013 0.037362012883487165
v -0.1593749999999952 1.1921875000000006 0.037362012883487505
v -0.3343749999999953 1.1690807628834883 0.056250000000000556
v -0.1593749999999953 1.1690807628834876 0.056250000000000897
v -0.33437499999999554 1.102794237116515 0.056250000000000494
v -0.15937499999999558 1.1027942371165143 0.056250000000000834
v -0.3343749999999956 1.079687500000002 0.0373620128834871
v -0.15937499999999563 1.0796875000000012 0.03736201288348744
v -0.3343749999999955 1.079687500000002 -0.03736201288348612
v -0.15937499999999546 1.0796875000000012 -0.03736201288348578
v -0.3343749999999953 1.102794237116515 -0.05624999999999947
v -0.15937499999999535 1.1027942371165143 -0.05624999999999913
v -0.3177083333333285 1.1690807628834883 -0.056249999999999384
v -0.3177083333333287 1.102794237116515 -0.05624999999999944
v -0.29466911764705395 1.169080762883488 -0.056249999999999335
v -0.29466911764705417 1.1027942371165147 -0.05624999999999939
v -0.3177083333333289 1.079687500000002 -0.03736201288348608
v -0.29466911764705433 1.0796875000000017 -0.03736201288348604
v -0.317708333333329 1.079687500000002 0.03736201288348714
v -0.29466911764705445 1.0796875000000017 0.03736201288348718
v -0.31770833333332893 1.102794237116515 0.05625000000000052
v -0.2946691176470544 1.1027942371165147 0.05625000000000057
v -0.3177083333333287 1.1690807628834883 0.05625000000000059
v -0.29466911764705417 1.169080762883488 0.05625000000000064
v -0.31770833333332854 1.1921875000000013 0.03736201288348719
v -0.294669117647054 1.192187500000001 0.03736201288348724
v -0.31770833333332843 1.1921875000000013 -0.03736201288348597
v -0.2946691176470539 1.192187500000001 -0.03736201288348592
vt 0.42890625 0.7851390625
vt 0.42601796875 0.7875
vt 0.421875 0.78046875
vt 0.37126875 0.515625
vt 0.37126875 0.49871328125000003
vt 0.375 0.49871328125000003
vt 0.375 0.515625
vt 0.42601796875 0.68125
vt 0.42890625 0.6836109375
vt 0.421875 0.68828125
vt 0.42890625 0.7757984375
vt 0.42890625 0.7851390625
vt 0.421875 0.78046875
vt 0.4172046875 0.90625
vt 0.4172046875 0.88933828125
vt 0.4265453125 0.88933828125
vt 0.4265453125 0.90625
vt 0.42890625 0.6836109375
vt 0.42890625 0.6929515625
vt 0.421875 0.68828125
vt 0.42601796875 0.7734375
vt 0.42890625 0.7757984375
vt 0.421875 0.78046875
vt 0.3515625 0.515625
vt 0.3515625 0.49871328125000003
vt 0.35529375 0.49871328125000003
vt 0.35529375 0.515625
vt 0.42890625 0.6929515625
vt 0.42601796875 0.6953125
vt 0.421875 0.68828125
vt 0.41773203125 0.7734375
vt 0.42601796875 0.7734375
vt 0.421875 0.78046875
vt 0.02710703125000001 0.578125
vt 0.02710703125000001 0.56121328125
vt 0.03539296874999999 0.56121328125
vt 0.03539296874999999 0.578125
vt 0.42601796875 0.6953125
vt 0.41773203125 0.6953125
vt 0.421875 0.68828125
vt 0.41484375 0.7757984375
vt 0.41773203125 0.7734375
vt 0.421875 0.78046875
vt 0.48845703125 0.59375
vt 0.48845703125 0.57683828125
vt 0.4921875 0.57683828125
vt 0.4921875 0.59375
vt 0.41773203125 0.6953125
vt 0.41484375 0.6929515625
vt 0.421875 0.68828125
vt 0.41484375 0.7851390625
vt 0.41484375 0.7757984375
vt 0.421875 0.78046875
vt 0.4172046875 0.875
vt 0.4172046875 0.85808828125
vt 0.4265453125 0.85808828125
vt 0.4265453125 0.875
vt 0.41484375 0.6929515625
vt 0.41484375 0.6836109375
vt 0.421875 0.68828125
vt 0.41773203125 0.7875
vt 0.41484375 0.7851390625
vt 0.421875 0.78046875
vt 0.3984375 0.515625
vt 0.3984375 0.49871328125000003
vt 0.40216796875 0.49871328125000003
vt 0.40216796875 0.515625
vt 0.41484375 0.6836109375
vt 0.41773203125 0.68125
vt 0.421875 0.68828125
vt 0.42601796875 0.7875
vt 0.41773203125 0.7875
vt 0.421875 0.78046875
vt 0.05054453125000001 0.578125
vt 0.05054453125000001 0.56121328125
vt 0.05883046874999999 0.56121328125
vt 0.05883046874999999 0.578125
vt 0.41773203125 0.68125
vt 0.42601796875 0.68125
vt 0.421875 0.68828125
vt 0.05883046874999999 0.55625
vt 0.05883046874999999 0.55833359375
vt 0.05054453125000001 0.55833359375
vt 0.05054453125000001 0.55625
vt 0.05883046874999999 0.55833359375
vt 0.05883046874999999 0.56121328125
vt 0.05054453125000001 0.56121328125
vt 0.05054453125000001 0.55833359375
vt 0.40216796875 0.49375
vt 0.40216796875 0.49583359375
vt 0.3984375 0.49583359375
vt 0.3984375 0.49375
vt 0.40216796875 0.49583359375
vt 0.40216796875 0.49871328125000003
vt 0.3984375 0.49871328125000003
vt 0.3984375 0.49583359375
vt 0.4265453125 0.853125
vt 0.4265453125 0.85520859375
vt 0.4172046875 0.85520859375
vt 0.4172046875 0.853125
vt 0.4265453125 0.85520859375
vt 0.4265453125 0.85808828125
vt 0.4172046875 0.85808828125
vt 0.4172046875 0.85520859375
vt 0.4921875 0.571875
vt 0.4921875 0.57395859375
vt 0.48845703125 0.57395859375
vt 0.48845703125 0.571875
vt 0.4921875 0.57395859375
vt 0.4921875 0.57683828125
vt 0.48845703125 0.57683828125
vt 0.48845703125 0.57395859375
vt 0.03539296874999999 0.55625
vt 0.03539296874999999 0.55833359375
vt 0.02710703125000001 0.55833359375
vt 0.02710703125000001 0.55625
vt 0.03539296874999999 0.55833359375
vt 0.03539296874999999 0.56121328125
vt 0.02710703125000001 0.56121328125
vt 0.02710703125000001 0.55833359375
vt 0.35529375 0.49375
vt 0.35529375 0.49583359375
vt 0.3515625 0.49583359375
vt 0.3515625 0.49375
vt 0.35529375 0.49583359375
vt 0.35529375 0.49871328125000003
vt 0.3515625 0.49871328125000003
vt 0.3515625 0.49583359375
vt 0.4265453125 0.884375
vt 0.4265453125 0.88645859375
vt 0.4172046875 0.88645859375
vt 0.4172046875 0.884375
vt 0.4265453125 0.88645859375
vt 0.4265453125 0.88933828125
vt 0.4172046875 0.88933828125
vt 0.4172046875 0.88645859375
vt 0.375 0.49375
vt 0.375 0.49583359375
vt 0.37126875 0.49583359375
vt 0.37126875 0.49375
vt 0.375 0.49583359375
vt 0.375 0.49871328125000003
vt 0.37126875 0.49871328125000003
vt 0.37126875 0.49583359375
vn -1 3.996802888650565e-15 -1.9332019045709208e-15
vn 4.026292430662373e-15 0.6328859753093352 -0.7742450143570521
vn 1 -3.996802888650565e-15 1.9332019045709208e-15
vn -1 3.996802888650565e-15 -1.9332019045709208e-15
vn 3.996802888650562e-15 1 1.010643099614868e-15
vn 1 -3.996802888650565e-15 1.9332019045709208e-15
vn -1 3.996802888650565e-15 -1.9332019045709208e-15
vn 1.0327485579431824e-15 0.6328859753093342 0.7742450143570528
vn 1 -3.996802888650565e-15 1.9332019045709208e-15
vn -1 3.996802888650565e-15 -1.9332019045709208e-15
vn -1.9332019045709247e-15 -1.0106430996148602e-15 1
vn 1 -3.996802888650565e-15 1.9332019045709208e-15
vn -1 3.996802888650565e-15 -1.9332019045709208e-15
vn -4.026292430662372e-15 -0.6328859753093347 0.7742450143570525
vn 1 -3.996802888650565e-15 1.9332019045709208e-15
vn -1 3.996802888650565e-15 -1.9332019045709208e-15
vn -3.996802888650562e-15 -1 -1.010643099614868e-15
vn 1 -3.996802888650565e-15 1.9332019045709208e-15
vn -1 3.996802888650565e-15 -1.9332019045709208e-15
vn -1.0327485579431777e-15 -0.6328859753093334 -0.7742450143570535
vn 1 -3.996802888650565e-15 1.9332019045709208e-15
vn -1 3.996802888650565e-15 -1.9332019045709208e-15
vn 1.933201904570924e-15 8.012824845088422e-16 -1
vn 1 -3.996802888650565e-15 1.9332019045709208e-15
vn 1.933201904570924e-15 8.012824845088421e-16 -1
vn 1.933201904570924e-15 8.012824845088421e-16 -1
vn -1.0327485579431778e-15 -0.6328859753093334 -0.7742450143570534
vn -1.0327485579431777e-15 -0.6328859753093334 -0.7742450143570535
vn -3.996802888650562e-15 -1 -1.010643099614868e-15
vn -3.996802888650562e-15 -1 -1.010643099614868e-15
vn -4.026292430662372e-15 -0.6328859753093348 0.7742450143570525
vn -4.026292430662372e-15 -0.6328859753093348 0.7742450143570525
vn -1.9332019045709247e-15 -1.0106430996148602e-15 1
vn -1.9332019045709247e-15 -1.0106430996148602e-15 1
vn 1.0327485579431824e-15 0.6328859753093342 0.7742450143570527
vn 1.0327485579431824e-15 0.6328859753093342 0.7742450143570527
vn 3.996802888650562e-15 1 1.010643099614868e-15
vn 3.996802888650562e-15 1 1.010643099614868e-15
vn 4.026292430662373e-15 0.6328859753093352 -0.774245014357052
vn 4.026292430662373e-15 0.6328859753093352 -0.774245014357052
usemtl m_b56f5dc6-1369-fe8a-30e0-035cc0472814
f 396/1599/413 394/1600/413 392/1601/413
f 395/1602/414 412/1603/414 425/1604/414 397/1605/414
f 395/1606/415 397/1607/415 393/1608/415
f 398/1609/416 396/1610/416 392/1611/416
f 397/1612/417 425/1613/417 423/1614/417 399/1615/417
f 397/1616/418 399/1617/418 393/1618/418
f 400/1619/419 398/1620/419 392/1621/419
f 399/1622/420 423/1623/420 421/1624/420 401/1625/420
f 399/1626/421 401/1627/421 393/1628/421
f 402/1629/422 400/1630/422 392/1631/422
f 401/1632/423 421/1633/423 419/1634/423 403/1635/423
f 401/1636/424 403/1637/424 393/1638/424
f 404/1639/425 402/1640/425 392/1641/425
f 403/1642/426 419/1643/426 417/1644/426 405/1645/426
f 403/1646/427 405/1647/427 393/1648/427
f 406/1649/428 404/1650/428 392/1651/428
f 405/1652/429 417/1653/429 415/1654/429 407/1655/429
f 405/1656/430 407/1657/430 393/1658/430
f 408/1659/431 406/1660/431 392/1661/431
f 407/1662/432 415/1663/432 413/1664/432 409/1665/432
f 407/1666/433 409/1667/433 393/1668/433
f 394/1669/434 408/1670/434 392/1671/434
f 409/1672/435 413/1673/435 412/1674/435 395/1675/435
f 409/1676/436 395/1677/436 393/1678/436
f 394/1679/437 410/1680/437 411/1681/437 408/1682/437
f 410/1683/438 412/1684/438 413/1685/438 411/1686/438
f 408/1687/439 411/1688/439 414/1689/439 406/1690/439
f 411/1691/440 413/1692/440 415/1693/440 414/1694/440
f 406/1695/441 414/1696/441 416/1697/441 404/1698/441
f 414/1699/442 415/1700/442 417/1701/442 416/1702/442
f 404/1703/443 416/1704/443 418/1705/443 402/1706/443
f 416/1707/444 417/1708/444 419/1709/444 418/1710/444
f 402/1711/445 418/1712/445 420/1713/445 400/1714/445
f 418/1715/446 419/1716/446 421/1717/446 420/1718/446
f 400/1719/447 420/1720/447 422/1721/447 398/1722/447
f 420/1723/448 421/1724/448 423/1725/448 422/1726/448
f 398/1727/449 422/1728/449 424/1729/449 396/1730/449
f 422/1731/450 423/1732/450 425/1733/450 424/1734/450
f 396/1735/451 424/1736/451 410/1737/451 394/1738/451
f 424/1739/452 425/1740/452 412/1741/452 410/1742/452
o cylinder
v -0.16875000052683556 1.132812498287785 0.06250000000000058
v -0.16875000052683556 1.1328124982877836 -0.06249999999999971
v -0.23750000013863135 1.1512340067162226 0.06250000000000035
v -0.23750000013863135 1.1512340067162212 -0.062499999999999924
v -0.21907849248660222 1.1831409923687388 0.06250000000000003
v -0.21907849248660222 1.1831409923687375 -0.06250000000000025
v -0.18717150605767735 1.201562498675989 0.062499999999999854
v -0.18717150605767735 1.2015624986759876 -0.06250000000000043
v -0.15032849209839794 1.2015624978995807 0.06249999999999987
v -0.15032849209839794 1.2015624978995794 -0.06250000000000042
v -0.11842150644588156 1.1831409902475514 0.06250000000000007
v -0.11842150644588156 1.18314099024755 -0.06250000000000021
v -0.10000000013863133 1.1512340038186266 0.06250000000000042
v -0.10000000013863133 1.1512340038186253 -0.06249999999999986
v -0.10000000091503974 1.1143909898593471 0.06250000000000079
v -0.10000000091503974 1.1143909898593458 -0.06249999999999948
v -0.1184215085670689 1.0824840042068309 0.06250000000000111
v -0.1184215085670689 1.0824840042068296 -0.06249999999999916
v -0.1503284949959938 1.0640624978995805 0.06250000000000129
v -0.1503284949959938 1.0640624978995792 -0.06249999999999899
v -0.18717150895527312 1.064062498675989 0.06250000000000128
v -0.18717150895527312 1.0640624986759877 -0.062499999999999
v -0.21907849460778955 1.0824840063280181 0.06250000000000107
v -0.21907849460778955 1.0824840063280168 -0.0624999999999992
v -0.23750000091503978 1.114390992756943 0.06250000000000072
v -0.23750000091503978 1.1143909927569418 -0.06249999999999954
vt 0.14301015625 0.62426015625
vt 0.13902109375 0.6265625
vt 0.13671875 0.61796875
vt 0.0546875 0.53125
vt 0.0625 0.53125
vt 0.0625 0.546875
vt 0.0546875 0.546875
vt 0.38120859375 0.959375
vt 0.38519765625 0.96167734375
vt 0.37890625 0.96796875
vt 0.1453125 0.62027109375
vt 0.14301015625 0.62426015625
vt 0.13671875 0.61796875
vt 0.453125 0.984375
vt 0.4609375 0.984375
vt 0.4609375 1
vt 0.453125 1
vt 0.38519765625 0.96167734375
vt 0.3875 0.96566640625
vt 0.37890625 0.96796875
vt 0.1453125 0.61566640625
vt 0.1453125 0.62027109375
vt 0.13671875 0.61796875
vt 0.265625 0.5390625
vt 0.2734375 0.5390625
vt 0.2734375 0.5546875
vt 0.265625 0.5546875
vt 0.3875 0.96566640625
vt 0.3875 0.97027109375
vt 0.37890625 0.96796875
vt 0.14301015625 0.61167734375
vt 0.1453125 0.61566640625
vt 0.13671875 0.61796875
vt 0.0234375 0.53125
vt 0.03125 0.53125
vt 0.03125 0.546875
vt 0.0234375 0.546875
vt 0.3875 0.97027109375
vt 0.38519765625 0.97426015625
vt 0.37890625 0.96796875
vt 0.13902109375 0.609375
vt 0.14301015625 0.61167734375
vt 0.13671875 0.61796875
vt 0.453125 0.9140625
vt 0.4609375 0.9140625
vt 0.4609375 0.9296875
vt 0.453125 0.9296875
vt 0.38519765625 0.97426015625
vt 0.38120859375 0.9765625
vt 0.37890625 0.96796875
vt 0.13441640625 0.609375
vt 0.13902109375 0.609375
vt 0.13671875 0.61796875
vt 0.4140625 0.5390625
vt 0.421875 0.5390625
vt 0.421875 0.5546875
vt 0.4140625 0.5546875
vt 0.38120859375 0.9765625
vt 0.37660390625 0.9765625
vt 0.37890625 0.96796875
vt 0.13042734375 0.61167734375
vt 0.13441640625 0.609375
vt 0.13671875 0.61796875
vt 0.453125 0.8359375
vt 0.4609375 0.8359375
vt 0.4609375 0.8515625
vt 0.453125 0.8515625
vt 0.37660390625 0.9765625
vt 0.37261484375 0.97426015625
vt 0.37890625 0.96796875
vt 0.128125 0.61566640625
vt 0.13042734375 0.61167734375
vt 0.13671875 0.61796875
vt 0.4296875 0.5390625
vt 0.4375 0.5390625
vt 0.4375 0.5546875
vt 0.4296875 0.5546875
vt 0.37261484375 0.97426015625
vt 0.3703125 0.97027109375
vt 0.37890625 0.96796875
vt 0.128125 0.62027109375
vt 0.128125 0.61566640625
vt 0.13671875 0.61796875
vt 0.3828125 0.5390625
vt 0.390625 0.5390625
vt 0.390625 0.5546875
vt 0.3828125 0.5546875
vt 0.3703125 0.97027109375
vt 0.3703125 0.96566640625
vt 0.37890625 0.96796875
vt 0.13042734375 0.62426015625
vt 0.128125 0.62027109375
vt 0.13671875 0.61796875
vt 0.4453125 0.5390625
vt 0.453125 0.5390625
vt 0.453125 0.5546875
vt 0.4453125 0.5546875
vt 0.3703125 0.96566640625
vt 0.37261484375 0.96167734375
vt 0.37890625 0.96796875
vt 0.13441640625 0.6265625
vt 0.13042734375 0.62426015625
vt 0.13671875 0.61796875
vt 0.0390625 0.53125
vt 0.046875 0.53125
vt 0.046875 0.546875
vt 0.0390625 0.546875
vt 0.37261484375 0.96167734375
vt 0.37660390625 0.959375
vt 0.37890625 0.96796875
vt 0.13902109375 0.6265625
vt 0.13441640625 0.6265625
vt 0.13671875 0.61796875
vt 0.3984375 0.5390625
vt 0.40625 0.5390625
vt 0.40625 0.5546875
vt 0.3984375 0.5546875
vt 0.37660390625 0.959375
vt 0.38120859375 0.959375
vt 0.37890625 0.96796875
vn -4.4408899109558276e-16 1.038058528960369e-14 1
vn -0.8660253932477264 0.5000000182501207 -5.329070712713109e-15
vn 4.4408899109558276e-16 -1.038058528960369e-14 -1
vn -4.4408899109558276e-16 1.038058528960369e-14 1
vn -0.4999999817498789 0.8660254143211509 -9.230221006942869e-15
vn 4.4408899109558276e-16 -1.038058528960369e-14 -1
vn -4.4408899109558276e-16 1.038058528960369e-14 1
vn 2.1073424449902227e-8 0.9999999999999998 -1.0658141036401495e-14
vn 4.4408899109558276e-16 -1.038058528960369e-14 -1
vn -4.4408899109558276e-16 1.038058528960369e-14 1
vn 0.5000000182501207 0.8660253932477264 -9.230220782339336e-15
vn 4.4408899109558276e-16 -1.038058528960369e-14 -1
vn -4.4408899109558276e-16 1.038058528960369e-14 1
vn 0.8660254143211507 0.49999998174987914 -5.329070323688387e-15
vn 4.4408899109558276e-16 -1.038058528960369e-14 -1
vn -4.4408899109558276e-16 1.038058528960369e-14 1
vn 0.9999999999999998 -2.1073423363488276e-8 2.246035183278565e-22
vn 4.4408899109558276e-16 -1.038058528960369e-14 -1
vn -4.4408899109558276e-16 1.038058528960369e-14 1
vn 0.8660253932477265 -0.5000000182501205 5.3290707127131075e-15
vn 4.4408899109558276e-16 -1.038058528960369e-14 -1
vn -4.4408899109558276e-16 1.038058528960369e-14 1
vn 0.4999999817498787 -0.866025414321151 9.23022100694287e-15
vn 4.4408899109558276e-16 -1.038058528960369e-14 -1
vn -4.4408899109558276e-16 1.038058528960369e-14 1
vn -2.1073424449902227e-8 -0.9999999999999998 1.0658141036401495e-14
vn 4.4408899109558276e-16 -1.038058528960369e-14 -1
vn -4.4408899109558276e-16 1.038058528960369e-14 1
vn -0.5000000182501203 -0.8660253932477265 9.230220782339339e-15
vn 4.4408899109558276e-16 -1.038058528960369e-14 -1
vn -4.4408899109558276e-16 1.038058528960369e-14 1
vn -0.8660254143211507 -0.499999981749879 5.329070323688386e-15
vn 4.4408899109558276e-16 -1.038058528960369e-14 -1
vn -4.4408899109558276e-16 1.038058528960369e-14 1
vn -0.9999999999999998 2.107342411683532e-8 -2.2460352635713555e-22
vn 4.4408899109558276e-16 -1.038058528960369e-14 -1
usemtl m_b56f5dc6-1369-fe8a-30e0-035cc0472814
f 430/1743/453 428/1744/453 426/1745/453
f 428/1746/454 430/1747/454 431/1748/454 429/1749/454
f 429/1750/455 431/1751/455 427/1752/455
f 432/1753/456 430/1754/456 426/1755/456
f 430/1756/457 432/1757/457 433/1758/457 431/1759/457
f 431/1760/458 433/1761/458 427/1762/458
f 434/1763/459 432/1764/459 426/1765/459
f 432/1766/460 434/1767/460 435/1768/460 433/1769/460
f 433/1770/461 435/1771/461 427/1772/461
f 436/1773/462 434/1774/462 426/1775/462
f 434/1776/463 436/1777/463 437/1778/463 435/1779/463
f 435/1780/464 437/1781/464 427/1782/464
f 438/1783/465 436/1784/465 426/1785/465
f 436/1786/466 438/1787/466 439/1788/466 437/1789/466
f 437/1790/467 439/1791/467 427/1792/467
f 440/1793/468 438/1794/468 426/1795/468
f 438/1796/469 440/1797/469 441/1798/469 439/1799/469
f 439/1800/470 441/1801/470 427/1802/470
f 442/1803/471 440/1804/471 426/1805/471
f 440/1806/472 442/1807/472 443/1808/472 441/1809/472
f 441/1810/473 443/1811/473 427/1812/473
f 444/1813/474 442/1814/474 426/1815/474
f 442/1816/475 444/1817/475 445/1818/475 443/1819/475
f 443/1820/476 445/1821/476 427/1822/476
f 446/1823/477 444/1824/477 426/1825/477
f 444/1826/478 446/1827/478 447/1828/478 445/1829/478
f 445/1830/479 447/1831/479 427/1832/479
f 448/1833/480 446/1834/480 426/1835/480
f 446/1836/481 448/1837/481 449/1838/481 447/1839/481
f 447/1840/482 449/1841/482 427/1842/482
f 450/1843/483 448/1844/483 426/1845/483
f 448/1846/484 450/1847/484 451/1848/484 449/1849/484
f 449/1850/485 451/1851/485 427/1852/485
f 428/1853/486 450/1854/486 426/1855/486
f 450/1856/487 428/1857/487 429/1858/487 451/1859/487
f 451/1860/488 429/1861/488 427/1862/488