# Made in Blockbench 5.1.5
mtllib HoundBody.mtl

o Toe
v -0.21249999999999938 0.03749999999999998 -0.20000000000000073
v -0.21250000000000002 0.09999999999999987 0.012499999999999291
v -0.2124999999999994 0.006249999999999978 -0.18750000000000072
v -0.2125 0.006249999999999978 0.012499999999999303
v -0.06249999999999948 0.03749999999999998 -0.2000000000000003
v -0.06250000000000011 0.09999999999999987 0.012499999999999735
v -0.0624999999999995 0.006249999999999978 -0.18750000000000028
v -0.0625000000000001 0.006249999999999978 0.012499999999999747
v -0.2124999999999996 0.09999999999999987 -0.13125000000000064
v -0.21249999999999958 0.006249999999999978 -0.13125000000000064
v -0.06249999999999967 0.006249999999999978 -0.1312500000000002
v -0.06249999999999968 0.09999999999999987 -0.1312500000000002
v -0.1749999999999996 0.09999999999999987 -0.13125000000000053
v -0.17499999999999938 0.03749999999999998 -0.20000000000000062
v -0.13749999999999962 0.09999999999999987 -0.13125000000000042
v -0.1374999999999994 0.03749999999999998 -0.2000000000000005
v -0.09999999999999962 0.09999999999999987 -0.1312500000000003
v -0.09999999999999941 0.03749999999999998 -0.2000000000000004
v -0.1749999999999994 0.006249999999999978 -0.1875000000000006
v -0.13749999999999943 0.006249999999999978 -0.1875000000000005
v -0.09999999999999944 0.006249999999999978 -0.1875000000000004
v -0.17499999999999957 0.006249999999999978 -0.13125000000000053
v -0.1374999999999996 0.006249999999999978 -0.13125000000000042
v -0.0999999999999996 0.006249999999999978 -0.1312500000000003
v -0.175 0.006249999999999978 0.012499999999999414
v -0.1375 0.006249999999999978 0.012499999999999525
v -0.10000000000000003 0.006249999999999978 0.012499999999999636
v -0.17500000000000002 0.09999999999999987 0.012499999999999402
v -0.13750000000000004 0.09999999999999987 0.012499999999999513
v -0.10000000000000005 0.09999999999999987 0.012499999999999624
v -0.2091249999999996 0.10062499999999985 -0.14368750000000066
v -0.17837499999999956 0.10062499999999985 -0.14368750000000058
v -0.17837499999999937 0.04937499999999995 -0.20006250000000061
v -0.2091249999999994 0.04937499999999995 -0.20006250000000073
v -0.17162499999999958 0.10062499999999985 -0.14368750000000055
v -0.14087499999999958 0.10062499999999985 -0.14368750000000047
v -0.1408749999999994 0.04937499999999995 -0.2000625000000005
v -0.1716249999999994 0.04937499999999995 -0.20006250000000061
v -0.1341249999999996 0.10062499999999985 -0.14368750000000044
v -0.10337499999999958 0.10062499999999985 -0.14368750000000036
v -0.10337499999999941 0.04937499999999995 -0.2000625000000004
v -0.1341249999999994 0.04937499999999995 -0.2000625000000005
v -0.06587499999999946 0.04937499999999995 -0.20006250000000028
v -0.09662499999999959 0.10062499999999985 -0.14368750000000033
v -0.09662499999999942 0.04937499999999995 -0.2000625000000004
v -0.06587499999999963 0.10062499999999985 -0.14368750000000025
v -0.07187499999999947 0.014062499999999978 -0.1906250000000003
v -0.09062499999999944 0.029687499999999978 -0.19687500000000038
v -0.09062499999999944 0.014062499999999978 -0.19062500000000035
v -0.07187499999999947 0.029687499999999978 -0.19687500000000033
v -0.1281249999999994 0.029687499999999978 -0.19687500000000047
v -0.10937499999999943 0.029687499999999978 -0.1968750000000004
v -0.10937499999999943 0.014062499999999978 -0.1906250000000004
v -0.12812499999999943 0.014062499999999978 -0.19062500000000046
v -0.16562499999999938 0.029687499999999978 -0.19687500000000058
v -0.1468749999999994 0.029687499999999978 -0.19687500000000052
v -0.14687499999999942 0.014062499999999978 -0.19062500000000052
v -0.1656249999999994 0.014062499999999978 -0.19062500000000057
v -0.2031249999999994 0.029687499999999978 -0.1968750000000007
v -0.18437499999999937 0.029687499999999978 -0.19687500000000063
v -0.1843749999999994 0.014062499999999978 -0.19062500000000063
v -0.20312499999999942 0.014062499999999978 -0.19062500000000068
v -0.20312499999999933 0.02794586670658883 -0.21414590219281607
v -0.18437499999999932 0.02794586670658883 -0.214145902192816
v -0.18437499999999934 0.014297007831024222 -0.20430152428484624
v -0.20312499999999936 0.014297007831024222 -0.2043015242848463
v -0.16562499999999933 0.02794586670658883 -0.21414590219281596
v -0.14687499999999934 0.02794586670658883 -0.2141459021928159
v -0.14687499999999937 0.014297007831024222 -0.20430152428484613
v -0.16562499999999936 0.014297007831024222 -0.2043015242848462
v -0.12812499999999935 0.02794586670658883 -0.21414590219281585
v -0.10937499999999938 0.02794586670658883 -0.2141459021928158
v -0.10937499999999939 0.014297007831024222 -0.20430152428484602
v -0.12812499999999938 0.014297007831024222 -0.20430152428484608
v -0.0718749999999994 0.014297007831024222 -0.2043015242848459
v -0.09062499999999939 0.02794586670658883 -0.21414590219281573
v -0.0906249999999994 0.014297007831024222 -0.20430152428484596
v -0.07187499999999938 0.02794586670658883 -0.21414590219281568
v -0.19374999999999928 0.004088758471002818 -0.22291887817910608
v -0.1562499999999993 0.004088758471002818 -0.22291887817910597
v -0.11874999999999933 0.004088758471002818 -0.22291887817910586
v -0.08124999999999935 0.004088758471002818 -0.22291887817910574
v -0.19818749999999966 0 -0.10659375000000061
v -0.17149859943977558 0 -0.10659375000000053
v -0.17149859943977586 0 -0.012156250000000562
v -0.19818749999999993 0 -0.012156250000000647
v -0.13749999999999968 0 -0.10659375000000043
v -0.13749999999999996 0 -0.012156250000000462
v -0.10350140056022376 0 -0.10659375000000032
v -0.10350140056022404 0 -0.012156250000000361
v -0.07681249999999999 0 -0.012156250000000281
v -0.07681249999999971 0 -0.10659375000000025
v -0.20687499999999945 0 -0.17281250000000067
v -0.18062499999999945 0 -0.1728125000000006
v -0.1806249999999995 0 -0.14593750000000055
v -0.2068749999999995 0 -0.14593750000000064
v -0.16937499999999947 0 -0.17281250000000056
v -0.14312499999999947 0 -0.17281250000000048
v -0.14312499999999953 0 -0.14593750000000044
v -0.16937499999999953 0 -0.14593750000000053
v -0.1318749999999995 0 -0.17281250000000045
v -0.10562499999999948 0 -0.17281250000000037
v -0.10562499999999957 0 -0.14593750000000033
v -0.13187499999999955 0 -0.14593750000000041
v -0.06812499999999962 0 -0.14593750000000022
v -0.09437499999999949 0 -0.17281250000000034
v -0.09437499999999957 0 -0.1459375000000003
v -0.06812499999999953 0 -0.17281250000000026
vt 0.34765625 0.94921875
vt 0.3546875 0.94921875
vt 0.3546875 0.9609375
vt 0.34609375 0.953125
vt 0.02890625 0.640625
vt 0.0203125 0.6484375
vt 0.0203125 0.63671875
vt 0.02734375 0.63671875
vt 0.0625 0.40625
vt 0.0703125 0.40625
vt 0.0703125 0.4140625
vt 0.0625 0.4140625
vt 0.390625 0.4140625
vt 0.3984375 0.4140625
vt 0.3984375 0.421875
vt 0.390625 0.421875
vt 0.44296875 0.953125
vt 0.43828125 0.953125
vt 0.43828125 0.94140625
vt 0.44296875 0.94140625
vt 0.37265625 0.9609375
vt 0.3546875 0.9609375
vt 0.3546875 0.94921875
vt 0.37265625 0.94921875
vt 0.1986640625 0.6672421875
vt 0.20199999999999999 0.6672421875
vt 0.20199999999999999 0.679046875
vt 0.1986640625 0.679046875
vt 0.0023437499999999986 0.63671875
vt 0.0203125 0.63671875
vt 0.0203125 0.6484375
vt 0.0023437499999999986 0.6484375
vt 0.04921875 0.68515625
vt 0.05390625 0.68515625
vt 0.05390625 0.703125
vt 0.04921875 0.703125
vt 0.59375 0.9375
vt 0.5859375 0.9375
vt 0.5859375 0.9296875
vt 0.59375 0.9296875
vt 0.0234375 0.4140625
vt 0.015625 0.4140625
vt 0.015625 0.40625
vt 0.0234375 0.40625
vt 0.0546875 0.4140625
vt 0.046875 0.4140625
vt 0.046875 0.40625
vt 0.0546875 0.40625
vt 0.5859375 0.609375
vt 0.578125 0.609375
vt 0.578125 0.6015625
vt 0.5859375 0.6015625
vt 0.4140625 0.421875
vt 0.40625 0.421875
vt 0.40625 0.4140625
vt 0.4140625 0.4140625
vt 0.4296875 0.421875
vt 0.421875 0.421875
vt 0.421875 0.4140625
vt 0.4296875 0.4140625
vt 0.2138359375 0.679046875
vt 0.2105 0.679046875
vt 0.2105 0.6672421875
vt 0.2138359375 0.6672421875
vt 0.2105 0.679046875
vt 0.20625 0.679046875
vt 0.20625 0.6672421875
vt 0.2105 0.6672421875
vt 0.20625 0.679046875
vt 0.20199999999999999 0.679046875
vt 0.20199999999999999 0.6672421875
vt 0.20625 0.6672421875
vt 0.42421875 0.94140625
vt 0.42890625 0.94140625
vt 0.42890625 0.953125
vt 0.42421875 0.953125
vt 0.42890625 0.94140625
vt 0.43359375 0.94140625
vt 0.43359375 0.953125
vt 0.42890625 0.953125
vt 0.43359375 0.94140625
vt 0.43828125 0.94140625
vt 0.43828125 0.953125
vt 0.43359375 0.953125
vt 0.06796875 0.703125
vt 0.06328125 0.703125
vt 0.06328125 0.68515625
vt 0.06796875 0.68515625
vt 0.06328125 0.703125
vt 0.05859375 0.703125
vt 0.05859375 0.68515625
vt 0.06328125 0.68515625
vt 0.05859375 0.703125
vt 0.05390625 0.703125
vt 0.05390625 0.68515625
vt 0.05859375 0.68515625
vt 0.063703125 0.6836
vt 0.067546875 0.6836
vt 0.06796875 0.68515625
vt 0.06328125 0.68515625
vt 0.5546875 0.7628166488042716
vt 0.5546875 0.7723402657529501
vt 0.546875 0.7734375
vt 0.546875 0.7618238611638015
vt 0.521453125 0.40625
vt 0.517609375 0.40625
vt 0.5171875 0.3984375
vt 0.521875 0.3984375
vt 0.19421416100038696 0.453125
vt 0.18469054405170846 0.453125
vt 0.18369831628584057 0.4453125
vt 0.1953125 0.4453125
vt 0.059015625 0.6836
vt 0.062859375 0.6836
vt 0.06328125 0.68515625
vt 0.05859375 0.68515625
vt 0.296875 0.45031608892966946
vt 0.296875 0.459839705878348
vt 0.2890625 0.4609375
vt 0.2890625 0.4493233012891994
vt 0.021453125 0.3984375
vt 0.017609375 0.3984375
vt 0.0171875 0.390625
vt 0.021875 0.390625
vt 0.5535897753499153 0.71875
vt 0.5440656135068197 0.71875
vt 0.5430727564189646 0.7109375
vt 0.5546875 0.7109375
vt 0.054328125 0.6836
vt 0.058171875 0.6836
vt 0.05859375 0.68515625
vt 0.05390625 0.68515625
vt 0.5546875 0.8643781135068197
vt 0.5546875 0.8739022753499153
vt 0.546875 0.875
vt 0.546875 0.8633858162615353
vt 0.537078125 0.40625
vt 0.533234375 0.40625
vt 0.5328125 0.3984375
vt 0.5375 0.3984375
vt 0.553589705878348 0.5546875
vt 0.5440660889296695 0.5546875
vt 0.5430733012891994 0.546875
vt 0.5546875 0.546875
vt 0.552703125 0.40625
vt 0.548859375 0.40625
vt 0.5484375 0.3984375
vt 0.553125 0.3984375
vt 0.5614027657529501 0.703125
vt 0.5518791488042716 0.703125
vt 0.5508863611638016 0.6953125
vt 0.5625 0.6953125
vt 0.049640625 0.6836
vt 0.053484375 0.6836
vt 0.05390625 0.68515625
vt 0.04921875 0.68515625
vt 0.140625 0.44250367149720515
vt 0.140625 0.45202672858686954
vt 0.1328125 0.453125
vt 0.1328125 0.44151081626166266
vt 0.263671875 0.43855156250000005
vt 0.261328125 0.43855156250000005
vt 0.26015625 0.4375
vt 0.26484375 0.4375
vt 0.263671875 0.44065546874999995
vt 0.263671875 0.43855156250000005
vt 0.26484375 0.4375
vt 0.26484375 0.44170703125
vt 0.261328125 0.44065546874999995
vt 0.263671875 0.44065546874999995
vt 0.26484375 0.44170703125
vt 0.26015625 0.44170703125
vt 0.261328125 0.43855156250000005
vt 0.261328125 0.44065546874999995
vt 0.26015625 0.44170703125
vt 0.26015625 0.4375
vt 0.266015625 0.44065546874999995
vt 0.268359375 0.44065546874999995
vt 0.26953125 0.44170703125
vt 0.26484375 0.44170703125
vt 0.266015625 0.43855156250000005
vt 0.266015625 0.44065546874999995
vt 0.26484375 0.44170703125
vt 0.26484375 0.4375
vt 0.268359375 0.43855156250000005
vt 0.266015625 0.43855156250000005
vt 0.26484375 0.4375
vt 0.26953125 0.4375
vt 0.268359375 0.44065546874999995
vt 0.268359375 0.43855156250000005
vt 0.26953125 0.4375
vt 0.26953125 0.44170703125
vt 0.270703125 0.44065546874999995
vt 0.273046875 0.44065546874999995
vt 0.27421875 0.44170703125
vt 0.26953125 0.44170703125
vt 0.270703125 0.43855156250000005
vt 0.270703125 0.44065546874999995
vt 0.26953125 0.44170703125
vt 0.26953125 0.4375
vt 0.273046875 0.43855156250000005
vt 0.270703125 0.43855156250000005
vt 0.26953125 0.4375
vt 0.27421875 0.4375
vt 0.273046875 0.44065546874999995
vt 0.273046875 0.43855156250000005
vt 0.27421875 0.4375
vt 0.27421875 0.44170703125
vt 0.275390625 0.44065546874999995
vt 0.277734375 0.44065546874999995
vt 0.27890625 0.44170703125
vt 0.27421875 0.44170703125
vt 0.275390625 0.43855156250000005
vt 0.275390625 0.44065546874999995
vt 0.27421875 0.44170703125
vt 0.27421875 0.4375
vt 0.277734375 0.43855156250000005
vt 0.275390625 0.43855156250000005
vt 0.27421875 0.4375
vt 0.27890625 0.4375
vt 0.277734375 0.44065546874999995
vt 0.277734375 0.43855156250000005
vt 0.27890625 0.4375
vt 0.27890625 0.44170703125
vt 0.578125 0.4453125
vt 0.5859375 0.4453125
vt 0.5859375 0.453125
vt 0.578125 0.453125
vt 0.051020703125000004 0.3808890625
vt 0.052251171875 0.38259453125
vt 0.050092578125 0.3828125
vt 0.049311328125 0.380859375
vt 0.5390625 0.421875
vt 0.53125 0.421875
vt 0.53125 0.4140625
vt 0.5390625 0.4140625
vt 0.619623828125 0.95290703125
vt 0.620854296875 0.9512015625
vt 0.622563671875 0.951171875
vt 0.621782421875 0.953125
vt 0.5625 0.4140625
vt 0.5703125 0.4140625
vt 0.5703125 0.421875
vt 0.5625 0.421875
vt 0.066645703125 0.3808890625
vt 0.067876171875 0.38259453125
vt 0.065717578125 0.3828125
vt 0.064936328125 0.380859375
vt 0.5859375 0.578125
vt 0.578125 0.578125
vt 0.578125 0.5703125
vt 0.5859375 0.5703125
vt 0.080561328125 0.38259453125
vt 0.081791796875 0.3808890625
vt 0.083501171875 0.380859375
vt 0.082719921875 0.3828125
vt 0.578125 0.4140625
vt 0.5859375 0.4140625
vt 0.5859375 0.421875
vt 0.578125 0.421875
vt 0.097895703125 0.3808890625
vt 0.099126171875 0.38259453125
vt 0.096967578125 0.3828125
vt 0.096186328125 0.380859375
vt 0.5234375 0.421875
vt 0.515625 0.421875
vt 0.515625 0.4140625
vt 0.5234375 0.4140625
vt 0.127436328125 0.38259453125
vt 0.128666796875 0.3808890625
vt 0.130376171875 0.380859375
vt 0.129594921875 0.3828125
vt 0.5546875 0.421875
vt 0.546875 0.421875
vt 0.546875 0.4140625
vt 0.5546875 0.4140625
vt 0.619623828125 0.86696953125
vt 0.620854296875 0.8652640625
vt 0.622563671875 0.865234375
vt 0.621782421875 0.8671875
vt 0 0.40625
vt 0.0078125 0.40625
vt 0.0078125 0.4140625
vt 0 0.4140625
vt 0.144770703125 0.3808890625
vt 0.146001171875 0.38259453125
vt 0.143842578125 0.3828125
vt 0.143061328125 0.380859375
vt 0.61328125 0.41088515625
vt 0.614453125 0.4140625
vt 0.612109375 0.4140625
vt 0.6119617187499999 0.4375
vt 0.61053203125 0.4405703125
vt 0.609375 0.43881328124999996
vt 0.01953125 0.375
vt 0.020703125 0.37765390624999995
vt 0.018359375 0.37765390624999995
vt 0.54428828125 0.3828125
vt 0.546875 0.38412578124999996
vt 0.5457171875 0.3858828125
vt 0.60546875 0.38744765625
vt 0.606640625 0.390625
vt 0.604296875 0.390625
vt 0.41664921875 0.3828125
vt 0.4152203125 0.3858828125
vt 0.4140625 0.38412578124999996
vt 0.03515625 0.375
vt 0.036328125 0.37765390624999995
vt 0.033984375 0.37765390624999995
vt 0.61460078125 0.5703125
vt 0.6171875 0.5716257812500001
vt 0.61603046875 0.5733828125
vt 0.00390625 0.37963515625
vt 0.005078124999999999 0.3828125
vt 0.0027343750000000007 0.3828125
vt 0.61196171875 0.453125
vt 0.61053203125 0.4561953125
vt 0.609375 0.4544390625
vt 0.62109375 0.9609375
vt 0.622265625 0.96359140625
vt 0.619921875 0.96359140625
vt 0.51303828125 0.3828125
vt 0.515625 0.38412578124999996
vt 0.5144671875 0.3858828125
vt 0.62109375 0.9921875
vt 0.622265625 0.99484140625
vt 0.619921875 0.99484140625
vt 0.52866328125 0.3828125
vt 0.53125 0.38412578124999996
vt 0.53009296875 0.3858828125
vt 0.58984375 0.38744765625
vt 0.591015625 0.390625
vt 0.588671875 0.390625
vt 0.55727421875 0.3828125
vt 0.5558453125 0.3858828125
vt 0.5546875 0.3841265625
vt 0.21206250000000001 0.679828125
vt 0.2153984375 0.679828125
vt 0.2171875 0.6830078125000001
vt 0.21250000000000002 0.6830078125000001
vt 0.2146171875 0.6641171874999999
vt 0.21128125 0.6641171874999999
vt 0.21171875 0.6609375
vt 0.21640625 0.6609375
vt 0.51362890625 0.8046875
vt 0.52543359375 0.8046875
vt 0.528515625 0.8125
vt 0.510546875 0.8125
vt 0.2078125 0.679828125
vt 0.21206250000000001 0.679828125
vt 0.21250000000000002 0.6830078125000001
vt 0.2078125 0.6830078125000001
vt 0.21128125 0.6641171874999999
vt 0.20703125 0.6641171874999999
vt 0.20703125 0.6609375
vt 0.21171875 0.6609375
vt 0.2035625 0.679828125
vt 0.2078125 0.679828125
vt 0.2078125 0.6830078125000001
vt 0.203125 0.6830078125000001
vt 0.20703125 0.6641171874999999
vt 0.20278125 0.6641171874999999
vt 0.20234375 0.6609375
vt 0.20703125 0.6609375
vt 0.20278125 0.6641171874999999
vt 0.1994453125 0.6641171874999999
vt 0.19765625 0.6609375
vt 0.20234375 0.6609375
vt 0.2002265625 0.679828125
vt 0.2035625 0.679828125
vt 0.203125 0.6830078125000001
vt 0.19843750000000002 0.6830078125000001
vt 0.51362890625 0.734375
vt 0.52543359375 0.734375
vt 0.528515625 0.7421875
vt 0.510546875 0.7421875
vt 0.596015625 0.4453125
vt 0.599296875 0.4453125
vt 0.6 0.453125
vt 0.5953125 0.453125
vt 0.5881640625 0.734375
vt 0.5915234375 0.734375
vt 0.593359375 0.7421875
vt 0.586328125 0.7421875
vt 0.564765625 0.3984375
vt 0.568046875 0.3984375
vt 0.56875 0.40625
vt 0.5640625 0.40625
vt 0.3694140625 0.40625
vt 0.3727734375 0.40625
vt 0.374609375 0.4140625
vt 0.367578125 0.4140625
vt 0.049140625 0.390625
vt 0.052421875 0.390625
vt 0.053125 0.3984375
vt 0.0484375 0.3984375
vt 0.2756640625 0.40625
vt 0.2790234375 0.40625
vt 0.280859375 0.4140625
vt 0.273828125 0.4140625
vt 0.603828125 0.9375
vt 0.607109375 0.9375
vt 0.6078125 0.9453125
vt 0.603125 0.9453125
vt 0.2912890625 0.40625
vt 0.2946484375 0.40625
vt 0.296484375 0.4140625
vt 0.289453125 0.4140625
vt 0.580390625 0.3984375
vt 0.583671875 0.3984375
vt 0.584375 0.40625
vt 0.5796875 0.40625
vt 0.5881640625 0.6328125
vt 0.5915234375 0.6328125
vt 0.593359375 0.640625
vt 0.586328125 0.640625
vt 0.596015625 0.4140625
vt 0.599296875 0.4140625
vt 0.6 0.421875
vt 0.5953125 0.421875
vt 0.5881640625 0.6953125
vt 0.5915234375 0.6953125
vt 0.593359375 0.703125
vt 0.586328125 0.703125
vt 0.596015625 0.3984375
vt 0.599296875 0.3984375
vt 0.6 0.40625
vt 0.5953125 0.40625
vt 0.5881640625 0.6640625
vt 0.5915234375 0.6640625
vt 0.593359375 0.671875
vt 0.586328125 0.671875
vt 0.0022656250000000003 0.390625
vt 0.005546875 0.390625
vt 0.00625 0.3984375
vt 0.0015624999999999997 0.3984375
vt 0.5881640625 0.6484375
vt 0.5915234375 0.6484375
vt 0.593359375 0.65625
vt 0.586328125 0.65625
vn -1 -1.224646799147357e-16 -2.9629076969683865e-15
vn 1 1.224646799147357e-16 2.9629076969683865e-15
vn 1.902450874628381e-15 0.7399400733959447 -0.6726727939963115
vn 1.224646799147353e-16 -1 1.224646799147357e-16
vn -2.9629076969683865e-15 1.224646799147353e-16 1
vn -1 -1.224646799147357e-16 -2.9629076969683865e-15
vn 1.224646799147353e-16 -1 1.224646799147357e-16
vn 1 1.224646799147357e-16 2.9629076969683865e-15
vn -1.224646799147353e-16 1 -1.224646799147357e-16
vn 1.902450874628381e-15 0.7399400733959446 -0.6726727939963115
vn 1.902450874628381e-15 0.7399400733959447 -0.6726727939963115
vn 1.902450874628381e-15 0.7399400733959447 -0.6726727939963115
vn 1.224646799147353e-16 -1 1.224646799147357e-16
vn 1.224646799147353e-16 -1 1.224646799147357e-16
vn 1.224646799147353e-16 -1 1.224646799147357e-16
vn 1.224646799147353e-16 -1 1.224646799147357e-16
vn 1.224646799147353e-16 -1 1.224646799147357e-16
vn 1.224646799147353e-16 -1 1.224646799147357e-16
vn -2.9629076969683865e-15 1.224646799147353e-16 1
vn -2.9629076969683865e-15 1.224646799147353e-16 1
vn -2.9629076969683865e-15 1.224646799147353e-16 1
vn -1.224646799147353e-16 1 -1.224646799147357e-16
vn -1.224646799147353e-16 1 -1.224646799147357e-16
vn -1.224646799147353e-16 1 -1.224646799147357e-16
vn -2.710125507543228e-16 0.9987397918171168 0.050187929237039776
vn 0.9340775707151905 0.2642105128594394 -0.24019137532675958
vn 2.9635112023380256e-15 -0.005263084999327094 -0.9999861498722321
vn -0.9340775707151892 0.2642105128594392 -0.24019137532676513
vn -2.7101255075432287e-16 0.9987397918171168 0.05018792923703978
vn 0.9340775707151905 0.2642105128594394 -0.24019137532675958
vn 2.9635112023380256e-15 -0.005263084999327094 -0.9999861498722321
vn -0.9340775707151892 0.2642105128594392 -0.24019137532676513
vn -2.7101255075432287e-16 0.9987397918171168 0.05018792923703978
vn 0.9340775707151902 0.26421051285944036 -0.24019137532676046
vn 2.9635112023380256e-15 -0.005263084999327094 -0.9999861498722321
vn -0.9340775707151892 0.2642105128594392 -0.24019137532676513
vn 2.9635112023380256e-15 -0.005263084999327094 -0.9999861498722321
vn -0.9340775707151892 0.2642105128594392 -0.24019137532676513
vn -2.710125507543228e-16 0.9987397918171168 0.050187929237039776
vn 0.9340775707151905 0.2642105128594394 -0.24019137532675958
vn 2.7964729741826956e-15 -0.3713906763541027 -0.9284766908852597
vn 5.545316174312267e-15 -0.3713906763541055 -0.9284766908852586
vn 2.7964729741826956e-15 -0.3713906763541027 -0.9284766908852597
vn 5.545316174312267e-15 -0.3713906763541055 -0.9284766908852586
vn 2.7964729741826933e-15 -0.37139067635410555 -0.9284766908852587
vn 1.4220513741179104e-15 -0.3713906763541041 -0.9284766908852592
vn 2.796472974182696e-15 -0.3713906763541027 -0.9284766908852599
vn 4.1708945742474805e-15 -0.3713906763541041 -0.9284766908852592
vn 2.7964729741826933e-15 -0.37139067635410555 -0.9284766908852587
vn 1.4220513741179084e-15 -0.3713906763541041 -0.9284766908852592
vn 2.796472974182696e-15 -0.3713906763541027 -0.9284766908852599
vn 4.1708945742474805e-15 -0.3713906763541041 -0.9284766908852592
vn 2.7964729741826925e-15 -0.37139067635410555 -0.9284766908852586
vn 1.4220513741179084e-15 -0.3713906763541041 -0.9284766908852592
vn 2.7964729741826956e-15 -0.37139067635410267 -0.9284766908852597
vn 4.1708945742474805e-15 -0.3713906763541041 -0.9284766908852592
vn 1.754312905210281e-16 0.9949538932292569 -0.10033319663972003
vn 1 1.224646799147357e-16 2.9629076969683865e-15
vn 1.7324342741269324e-16 -0.999853027030264 -0.01714422172098951
vn -1 -1.224646799147357e-16 -2.9629076969683865e-15
vn 1.7543129052102822e-16 0.994953893229257 -0.10033319663972007
vn 1 1.224646799147357e-16 2.9629076969683865e-15
vn 1.7324342741269322e-16 -0.999853027030264 -0.017144221720989505
vn -1 -1.224646799147357e-16 -2.9629076969683865e-15
vn 1.7543129052102822e-16 0.994953893229257 -0.10033319663972007
vn 1 1.224646799147357e-16 2.9629076969683865e-15
vn 1.7324342741269322e-16 -0.999853027030264 -0.017144221720989505
vn -1 -1.224646799147357e-16 -2.9629076969683865e-15
vn 1.7324342741269324e-16 -0.999853027030264 -0.01714422172098951
vn -1 -1.224646799147357e-16 -2.9629076969683865e-15
vn 1.7543129052102866e-16 0.9949538932292568 -0.1003331966397202
vn 1 1.2029910309306049e-15 4.461016751112356e-15
vn 2.7385800949575565e-15 0.34513427400867347 -0.9385533191590694
vn 0.9136501354507944 -0.23779425446283387 -0.3296927699164939
vn -1.317145050818489e-15 -0.8768375713953788 0.4807867233914164
vn -0.9136501354507921 -0.23779425446283473 -0.3296927699165001
vn 2.7385800949575565e-15 0.34513427400867347 -0.9385533191590694
vn 0.9136501354507944 -0.23779425446283387 -0.3296927699164939
vn -1.3171450508184892e-15 -0.8768375713953788 0.4807867233914165
vn -0.9136501354507924 -0.2377942544628341 -0.32969276991649926
vn 2.7385800949575565e-15 0.34513427400867347 -0.9385533191590694
vn 0.9136501354507944 -0.23779425446283387 -0.3296927699164939
vn -1.3171450508184892e-15 -0.8768375713953788 0.4807867233914165
vn -0.9136501354507924 -0.2377942544628341 -0.32969276991649926
vn -1.317145050818489e-15 -0.8768375713953787 0.4807867233914164
vn -0.9136501354507924 -0.2377942544628341 -0.32969276991649926
vn 2.738580094957557e-15 0.3451342740086735 -0.9385533191590695
vn 0.9136501354507942 -0.2377942544628342 -0.3296927699164944
vn 8.467385518132406e-16 -0.9693423313242416 -0.24571415242692982
vn -6.732018070986894e-16 -0.9693423313242414 0.24571415242692998
vn -0.4001889337756395 -0.9164326583462185 -1.0734922399576346e-15
vn 8.467385518132406e-16 -0.9693423313242416 -0.24571415242692982
vn -6.093181551463876e-16 -0.9693423313242415 0.24571415242693004
vn 8.467385518132406e-16 -0.9693423313242416 -0.24571415242692982
vn -6.093181551463876e-16 -0.9693423313242415 0.24571415242693004
vn -6.093181551463876e-16 -0.9693423313242414 0.24571415242693004
vn 8.467385518132406e-16 -0.9693423313242416 -0.24571415242692982
vn 0.4001889337756404 -0.9164326583462181 1.2979535042931967e-15
vn 1.2728282524158224e-15 -0.9201546356285792 -0.3915551640972657
vn 0.7432941462471657 -0.6689647316224503 2.284236498759663e-15
vn -1.0474553665671946e-15 -0.920154635628579 0.3915551640972658
vn -0.743294146247164 -0.6689647316224524 -2.120387395294877e-15
vn 1.2728282524158224e-15 -0.9201546356285792 -0.3915551640972657
vn 0.7432941462471657 -0.6689647316224503 2.284236498759663e-15
vn -1.0474553665671946e-15 -0.920154635628579 0.3915551640972658
vn -0.7432941462471655 -0.6689647316224505 -2.120387395294882e-15
vn 1.2728282524158224e-15 -0.9201546356285792 -0.3915551640972657
vn 0.7432941462471649 -0.6689647316224512 2.2842364987596606e-15
vn -1.0474553665671946e-15 -0.920154635628579 0.3915551640972658
vn -0.7432941462471655 -0.6689647316224505 -2.120387395294882e-15
vn -1.0474553665671946e-15 -0.920154635628579 0.3915551640972658
vn -0.7432941462471655 -0.6689647316224505 -2.120387395294882e-15
vn 1.2728282524158224e-15 -0.9201546356285792 -0.3915551640972657
vn 0.7432941462471657 -0.6689647316224503 2.284236498759663e-15
usemtl m_5ec4fc5d-6ec2-3614-e281-4cafd1b8b2e4
f 3/1/1 10/2/1 9/3/1 1/4/1
f 5/5/2 12/6/2 11/7/2 7/8/2
f 43/9/3 45/10/3 44/11/3 46/12/3
f 105/13/4 107/14/4 106/15/4 108/16/4
f 6/17/5 30/18/5 27/19/5 8/20/5
f 2/21/6 9/22/6 10/23/6 4/24/6
f 91/25/7 90/26/7 89/27/7 92/28/7
f 8/29/8 11/30/8 12/31/8 6/32/8
f 12/33/9 17/34/9 30/35/9 6/36/9
f 31/37/10 32/38/10 33/39/10 34/40/10
f 35/41/11 36/42/11 37/43/11 38/44/11
f 39/45/12 40/46/12 41/47/12 42/48/12
f 93/49/13 94/50/13 95/51/13 96/52/13
f 97/53/14 98/54/14 99/55/14 100/56/14
f 101/57/15 102/58/15 103/59/15 104/60/15
f 83/61/16 84/62/16 85/63/16 86/64/16
f 84/65/17 87/66/17 88/67/17 85/68/17
f 87/69/18 89/70/18 90/71/18 88/72/18
f 4/73/19 25/74/19 28/75/19 2/76/19
f 25/77/20 26/78/20 29/79/20 28/80/20
f 26/81/21 27/82/21 30/83/21 29/84/21
f 2/85/22 28/86/22 13/87/22 9/88/22
f 28/89/23 29/90/23 15/91/23 13/92/23
f 29/93/24 30/94/24 17/95/24 15/96/24
f 32/97/25 31/98/25 9/99/25 13/100/25
f 33/101/26 32/102/26 13/103/26 14/104/26
f 34/105/27 33/106/27 14/107/27 1/108/27
f 31/109/28 34/110/28 1/111/28 9/112/28
f 36/113/29 35/114/29 13/115/29 15/116/29
f 37/117/30 36/118/30 15/119/30 16/120/30
f 38/121/31 37/122/31 16/123/31 14/124/31
f 35/125/32 38/126/32 14/127/32 13/128/32
f 40/129/33 39/130/33 15/131/33 17/132/33
f 41/133/34 40/134/34 17/135/34 18/136/34
f 42/137/35 41/138/35 18/139/35 16/140/35
f 39/141/36 42/142/36 16/143/36 15/144/36
f 45/145/37 43/146/37 5/147/37 18/148/37
f 44/149/38 45/150/38 18/151/38 17/152/38
f 46/153/39 44/154/39 17/155/39 12/156/39
f 43/157/40 46/158/40 12/159/40 5/160/40
f 49/161/41 47/162/41 7/163/41 21/164/41
f 48/165/42 49/166/42 21/167/42 18/168/42
f 50/169/43 48/170/43 18/171/43 5/172/43
f 47/173/44 50/174/44 5/175/44 7/176/44
f 52/177/45 51/178/45 16/179/45 18/180/45
f 53/181/46 52/182/46 18/183/46 21/184/46
f 54/185/47 53/186/47 21/187/47 20/188/47
f 51/189/48 54/190/48 20/191/48 16/192/48
f 56/193/49 55/194/49 14/195/49 16/196/49
f 57/197/50 56/198/50 16/199/50 20/200/50
f 58/201/51 57/202/51 20/203/51 19/204/51
f 55/205/52 58/206/52 19/207/52 14/208/52
f 60/209/53 59/210/53 1/211/53 14/212/53
f 61/213/54 60/214/54 14/215/54 19/216/54
f 62/217/55 61/218/55 19/219/55 3/220/55
f 59/221/56 62/222/56 3/223/56 1/224/56
f 64/225/57 63/226/57 59/227/57 60/228/57
f 65/229/58 64/230/58 60/231/58 61/232/58
f 66/233/59 65/234/59 61/235/59 62/236/59
f 63/237/60 66/238/60 62/239/60 59/240/60
f 68/241/61 67/242/61 55/243/61 56/244/61
f 69/245/62 68/246/62 56/247/62 57/248/62
f 70/249/63 69/250/63 57/251/63 58/252/63
f 67/253/64 70/254/64 58/255/64 55/256/64
f 72/257/65 71/258/65 51/259/65 52/260/65
f 73/261/66 72/262/66 52/263/66 53/264/66
f 74/265/67 73/266/67 53/267/67 54/268/67
f 71/269/68 74/270/68 54/271/68 51/272/68
f 77/273/69 75/274/69 47/275/69 49/276/69
f 76/277/70 77/278/70 49/279/70 48/280/70
f 78/281/71 76/282/71 48/283/71 50/284/71
f 75/285/72 78/286/72 50/287/72 47/288/72
f 79/289/73 63/290/73 64/291/73
f 79/292/74 64/293/74 65/294/74
f 79/295/75 65/296/75 66/297/75
f 79/298/76 66/299/76 63/300/76
f 80/301/77 67/302/77 68/303/77
f 80/304/78 68/305/78 69/306/78
f 80/307/79 69/308/79 70/309/79
f 80/310/80 70/311/80 67/312/80
f 81/313/81 71/314/81 72/315/81
f 81/316/82 72/317/82 73/318/82
f 81/319/83 73/320/83 74/321/83
f 81/322/84 74/323/84 71/324/84
f 82/325/85 75/326/85 77/327/85
f 82/328/86 77/329/86 76/330/86
f 82/331/87 76/332/87 78/333/87
f 82/334/88 78/335/88 75/336/88
f 84/337/89 83/338/89 10/339/89 22/340/89
f 86/341/90 85/342/90 25/343/90 4/344/90
f 83/345/91 86/346/91 4/347/91 10/348/91
f 87/349/92 84/350/92 22/351/92 23/352/92
f 85/353/93 88/354/93 26/355/93 25/356/93
f 89/357/94 87/358/94 23/359/94 24/360/94
f 88/361/95 90/362/95 27/363/95 26/364/95
f 90/365/96 91/366/96 8/367/96 27/368/96
f 92/369/97 89/370/97 24/371/97 11/372/97
f 91/373/98 92/374/98 11/375/98 8/376/98
f 94/377/99 93/378/99 3/379/99 19/380/99
f 95/381/100 94/382/100 19/383/100 22/384/100
f 96/385/101 95/386/101 22/387/101 10/388/101
f 93/389/102 96/390/102 10/391/102 3/392/102
f 98/393/103 97/394/103 19/395/103 20/396/103
f 99/397/104 98/398/104 20/399/104 23/400/104
f 100/401/105 99/402/105 23/403/105 22/404/105
f 97/405/106 100/406/106 22/407/106 19/408/106
f 102/409/107 101/410/107 20/411/107 21/412/107
f 103/413/108 102/414/108 21/415/108 24/416/108
f 104/417/109 103/418/109 24/419/109 23/420/109
f 101/421/110 104/422/110 23/423/110 20/424/110
f 107/425/111 105/426/111 11/427/111 24/428/111
f 106/429/112 107/430/112 24/431/112 21/432/112
f 108/433/113 106/434/113 21/435/113 7/436/113
f 105/437/114 108/438/114 7/439/114 11/440/114
o Shin
v -0.05000000000000078 0.4812499999999999 0.2145833333333331
v -0.22500000000000026 0.4812499999999999 0.06874999999999927
v -0.22500000000000087 0.4812499999999999 0.27499999999999913
v -0.2624999999999997 0.11354166666666676 -0.1125000000000008
v -0.2625000000000005 0.11354166666666676 0.16874999999999918
v -0.05000000000000034 0.4812499999999999 0.0687499999999998
v -0.05000000000000095 0.4812499999999999 0.2749999999999997
v -0.012499999999999767 0.11354166666666682 -0.11250000000000006
v -0.0125000000000006 0.11354166666666682 0.16874999999999993
v -0.2201388888888886 0.11354166666666682 -0.11250000000000067
v -0.18888888888888944 0.11354166666666682 0.1687499999999994
v -0.054861111111110826 0.11354166666666682 -0.11250000000000018
v -0.08611111111111164 0.11354166666666682 0.1687499999999997
v -0.19097222222222313 0.4812499999999999 0.27499999999999925
v -0.08402777777777873 0.4812499999999999 0.2749999999999996
v -0.19097222222222252 0.4812499999999999 0.06874999999999938
v -0.08402777777777812 0.4812499999999999 0.06874999999999969
v -0.2250000000000007 0.4812499999999999 0.2145833333333326
v -0.2625000000000002 0.11354166666666676 0.05670731707316991
v -0.2250000000000005 0.4812499999999999 0.1458333333333326
v -0.26249999999999996 0.11354166666666676 -0.027896341463415464
v -0.220138888888889 0.11354166666666682 0.01585365853658467
v -0.05486111111111121 0.11354166666666682 0.015853658536585158
v -0.012500000000000268 0.11354166666666682 0.05670731707317065
v -0.012500000000000016 0.11354166666666682 -0.02789634146341472
v -0.05000000000000057 0.4812499999999999 0.1458333333333331
v -0.08402777777777855 0.4812499999999999 0.21458333333333302
v -0.08402777777777834 0.4812499999999999 0.145833333333333
v -0.19097222222222296 0.4812499999999999 0.21458333333333268
v -0.19097222222222276 0.4812499999999999 0.14583333333333268
v -0.22013888888888858 0.006250000000000033 -0.11250000000000066
v -0.26249999999999996 0.006249999999999978 -0.02789634146341545
v -0.22013888888888897 0.006250000000000033 0.01585365853658468
v -0.2624999999999997 0.006249999999999978 -0.11250000000000078
v -0.2625000000000002 0.006249999999999978 0.05670731707316992
v -0.21388888888888907 0.006250000000000033 0.05670731707317007
v -0.2625000000000005 0.006249999999999978 0.1687499999999992
v -0.1888888888888894 0.006250000000000033 0.16874999999999943
v -0.08611111111111129 0.006250000000000033 0.05670731707317044
v -0.08611111111111162 0.006250000000000033 0.16874999999999973
v -0.054861111111111194 0.006250000000000033 0.01585365853658517
v -0.012500000000000002 0.006250000000000033 -0.027896341463414707
v -0.012500000000000254 0.006250000000000033 0.056707317073170664
v -0.012500000000000585 0.006250000000000033 0.16874999999999993
v -0.012499999999999753 0.006250000000000033 -0.11250000000000004
v -0.05486111111111081 0.006250000000000033 -0.11250000000000017
v -0.17813888888888924 0.4812499999999999 0.08424999999999941
v -0.09686111111111169 0.4812499999999999 0.14761473429951652
v -0.17813888888888943 0.4812499999999999 0.1476147342995163
v -0.09686111111111148 0.4812499999999999 0.08424999999999966
v -0.09686111111111187 0.4812499999999999 0.21183574879227016
v -0.17813888888888962 0.4812499999999999 0.21183574879226993
v -0.09686111111111201 0.4812499999999999 0.26149999999999957
v -0.17813888888888976 0.4812499999999999 0.26149999999999934
v -0.17813888888888924 0.4542171389793154 0.08424999999999942
v -0.09686111111111168 0.4542171389793154 0.14761473429951652
v -0.17813888888888943 0.4542171389793154 0.1476147342995163
v -0.09686111111111147 0.4542171389793154 0.08424999999999966
v -0.09686111111111186 0.4542171389793154 0.21183574879227016
v -0.17813888888888962 0.4542171389793154 0.21183574879226993
v -0.096861111111112 0.4542171389793154 0.26149999999999957
v -0.17813888888888976 0.4542171389793154 0.26149999999999934
v -0.06701388888888947 0.5249999999999999 0.15104166666666638
v -0.20798611111111165 0.5249999999999999 0.15104166666666596
v -0.06701388888888969 0.5249999999999999 0.22395833333333307
v -0.2079861111111119 0.5249999999999999 0.22395833333333265
v -0.06701388888888989 0.5249999999999999 0.2885416666666664
v -0.2079861111111121 0.5249999999999999 0.288541666666666
v -0.23323244295296594 0.40052632326675425 0.10769414301329289
v -0.23323244295296616 0.40052632326675425 0.1799245253999125
v -0.23323244295296638 0.40052632326675425 0.2516747449665967
v -0.17685667099177557 0.40052632326675425 0.25167474496659686
v -0.09814332900822612 0.40052632326675425 0.2516747449665971
v -0.04176755704703531 0.40052632326675425 0.25167474496659725
v -0.0417675570470351 0.40052632326675425 0.17992452539991308
v -0.04176755704703489 0.40052632326675425 0.10769414301329346
v -0.04176755704703465 0.40052632326675425 0.028959859060666258
v -0.07762476659213809 0.40052632326675425 0.02895985906066615
v -0.19737523340786228 0.40052632326675425 0.028959859060665796
v -0.23323244295296572 0.40052632326675425 0.02895985906066569
v -0.27879371830891136 0.4542171389793154 0.1365644151526355
v -0.27879371830891164 0.4542171389793154 0.21660741100573994
v -0.27879371830891186 0.4542171389793154 0.30176414685991937
v 0.0037937183089103775 0.4542171389793154 0.13656441515263634
v 0.0037937183089101403 0.4542171389793154 0.21660741100574077
v 0.003793718308909888 0.4542171389793154 0.3017641468599202
v -0.20765612285605664 0.4542171389793154 0.33900600095243344
v -0.06734387714394556 0.4542171389793154 0.3390060009524339
v -0.049305555555556324 0.1411458333333333 0.23749999999999982
v -0.22569444444444517 0.1411458333333333 0.2374999999999993
v 0.031249999999999358 0.14114583333333325 0.18147865853658549
v 0.03124999999999965 0.14114583333333325 0.0831554878048781
v 0.0312499999999999 0.14114583333333325 -0.0014481707317072602
v -0.3062500000000006 0.1411458333333332 0.18147865853658446
v -0.30625000000000024 0.1411458333333332 0.0831554878048771
v -0.30625 0.1411458333333332 -0.0014481707317082603
v -0.10681083268143989 0.11354166666666682 0.16874999999999965
v -0.16818916731856146 0.377613273902973 0.24329934572497056
v -0.10681083268144015 0.377613273902973 0.24329934572497075
v -0.1681891673185612 0.11354166666666682 0.16874999999999946
v -0.16818916731856118 0.017086458333333387 0.16874999999999948
v -0.10681083268143989 0.017086458333333387 0.16874999999999965
v -0.10681083268143976 0.11961406761949439 0.12585973003580223
v -0.16818916731856132 0.377613273902973 0.20126880579657572
v -0.10681083268144002 0.377613273902973 0.2012688057965759
v -0.16818916731856107 0.11961406761949439 0.12585973003580203
v -0.16818916731856104 0.017086458333333387 0.12499999999999947
v -0.10681083268143976 0.017086458333333387 0.12499999999999965
vt 0.08984375 0.90234375
vt 0.08984375 0.89176796875
vt 0.0951390625 0.8862992187500001
vt 0.0951390625 0.90234375
vt 0.052170312499999996 0.9487554687499999
vt 0.055015625 0.98875
vt 0.05053359375 0.98875
vt 0.046875 0.9487554687499999
vt 0.11579843749999998 0.90234375
vt 0.11579843749999999 0.8862992187500001
vt 0.12109374999999999 0.89176796875
vt 0.12109374999999999 0.90234375
vt 0.1953125 0.7109375
vt 0.1953125 0.6953125
vt 0.21875 0.6953125
vt 0.21875 0.7109375
vt 0.296875 0.5859375
vt 0.296875 0.6171875
vt 0.2890625 0.6171875
vt 0.2890625 0.5859375
vt 0.4269546875 0.85284375
vt 0.4269546875 0.8607640625
vt 0.4167953125 0.8607640625
vt 0.4167953125 0.85284375
vt 0.078125 0.9487554687499999
vt 0.07446640625 0.98875
vt 0.069984375 0.98875
vt 0.0728296875 0.9487554687499999
vt 0.0728296875 0.9487554687499999
vt 0.069984375 0.98875
vt 0.055015625 0.98875
vt 0.052170312499999996 0.9487554687499999
vt 0.12109375 0.8671875
vt 0.12109375 0.88119296875
vt 0.11501718749999999 0.88119296875
vt 0.1118921875 0.8671875
vt 0.12109375 0.88119296875
vt 0.12109374999999999 0.89176796875
vt 0.11579843749999999 0.8862992187500001
vt 0.11501718749999999 0.88119296875
vt 0.1118921875 0.8671875
vt 0.11501718749999999 0.88119296875
vt 0.0990453125 0.88119296875
vt 0.0990453125 0.8671875
vt 0.11501718749999999 0.88119296875
vt 0.11579843749999999 0.8862992187500001
vt 0.0951390625 0.8862992187500001
vt 0.0990453125 0.88119296875
vt 0.0990453125 0.8671875
vt 0.0990453125 0.88119296875
vt 0.08984375 0.88119296875
vt 0.08984375 0.8671875
vt 0.0990453125 0.88119296875
vt 0.0951390625 0.8862992187500001
vt 0.08984375 0.89176796875
vt 0.08984375 0.88119296875
vt 0.4167953125 0.875
vt 0.4167953125 0.8687921875
vt 0.4269546875 0.8687921875
vt 0.4269546875 0.875
vt 0.4167953125 0.8687921875
vt 0.4167953125 0.8607640625
vt 0.4269546875 0.8607640625
vt 0.4269546875 0.8687921875
vt 0.0390625 0.8828125
vt 0.0546875 0.8828125
vt 0.0546875 0.8984375
vt 0.0390625 0.8984375
vt 0.09375 0.453125
vt 0.1015625 0.453125
vt 0.1015625 0.46875
vt 0.09375 0.46875
vt 0.375 0.453125
vt 0.3828125 0.453125
vt 0.3828125 0.46875
vt 0.375 0.46875
vt 0.2734375 0.6953125
vt 0.296875 0.6953125
vt 0.296875 0.7109375
vt 0.2734375 0.7109375
vt 0.21875 0.59375
vt 0.234375 0.59375
vt 0.234375 0.609375
vt 0.21875 0.609375
vt 0.3046875 0.453125
vt 0.3125 0.453125
vt 0.3125 0.46875
vt 0.3046875 0.46875
vt 0.2628921875 0.6793890625
vt 0.2628921875 0.6714687500000001
vt 0.264496875 0.66953125
vt 0.264496875 0.67916640625
vt 0.2527328125 0.6714687500000001
vt 0.2527328125 0.6793890625
vt 0.251128125 0.67916640625
vt 0.251128125 0.66953125
vt 0.2628921875 0.6714687500000001
vt 0.2527328125 0.6714687500000001
vt 0.251128125 0.66953125
vt 0.264496875 0.66953125
vt 0.2527328125 0.6793890625
vt 0.2527328125 0.6874171875
vt 0.251128125 0.68776015625
vt 0.251128125 0.67916640625
vt 0.2628921875 0.6874171875
vt 0.2628921875 0.6793890625
vt 0.264496875 0.67916640625
vt 0.264496875 0.68776015625
vt 0.2527328125 0.6874171875
vt 0.2527328125 0.6936249999999999
vt 0.251128125 0.6953125
vt 0.251128125 0.68776015625
vt 0.2628921875 0.6936249999999999
vt 0.2628921875 0.6874171875
vt 0.264496875 0.68776015625
vt 0.264496875 0.6953125
vt 0.2527328125 0.6936249999999999
vt 0.2628921875 0.6936249999999999
vt 0.264496875 0.6953125
vt 0.251128125 0.6953125
vt 0.5773765625 0.88724609375
vt 0.585296875 0.88724609375
vt 0.585296875 0.890625
vt 0.5773765625 0.890625
vt 0.563140625 0.87162109375
vt 0.5710609375 0.87162109375
vt 0.5710609375 0.875
vt 0.563140625 0.875
vt 0.3203125 0.4140625
vt 0.328125 0.4140625
vt 0.328125 0.421875
vt 0.3203125 0.421875
vt 0.5710609375 0.87162109375
vt 0.5790890625 0.87162109375
vt 0.5790890625 0.875
vt 0.5710609375 0.875
vt 0.5693484375 0.88724609375
vt 0.5773765625 0.88724609375
vt 0.5773765625 0.890625
vt 0.5693484375 0.890625
vt 0.5790890625 0.87162109375
vt 0.585296875 0.87162109375
vt 0.585296875 0.875
vt 0.5790890625 0.875
vt 0.563140625 0.88724609375
vt 0.5693484375 0.88724609375
vt 0.5693484375 0.890625
vt 0.563140625 0.890625
vt 0.3359375 0.4140625
vt 0.34375 0.4140625
vt 0.34375 0.421875
vt 0.3359375 0.421875
vt 0.5996711584973247 0.7578125
vt 0.5878288415026753 0.7578125
vt 0.5961983305562819 0.7530388338047707
vt 0.60546875 0.52894453125
vt 0.6033421875 0.5234375
vt 0.6075953125 0.5234375
vt 0.5922308228932034 0.8359375
vt 0.5874566771067966 0.8324640114146558
vt 0.5922308228932034 0.82409479592143
vt 0.03724824548216972 0.40625
vt 0.03306425451783028 0.39517123708725865
vt 0.03724824548216972 0.39440750161214255
vt 0.16998385203928498 0.4140625
vt 0.15814114796071502 0.4140625
vt 0.16651036345394069 0.4092883542135932
vt 0.46484375 0.39613203124999996
vt 0.4627171875 0.390625
vt 0.4669703125 0.390625
vt 0.5922308228932034 0.859375
vt 0.5874566771067966 0.8559015114146556
vt 0.5922308228932034 0.84753229592143
vt 0.08412324548216972 0.40625
vt 0.07993925451783028 0.39517123708725865
vt 0.08412324548216972 0.39440750161214255
vt 0.5920568566749895 0.4765625
vt 0.5876306433250105 0.47253571671217975
vt 0.5920568566749895 0.46516949824929354
vt 0.185682935393497 0.40625
vt 0.181504564606503 0.3956514837515831
vt 0.185682935393497 0.39485757580224634
vt 0.6072587996936779 1
vt 0.5958662003063221 1
vt 0.6032326789290052 0.9955742196434919
vt 0.60546875 0.54465546875
vt 0.6033421875 0.5390625
vt 0.6075953125 0.5390625
vt 0.5920568566749895 0.5
vt 0.5876306433250105 0.49597321671217975
vt 0.5920568566749895 0.48860699824929354
vt 0.599745435393497 0.890625
vt 0.595567064606503 0.8800264837515831
vt 0.599745435393497 0.8792325758022463
vt 0.5994465008753532 0.4375
vt 0.5880534991246468 0.4375
vt 0.595419717587533 0.43307378665002094
vt 0.60546875 0.56028046875
vt 0.6033421875 0.5546875
vt 0.6075953125 0.5546875
vt 0.38874229985023806 0.40625
vt 0.38469520014976194 0.40167614118562245
vt 0.38874229985023806 0.3952997095712656
vt 0.5997423175734464 0.78125
vt 0.5955701824265536 0.7711269282441993
vt 0.5997423175734464 0.7703008770462182
vt 0.6070374358987757 0.609375
vt 0.5960875641012243 0.609375
vt 0.6024642394968016 0.6053282844160228
vt 0.07913658346125826 0.9363850251737387
vt 0.07700538297269838 0.930661750102246
vt 0.08125850657659586 0.9306583040037321
vt 0.35749229985023806 0.40625
vt 0.35344520014976194 0.40167614118562245
vt 0.35749229985023806 0.3952997095712656
vt 0.23255481757344645 0.40625
vt 0.22838268242655355 0.39612692824419915
vt 0.23255481757344645 0.3953008770462182
vt 0.6070376452143672 0.625
vt 0.5960873547856328 0.625
vt 0.6024637863999897 0.6209529002995239
vt 0.061514714245697634 0.9363993033144593
vt 0.05938351375713776 0.9306760282429667
vt 0.06363663736103525 0.9306725821444526
vt 0.35079375 0.671875
vt 0.3460265625 0.6617328124999999
vt 0.35505546875 0.6617328124999999
vt 0.35938749999999997 0.671875
vt 0.35938749999999997 0.671875
vt 0.35505546875 0.6617328124999999
vt 0.36402421875 0.6617328124999999
vt 0.36693984375 0.671875
vt 0.05938351375713776 0.9306760282429667
vt 0.05834609767801287 0.9201737403629051
vt 0.06539297036485259 0.9201680306258374
vt 0.06363663736103525 0.9306725821444526
vt 0.06363663736103525 0.9306725821444526
vt 0.06539297036485259 0.9201680306258374
vt 0.07523202963514741 0.9201600585162331
vt 0.07700538297269838 0.930661750102246
vt 0.07700538297269838 0.930661750102246
vt 0.07523202963514741 0.9201600585162331
vt 0.08227890232198713 0.9201543487791654
vt 0.08125850657659586 0.9306583040037321
vt 0.34399765625 0.984375
vt 0.34691328125 0.9742328125
vt 0.35588203125 0.9742328125
vt 0.35155000000000003 0.984375
vt 0.35155000000000003 0.984375
vt 0.35588203125 0.9742328125
vt 0.3649109375 0.9742328125
vt 0.36014375 0.984375
vt 0.36014375 0.984375
vt 0.3649109375 0.9742328125
vt 0.37475234375 0.9742328125
vt 0.36977890625 0.984375
vt 0.0515625 1
vt 0.05053359375 0.98875
vt 0.055015625 0.98875
vt 0.055815625 1
vt 0.055815625 1
vt 0.055015625 0.98875
vt 0.069984375 0.98875
vt 0.06918437499999999 1
vt 0.06918437499999999 1
vt 0.069984375 0.98875
vt 0.07446640625 0.98875
vt 0.0734375 1
vt 0.34115859375 0.671875
vt 0.33618515625 0.6617328124999999
vt 0.3460265625 0.6617328124999999
vt 0.35079375 0.671875
vt 0.27465746026745996 0.6098306328389094
vt 0.27465746026745996 0.5625
vt 0.28003003973254004 0.6019803481248627
vt 0.5534756737420273 0.5
vt 0.5480868262579727 0.4921610093706177
vt 0.5534756737420273 0.48392610804934266
vt 0.28125 0.8585641559998612
vt 0.2676839851221369 0.8671875
vt 0.2284595992982626 0.8585641559998612
vt 0.28811418203946565 0.9929159392187107
vt 0.23532331796053438 0.9929159392187107
vt 0.24156026483461804 0.984375
vt 0.33043927226568065 0.6173984457700756
vt 0.33043927226568065 0.5703125
vt 0.3359375 0.6091361626061802
vt 0.17041975285248512 0.4453125
vt 0.16551774714751488 0.43668339226242026
vt 0.17041975285248512 0.42910107809458675
vt 0.28125 0.8818036901571719
vt 0.26764807066815793 0.890625
vt 0.22879336508941334 0.881803690157172
vt 0.29575952540217826 0.7664072369202324
vt 0.24330297459782171 0.7664072369202324
vt 0.24946423439367468 0.7578125
vt 0.15776215144728217 0.6473228069697934
vt 0.15776215144728215 0.6015625
vt 0.1640625 0.6385488717819389
vt 0.5608376004423381 0.75
vt 0.5563498995576619 0.7401751650604202
vt 0.5608376004423381 0.7324099208703012
vt 0.2578125 0.8338673045603311
vt 0.24326090896004793 0.84375
vt 0.20531576738915602 0.8338673045603311
vt 0.1785922959337323 0.8238740293742991
vt 0.1260952040662677 0.8238740293742991
vt 0.1342673892513824 0.8125
vt 0.17968750000000003 0.765625
vt 0.1796875 0.7128345992982625
vt 0.1883108440001388 0.7520589851221369
vt 0.5041306959753287 0.453125
vt 0.48805680402467133 0.453125
vt 0.49629170534594635 0.44773615251594534
vt 0.4338219560114785 0.8125
vt 0.4259708985583098 0.8178725321043943
vt 0.3864905439885215 0.8125
vt 0.14489546960935534 0.7715408640789313
vt 0.13635453039064466 0.7249869468740837
vt 0.14489546960935532 0.71875
vt 0.15625 0.78125
vt 0.15625 0.7287936293638942
vt 0.1650714359301634 0.76764855879164
vt 0.5745119609527066 0.90625
vt 0.5583005390472934 0.90625
vt 0.5658828532151269 0.9013479942950298
vt 0.4220859457700756 0.65625
vt 0.41382289035229225 0.6617481095163212
vt 0.375 0.65625
vt 0.07460986846011619 0.7633940508043565
vt 0.0660151315398838 0.7170987597958529
vt 0.0746098684601162 0.7109375
vt 0.08593750000000001 0.796875
vt 0.0859375 0.7443782673891559
vt 0.09582019543966885 0.7823234089600479
vt 0.5752012895648494 0.8203125
vt 0.5576112104351506 0.8203125
vt 0.5653764546252695 0.8158247991153237
vt 0.40513530696979344 0.9921875
vt 0.39636118378264773 0.9984886068454245
vt 0.359375 0.9921875
vt 0.19318701468714955 0.8259345918674645
vt 0.18181298531285045 0.7816096851851146
vt 0.19318701468714955 0.7734375
vt 0.179968778796396 0.6961018235220684
vt 0.17996877879639597 0.6484375
vt 0.1875 0.6850420485595546
vt 0.3504403422994813 0.453125
vt 0.3370596577005187 0.453125
vt 0.339087242204835 0.44637612243825087
vt 0.36059677141104185 0.7899210659052123
vt 0.34936932568987467 0.796875
vt 0.3125 0.7899210659052123
vt 0.30139241155758323 0.7903576146528307
vt 0.25329508844241677 0.7903576146528307
vt 0.2546066172362101 0.78125
vt 0.1414833137475853 0.6796875
vt 0.14148331374758533 0.6315896738396873
vt 0.1484375 0.6684589519691467
vt 0.5541556887808746 0.6484375
vt 0.5474068112191254 0.6370843999053537
vt 0.5541556887808746 0.6350568154010374
vt 0.34453932352206845 0.9921875
vt 0.33347954855955464 0.999718721203604
vt 0.296875 0.9921875
vt 0.035803807326415374 0.7355973231151665
vt 0.026696192673584626 0.6888115287937933
vt 0.035803807326415374 0.6875
vt 0.14509558124554925 0.5116644706071865
vt 0.13615441875445075 0.4943610606154831
vt 0.14509558124554925 0.4921875
vt 0.5167247629105195 0.484375
vt 0.5167247629105195 0.4648981010451996
vt 0.5234375 0.4765090166248003
vt 0.5666202648410268 0.9609375
vt 0.5583797351589732 0.95469159314479
vt 0.5666202648410268 0.9505973993290797
vt 0.5351015079409084 0.5636001661209842
vt 0.5272361486824395 0.5703125
vt 0.515625 0.5636001661209842
vt 0.4966580812455492 0.8944769706071865
vt 0.4877169187544507 0.8771735606154831
vt 0.4966580812455493 0.875
vt 0.0011001661209841876 0.4765625
vt 0.0011001661209841772 0.4570859920590916
vt 0.0078125 0.46869714074153124
vt 0.5666202648410268 0.984375
vt 0.5583797351589732 0.97812909314479
vt 0.5666202648410268 0.9740348993290797
vt 0.5351015079409084 0.6261001661209842
vt 0.5272361486824395 0.6328125
vt 0.515625 0.6261001661209842
vt 0.39588241505551236 0.7501738008500597
vt 0.38536758494448764 0.7358140675776332
vt 0.39588241505551236 0.7265625
vt 0.3046875 0.5859375
vt 0.3046875 0.5623266836093124
vt 0.3140755737705874 0.5719046933559722
vt 0.5670358605115318 0.6875
vt 0.5501516394884682 0.6875
vt 0.5630892541472533 0.6821361131771807
vt 0.5724853381612175 0.5894576580505659
vt 0.5673937976676225 0.59375
vt 0.5546875 0.5894576580505659
vt 0.2932254878395493 0.5381398866226084
vt 0.2848995121604507 0.5221448737710985
vt 0.2932254878395493 0.515625
vt 0.328125 0.5625
vt 0.328125 0.5399848210244342
vt 0.33701265019941756 0.5500289174876256
vt 0.5779692537402045 0.515625
vt 0.5626557462597955 0.515625
vt 0.5722416767814477 0.5111595144682736
vt 0.5336571281909465 0.4483718580397653
vt 0.5281662057368882 0.453125
vt 0.515625 0.4483718580397653
vt 0.17603829538888735 0.5381398866226084
vt 0.16771170461111265 0.5221453554402601
vt 0.17603829538888735 0.515625
vt 0.390625 0.5625
vt 0.390625 0.5399853387339755
vt 0.39951238918354454 0.550029666154431
vt 0.5779692537402045 0.5546875
vt 0.5626557462597955 0.5546875
vt 0.5722423849618941 0.5502216845712928
vt 0.5649071281909465 0.4483718580397653
vt 0.5594162057368882 0.453125
vt 0.546875 0.4483718580397653
vt 0.027430650425029863 0.5964523301110247
vt 0.003819349574970137 0.5964523301110247
vt 0.013070917152603351 0.5859375
vt 0.37852068647822507 0.4453125
vt 0.37852068647822507 0.4275149118578736
vt 0.3828125 0.44022138802254696
vt 0.32690069341140965 0.453125
vt 0.32153680658859035 0.44917839363572154
vt 0.32690069341140965 0.43624077897693636
vt 0.4453125 0.7952991999057046
vt 0.43127892464105894 0.8046875
vt 0.4217011367352555 0.7952991999057046
vt 0.4917261933113041 0.9692634756790987
vt 0.4692113066886959 0.9692634756790987
vt 0.47573118045979434 0.9609375
vt 0.018684866137424372 0.4453125
vt 0.018684866137424375 0.4272806486709346
vt 0.0234375 0.4398220469660771
vt 0.4905139927658632 0.4375
vt 0.4860485072341368 0.4317724230412432
vt 0.4905139927658632 0.42218649251959106
vt 0.375 0.5458001108164554
vt 0.36252966615443105 0.5546875
vt 0.3524853387339754 0.5458001108164554
vt 0.4917261933113042 0.9927015907777748
vt 0.4692113066886959 0.9927015907777746
vt 0.4757316621289559 0.984375
vt 0.003059866137424365 0.4453125
vt 0.0030598661374243753 0.4272806486709346
vt 0.0078125 0.4398220469660771
vt 0.5686391577143536 0.578125
vt 0.5641733422856464 0.5723981312216896
vt 0.5686391577143536 0.5628114925195911
vt 0.4765625 0.9442376108164554
vt 0.46409216615443105 0.953125
vt 0.4540478387339754 0.9442376108164555
vt 0.07414596560849308 0.91711171875
vt 0.07414596560849308 0.8828125
vt 0.07673346560849309 0.8828125
vt 0.07522955935849308 0.920153125
vt 0.06647409312681171 0.917117934893903
vt 0.07414596560849308 0.91711171875
vt 0.07523202963514741 0.9201600585162331
vt 0.06539297036485259 0.9201680306258374
vt 0.0661813306557333 0.882820062204488
vt 0.06647409312681171 0.917117934893903
vt 0.06539291381229473 0.9201681901735979
vt 0.0636497706983388 0.882841810329578
vt 0.3163359375 0.50356796875
vt 0.3086640625 0.50356796875
vt 0.3060765625 0.50221328125
vt 0.3189234375 0.50221328125
vt 0.3163359375 0.515625
vt 0.3163359375 0.50356796875
vt 0.3189234375 0.50221328125
vt 0.3189234375 0.515625
vt 0.3086640625 0.50356796875
vt 0.3086640625 0.515625
vt 0.3060765625 0.515625
vt 0.3060765625 0.50221328125
vt 0.00995234375 0.84375
vt 0.0005265624999999993 0.8115
vt 0.005887500000000002 0.81074140625
vt 0.01520625 0.84375
vt 0.359375 0.421875
vt 0.3515625 0.421875
vt 0.3515625 0.4140625
vt 0.359375 0.4140625
vt 0.0385359375 0.8036875
vt 0.029110156249999998 0.8359375
vt 0.023856250000000002 0.8359375
vt 0.033174999999999996 0.80292890625
vt 0.578125 0.6171875
vt 0.5859375 0.6171875
vt 0.5859375 0.625
vt 0.578125 0.625
vt 0.0005265624999999993 0.8115
vt 0.0004187500000000007 0.798684375
vt 0.005887500000000002 0.798684375
vt 0.005887500000000002 0.81074140625
vt 0.03864375 0.790871875
vt 0.0385359375 0.8036875
vt 0.033174999999999996 0.80292890625
vt 0.033174999999999996 0.790871875
vn 1.224646799147353e-16 -1 1.224646799147357e-16
vn 2.603446385635132e-15 0.4421244863162343 -0.8969536992507506
vn 1.224646799147353e-16 -1 1.224646799147357e-16
vn 1.224646799147353e-16 -1 1.224646799147357e-16
vn -2.8095619090108535e-15 -0.2805461635558434 0.9598405336898926
vn -1.224646799147353e-16 1 -1.224646799147357e-16
vn 2.603446385635132e-15 0.44212448631623436 -0.8969536992507507
vn 2.603446385635132e-15 0.44212448631623424 -0.8969536992507506
vn 1.224646799147353e-16 -1 1.224646799147357e-16
vn 1.224646799147353e-16 -1 1.224646799147357e-16
vn 1.224646799147353e-16 -1 1.224646799147357e-16
vn 1.224646799147353e-16 -1 1.224646799147357e-16
vn 1.224646799147353e-16 -1 1.224646799147357e-16
vn 1.224646799147353e-16 -1 1.224646799147357e-16
vn -1.224646799147353e-16 1 -1.224646799147357e-16
vn -1.224646799147353e-16 1 -1.224646799147357e-16
vn 1 1.224646799147357e-16 2.9629076969683865e-15
vn 2.9629076969683865e-15 -1.224646799147353e-16 -1
vn -2.961776662061184e-15 -0.00838505664768861 0.9999648447945634
vn 2.9629076969683865e-15 -1.224646799147353e-16 -1
vn -1 -1.224646799147357e-16 -2.9629076969683865e-15
vn 2.9629076969683865e-15 -1.224646799147353e-16 -1
vn -1.224646799147353e-16 1 -1.224646799147357e-16
vn -1.224646799147353e-16 1 -1.224646799147357e-16
vn -1.224646799147353e-16 1 -1.224646799147357e-16
vn -1.224646799147353e-16 1 -1.224646799147357e-16
vn -1.224646799147353e-16 1 -1.224646799147357e-16
vn -1.224646799147353e-16 1 -1.224646799147357e-16
vn -1.224646799147353e-16 1 -1.224646799147357e-16
vn -1.224646799147353e-16 1 -1.224646799147357e-16
vn 1 1.224646799147357e-16 2.9629076969683865e-15
vn -1 -1.2246467991473572e-16 -3.181922073991037e-15
vn -2.9629076969683865e-15 1.224646799147353e-16 1
vn -1 -1.224646799147357e-16 -2.9629076969683865e-15
vn 1 1.224646799147357e-16 2.9629076969683865e-15
vn -1 -1.2246467991473567e-16 -2.6834755607670737e-15
vn 1 1.224646799147357e-16 2.9629076969683865e-15
vn 2.9629076969683865e-15 -1.224646799147353e-16 -1
vn -0.9320046715412962 0.3624462611549478 -2.8058306802788327e-15
vn -2.9276556969022248e-15 -0.11821288978511228 0.992988274194944
vn 0.9320046715412962 0.3624462611549478 2.7170569495615663e-15
vn 1.2827378986241418e-15 0.8829709657859575 -0.4694276020634214
vn -0.9320046715412962 0.3624462611549478 -2.8058306802788327e-15
vn -2.9276556969022248e-15 -0.11821288978511227 0.992988274194944
vn 0.9320046715412964 0.36244626115494744 2.7170569495615667e-15
vn 1.2827378986241418e-15 0.8829709657859575 -0.4694276020634214
vn 0.9320046715412962 0.3624462611549479 2.7170569495615663e-15
vn 1.3408355126058806e-15 0.8725060159497199 -0.48860336893184386
vn -0.9320046715412962 0.36244626115494777 -2.8058306802788327e-15
vn -2.8714783859999737e-15 -0.20952908873087356 0.9778024140774096
vn 0.9320046715412962 0.362446261154948 2.7170569495615663e-15
vn 1.3408355126058804e-15 0.8725060159497197 -0.4886033689318438
vn -0.9320046715412964 0.36244626115494727 -2.805830680278833e-15
vn -2.8714783859999733e-15 -0.20952908873087353 0.9778024140774095
vn 0.9320046715412962 0.3624462611549478 2.7170569495615663e-15
vn 1.4031243783873977e-15 0.8606850986794791 -0.50913766400758
vn -0.9320046715412963 0.36244626115494777 -2.805830680278833e-15
vn -2.794213105220461e-15 -0.2956837280711327 0.9552858906913453
vn 0.9320046715412963 0.362446261154948 2.7170569495615667e-15
vn 1.4031243783873981e-15 0.8606850986794792 -0.5091376640075801
vn -0.9320046715412965 0.3624462611549473 -2.805830680278834e-15
vn -2.794213105220461e-15 -0.2956837280711327 0.9552858906913453
vn -0.9948399493188502 0.10145676536962782 -2.9600438133846373e-15
vn -0.9948399493188502 0.1014567653696278 -2.9600438133846373e-15
vn -2.812464022481699e-15 -0.2775954721292611 0.9606980555061684
vn -2.8124640224816984e-15 -0.2775954721292611 0.9606980555061683
vn -2.812464022481699e-15 -0.27759547212926106 0.9606980555061684
vn 0.9948399493188502 0.10145676536962796 2.9351940727922847e-15
vn 0.9948399493188502 0.10145676536962799 2.935194072792285e-15
vn 0.9948399493188502 0.101456765369628 2.935194072792285e-15
vn 2.6034463856351324e-15 0.4421244863162343 -0.8969536992507509
vn 2.6034463856351324e-15 0.4421244863162343 -0.8969536992507509
vn 2.603446385635132e-15 0.4421244863162342 -0.8969536992507507
vn -0.9948399493188502 0.10145676536962779 -2.960043813384637e-15
vn 0.06177558578212716 -0.43151403127709664 0.8999885653786187
vn 0.7624710805171989 0.6470222958870393 2.1798940548167074e-15
vn -0.7992557340337203 0.3293167161996613 -0.5027333011107292
vn -0.9988582148867927 -0.0477730735160495 -2.9536741789114944e-15
vn 0.23608158783038388 -0.40360209250924034 0.8839518283309604
vn 0.7624710805171987 0.6470222958870393 2.179894054816707e-15
vn -0.8095779104822136 0.3162241805339007 -0.4945562399817803
vn -0.9988582148867927 -0.0477730735160495 -2.9536741789114944e-15
vn 0.5377429137900079 -0.2842004561708075 0.7937648640377937
vn 0.7624710805171989 0.6470222958870393 2.1798940548167074e-15
vn -0.8538106460481399 0.2764638632390289 -0.44110669119591656
vn -0.9988582148867927 -0.0477730735160495 -2.9536741789114944e-15
vn 0.7992557340337227 0.3293167161996617 -0.5027333011107247
vn -0.7624710805171987 0.6470222958870393 -2.338368811543714e-15
vn -0.06177558578213233 -0.43151403127709664 0.8999885653786184
vn 0.9988582148867927 -0.0477730735160493 2.9653752072248668e-15
vn 0.8095779104822161 0.3162241805339011 -0.4945562399817756
vn -0.7624710805171987 0.6470222958870394 -2.338368811543714e-15
vn -0.2360815878303888 -0.40360209250924045 0.8839518283309589
vn 0.9988582148867927 -0.04777307351604929 2.9653752072248668e-15
vn 0.8538106460481422 0.2764638632390293 -0.44110669119591167
vn -0.7624710805171987 0.6470222958870393 -2.338368811543714e-15
vn -0.5377429137900123 -0.28420045617080775 0.7937648640377907
vn 0.9988582148867927 -0.04777307351604929 2.9653752072248668e-15
vn 0.8971666086291976 -0.1569170780281467 0.41287904643356854
vn 1.4474471256512027e-15 0.851882450351111 -0.5237330338863369
vn -0.9627931257043786 0.020323462686467286 0.2694742176179836
vn -2.5956126676816706e-15 -0.4470418972860511 0.8945130195088765
vn 0.962793125704377 0.020323462686467644 0.2694742176179892
vn 1.4474471256512027e-15 0.8518824503511111 -0.5237330338863369
vn -0.8971666086292001 -0.15691707802814703 0.4128790464335631
vn -2.5956126676816706e-15 -0.44704189728605104 0.8945130195088765
vn -2.584225588564211e-15 -0.45408037052973377 0.8909607270242499
vn 0.8816123215380478 1.6576654905493639e-16 0.47197427314663465
vn 9.903405968909587e-16 0.9279910558795382 -0.3726024694061751
vn -0.8816123215380507 -5.0166192477152103e-17 0.47197427314662943
vn -2.584225588564211e-15 -0.45408037052973377 0.8909607270242499
vn 0.8816123215380476 1.6576654905493636e-16 0.47197427314663465
vn 9.903405968909589e-16 0.9279910558795382 -0.37260246940617514
vn -0.8816123215380505 -5.016619247715208e-17 0.47197427314662943
vn 0.9512228189487625 -0.3085046980374366 2.8561663408926015e-15
vn 0.9436694717775376 7.504389073570935e-17 -0.33088960097758163
vn -0.5336141345599136 0.8457280623213793 -1.6846212429457894e-15
vn -0.27935758216000584 8.337757371591858e-17 0.960187138681682
vn 0.9512228189487625 -0.3085046980374366 2.856166340892601e-15
vn 0.9304017937336098 6.905299862173351e-17 -0.3665412694599089
vn -0.5336141345599134 0.8457280623213792 -1.6846212429457886e-15
vn -0.5173431679792191 4.1446317758764975e-17 0.8557780357927081
vn 0.9512228189487626 -0.3085046980374367 2.8561663408926015e-15
vn 0.9304017937336098 6.90529986217335e-17 -0.36654126945990895
vn -0.5336141345599134 0.8457280623213792 -1.6846212429457886e-15
vn -0.5173431679792192 4.144631775876495e-17 0.855778035792708
vn -0.9512228189487625 -0.3085046980374369 -2.7806044826979077e-15
vn 0.2793575821600002 1.518004474778771e-16 0.9601871386816838
vn 0.533614134559913 0.8457280623213794 1.4774776100515936e-15
vn -0.9436694717775358 -1.560884688773781e-16 -0.3308896009775873
vn -0.9512228189487625 -0.3085046980374369 -2.7806044826979073e-15
vn 0.5173431679792139 1.6815884870406516e-16 0.8557780357927113
vn 0.533614134559913 0.8457280623213794 1.4774776100515936e-15
vn -0.9304017937336075 -1.5882971710163117e-16 -0.3665412694599145
vn -0.9512228189487624 -0.30850469803743685 -2.780604482697907e-15
vn 0.5173431679792141 1.6815884870406516e-16 0.8557780357927111
vn 0.5336141345599131 0.8457280623213794 1.4774776100515938e-15
vn -0.9304017937336075 -1.5882971710163117e-16 -0.36654126945991455
vn -2.8181864994005343e-15 -0.27168839988512744 0.9623852728340451
vn -2.740781401094519e-15 -0.3433131373744038 0.9392210015252767
vn 0.20713585156838463 -0.26579607319656845 0.9415132428533995
vn -2.9629076969683865e-15 1.224646799147353e-16 1
vn -2.9629076969683865e-15 1.224646799147353e-16 1
vn -2.9629076969683865e-15 1.224646799147353e-16 1
vn -1 -1.224646799147357e-16 -2.9629076969683865e-15
vn 1.224646799147353e-16 -1 1.224646799147357e-16
vn 1 1.224646799147357e-16 2.9629076969683865e-15
vn -1.224646799147353e-16 1 -1.224646799147357e-16
vn -1 -1.224646799147357e-16 -2.9629076969683865e-15
vn 1 1.224646799147357e-16 2.9629076969683865e-15
usemtl m_5ec4fc5d-6ec2-3614-e281-4cafd1b8b2e4
f 153/441/115 150/442/115 149/443/115 154/444/115
f 120/445/116 186/446/116 185/447/116 116/448/116
f 139/449/117 141/450/117 140/451/117 142/452/117
f 120/453/118 131/454/118 130/455/118 118/456/118
f 211/457/119 213/458/119 212/459/119 214/460/119
f 163/461/120 165/462/120 164/463/120 166/464/120
f 112/465/121 188/466/121 187/467/121 118/468/121
f 118/469/122 187/470/122 186/471/122 120/472/122
f 145/473/123 143/474/123 144/475/123 146/476/123
f 143/477/124 140/478/124 141/479/124 144/480/124
f 146/481/125 144/482/125 147/483/125 148/484/125
f 144/485/126 141/486/126 149/487/126 147/488/126
f 148/489/127 147/490/127 151/491/127 152/492/127
f 147/493/128 149/494/128 150/495/128 151/496/128
f 169/497/129 167/498/129 168/499/129 170/500/129
f 167/501/130 164/502/130 165/503/130 168/504/130
f 141/505/131 139/506/131 118/507/131 130/508/131
f 139/509/132 142/510/132 112/511/132 118/512/132
f 215/513/133 216/514/133 211/515/133 214/516/133
f 149/517/134 141/518/134 130/519/134 131/520/134
f 154/521/135 149/522/135 131/523/135 120/524/135
f 153/525/136 154/526/136 120/527/136 116/528/136
f 157/529/137 155/530/137 124/531/137 138/532/137
f 158/533/138 156/534/138 136/535/138 125/536/138
f 155/537/139 158/538/139 125/539/139 124/540/139
f 156/541/140 159/542/140 135/543/140 136/544/140
f 160/545/141 157/546/141 138/547/141 137/548/141
f 159/549/142 161/550/142 123/551/142 135/552/142
f 162/553/143 160/554/143 137/555/143 122/556/143
f 161/557/144 162/558/144 122/559/144 123/560/144
f 165/561/145 163/562/145 155/563/145 157/564/145
f 166/565/146 164/566/146 156/567/146 158/568/146
f 163/569/147 166/570/147 158/571/147 155/572/147
f 164/573/148 167/574/148 159/575/148 156/576/148
f 168/577/149 165/578/149 157/579/149 160/580/149
f 167/581/150 169/582/150 161/583/150 159/584/150
f 170/585/151 168/586/151 160/587/151 162/588/151
f 169/589/152 170/590/152 162/591/152 161/592/152
f 171/593/153 125/594/153 136/595/153
f 171/596/154 136/597/154 134/598/154
f 171/599/155 134/600/155 114/601/155
f 171/602/156 114/603/156 125/604/156
f 172/605/157 110/606/157 128/607/157
f 172/608/158 128/609/158 138/610/158
f 172/611/159 138/612/159 124/613/159
f 172/614/160 124/615/160 110/616/160
f 173/617/161 109/618/161 134/619/161
f 173/620/162 134/621/162 136/622/162
f 173/623/163 136/624/163 135/625/163
f 173/626/164 135/627/164 109/628/164
f 174/629/165 137/630/165 138/631/165
f 174/632/166 138/633/166 128/634/166
f 174/635/167 128/636/167 126/637/167
f 174/638/168 126/639/168 137/640/168
f 175/641/169 115/642/169 109/643/169
f 175/644/170 109/645/170 135/646/170
f 175/647/171 135/648/171 123/649/171
f 175/650/172 123/651/172 115/652/172
f 176/653/173 122/654/173 137/655/173
f 176/656/174 137/657/174 126/658/174
f 176/659/175 126/660/175 111/661/175
f 176/662/176 111/663/176 122/664/176
f 128/665/177 177/666/177 178/667/177 126/668/177
f 126/669/178 178/670/178 179/671/178 111/672/178
f 111/673/179 179/674/179 180/675/179 122/676/179
f 122/677/180 180/678/180 181/679/180 123/680/180
f 123/681/181 181/682/181 182/683/181 115/684/181
f 115/685/182 182/686/182 183/687/182 109/688/182
f 109/689/183 183/690/183 184/691/183 134/692/183
f 134/693/184 184/694/184 185/695/184 114/696/184
f 114/697/185 185/698/185 186/699/185 125/700/185
f 125/701/186 186/702/186 187/703/186 124/704/186
f 124/705/187 187/706/187 188/707/187 110/708/187
f 110/709/188 188/710/188 177/711/188 128/712/188
f 189/713/189 129/714/189 177/715/189
f 189/716/190 177/717/190 188/718/190
f 189/719/191 188/720/191 112/721/191
f 189/722/192 112/723/192 129/724/192
f 190/725/193 127/726/193 178/727/193
f 190/728/194 178/729/194 177/730/194
f 190/731/195 177/732/195 129/733/195
f 190/734/196 129/735/196 127/736/196
f 191/737/197 113/738/197 179/739/197
f 191/740/198 179/741/198 178/742/198
f 191/743/199 178/744/199 127/745/199
f 191/746/200 127/747/200 113/748/200
f 192/749/201 116/750/201 185/751/201
f 192/752/202 185/753/202 184/754/202
f 192/755/203 184/756/203 133/757/203
f 192/758/204 133/759/204 116/760/204
f 193/761/205 133/762/205 184/763/205
f 193/764/206 184/765/206 183/766/206
f 193/767/207 183/768/207 132/769/207
f 193/770/208 132/771/208 133/772/208
f 194/773/209 132/774/209 183/775/209
f 194/776/210 183/777/210 182/778/210
f 194/779/211 182/780/211 117/781/211
f 194/782/212 117/783/212 132/784/212
f 195/785/213 119/786/213 180/787/213
f 195/788/214 180/789/214 179/790/214
f 195/791/215 179/792/215 113/793/215
f 195/794/216 113/795/216 119/796/216
f 196/797/217 117/798/217 182/799/217
f 196/800/218 182/801/218 181/802/218
f 196/803/219 181/804/219 121/805/219
f 196/806/220 121/807/220 117/808/220
f 197/809/221 148/810/221 152/811/221
f 197/812/222 152/813/222 117/814/222
f 197/815/223 117/816/223 121/817/223
f 197/818/224 121/819/224 148/820/224
f 198/821/225 145/822/225 146/823/225
f 198/824/226 146/825/226 119/826/226
f 198/827/227 119/828/227 113/829/227
f 198/830/228 113/831/228 145/832/228
f 199/833/229 152/834/229 151/835/229
f 199/836/230 151/837/230 132/838/230
f 199/839/231 132/840/231 117/841/231
f 199/842/232 117/843/232 152/844/232
f 200/845/233 151/846/233 150/847/233
f 200/848/234 150/849/234 133/850/234
f 200/851/235 133/852/235 132/853/235
f 200/854/236 132/855/236 151/856/236
f 201/857/237 150/858/237 153/859/237
f 201/860/238 153/861/238 116/862/238
f 201/863/239 116/864/239 133/865/239
f 201/866/240 133/867/240 150/868/240
f 202/869/241 143/870/241 145/871/241
f 202/872/242 145/873/242 113/874/242
f 202/875/243 113/876/243 127/877/243
f 202/878/244 127/879/244 143/880/244
f 203/881/245 140/882/245 143/883/245
f 203/884/246 143/885/246 127/886/246
f 203/887/247 127/888/247 129/889/247
f 203/890/248 129/891/248 140/892/248
f 204/893/249 142/894/249 140/895/249
f 204/896/250 140/897/250 129/898/250
f 204/899/251 129/900/251 112/901/251
f 204/902/252 112/903/252 142/904/252
f 207/905/253 205/906/253 121/907/253 181/908/253
f 206/909/254 207/910/254 181/911/254 180/912/254
f 208/913/255 206/914/255 180/915/255 119/916/255
f 210/917/256 209/918/256 146/919/256 148/920/256
f 205/921/257 210/922/257 148/923/257 121/924/257
f 209/925/258 208/926/258 119/927/258 146/928/258
f 213/929/259 211/930/259 205/931/259 207/932/259
f 212/933/260 213/934/260 207/935/260 206/936/260
f 214/937/261 212/938/261 206/939/261 208/940/261
f 216/941/262 215/942/262 209/943/262 210/944/262
f 211/945/263 216/946/263 210/947/263 205/948/263
f 215/949/264 214/950/264 208/951/264 209/952/264
o Thigh
v -0.21874999999999978 0.7062500000000002 -0.09000000000000077
v -0.21875000000000033 0.7062500000000002 0.08999999999999925
v -0.21249999999999958 0.38125 -0.14000000000000076
v -0.21250000000000005 0.38125 0.014999999999999293
v -0.05624999999999984 0.6612500000000002 -0.09000000000000029
v -0.05625000000000037 0.6612500000000002 0.08999999999999973
v -0.056249999999999654 0.38125 -0.1400000000000003
v -0.05625000000000011 0.38125 0.014999999999999757
v -0.2499999999999998 0.5697500000000001 -0.13750000000000084
v -0.25000000000000056 0.5697500000000001 0.10624999999999914
v -0.050000000000000405 0.5697500000000001 0.10624999999999973
v -0.049999999999999684 0.5697500000000001 -0.13750000000000026
v -0.15291666666666628 0.5697500000000001 -0.13750000000000057
v -0.13749999999999976 0.7087500000000001 -0.09000000000000054
v -0.13750000000000032 0.7087500000000001 0.08999999999999948
v -0.152916666666667 0.5697500000000001 0.10624999999999943
v -0.13750000000000007 0.38125 0.014999999999999515
v -0.1374999999999996 0.38125 -0.14000000000000054
v -0.25000000000000017 0.5697500000000001 -0.015625000000000857
v -0.21875000000000006 0.7062500000000002 -7.675391216287017e-16
v -0.13750000000000004 0.7087500000000001 -5.271090329498071e-16
v -0.056250000000000105 0.6612500000000002 -2.8055571027517593e-16
v -0.050000000000000044 0.5697500000000001 -0.015625000000000264
v -0.05624999999999988 0.38125 -0.06250000000000028
v -0.13749999999999982 0.38125 -0.06250000000000051
v -0.2124999999999998 0.38125 -0.06250000000000074
v -0.07027061607120284 0.6288696924372298 -0.015162301154896791
v -0.07652061607120268 0.4403696924372297 -0.0620373011548968
v -0.1577706160712026 0.4403696924372297 -0.06203730115489704
v -0.23277061607120259 0.4403696924372297 -0.062037301154897265
v -0.3116334310680737 0.7223643041932866 0.132656249999999
v -0.31163343106807334 0.7223643041932865 0.026718749999998948
v -0.31163343106807334 0.5961443544761426 0.011093749999998986
v -0.3116334310680736 0.5961443544761426 0.110781249999999
vt 0.11014648437499999 0.828125
vt 0.098896484375 0.828125
vt 0.098896484375 0.8179640625
vt 0.11014648437499999 0.8179640625
vt 0.146484375 0.6875
vt 0.146484375 0.6971875000000001
vt 0.137109375 0.6971875000000001
vt 0.137109375 0.6875
vt 0.215625 0.9609375
vt 0.20348984375 0.9609375
vt 0.2015625 0.9373734375
vt 0.2109375 0.9373734375
vt 0.14060102242252503 0.96875
vt 0.14997602242252506 0.96875
vt 0.14804867867252505 0.9949281249999999
vt 0.13591352242252505 0.9949281249999999
vt 0.2062631379970771 0.7246945312499999
vt 0.2183982942470771 0.7246945312499999
vt 0.2203256379970771 0.7421875
vt 0.2101693879970771 0.7418773437499999
vt 0.00023437499999999847 0.8751375
vt 0.015468749999999998 0.8751375
vt 0.013515624999999998 0.8866015625
vt 0.0022656249999999985 0.8866015625
vt 0.22734403800986985 0.7731425127923681
vt 0.2171874939843037 0.7734372208455661
vt 0.21911480843276823 0.75507578125
vt 0.23125003531723176 0.7550761711816535
vt 0.20624996468276824 0.75507578125
vt 0.21911480843276823 0.75507578125
vt 0.21718746468276823 0.7734375
vt 0.20703121468276822 0.76781875
vt 0.37546875 0.7069859375
vt 0.38671875 0.7069859375
vt 0.38671875 0.71875
vt 0.37546875 0.71875
vt 0.2305034848501456 0.7362878857475204
vt 0.2203256379970771 0.7421875
vt 0.21839826662903825 0.7246942805829922
vt 0.2312368620029229 0.7246967663792033
vt 0.16091352242252505 0.9949281249999999
vt 0.14804867867252505 0.9949281249999999
vt 0.14997602242252506 0.96875
vt 0.16013227242252503 0.96875
vt 0.137109375 0.6875
vt 0.137109375 0.6971875000000001
vt 0.126953125 0.6971875000000001
vt 0.126953125 0.6875
vt 0.19140625 0.9373734375
vt 0.2015625 0.9373734375
vt 0.20348984375 0.9609375
vt 0.190625 0.9609375
vt 0.087646484375 0.8179640625
vt 0.098896484375 0.8179640625
vt 0.098896484375 0.828125
vt 0.087646484375 0.828125
vt 0.39796875 0.71875
vt 0.38671875 0.71875
vt 0.38671875 0.7069859375
vt 0.39796875 0.7069859375
vt 0.024765624999999996 0.8866015625
vt 0.013515624999999998 0.8866015625
vt 0.015468749999999998 0.8751375
vt 0.030703125 0.8751375
vt 0.126953125 0.706875
vt 0.126953125 0.6971875000000001
vt 0.137109375 0.6971875000000001
vt 0.137109375 0.706875
vt 0.137109375 0.706875
vt 0.137109375 0.6971875000000001
vt 0.146484375 0.6971875000000001
vt 0.146484375 0.706875
vt 0.115478515625 0.80618046875
vt 0.11014648437499999 0.8179640625
vt 0.098896484375 0.8179640625
vt 0.3359375 0.9480223548667506
vt 0.320221026166895 0.9609375
vt 0.30824566835828926 0.9480223548667506
vt 0.36540853277463226 0.7144435982176709
vt 0.33771646722536774 0.7144435982176709
vt 0.34791330575638124 0.703125
vt 0.4109868144183059 0.7578125
vt 0.4109868144183059 0.7369754914944128
vt 0.421875 0.7508307801682608
vt 0.3660941062309326 0.6904721083491562
vt 0.3370308937690674 0.6904721083491562
vt 0.34779093114799575 0.6796875
vt 0.08568486838138449 0.5747455404288728
vt 0.06832491502748496 0.5625
vt 0.0859375 0.5625
vt 0.10223632812500001 0.80618046875
vt 0.098896484375 0.8179640625
vt 0.087646484375 0.8179640625
vt 0.3046875 0.6758603329745649
vt 0.28998255359070346 0.6875
vt 0.2756243061028738 0.675860332974565
vt 0.40426728781670696 0.6409777366347452
vt 0.36917021218329304 0.6409777366347452
vt 0.37438332708214334 0.6328125
vt 0.18954047541094274 0.5231667154936586
vt 0.18954047541094274 0.4921875
vt 0.1953125 0.5162330518609293
vt 0.08516393391702778 0.4765625
vt 0.07889856608297222 0.4700715849144268
vt 0.08516393391702778 0.4561852121862948
vt 0.265625 0.8984375
vt 0.25038484924559 0.9119637650650072
vt 0.23052807083738652 0.8984375
vt 0.15591284338191186 0.4765625
vt 0.14877465661808814 0.47213538330461713
vt 0.15591284338191186 0.4586768368985078
vt 0.265625 0.703125
vt 0.25126927380684716 0.7137937830316033
vt 0.22896069191397772 0.703125
vt 0.03786331849792455 0.617191246370856
vt 0.0011991815020754512 0.6171912463708561
vt 0.0069222880815547685 0.609375
vt 0.12814897757747495 0.99813391080276
vt 0.14060102242252503 0.96875
vt 0.13591358808234916 0.994927758311769
vt 0.030703125 0.8751375
vt 0.015468749999999998 0.8751375
vt 0.021328125 0.8515625
vt 0.031015625 0.8515625
vt 0.011640624999999998 0.8515625
vt 0.021328125 0.8515625
vt 0.015468749999999998 0.8751375
vt 0.00023437499999999847 0.8751375
vn -0.03075467578697342 0.9995269630766537 -2.135300152063207e-16
vn 1.224646799147353e-16 -1 1.224646799147357e-16
vn 2.9610230915548436e-15 0.013261433200640656 -0.9999120633283034
vn -2.6135051303864833e-15 -0.43571693377050924 0.9000837481177104
vn -2.957085758860044e-15 0.11611568389344622 0.9932356960731714
vn 0.997675276147395 0.06814721831607899 2.947674127494019e-15
vn -0.009979745987817278 0.3243417446041582 -0.945887328056122
vn 2.76412050015098e-15 0.3233668997435407 -0.9462736645126775
vn 0.5046965873311549 0.8632967941190827 1.3896460376739453e-15
vn 0.06367082353211564 0.10891061919967687 0.9920103342487341
vn -2.6135051303864833e-15 -0.43571693377050924 0.9000837481177104
vn 1.224646799147353e-16 -1 1.224646799147357e-16
vn 2.9610230915548436e-15 0.013261433200640656 -0.9999120633283034
vn -0.03075467578697342 0.9995269630766537 -2.135300152063207e-16
vn 0.5046965873311549 0.8632967941190827 1.3896460376739453e-15
vn 0.997675276147395 0.06814721831607899 2.947674127494019e-15
vn 1.224646799147353e-16 -1 1.224646799147357e-16
vn 1.224646799147353e-16 -1 1.224646799147357e-16
vn 0.17093614478698096 0.9852821090456096 3.8580576096946255e-16
vn -0.7800912469879081 0.24451581717855947 -0.5759076848960708
vn -0.9272402943582385 -0.3744668697207367 -2.7014684397542343e-15
vn 0.4190477967357039 0.012145451435162895 0.9078829396240402
vn -0.9272402943582385 -0.37446686972073695 -2.7014684397542343e-15
vn 0.24598330878670333 -0.1656345675068208 0.9550169641661733
vn 0.17093614478697983 0.9852821090456096 3.858057609694591e-16
vn -0.7005175602678192 0.37224811260448765 -0.6088567076240674
vn -0.908037471297652 -0.41888894795561965 -2.639132111912318e-15
vn 0.3320023926755029 -0.1649079455638364 0.9287517325677817
vn 0.3936676130666055 0.9192528544543344 1.0538247942207612e-15
vn -0.9196976521823427 -0.17832453202087567 -0.3497950683612084
vn 0.3936676130666055 0.9192528544543342 1.0538247942207612e-15
vn -0.9023821119039543 -0.07394576832181068 -0.42454510651173016
vn -0.908037471297652 -0.4188889479556197 -2.639132111912318e-15
vn -0.12902774774301257 -0.45275295771848795 0.8822508711185989
vn 0.9994507760997591 -0.03313828833222002 2.9653386671205315e-15
vn 0.9994507760997592 -0.03313828833222002 2.965338667120532e-15
usemtl m_5ec4fc5d-6ec2-3614-e281-4cafd1b8b2e4
f 231/953/265 237/954/265 236/955/265 218/956/265
f 220/957/266 242/958/266 241/959/266 233/960/266
f 225/961/267 229/962/267 234/963/267 219/964/267
f 220/965/268 233/966/268 232/967/268 226/968/268
f 226/969/269 232/970/269 231/971/269 218/972/269
f 227/973/270 239/974/270 238/975/270 222/976/270
f 217/977/271 230/978/271 229/979/271 225/980/271
f 228/981/272 229/982/272 230/983/272 221/984/272
f 222/985/273 238/986/273 237/987/273 231/988/273
f 222/989/274 231/990/274 232/991/274 227/992/274
f 227/993/275 232/994/275 233/995/275 224/996/275
f 233/997/276 241/998/276 240/999/276 224/1000/276
f 223/1001/277 234/1002/277 229/1003/277 228/1004/277
f 217/1005/278 236/1006/278 237/1007/278 230/1008/278
f 230/1009/279 237/1010/279 238/1011/279 221/1012/279
f 221/1013/280 238/1014/280 239/1015/280 228/1016/280
f 223/1017/281 240/1018/281 241/1019/281 234/1020/281
f 234/1021/282 241/1022/282 242/1023/282 219/1024/282
f 247/1025/283 218/1026/283 236/1027/283
f 247/1028/284 236/1029/284 235/1030/284
f 247/1031/285 235/1032/285 226/1033/285
f 247/1034/286 226/1035/286 218/1036/286
f 248/1037/287 225/1038/287 235/1039/287
f 248/1040/288 235/1041/288 236/1042/288
f 248/1043/289 236/1044/289 217/1045/289
f 248/1046/290 217/1047/290 225/1048/290
f 249/1049/291 219/1050/291 242/1051/291
f 249/1052/292 242/1053/292 235/1054/292
f 249/1055/293 235/1056/293 225/1057/293
f 249/1058/294 225/1059/294 219/1060/294
f 250/1061/295 226/1062/295 235/1063/295
f 250/1064/296 235/1065/296 242/1066/296
f 250/1067/297 242/1068/297 220/1069/297
f 250/1070/298 220/1071/298 226/1072/298
f 228/1073/299 239/1074/299 240/1075/299 223/1076/299
f 224/1077/300 240/1078/300 239/1079/300 227/1080/300
o Toe
v 0.21249999999999938 0.03749999999999998 -0.20000000000000073
v 0.21250000000000002 0.09999999999999987 0.012499999999999291
v 0.2124999999999994 0.006249999999999978 -0.18750000000000072
v 0.2125 0.006249999999999978 0.012499999999999303
v 0.06249999999999948 0.03749999999999998 -0.2000000000000003
v 0.06250000000000011 0.09999999999999987 0.012499999999999735
v 0.0624999999999995 0.006249999999999978 -0.18750000000000028
v 0.0625000000000001 0.006249999999999978 0.012499999999999747
v 0.2124999999999996 0.09999999999999987 -0.13125000000000064
v 0.21249999999999958 0.006249999999999978 -0.13125000000000064
v 0.06249999999999967 0.006249999999999978 -0.1312500000000002
v 0.06249999999999968 0.09999999999999987 -0.1312500000000002
v 0.1749999999999996 0.09999999999999987 -0.13125000000000053
v 0.17499999999999938 0.03749999999999998 -0.20000000000000062
v 0.13749999999999962 0.09999999999999987 -0.13125000000000042
v 0.1374999999999994 0.03749999999999998 -0.2000000000000005
v 0.09999999999999962 0.09999999999999987 -0.1312500000000003
v 0.09999999999999941 0.03749999999999998 -0.2000000000000004
v 0.1749999999999994 0.006249999999999978 -0.1875000000000006
v 0.13749999999999943 0.006249999999999978 -0.1875000000000005
v 0.09999999999999944 0.006249999999999978 -0.1875000000000004
v 0.17499999999999957 0.006249999999999978 -0.13125000000000053
v 0.1374999999999996 0.006249999999999978 -0.13125000000000042
v 0.0999999999999996 0.006249999999999978 -0.1312500000000003
v 0.175 0.006249999999999978 0.012499999999999414
v 0.1375 0.006249999999999978 0.012499999999999525
v 0.10000000000000003 0.006249999999999978 0.012499999999999636
v 0.17500000000000002 0.09999999999999987 0.012499999999999402
v 0.13750000000000004 0.09999999999999987 0.012499999999999513
v 0.10000000000000005 0.09999999999999987 0.012499999999999624
v 0.2091249999999996 0.10062499999999985 -0.14368750000000066
v 0.17837499999999956 0.10062499999999985 -0.14368750000000058
v 0.17837499999999937 0.04937499999999995 -0.20006250000000061
v 0.2091249999999994 0.04937499999999995 -0.20006250000000073
v 0.17162499999999958 0.10062499999999985 -0.14368750000000055
v 0.14087499999999958 0.10062499999999985 -0.14368750000000047
v 0.1408749999999994 0.04937499999999995 -0.2000625000000005
v 0.1716249999999994 0.04937499999999995 -0.20006250000000061
v 0.1341249999999996 0.10062499999999985 -0.14368750000000044
v 0.10337499999999958 0.10062499999999985 -0.14368750000000036
v 0.10337499999999941 0.04937499999999995 -0.2000625000000004
v 0.1341249999999994 0.04937499999999995 -0.2000625000000005
v 0.06587499999999946 0.04937499999999995 -0.20006250000000028
v 0.09662499999999959 0.10062499999999985 -0.14368750000000033
v 0.09662499999999942 0.04937499999999995 -0.2000625000000004
v 0.06587499999999963 0.10062499999999985 -0.14368750000000025
v 0.07187499999999947 0.014062499999999978 -0.1906250000000003
v 0.09062499999999944 0.029687499999999978 -0.19687500000000038
v 0.09062499999999944 0.014062499999999978 -0.19062500000000035
v 0.07187499999999947 0.029687499999999978 -0.19687500000000033
v 0.1281249999999994 0.029687499999999978 -0.19687500000000047
v 0.10937499999999943 0.029687499999999978 -0.1968750000000004
v 0.10937499999999943 0.014062499999999978 -0.1906250000000004
v 0.12812499999999943 0.014062499999999978 -0.19062500000000046
v 0.16562499999999938 0.029687499999999978 -0.19687500000000058
v 0.1468749999999994 0.029687499999999978 -0.19687500000000052
v 0.14687499999999942 0.014062499999999978 -0.19062500000000052
v 0.1656249999999994 0.014062499999999978 -0.19062500000000057
v 0.2031249999999994 0.029687499999999978 -0.1968750000000007
v 0.18437499999999937 0.029687499999999978 -0.19687500000000063
v 0.1843749999999994 0.014062499999999978 -0.19062500000000063
v 0.20312499999999942 0.014062499999999978 -0.19062500000000068
v 0.20312499999999933 0.02794586670658883 -0.21414590219281607
v 0.18437499999999932 0.02794586670658883 -0.214145902192816
v 0.18437499999999934 0.014297007831024222 -0.20430152428484624
v 0.20312499999999936 0.014297007831024222 -0.2043015242848463
v 0.16562499999999933 0.02794586670658883 -0.21414590219281596
v 0.14687499999999934 0.02794586670658883 -0.2141459021928159
v 0.14687499999999937 0.014297007831024222 -0.20430152428484613
v 0.16562499999999936 0.014297007831024222 -0.2043015242848462
v 0.12812499999999935 0.02794586670658883 -0.21414590219281585
v 0.10937499999999938 0.02794586670658883 -0.2141459021928158
v 0.10937499999999939 0.014297007831024222 -0.20430152428484602
v 0.12812499999999938 0.014297007831024222 -0.20430152428484608
v 0.0718749999999994 0.014297007831024222 -0.2043015242848459
v 0.09062499999999939 0.02794586670658883 -0.21414590219281573
v 0.0906249999999994 0.014297007831024222 -0.20430152428484596
v 0.07187499999999938 0.02794586670658883 -0.21414590219281568
v 0.19374999999999928 0.004088758471002818 -0.22291887817910608
v 0.1562499999999993 0.004088758471002818 -0.22291887817910597
v 0.11874999999999933 0.004088758471002818 -0.22291887817910586
v 0.08124999999999935 0.004088758471002818 -0.22291887817910574
v 0.19818749999999966 0 -0.10659375000000061
v 0.17149859943977558 0 -0.10659375000000053
v 0.17149859943977586 0 -0.012156250000000562
v 0.19818749999999993 0 -0.012156250000000647
v 0.13749999999999968 0 -0.10659375000000043
v 0.13749999999999996 0 -0.012156250000000462
v 0.10350140056022376 0 -0.10659375000000032
v 0.10350140056022404 0 -0.012156250000000361
v 0.07681249999999999 0 -0.012156250000000281
v 0.07681249999999971 0 -0.10659375000000025
v 0.20687499999999945 0 -0.17281250000000067
v 0.18062499999999945 0 -0.1728125000000006
v 0.1806249999999995 0 -0.14593750000000055
v 0.2068749999999995 0 -0.14593750000000064
v 0.16937499999999947 0 -0.17281250000000056
v 0.14312499999999947 0 -0.17281250000000048
v 0.14312499999999953 0 -0.14593750000000044
v 0.16937499999999953 0 -0.14593750000000053
v 0.1318749999999995 0 -0.17281250000000045
v 0.10562499999999948 0 -0.17281250000000037
v 0.10562499999999957 0 -0.14593750000000033
v 0.13187499999999955 0 -0.14593750000000041
v 0.06812499999999962 0 -0.14593750000000022
v 0.09437499999999949 0 -0.17281250000000034
v 0.09437499999999957 0 -0.1459375000000003
v 0.06812499999999953 0 -0.17281250000000026
vt 0.3546875 0.9609375
vt 0.3546875 0.94921875
vt 0.34765625 0.94921875
vt 0.34609375 0.953125
vt 0.0203125 0.63671875
vt 0.0203125 0.6484375
vt 0.02890625 0.640625
vt 0.02734375 0.63671875
vt 0.0703125 0.4140625
vt 0.0703125 0.40625
vt 0.0625 0.40625
vt 0.0625 0.4140625
vt 0.3984375 0.421875
vt 0.3984375 0.4140625
vt 0.390625 0.4140625
vt 0.390625 0.421875
vt 0.43828125 0.94140625
vt 0.43828125 0.953125
vt 0.44296875 0.953125
vt 0.44296875 0.94140625
vt 0.3546875 0.94921875
vt 0.3546875 0.9609375
vt 0.37265625 0.9609375
vt 0.37265625 0.94921875
vt 0.20199999999999999 0.679046875
vt 0.20199999999999999 0.6672421875
vt 0.1986640625 0.6672421875
vt 0.1986640625 0.679046875
vt 0.0203125 0.6484375
vt 0.0203125 0.63671875
vt 0.0023437499999999986 0.63671875
vt 0.0023437499999999986 0.6484375
vt 0.05390625 0.703125
vt 0.05390625 0.68515625
vt 0.04921875 0.68515625
vt 0.04921875 0.703125
vt 0.5859375 0.9296875
vt 0.5859375 0.9375
vt 0.59375 0.9375
vt 0.59375 0.9296875
vt 0.015625 0.40625
vt 0.015625 0.4140625
vt 0.0234375 0.4140625
vt 0.0234375 0.40625
vt 0.046875 0.40625
vt 0.046875 0.4140625
vt 0.0546875 0.4140625
vt 0.0546875 0.40625
vt 0.578125 0.6015625
vt 0.578125 0.609375
vt 0.5859375 0.609375
vt 0.5859375 0.6015625
vt 0.40625 0.4140625
vt 0.40625 0.421875
vt 0.4140625 0.421875
vt 0.4140625 0.4140625
vt 0.421875 0.4140625
vt 0.421875 0.421875
vt 0.4296875 0.421875
vt 0.4296875 0.4140625
vt 0.2105 0.6672421875
vt 0.2105 0.679046875
vt 0.2138359375 0.679046875
vt 0.2138359375 0.6672421875
vt 0.20625 0.6672421875
vt 0.20625 0.679046875
vt 0.2105 0.679046875
vt 0.2105 0.6672421875
vt 0.20199999999999999 0.6672421875
vt 0.20199999999999999 0.679046875
vt 0.20625 0.679046875
vt 0.20625 0.6672421875
vt 0.42890625 0.953125
vt 0.42890625 0.94140625
vt 0.42421875 0.94140625
vt 0.42421875 0.953125
vt 0.43359375 0.953125
vt 0.43359375 0.94140625
vt 0.42890625 0.94140625
vt 0.42890625 0.953125
vt 0.43828125 0.953125
vt 0.43828125 0.94140625
vt 0.43359375 0.94140625
vt 0.43359375 0.953125
vt 0.06328125 0.68515625
vt 0.06328125 0.703125
vt 0.06796875 0.703125
vt 0.06796875 0.68515625
vt 0.05859375 0.68515625
vt 0.05859375 0.703125
vt 0.06328125 0.703125
vt 0.06328125 0.68515625
vt 0.05390625 0.68515625
vt 0.05390625 0.703125
vt 0.05859375 0.703125
vt 0.05859375 0.68515625
vt 0.06796875 0.68515625
vt 0.067546875 0.6836
vt 0.063703125 0.6836
vt 0.06328125 0.68515625
vt 0.546875 0.7734375
vt 0.5546875 0.7723402657529501
vt 0.5546875 0.7628166488042716
vt 0.546875 0.7618238611638015
vt 0.5171875 0.3984375
vt 0.517609375 0.40625
vt 0.521453125 0.40625
vt 0.521875 0.3984375
vt 0.18369831628584057 0.4453125
vt 0.18469054405170846 0.453125
vt 0.19421416100038696 0.453125
vt 0.1953125 0.4453125
vt 0.06328125 0.68515625
vt 0.062859375 0.6836
vt 0.059015625 0.6836
vt 0.05859375 0.68515625
vt 0.2890625 0.4609375
vt 0.296875 0.459839705878348
vt 0.296875 0.45031608892966946
vt 0.2890625 0.4493233012891994
vt 0.0171875 0.390625
vt 0.017609375 0.3984375
vt 0.021453125 0.3984375
vt 0.021875 0.390625
vt 0.5430727564189646 0.7109375
vt 0.5440656135068197 0.71875
vt 0.5535897753499153 0.71875
vt 0.5546875 0.7109375
vt 0.05859375 0.68515625
vt 0.058171875 0.6836
vt 0.054328125 0.6836
vt 0.05390625 0.68515625
vt 0.546875 0.875
vt 0.5546875 0.8739022753499153
vt 0.5546875 0.8643781135068197
vt 0.546875 0.8633858162615353
vt 0.5328125 0.3984375
vt 0.533234375 0.40625
vt 0.537078125 0.40625
vt 0.5375 0.3984375
vt 0.5430733012891994 0.546875
vt 0.5440660889296695 0.5546875
vt 0.553589705878348 0.5546875
vt 0.5546875 0.546875
vt 0.5484375 0.3984375
vt 0.548859375 0.40625
vt 0.552703125 0.40625
vt 0.553125 0.3984375
vt 0.5508863611638016 0.6953125
vt 0.5518791488042716 0.703125
vt 0.5614027657529501 0.703125
vt 0.5625 0.6953125
vt 0.05390625 0.68515625
vt 0.053484375 0.6836
vt 0.049640625 0.6836
vt 0.04921875 0.68515625
vt 0.1328125 0.453125
vt 0.140625 0.45202672858686954
vt 0.140625 0.44250367149720515
vt 0.1328125 0.44151081626166266
vt 0.26015625 0.4375
vt 0.261328125 0.43855156250000005
vt 0.263671875 0.43855156250000005
vt 0.26484375 0.4375
vt 0.26484375 0.4375
vt 0.263671875 0.43855156250000005
vt 0.263671875 0.44065546874999995
vt 0.26484375 0.44170703125
vt 0.26484375 0.44170703125
vt 0.263671875 0.44065546874999995
vt 0.261328125 0.44065546874999995
vt 0.26015625 0.44170703125
vt 0.26015625 0.44170703125
vt 0.261328125 0.44065546874999995
vt 0.261328125 0.43855156250000005
vt 0.26015625 0.4375
vt 0.26953125 0.44170703125
vt 0.268359375 0.44065546874999995
vt 0.266015625 0.44065546874999995
vt 0.26484375 0.44170703125
vt 0.26484375 0.44170703125
vt 0.266015625 0.44065546874999995
vt 0.266015625 0.43855156250000005
vt 0.26484375 0.4375
vt 0.26484375 0.4375
vt 0.266015625 0.43855156250000005
vt 0.268359375 0.43855156250000005
vt 0.26953125 0.4375
vt 0.26953125 0.4375
vt 0.268359375 0.43855156250000005
vt 0.268359375 0.44065546874999995
vt 0.26953125 0.44170703125
vt 0.27421875 0.44170703125
vt 0.273046875 0.44065546874999995
vt 0.270703125 0.44065546874999995
vt 0.26953125 0.44170703125
vt 0.26953125 0.44170703125
vt 0.270703125 0.44065546874999995
vt 0.270703125 0.43855156250000005
vt 0.26953125 0.4375
vt 0.26953125 0.4375
vt 0.270703125 0.43855156250000005
vt 0.273046875 0.43855156250000005
vt 0.27421875 0.4375
vt 0.27421875 0.4375
vt 0.273046875 0.43855156250000005
vt 0.273046875 0.44065546874999995
vt 0.27421875 0.44170703125
vt 0.27890625 0.44170703125
vt 0.277734375 0.44065546874999995
vt 0.275390625 0.44065546874999995
vt 0.27421875 0.44170703125
vt 0.27421875 0.44170703125
vt 0.275390625 0.44065546874999995
vt 0.275390625 0.43855156250000005
vt 0.27421875 0.4375
vt 0.27421875 0.4375
vt 0.275390625 0.43855156250000005
vt 0.277734375 0.43855156250000005
vt 0.27890625 0.4375
vt 0.27890625 0.4375
vt 0.277734375 0.43855156250000005
vt 0.277734375 0.44065546874999995
vt 0.27890625 0.44170703125
vt 0.5859375 0.453125
vt 0.5859375 0.4453125
vt 0.578125 0.4453125
vt 0.578125 0.453125
vt 0.050092578125 0.3828125
vt 0.052251171875 0.38259453125
vt 0.051020703125000004 0.3808890625
vt 0.049311328125 0.380859375
vt 0.53125 0.4140625
vt 0.53125 0.421875
vt 0.5390625 0.421875
vt 0.5390625 0.4140625
vt 0.622563671875 0.951171875
vt 0.620854296875 0.9512015625
vt 0.619623828125 0.95290703125
vt 0.621782421875 0.953125
vt 0.5703125 0.421875
vt 0.5703125 0.4140625
vt 0.5625 0.4140625
vt 0.5625 0.421875
vt 0.065717578125 0.3828125
vt 0.067876171875 0.38259453125
vt 0.066645703125 0.3808890625
vt 0.064936328125 0.380859375
vt 0.578125 0.5703125
vt 0.578125 0.578125
vt 0.5859375 0.578125
vt 0.5859375 0.5703125
vt 0.083501171875 0.380859375
vt 0.081791796875 0.3808890625
vt 0.080561328125 0.38259453125
vt 0.082719921875 0.3828125
vt 0.5859375 0.421875
vt 0.5859375 0.4140625
vt 0.578125 0.4140625
vt 0.578125 0.421875
vt 0.096967578125 0.3828125
vt 0.099126171875 0.38259453125
vt 0.097895703125 0.3808890625
vt 0.096186328125 0.380859375
vt 0.515625 0.4140625
vt 0.515625 0.421875
vt 0.5234375 0.421875
vt 0.5234375 0.4140625
vt 0.130376171875 0.380859375
vt 0.128666796875 0.3808890625
vt 0.127436328125 0.38259453125
vt 0.129594921875 0.3828125
vt 0.546875 0.4140625
vt 0.546875 0.421875
vt 0.5546875 0.421875
vt 0.5546875 0.4140625
vt 0.622563671875 0.865234375
vt 0.620854296875 0.8652640625
vt 0.619623828125 0.86696953125
vt 0.621782421875 0.8671875
vt 0.0078125 0.4140625
vt 0.0078125 0.40625
vt 0 0.40625
vt 0 0.4140625
vt 0.143842578125 0.3828125
vt 0.146001171875 0.38259453125
vt 0.144770703125 0.3808890625
vt 0.143061328125 0.380859375
vt 0.614453125 0.4140625
vt 0.61328125 0.41088515625
vt 0.612109375 0.4140625
vt 0.61053203125 0.4405703125
vt 0.6119617187499999 0.4375
vt 0.609375 0.43881328124999996
vt 0.020703125 0.37765390624999995
vt 0.01953125 0.375
vt 0.018359375 0.37765390624999995
vt 0.546875 0.38412578124999996
vt 0.54428828125 0.3828125
vt 0.5457171875 0.3858828125
vt 0.606640625 0.390625
vt 0.60546875 0.38744765625
vt 0.604296875 0.390625
vt 0.4152203125 0.3858828125
vt 0.41664921875 0.3828125
vt 0.4140625 0.38412578124999996
vt 0.036328125 0.37765390624999995
vt 0.03515625 0.375
vt 0.033984375 0.37765390624999995
vt 0.6171875 0.5716257812500001
vt 0.61460078125 0.5703125
vt 0.61603046875 0.5733828125
vt 0.005078124999999999 0.3828125
vt 0.00390625 0.37963515625
vt 0.0027343750000000007 0.3828125
vt 0.61053203125 0.4561953125
vt 0.61196171875 0.453125
vt 0.609375 0.4544390625
vt 0.622265625 0.96359140625
vt 0.62109375 0.9609375
vt 0.619921875 0.96359140625
vt 0.515625 0.38412578124999996
vt 0.51303828125 0.3828125
vt 0.5144671875 0.3858828125
vt 0.622265625 0.99484140625
vt 0.62109375 0.9921875
vt 0.619921875 0.99484140625
vt 0.53125 0.38412578124999996
vt 0.52866328125 0.3828125
vt 0.53009296875 0.3858828125
vt 0.591015625 0.390625
vt 0.58984375 0.38744765625
vt 0.588671875 0.390625
vt 0.5558453125 0.3858828125
vt 0.55727421875 0.3828125
vt 0.5546875 0.3841265625
vt 0.2171875 0.6830078125000001
vt 0.2153984375 0.679828125
vt 0.21206250000000001 0.679828125
vt 0.21250000000000002 0.6830078125000001
vt 0.21171875 0.6609375
vt 0.21128125 0.6641171874999999
vt 0.2146171875 0.6641171874999999
vt 0.21640625 0.6609375
vt 0.528515625 0.8125
vt 0.52543359375 0.8046875
vt 0.51362890625 0.8046875
vt 0.510546875 0.8125
vt 0.21250000000000002 0.6830078125000001
vt 0.21206250000000001 0.679828125
vt 0.2078125 0.679828125
vt 0.2078125 0.6830078125000001
vt 0.20703125 0.6609375
vt 0.20703125 0.6641171874999999
vt 0.21128125 0.6641171874999999
vt 0.21171875 0.6609375
vt 0.2078125 0.6830078125000001
vt 0.2078125 0.679828125
vt 0.2035625 0.679828125
vt 0.203125 0.6830078125000001
vt 0.20234375 0.6609375
vt 0.20278125 0.6641171874999999
vt 0.20703125 0.6641171874999999
vt 0.20703125 0.6609375
vt 0.19765625 0.6609375
vt 0.1994453125 0.6641171874999999
vt 0.20278125 0.6641171874999999
vt 0.20234375 0.6609375
vt 0.203125 0.6830078125000001
vt 0.2035625 0.679828125
vt 0.2002265625 0.679828125
vt 0.19843750000000002 0.6830078125000001
vt 0.528515625 0.7421875
vt 0.52543359375 0.734375
vt 0.51362890625 0.734375
vt 0.510546875 0.7421875
vt 0.6 0.453125
vt 0.599296875 0.4453125
vt 0.596015625 0.4453125
vt 0.5953125 0.453125
vt 0.593359375 0.7421875
vt 0.5915234375 0.734375
vt 0.5881640625 0.734375
vt 0.586328125 0.7421875
vt 0.56875 0.40625
vt 0.568046875 0.3984375
vt 0.564765625 0.3984375
vt 0.5640625 0.40625
vt 0.374609375 0.4140625
vt 0.3727734375 0.40625
vt 0.3694140625 0.40625
vt 0.367578125 0.4140625
vt 0.053125 0.3984375
vt 0.052421875 0.390625
vt 0.049140625 0.390625
vt 0.0484375 0.3984375
vt 0.280859375 0.4140625
vt 0.2790234375 0.40625
vt 0.2756640625 0.40625
vt 0.273828125 0.4140625
vt 0.6078125 0.9453125
vt 0.607109375 0.9375
vt 0.603828125 0.9375
vt 0.603125 0.9453125
vt 0.296484375 0.4140625
vt 0.2946484375 0.40625
vt 0.2912890625 0.40625
vt 0.289453125 0.4140625
vt 0.584375 0.40625
vt 0.583671875 0.3984375
vt 0.580390625 0.3984375
vt 0.5796875 0.40625
vt 0.593359375 0.640625
vt 0.5915234375 0.6328125
vt 0.5881640625 0.6328125
vt 0.586328125 0.640625
vt 0.6 0.421875
vt 0.599296875 0.4140625
vt 0.596015625 0.4140625
vt 0.5953125 0.421875
vt 0.593359375 0.703125
vt 0.5915234375 0.6953125
vt 0.5881640625 0.6953125
vt 0.586328125 0.703125
vt 0.6 0.40625
vt 0.599296875 0.3984375
vt 0.596015625 0.3984375
vt 0.5953125 0.40625
vt 0.593359375 0.671875
vt 0.5915234375 0.6640625
vt 0.5881640625 0.6640625
vt 0.586328125 0.671875
vt 0.00625 0.3984375
vt 0.005546875 0.390625
vt 0.0022656250000000003 0.390625
vt 0.0015624999999999997 0.3984375
vt 0.593359375 0.65625
vt 0.5915234375 0.6484375
vt 0.5881640625 0.6484375
vt 0.586328125 0.65625
vn 1 -1.224646799147357e-16 -2.9629076969683865e-15
vn -1 1.224646799147357e-16 2.9629076969683865e-15
vn -1.902450874628381e-15 0.7399400733959447 -0.6726727939963115
vn -1.224646799147353e-16 -1 1.224646799147357e-16
vn 2.9629076969683865e-15 1.224646799147353e-16 1
vn 1 -1.224646799147357e-16 -2.9629076969683865e-15
vn -1.224646799147353e-16 -1 1.224646799147357e-16
vn -1 1.224646799147357e-16 2.9629076969683865e-15
vn 1.224646799147353e-16 1 -1.224646799147357e-16
vn -1.902450874628381e-15 0.7399400733959446 -0.6726727939963115
vn -1.902450874628381e-15 0.7399400733959447 -0.6726727939963115
vn -1.902450874628381e-15 0.7399400733959447 -0.6726727939963115
vn -1.224646799147353e-16 -1 1.224646799147357e-16
vn -1.224646799147353e-16 -1 1.224646799147357e-16
vn -1.224646799147353e-16 -1 1.224646799147357e-16
vn -1.224646799147353e-16 -1 1.224646799147357e-16
vn -1.224646799147353e-16 -1 1.224646799147357e-16
vn -1.224646799147353e-16 -1 1.224646799147357e-16
vn 2.9629076969683865e-15 1.224646799147353e-16 1
vn 2.9629076969683865e-15 1.224646799147353e-16 1
vn 2.9629076969683865e-15 1.224646799147353e-16 1
vn 1.224646799147353e-16 1 -1.224646799147357e-16
vn 1.224646799147353e-16 1 -1.224646799147357e-16
vn 1.224646799147353e-16 1 -1.224646799147357e-16
vn 2.710125507543228e-16 0.9987397918171168 0.050187929237039776
vn -0.9340775707151907 0.2642105128594394 -0.24019137532675958
vn -2.9635112023380256e-15 -0.005263084999327094 -0.9999861498722321
vn 0.9340775707151892 0.2642105128594392 -0.24019137532676518
vn 2.710125507543228e-16 0.9987397918171168 0.050187929237039776
vn -0.9340775707151907 0.2642105128594394 -0.24019137532675958
vn -2.9635112023380256e-15 -0.005263084999327094 -0.9999861498722321
vn 0.9340775707151892 0.2642105128594392 -0.24019137532676518
vn 2.710125507543228e-16 0.9987397918171168 0.050187929237039776
vn -0.9340775707151902 0.2642105128594403 -0.2401913753267604
vn -2.9635112023380256e-15 -0.005263084999327094 -0.9999861498722321
vn 0.9340775707151892 0.2642105128594392 -0.24019137532676518
vn -2.9635112023380256e-15 -0.005263084999327094 -0.9999861498722321
vn 0.9340775707151892 0.2642105128594392 -0.24019137532676518
vn 2.7101255075432287e-16 0.9987397918171168 0.05018792923703978
vn -0.9340775707151907 0.2642105128594394 -0.24019137532675958
vn -2.7964729741826956e-15 -0.3713906763541027 -0.9284766908852597
vn -5.545316174312267e-15 -0.3713906763541055 -0.9284766908852586
vn -2.7964729741826956e-15 -0.3713906763541027 -0.9284766908852597
vn -5.545316174312267e-15 -0.3713906763541055 -0.9284766908852586
vn -2.7964729741826933e-15 -0.3713906763541056 -0.9284766908852587
vn -1.4220513741179104e-15 -0.37139067635410405 -0.9284766908852592
vn -2.796472974182696e-15 -0.3713906763541028 -0.9284766908852599
vn -4.1708945742474805e-15 -0.37139067635410417 -0.9284766908852592
vn -2.7964729741826933e-15 -0.3713906763541056 -0.9284766908852587
vn -1.4220513741179084e-15 -0.37139067635410417 -0.9284766908852592
vn -2.796472974182696e-15 -0.3713906763541027 -0.9284766908852599
vn -4.1708945742474805e-15 -0.37139067635410417 -0.9284766908852592
vn -2.7964729741826925e-15 -0.37139067635410555 -0.9284766908852586
vn -1.4220513741179084e-15 -0.37139067635410417 -0.9284766908852592
vn -2.7964729741826956e-15 -0.3713906763541027 -0.9284766908852597
vn -4.1708945742474805e-15 -0.37139067635410417 -0.9284766908852592
vn -1.754312905210281e-16 0.9949538932292569 -0.10033319663972003
vn -1 1.224646799147357e-16 2.9629076969683865e-15
vn -1.7324342741269324e-16 -0.999853027030264 -0.01714422172098951
vn 1 -1.224646799147357e-16 -2.9629076969683865e-15
vn -1.7543129052102822e-16 0.994953893229257 -0.10033319663972007
vn -1 1.224646799147357e-16 2.9629076969683865e-15
vn -1.7324342741269322e-16 -0.999853027030264 -0.017144221720989505
vn 1 -1.224646799147357e-16 -2.9629076969683865e-15
vn -1.7543129052102822e-16 0.994953893229257 -0.10033319663972007
vn -1 1.224646799147357e-16 2.9629076969683865e-15
vn -1.7324342741269322e-16 -0.999853027030264 -0.017144221720989505
vn 1 -1.224646799147357e-16 -2.9629076969683865e-15
vn -1.7324342741269324e-16 -0.999853027030264 -0.01714422172098951
vn 1 -1.224646799147357e-16 -2.9629076969683865e-15
vn -1.7543129052102866e-16 0.9949538932292568 -0.1003331966397202
vn -1 1.2029910309306049e-15 4.461016751112356e-15
vn -2.7385800949575565e-15 0.3451342740086734 -0.9385533191590694
vn -0.9136501354507944 -0.23779425446283387 -0.3296927699164939
vn 1.317145050818489e-15 -0.8768375713953788 0.4807867233914164
vn 0.9136501354507921 -0.23779425446283473 -0.3296927699165001
vn -2.7385800949575565e-15 0.34513427400867347 -0.9385533191590694
vn -0.9136501354507944 -0.23779425446283387 -0.3296927699164939
vn 1.3171450508184892e-15 -0.8768375713953788 0.4807867233914165
vn 0.9136501354507924 -0.2377942544628341 -0.32969276991649926
vn -2.7385800949575565e-15 0.34513427400867347 -0.9385533191590694
vn -0.9136501354507944 -0.23779425446283387 -0.3296927699164939
vn 1.3171450508184892e-15 -0.8768375713953788 0.4807867233914165
vn 0.9136501354507924 -0.2377942544628341 -0.32969276991649926
vn 1.317145050818489e-15 -0.8768375713953787 0.4807867233914164
vn 0.9136501354507924 -0.2377942544628341 -0.32969276991649926
vn -2.738580094957557e-15 0.3451342740086735 -0.9385533191590695
vn -0.9136501354507941 -0.23779425446283414 -0.32969276991649427
vn -8.467385518132405e-16 -0.9693423313242416 -0.2457141524269298
vn 6.891727200867653e-16 -0.9693423313242414 0.24571415242692998
vn 0.4001889337756396 -0.9164326583462185 -1.0734922399576346e-15
vn -8.467385518132406e-16 -0.9693423313242416 -0.24571415242692982
vn 6.093181551463876e-16 -0.9693423313242415 0.24571415242693004
vn -8.467385518132406e-16 -0.9693423313242416 -0.24571415242692982
vn 6.093181551463875e-16 -0.9693423313242414 0.24571415242693
vn 6.093181551463876e-16 -0.9693423313242414 0.24571415242693007
vn -8.467385518132405e-16 -0.9693423313242416 -0.2457141524269298
vn -0.4001889337756404 -0.9164326583462181 1.2979535042931967e-15
vn -1.2728282524158224e-15 -0.9201546356285792 -0.3915551640972657
vn -0.7432941462471657 -0.6689647316224503 2.284236498759663e-15
vn 1.0474553665671946e-15 -0.920154635628579 0.3915551640972658
vn 0.7432941462471638 -0.6689647316224525 -2.120387395294877e-15
vn -1.2728282524158224e-15 -0.9201546356285792 -0.3915551640972657
vn -0.7432941462471657 -0.6689647316224503 2.284236498759663e-15
vn 1.0474553665671946e-15 -0.920154635628579 0.3915551640972658
vn 0.7432941462471655 -0.6689647316224505 -2.120387395294882e-15
vn -1.2728282524158224e-15 -0.9201546356285792 -0.3915551640972657
vn -0.7432941462471648 -0.6689647316224513 2.2842364987596602e-15
vn 1.0474553665671946e-15 -0.920154635628579 0.3915551640972658
vn 0.7432941462471655 -0.6689647316224505 -2.120387395294882e-15
vn 1.0474553665671948e-15 -0.920154635628579 0.3915551640972659
vn 0.7432941462471655 -0.6689647316224505 -2.120387395294882e-15
vn -1.2728282524158226e-15 -0.9201546356285792 -0.39155516409726576
vn -0.7432941462471657 -0.6689647316224503 2.284236498759663e-15
usemtl m_5ec4fc5d-6ec2-3614-e281-4cafd1b8b2e4
f 259/1081/301 260/1082/301 253/1083/301 251/1084/301
f 261/1085/302 262/1086/302 255/1087/302 257/1088/302
f 294/1089/303 295/1090/303 293/1091/303 296/1092/303
f 356/1093/304 357/1094/304 355/1095/304 358/1096/304
f 277/1097/305 280/1098/305 256/1099/305 258/1100/305
f 260/1101/306 259/1102/306 252/1103/306 254/1104/306
f 339/1105/307 340/1106/307 341/1107/307 342/1108/307
f 262/1109/308 261/1110/308 258/1111/308 256/1112/308
f 280/1113/309 267/1114/309 262/1115/309 256/1116/309
f 283/1117/310 282/1118/310 281/1119/310 284/1120/310
f 287/1121/311 286/1122/311 285/1123/311 288/1124/311
f 291/1125/312 290/1126/312 289/1127/312 292/1128/312
f 345/1129/313 344/1130/313 343/1131/313 346/1132/313
f 349/1133/314 348/1134/314 347/1135/314 350/1136/314
f 353/1137/315 352/1138/315 351/1139/315 354/1140/315
f 335/1141/316 334/1142/316 333/1143/316 336/1144/316
f 338/1145/317 337/1146/317 334/1147/317 335/1148/317
f 340/1149/318 339/1150/318 337/1151/318 338/1152/318
f 278/1153/319 275/1154/319 254/1155/319 252/1156/319
f 279/1157/320 276/1158/320 275/1159/320 278/1160/320
f 280/1161/321 277/1162/321 276/1163/321 279/1164/321
f 263/1165/322 278/1166/322 252/1167/322 259/1168/322
f 265/1169/323 279/1170/323 278/1171/323 263/1172/323
f 267/1173/324 280/1174/324 279/1175/324 265/1176/324
f 259/1177/325 281/1178/325 282/1179/325 263/1180/325
f 263/1181/326 282/1182/326 283/1183/326 264/1184/326
f 264/1185/327 283/1186/327 284/1187/327 251/1188/327
f 251/1189/328 284/1190/328 281/1191/328 259/1192/328
f 263/1193/329 285/1194/329 286/1195/329 265/1196/329
f 265/1197/330 286/1198/330 287/1199/330 266/1200/330
f 266/1201/331 287/1202/331 288/1203/331 264/1204/331
f 264/1205/332 288/1206/332 285/1207/332 263/1208/332
f 265/1209/333 289/1210/333 290/1211/333 267/1212/333
f 267/1213/334 290/1214/334 291/1215/334 268/1216/334
f 268/1217/335 291/1218/335 292/1219/335 266/1220/335
f 266/1221/336 292/1222/336 289/1223/336 265/1224/336
f 255/1225/337 293/1226/337 295/1227/337 268/1228/337
f 268/1229/338 295/1230/338 294/1231/338 267/1232/338
f 267/1233/339 294/1234/339 296/1235/339 262/1236/339
f 262/1237/340 296/1238/340 293/1239/340 255/1240/340
f 257/1241/341 297/1242/341 299/1243/341 271/1244/341
f 271/1245/342 299/1246/342 298/1247/342 268/1248/342
f 268/1249/343 298/1250/343 300/1251/343 255/1252/343
f 255/1253/344 300/1254/344 297/1255/344 257/1256/344
f 266/1257/345 301/1258/345 302/1259/345 268/1260/345
f 268/1261/346 302/1262/346 303/1263/346 271/1264/346
f 271/1265/347 303/1266/347 304/1267/347 270/1268/347
f 270/1269/348 304/1270/348 301/1271/348 266/1272/348
f 264/1273/349 305/1274/349 306/1275/349 266/1276/349
f 266/1277/350 306/1278/350 307/1279/350 270/1280/350
f 270/1281/351 307/1282/351 308/1283/351 269/1284/351
f 269/1285/352 308/1286/352 305/1287/352 264/1288/352
f 251/1289/353 309/1290/353 310/1291/353 264/1292/353
f 264/1293/354 310/1294/354 311/1295/354 269/1296/354
f 269/1297/355 311/1298/355 312/1299/355 253/1300/355
f 253/1301/356 312/1302/356 309/1303/356 251/1304/356
f 309/1305/357 313/1306/357 314/1307/357 310/1308/357
f 310/1309/358 314/1310/358 315/1311/358 311/1312/358
f 311/1313/359 315/1314/359 316/1315/359 312/1316/359
f 312/1317/360 316/1318/360 313/1319/360 309/1320/360
f 305/1321/361 317/1322/361 318/1323/361 306/1324/361
f 306/1325/362 318/1326/362 319/1327/362 307/1328/362
f 307/1329/363 319/1330/363 320/1331/363 308/1332/363
f 308/1333/364 320/1334/364 317/1335/364 305/1336/364
f 301/1337/365 321/1338/365 322/1339/365 302/1340/365
f 302/1341/366 322/1342/366 323/1343/366 303/1344/366
f 303/1345/367 323/1346/367 324/1347/367 304/1348/367
f 304/1349/368 324/1350/368 321/1351/368 301/1352/368
f 297/1353/369 325/1354/369 327/1355/369 299/1356/369
f 299/1357/370 327/1358/370 326/1359/370 298/1360/370
f 298/1361/371 326/1362/371 328/1363/371 300/1364/371
f 300/1365/372 328/1366/372 325/1367/372 297/1368/372
f 313/1369/373 329/1370/373 314/1371/373
f 314/1372/374 329/1373/374 315/1374/374
f 315/1375/375 329/1376/375 316/1377/375
f 316/1378/376 329/1379/376 313/1380/376
f 317/1381/377 330/1382/377 318/1383/377
f 318/1384/378 330/1385/378 319/1386/378
f 319/1387/379 330/1388/379 320/1389/379
f 320/1390/380 330/1391/380 317/1392/380
f 321/1393/381 331/1394/381 322/1395/381
f 322/1396/382 331/1397/382 323/1398/382
f 323/1399/383 331/1400/383 324/1401/383
f 324/1402/384 331/1403/384 321/1404/384
f 325/1405/385 332/1406/385 327/1407/385
f 327/1408/386 332/1409/386 326/1410/386
f 326/1411/387 332/1412/387 328/1413/387
f 328/1414/388 332/1415/388 325/1416/388
f 260/1417/389 333/1418/389 334/1419/389 272/1420/389
f 275/1421/390 335/1422/390 336/1423/390 254/1424/390
f 254/1425/391 336/1426/391 333/1427/391 260/1428/391
f 272/1429/392 334/1430/392 337/1431/392 273/1432/392
f 276/1433/393 338/1434/393 335/1435/393 275/1436/393
f 273/1437/394 337/1438/394 339/1439/394 274/1440/394
f 277/1441/395 340/1442/395 338/1443/395 276/1444/395
f 258/1445/396 341/1446/396 340/1447/396 277/1448/396
f 274/1449/397 339/1450/397 342/1451/397 261/1452/397
f 261/1453/398 342/1454/398 341/1455/398 258/1456/398
f 253/1457/399 343/1458/399 344/1459/399 269/1460/399
f 269/1461/400 344/1462/400 345/1463/400 272/1464/400
f 272/1465/401 345/1466/401 346/1467/401 260/1468/401
f 260/1469/402 346/1470/402 343/1471/402 253/1472/402
f 269/1473/403 347/1474/403 348/1475/403 270/1476/403
f 270/1477/404 348/1478/404 349/1479/404 273/1480/404
f 273/1481/405 349/1482/405 350/1483/405 272/1484/405
f 272/1485/406 350/1486/406 347/1487/406 269/1488/406
f 270/1489/407 351/1490/407 352/1491/407 271/1492/407
f 271/1493/408 352/1494/408 353/1495/408 274/1496/408
f 274/1497/409 353/1498/409 354/1499/409 273/1500/409
f 273/1501/410 354/1502/410 351/1503/410 270/1504/410
f 261/1505/411 355/1506/411 357/1507/411 274/1508/411
f 274/1509/412 357/1510/412 356/1511/412 271/1512/412
f 271/1513/413 356/1514/413 358/1515/413 257/1516/413
f 257/1517/414 358/1518/414 355/1519/414 261/1520/414
o Shin
v 0.05000000000000078 0.4812499999999999 0.2145833333333331
v 0.22500000000000026 0.4812499999999999 0.06874999999999927
v 0.22500000000000087 0.4812499999999999 0.27499999999999913
v 0.2624999999999997 0.11354166666666676 -0.1125000000000008
v 0.2625000000000005 0.11354166666666676 0.16874999999999918
v 0.05000000000000034 0.4812499999999999 0.0687499999999998
v 0.05000000000000095 0.4812499999999999 0.2749999999999997
v 0.012499999999999767 0.11354166666666682 -0.11250000000000006
v 0.0125000000000006 0.11354166666666682 0.16874999999999993
v 0.2201388888888886 0.11354166666666682 -0.11250000000000067
v 0.18888888888888944 0.11354166666666682 0.1687499999999994
v 0.054861111111110826 0.11354166666666682 -0.11250000000000018
v 0.08611111111111164 0.11354166666666682 0.1687499999999997
v 0.19097222222222313 0.4812499999999999 0.27499999999999925
v 0.08402777777777873 0.4812499999999999 0.2749999999999996
v 0.19097222222222252 0.4812499999999999 0.06874999999999938
v 0.08402777777777812 0.4812499999999999 0.06874999999999969
v 0.2250000000000007 0.4812499999999999 0.2145833333333326
v 0.2625000000000002 0.11354166666666676 0.05670731707316991
v 0.2250000000000005 0.4812499999999999 0.1458333333333326
v 0.26249999999999996 0.11354166666666676 -0.027896341463415464
v 0.220138888888889 0.11354166666666682 0.01585365853658467
v 0.05486111111111121 0.11354166666666682 0.015853658536585158
v 0.012500000000000268 0.11354166666666682 0.05670731707317065
v 0.012500000000000016 0.11354166666666682 -0.02789634146341472
v 0.05000000000000057 0.4812499999999999 0.1458333333333331
v 0.08402777777777855 0.4812499999999999 0.21458333333333302
v 0.08402777777777834 0.4812499999999999 0.145833333333333
v 0.19097222222222296 0.4812499999999999 0.21458333333333268
v 0.19097222222222276 0.4812499999999999 0.14583333333333268
v 0.22013888888888858 0.006250000000000033 -0.11250000000000066
v 0.26249999999999996 0.006249999999999978 -0.02789634146341545
v 0.22013888888888897 0.006250000000000033 0.01585365853658468
v 0.2624999999999997 0.006249999999999978 -0.11250000000000078
v 0.2625000000000002 0.006249999999999978 0.05670731707316992
v 0.21388888888888907 0.006250000000000033 0.05670731707317007
v 0.2625000000000005 0.006249999999999978 0.1687499999999992
v 0.1888888888888894 0.006250000000000033 0.16874999999999943
v 0.08611111111111129 0.006250000000000033 0.05670731707317044
v 0.08611111111111162 0.006250000000000033 0.16874999999999973
v 0.054861111111111194 0.006250000000000033 0.01585365853658517
v 0.012500000000000002 0.006250000000000033 -0.027896341463414707
v 0.012500000000000254 0.006250000000000033 0.056707317073170664
v 0.012500000000000585 0.006250000000000033 0.16874999999999993
v 0.012499999999999753 0.006250000000000033 -0.11250000000000004
v 0.05486111111111081 0.006250000000000033 -0.11250000000000017
v 0.17813888888888924 0.4812499999999999 0.08424999999999941
v 0.09686111111111169 0.4812499999999999 0.14761473429951652
v 0.17813888888888943 0.4812499999999999 0.1476147342995163
v 0.09686111111111148 0.4812499999999999 0.08424999999999966
v 0.09686111111111187 0.4812499999999999 0.21183574879227016
v 0.17813888888888962 0.4812499999999999 0.21183574879226993
v 0.09686111111111201 0.4812499999999999 0.26149999999999957
v 0.17813888888888976 0.4812499999999999 0.26149999999999934
v 0.17813888888888924 0.4542171389793154 0.08424999999999942
v 0.09686111111111168 0.4542171389793154 0.14761473429951652
v 0.17813888888888943 0.4542171389793154 0.1476147342995163
v 0.09686111111111147 0.4542171389793154 0.08424999999999966
v 0.09686111111111186 0.4542171389793154 0.21183574879227016
v 0.17813888888888962 0.4542171389793154 0.21183574879226993
v 0.096861111111112 0.4542171389793154 0.26149999999999957
v 0.17813888888888976 0.4542171389793154 0.26149999999999934
v 0.06701388888888947 0.5249999999999999 0.15104166666666638
v 0.20798611111111165 0.5249999999999999 0.15104166666666596
v 0.06701388888888969 0.5249999999999999 0.22395833333333307
v 0.2079861111111119 0.5249999999999999 0.22395833333333265
v 0.06701388888888989 0.5249999999999999 0.2885416666666664
v 0.2079861111111121 0.5249999999999999 0.288541666666666
v 0.23323244295296594 0.40052632326675425 0.10769414301329289
v 0.23323244295296616 0.40052632326675425 0.1799245253999125
v 0.23323244295296638 0.40052632326675425 0.2516747449665967
v 0.17685667099177557 0.40052632326675425 0.25167474496659686
v 0.09814332900822612 0.40052632326675425 0.2516747449665971
v 0.04176755704703531 0.40052632326675425 0.25167474496659725
v 0.0417675570470351 0.40052632326675425 0.17992452539991308
v 0.04176755704703489 0.40052632326675425 0.10769414301329346
v 0.04176755704703465 0.40052632326675425 0.028959859060666258
v 0.07762476659213809 0.40052632326675425 0.02895985906066615
v 0.19737523340786228 0.40052632326675425 0.028959859060665796
v 0.23323244295296572 0.40052632326675425 0.02895985906066569
v 0.27879371830891136 0.4542171389793154 0.1365644151526355
v 0.27879371830891164 0.4542171389793154 0.21660741100573994
v 0.27879371830891186 0.4542171389793154 0.30176414685991937
v -0.0037937183089103775 0.4542171389793154 0.13656441515263634
v -0.0037937183089101403 0.4542171389793154 0.21660741100574077
v -0.003793718308909888 0.4542171389793154 0.3017641468599202
v 0.20765612285605664 0.4542171389793154 0.33900600095243344
v 0.06734387714394556 0.4542171389793154 0.3390060009524339
v 0.049305555555556324 0.1411458333333333 0.23749999999999982
v 0.22569444444444517 0.1411458333333333 0.2374999999999993
v -0.031249999999999358 0.14114583333333325 0.18147865853658549
v -0.03124999999999965 0.14114583333333325 0.0831554878048781
v -0.0312499999999999 0.14114583333333325 -0.0014481707317072602
v 0.3062500000000006 0.1411458333333332 0.18147865853658446
v 0.30625000000000024 0.1411458333333332 0.0831554878048771
v 0.30625 0.1411458333333332 -0.0014481707317082603
v 0.10681083268143989 0.11354166666666682 0.16874999999999965
v 0.16818916731856146 0.377613273902973 0.24329934572497056
v 0.10681083268144015 0.377613273902973 0.24329934572497075
v 0.1681891673185612 0.11354166666666682 0.16874999999999946
v 0.16818916731856118 0.017086458333333387 0.16874999999999948
v 0.10681083268143989 0.017086458333333387 0.16874999999999965
v 0.10681083268143976 0.11961406761949439 0.12585973003580223
v 0.16818916731856132 0.377613273902973 0.20126880579657572
v 0.10681083268144002 0.377613273902973 0.2012688057965759
v 0.16818916731856107 0.11961406761949439 0.12585973003580203
v 0.16818916731856104 0.017086458333333387 0.12499999999999947
v 0.10681083268143976 0.017086458333333387 0.12499999999999965
vt 0.0951390625 0.8862992187500001
vt 0.08984375 0.89176796875
vt 0.08984375 0.90234375
vt 0.0951390625 0.90234375
vt 0.05053359375 0.98875
vt 0.055015625 0.98875
vt 0.052170312499999996 0.9487554687499999
vt 0.046875 0.9487554687499999
vt 0.12109374999999999 0.89176796875
vt 0.11579843749999999 0.8862992187500001
vt 0.11579843749999998 0.90234375
vt 0.12109374999999999 0.90234375
vt 0.21875 0.6953125
vt 0.1953125 0.6953125
vt 0.1953125 0.7109375
vt 0.21875 0.7109375
vt 0.2890625 0.6171875
vt 0.296875 0.6171875
vt 0.296875 0.5859375
vt 0.2890625 0.5859375
vt 0.4167953125 0.8607640625
vt 0.4269546875 0.8607640625
vt 0.4269546875 0.85284375
vt 0.4167953125 0.85284375
vt 0.069984375 0.98875
vt 0.07446640625 0.98875
vt 0.078125 0.9487554687499999
vt 0.0728296875 0.9487554687499999
vt 0.055015625 0.98875
vt 0.069984375 0.98875
vt 0.0728296875 0.9487554687499999
vt 0.052170312499999996 0.9487554687499999
vt 0.11501718749999999 0.88119296875
vt 0.12109375 0.88119296875
vt 0.12109375 0.8671875
vt 0.1118921875 0.8671875
vt 0.11579843749999999 0.8862992187500001
vt 0.12109374999999999 0.89176796875
vt 0.12109375 0.88119296875
vt 0.11501718749999999 0.88119296875
vt 0.0990453125 0.88119296875
vt 0.11501718749999999 0.88119296875
vt 0.1118921875 0.8671875
vt 0.0990453125 0.8671875
vt 0.0951390625 0.8862992187500001
vt 0.11579843749999999 0.8862992187500001
vt 0.11501718749999999 0.88119296875
vt 0.0990453125 0.88119296875
vt 0.08984375 0.88119296875
vt 0.0990453125 0.88119296875
vt 0.0990453125 0.8671875
vt 0.08984375 0.8671875
vt 0.08984375 0.89176796875
vt 0.0951390625 0.8862992187500001
vt 0.0990453125 0.88119296875
vt 0.08984375 0.88119296875
vt 0.4269546875 0.8687921875
vt 0.4167953125 0.8687921875
vt 0.4167953125 0.875
vt 0.4269546875 0.875
vt 0.4269546875 0.8607640625
vt 0.4167953125 0.8607640625
vt 0.4167953125 0.8687921875
vt 0.4269546875 0.8687921875
vt 0.0546875 0.8984375
vt 0.0546875 0.8828125
vt 0.0390625 0.8828125
vt 0.0390625 0.8984375
vt 0.1015625 0.46875
vt 0.1015625 0.453125
vt 0.09375 0.453125
vt 0.09375 0.46875
vt 0.3828125 0.46875
vt 0.3828125 0.453125
vt 0.375 0.453125
vt 0.375 0.46875
vt 0.296875 0.7109375
vt 0.296875 0.6953125
vt 0.2734375 0.6953125
vt 0.2734375 0.7109375
vt 0.234375 0.609375
vt 0.234375 0.59375
vt 0.21875 0.59375
vt 0.21875 0.609375
vt 0.3125 0.46875
vt 0.3125 0.453125
vt 0.3046875 0.453125
vt 0.3046875 0.46875
vt 0.264496875 0.66953125
vt 0.2628921875 0.6714687500000001
vt 0.2628921875 0.6793890625
vt 0.264496875 0.67916640625
vt 0.251128125 0.67916640625
vt 0.2527328125 0.6793890625
vt 0.2527328125 0.6714687500000001
vt 0.251128125 0.66953125
vt 0.251128125 0.66953125
vt 0.2527328125 0.6714687500000001
vt 0.2628921875 0.6714687500000001
vt 0.264496875 0.66953125
vt 0.251128125 0.68776015625
vt 0.2527328125 0.6874171875
vt 0.2527328125 0.6793890625
vt 0.251128125 0.67916640625
vt 0.264496875 0.67916640625
vt 0.2628921875 0.6793890625
vt 0.2628921875 0.6874171875
vt 0.264496875 0.68776015625
vt 0.251128125 0.6953125
vt 0.2527328125 0.6936249999999999
vt 0.2527328125 0.6874171875
vt 0.251128125 0.68776015625
vt 0.264496875 0.68776015625
vt 0.2628921875 0.6874171875
vt 0.2628921875 0.6936249999999999
vt 0.264496875 0.6953125
vt 0.264496875 0.6953125
vt 0.2628921875 0.6936249999999999
vt 0.2527328125 0.6936249999999999
vt 0.251128125 0.6953125
vt 0.585296875 0.890625
vt 0.585296875 0.88724609375
vt 0.5773765625 0.88724609375
vt 0.5773765625 0.890625
vt 0.5710609375 0.875
vt 0.5710609375 0.87162109375
vt 0.563140625 0.87162109375
vt 0.563140625 0.875
vt 0.328125 0.421875
vt 0.328125 0.4140625
vt 0.3203125 0.4140625
vt 0.3203125 0.421875
vt 0.5790890625 0.875
vt 0.5790890625 0.87162109375
vt 0.5710609375 0.87162109375
vt 0.5710609375 0.875
vt 0.5773765625 0.890625
vt 0.5773765625 0.88724609375
vt 0.5693484375 0.88724609375
vt 0.5693484375 0.890625
vt 0.585296875 0.875
vt 0.585296875 0.87162109375
vt 0.5790890625 0.87162109375
vt 0.5790890625 0.875
vt 0.5693484375 0.890625
vt 0.5693484375 0.88724609375
vt 0.563140625 0.88724609375
vt 0.563140625 0.890625
vt 0.34375 0.421875
vt 0.34375 0.4140625
vt 0.3359375 0.4140625
vt 0.3359375 0.421875
vt 0.5878288415026753 0.7578125
vt 0.5996711584973247 0.7578125
vt 0.5961983305562819 0.7530388338047707
vt 0.6033421875 0.5234375
vt 0.60546875 0.52894453125
vt 0.6075953125 0.5234375
vt 0.5874566771067966 0.8324640114146558
vt 0.5922308228932034 0.8359375
vt 0.5922308228932034 0.82409479592143
vt 0.03306425451783028 0.39517123708725865
vt 0.03724824548216972 0.40625
vt 0.03724824548216972 0.39440750161214255
vt 0.15814114796071502 0.4140625
vt 0.16998385203928498 0.4140625
vt 0.16651036345394069 0.4092883542135932
vt 0.4627171875 0.390625
vt 0.46484375 0.39613203124999996
vt 0.4669703125 0.390625
vt 0.5874566771067966 0.8559015114146556
vt 0.5922308228932034 0.859375
vt 0.5922308228932034 0.84753229592143
vt 0.07993925451783028 0.39517123708725865
vt 0.08412324548216972 0.40625
vt 0.08412324548216972 0.39440750161214255
vt 0.5876306433250105 0.47253571671217975
vt 0.5920568566749895 0.4765625
vt 0.5920568566749895 0.46516949824929354
vt 0.181504564606503 0.3956514837515831
vt 0.185682935393497 0.40625
vt 0.185682935393497 0.39485757580224634
vt 0.5958662003063221 1
vt 0.6072587996936779 1
vt 0.6032326789290052 0.9955742196434919
vt 0.6033421875 0.5390625
vt 0.60546875 0.54465546875
vt 0.6075953125 0.5390625
vt 0.5876306433250105 0.49597321671217975
vt 0.5920568566749895 0.5
vt 0.5920568566749895 0.48860699824929354
vt 0.595567064606503 0.8800264837515831
vt 0.599745435393497 0.890625
vt 0.599745435393497 0.8792325758022463
vt 0.5880534991246468 0.4375
vt 0.5994465008753532 0.4375
vt 0.595419717587533 0.43307378665002094
vt 0.6033421875 0.5546875
vt 0.60546875 0.56028046875
vt 0.6075953125 0.5546875
vt 0.38469520014976194 0.40167614118562245
vt 0.38874229985023806 0.40625
vt 0.38874229985023806 0.3952997095712656
vt 0.5955701824265536 0.7711269282441993
vt 0.5997423175734464 0.78125
vt 0.5997423175734464 0.7703008770462182
vt 0.5960875641012243 0.609375
vt 0.6070374358987757 0.609375
vt 0.6024642394968016 0.6053282844160228
vt 0.07700538297269838 0.930661750102246
vt 0.07913658346125826 0.9363850251737387
vt 0.08125850657659586 0.9306583040037321
vt 0.35344520014976194 0.40167614118562245
vt 0.35749229985023806 0.40625
vt 0.35749229985023806 0.3952997095712656
vt 0.22838268242655355 0.39612692824419915
vt 0.23255481757344645 0.40625
vt 0.23255481757344645 0.3953008770462182
vt 0.5960873547856328 0.625
vt 0.6070376452143672 0.625
vt 0.6024637863999897 0.6209529002995239
vt 0.05938351375713776 0.9306760282429667
vt 0.061514714245697634 0.9363993033144593
vt 0.06363663736103525 0.9306725821444526
vt 0.35505546875 0.6617328124999999
vt 0.3460265625 0.6617328124999999
vt 0.35079375 0.671875
vt 0.35938749999999997 0.671875
vt 0.36402421875 0.6617328124999999
vt 0.35505546875 0.6617328124999999
vt 0.35938749999999997 0.671875
vt 0.36693984375 0.671875
vt 0.06539297036485259 0.9201680306258374
vt 0.05834609767801287 0.9201737403629051
vt 0.05938351375713776 0.9306760282429667
vt 0.06363663736103525 0.9306725821444526
vt 0.07523202963514741 0.9201600585162331
vt 0.06539297036485259 0.9201680306258374
vt 0.06363663736103525 0.9306725821444526
vt 0.07700538297269838 0.930661750102246
vt 0.08227890232198713 0.9201543487791654
vt 0.07523202963514741 0.9201600585162331
vt 0.07700538297269838 0.930661750102246
vt 0.08125850657659586 0.9306583040037321
vt 0.35588203125 0.9742328125
vt 0.34691328125 0.9742328125
vt 0.34399765625 0.984375
vt 0.35155000000000003 0.984375
vt 0.3649109375 0.9742328125
vt 0.35588203125 0.9742328125
vt 0.35155000000000003 0.984375
vt 0.36014375 0.984375
vt 0.37475234375 0.9742328125
vt 0.3649109375 0.9742328125
vt 0.36014375 0.984375
vt 0.36977890625 0.984375
vt 0.055015625 0.98875
vt 0.05053359375 0.98875
vt 0.0515625 1
vt 0.055815625 1
vt 0.069984375 0.98875
vt 0.055015625 0.98875
vt 0.055815625 1
vt 0.06918437499999999 1
vt 0.07446640625 0.98875
vt 0.069984375 0.98875
vt 0.06918437499999999 1
vt 0.0734375 1
vt 0.3460265625 0.6617328124999999
vt 0.33618515625 0.6617328124999999
vt 0.34115859375 0.671875
vt 0.35079375 0.671875
vt 0.27465746026745996 0.5625
vt 0.27465746026745996 0.6098306328389094
vt 0.28003003973254004 0.6019803481248627
vt 0.5480868262579727 0.4921610093706177
vt 0.5534756737420273 0.5
vt 0.5534756737420273 0.48392610804934266
vt 0.2676839851221369 0.8671875
vt 0.28125 0.8585641559998612
vt 0.2284595992982626 0.8585641559998612
vt 0.23532331796053438 0.9929159392187107
vt 0.28811418203946565 0.9929159392187107
vt 0.24156026483461804 0.984375
vt 0.33043927226568065 0.5703125
vt 0.33043927226568065 0.6173984457700756
vt 0.3359375 0.6091361626061802
vt 0.16551774714751488 0.43668339226242026
vt 0.17041975285248512 0.4453125
vt 0.17041975285248512 0.42910107809458675
vt 0.26764807066815793 0.890625
vt 0.28125 0.8818036901571719
vt 0.22879336508941334 0.881803690157172
vt 0.24330297459782171 0.7664072369202324
vt 0.29575952540217826 0.7664072369202324
vt 0.24946423439367468 0.7578125
vt 0.15776215144728215 0.6015625
vt 0.15776215144728217 0.6473228069697934
vt 0.1640625 0.6385488717819389
vt 0.5563498995576619 0.7401751650604202
vt 0.5608376004423381 0.75
vt 0.5608376004423381 0.7324099208703012
vt 0.24326090896004793 0.84375
vt 0.2578125 0.8338673045603311
vt 0.20531576738915602 0.8338673045603311
vt 0.1260952040662677 0.8238740293742991
vt 0.1785922959337323 0.8238740293742991
vt 0.1342673892513824 0.8125
vt 0.1796875 0.7128345992982625
vt 0.17968750000000003 0.765625
vt 0.1883108440001388 0.7520589851221369
vt 0.48805680402467133 0.453125
vt 0.5041306959753287 0.453125
vt 0.49629170534594635 0.44773615251594534
vt 0.4259708985583098 0.8178725321043943
vt 0.4338219560114785 0.8125
vt 0.3864905439885215 0.8125
vt 0.13635453039064466 0.7249869468740837
vt 0.14489546960935534 0.7715408640789313
vt 0.14489546960935532 0.71875
vt 0.15625 0.7287936293638942
vt 0.15625 0.78125
vt 0.1650714359301634 0.76764855879164
vt 0.5583005390472934 0.90625
vt 0.5745119609527066 0.90625
vt 0.5658828532151269 0.9013479942950298
vt 0.41382289035229225 0.6617481095163212
vt 0.4220859457700756 0.65625
vt 0.375 0.65625
vt 0.0660151315398838 0.7170987597958529
vt 0.07460986846011619 0.7633940508043565
vt 0.0746098684601162 0.7109375
vt 0.0859375 0.7443782673891559
vt 0.08593750000000001 0.796875
vt 0.09582019543966885 0.7823234089600479
vt 0.5576112104351506 0.8203125
vt 0.5752012895648494 0.8203125
vt 0.5653764546252695 0.8158247991153237
vt 0.39636118378264773 0.9984886068454245
vt 0.40513530696979344 0.9921875
vt 0.359375 0.9921875
vt 0.18181298531285045 0.7816096851851146
vt 0.19318701468714955 0.8259345918674645
vt 0.19318701468714955 0.7734375
vt 0.17996877879639597 0.6484375
vt 0.179968778796396 0.6961018235220684
vt 0.1875 0.6850420485595546
vt 0.3370596577005187 0.453125
vt 0.3504403422994813 0.453125
vt 0.339087242204835 0.44637612243825087
vt 0.34936932568987467 0.796875
vt 0.36059677141104185 0.7899210659052123
vt 0.3125 0.7899210659052123
vt 0.25329508844241677 0.7903576146528307
vt 0.30139241155758323 0.7903576146528307
vt 0.2546066172362101 0.78125
vt 0.14148331374758533 0.6315896738396873
vt 0.1414833137475853 0.6796875
vt 0.1484375 0.6684589519691467
vt 0.5474068112191254 0.6370843999053537
vt 0.5541556887808746 0.6484375
vt 0.5541556887808746 0.6350568154010374
vt 0.33347954855955464 0.999718721203604
vt 0.34453932352206845 0.9921875
vt 0.296875 0.9921875
vt 0.026696192673584626 0.6888115287937933
vt 0.035803807326415374 0.7355973231151665
vt 0.035803807326415374 0.6875
vt 0.13615441875445075 0.4943610606154831
vt 0.14509558124554925 0.5116644706071865
vt 0.14509558124554925 0.4921875
vt 0.5167247629105195 0.4648981010451996
vt 0.5167247629105195 0.484375
vt 0.5234375 0.4765090166248003
vt 0.5583797351589732 0.95469159314479
vt 0.5666202648410268 0.9609375
vt 0.5666202648410268 0.9505973993290797
vt 0.5272361486824395 0.5703125
vt 0.5351015079409084 0.5636001661209842
vt 0.515625 0.5636001661209842
vt 0.4877169187544507 0.8771735606154831
vt 0.4966580812455492 0.8944769706071865
vt 0.4966580812455493 0.875
vt 0.0011001661209841772 0.4570859920590916
vt 0.0011001661209841876 0.4765625
vt 0.0078125 0.46869714074153124
vt 0.5583797351589732 0.97812909314479
vt 0.5666202648410268 0.984375
vt 0.5666202648410268 0.9740348993290797
vt 0.5272361486824395 0.6328125
vt 0.5351015079409084 0.6261001661209842
vt 0.515625 0.6261001661209842
vt 0.38536758494448764 0.7358140675776332
vt 0.39588241505551236 0.7501738008500597
vt 0.39588241505551236 0.7265625
vt 0.3046875 0.5623266836093124
vt 0.3046875 0.5859375
vt 0.3140755737705874 0.5719046933559722
vt 0.5501516394884682 0.6875
vt 0.5670358605115318 0.6875
vt 0.5630892541472533 0.6821361131771807
vt 0.5673937976676225 0.59375
vt 0.5724853381612175 0.5894576580505659
vt 0.5546875 0.5894576580505659
vt 0.2848995121604507 0.5221448737710985
vt 0.2932254878395493 0.5381398866226084
vt 0.2932254878395493 0.515625
vt 0.328125 0.5399848210244342
vt 0.328125 0.5625
vt 0.33701265019941756 0.5500289174876256
vt 0.5626557462597955 0.515625
vt 0.5779692537402045 0.515625
vt 0.5722416767814477 0.5111595144682736
vt 0.5281662057368882 0.453125
vt 0.5336571281909465 0.4483718580397653
vt 0.515625 0.4483718580397653
vt 0.16771170461111265 0.5221453554402601
vt 0.17603829538888735 0.5381398866226084
vt 0.17603829538888735 0.515625
vt 0.390625 0.5399853387339755
vt 0.390625 0.5625
vt 0.39951238918354454 0.550029666154431
vt 0.5626557462597955 0.5546875
vt 0.5779692537402045 0.5546875
vt 0.5722423849618941 0.5502216845712928
vt 0.5594162057368882 0.453125
vt 0.5649071281909465 0.4483718580397653
vt 0.546875 0.4483718580397653
vt 0.003819349574970137 0.5964523301110247
vt 0.027430650425029863 0.5964523301110247
vt 0.013070917152603351 0.5859375
vt 0.37852068647822507 0.4275149118578736
vt 0.37852068647822507 0.4453125
vt 0.3828125 0.44022138802254696
vt 0.32153680658859035 0.44917839363572154
vt 0.32690069341140965 0.453125
vt 0.32690069341140965 0.43624077897693636
vt 0.43127892464105894 0.8046875
vt 0.4453125 0.7952991999057046
vt 0.4217011367352555 0.7952991999057046
vt 0.4692113066886959 0.9692634756790987
vt 0.4917261933113041 0.9692634756790987
vt 0.47573118045979434 0.9609375
vt 0.018684866137424375 0.4272806486709346
vt 0.018684866137424372 0.4453125
vt 0.0234375 0.4398220469660771
vt 0.4860485072341368 0.4317724230412432
vt 0.4905139927658632 0.4375
vt 0.4905139927658632 0.42218649251959106
vt 0.36252966615443105 0.5546875
vt 0.375 0.5458001108164554
vt 0.3524853387339754 0.5458001108164554
vt 0.4692113066886959 0.9927015907777746
vt 0.4917261933113042 0.9927015907777748
vt 0.4757316621289559 0.984375
vt 0.0030598661374243753 0.4272806486709346
vt 0.003059866137424365 0.4453125
vt 0.0078125 0.4398220469660771
vt 0.5641733422856464 0.5723981312216896
vt 0.5686391577143536 0.578125
vt 0.5686391577143536 0.5628114925195911
vt 0.46409216615443105 0.953125
vt 0.4765625 0.9442376108164554
vt 0.4540478387339754 0.9442376108164555
vt 0.07673346560849309 0.8828125
vt 0.07414596560849308 0.8828125
vt 0.07414596560849308 0.91711171875
vt 0.07522955935849308 0.920153125
vt 0.07523202963514741 0.9201600585162331
vt 0.07414596560849308 0.91711171875
vt 0.06647409312681171 0.917117934893903
vt 0.06539297036485259 0.9201680306258374
vt 0.06539291381229473 0.9201681901735979
vt 0.06647409312681171 0.917117934893903
vt 0.0661813306557333 0.882820062204488
vt 0.0636497706983388 0.882841810329578
vt 0.3060765625 0.50221328125
vt 0.3086640625 0.50356796875
vt 0.3163359375 0.50356796875
vt 0.3189234375 0.50221328125
vt 0.3189234375 0.50221328125
vt 0.3163359375 0.50356796875
vt 0.3163359375 0.515625
vt 0.3189234375 0.515625
vt 0.3060765625 0.515625
vt 0.3086640625 0.515625
vt 0.3086640625 0.50356796875
vt 0.3060765625 0.50221328125
vt 0.005887500000000002 0.81074140625
vt 0.0005265624999999993 0.8115
vt 0.00995234375 0.84375
vt 0.01520625 0.84375
vt 0.3515625 0.4140625
vt 0.3515625 0.421875
vt 0.359375 0.421875
vt 0.359375 0.4140625
vt 0.023856250000000002 0.8359375
vt 0.029110156249999998 0.8359375
vt 0.0385359375 0.8036875
vt 0.033174999999999996 0.80292890625
vt 0.5859375 0.625
vt 0.5859375 0.6171875
vt 0.578125 0.6171875
vt 0.578125 0.625
vt 0.005887500000000002 0.798684375
vt 0.0004187500000000007 0.798684375
vt 0.0005265624999999993 0.8115
vt 0.005887500000000002 0.81074140625
vt 0.033174999999999996 0.80292890625
vt 0.0385359375 0.8036875
vt 0.03864375 0.790871875
vt 0.033174999999999996 0.790871875
vn -1.224646799147353e-16 -1 1.224646799147357e-16
vn -2.603446385635132e-15 0.4421244863162343 -0.8969536992507506
vn -1.224646799147353e-16 -1 1.224646799147357e-16
vn -1.224646799147353e-16 -1 1.224646799147357e-16
vn 2.8095619090108535e-15 -0.2805461635558434 0.9598405336898926
vn 1.224646799147353e-16 1 -1.224646799147357e-16
vn -2.603446385635132e-15 0.4421244863162343 -0.8969536992507506
vn -2.603446385635132e-15 0.44212448631623424 -0.8969536992507506
vn -1.224646799147353e-16 -1 1.224646799147357e-16
vn -1.224646799147353e-16 -1 1.224646799147357e-16
vn -1.224646799147353e-16 -1 1.224646799147357e-16
vn -1.224646799147353e-16 -1 1.224646799147357e-16
vn -1.224646799147353e-16 -1 1.224646799147357e-16
vn -1.224646799147353e-16 -1 1.224646799147357e-16
vn 1.224646799147353e-16 1 -1.224646799147357e-16
vn 1.224646799147353e-16 1 -1.224646799147357e-16
vn -1 1.224646799147357e-16 2.9629076969683865e-15
vn -2.9629076969683865e-15 -1.224646799147353e-16 -1
vn 2.961776662061184e-15 -0.00838505664768861 0.9999648447945634
vn -2.9629076969683865e-15 -1.224646799147353e-16 -1
vn 1 -1.224646799147357e-16 -2.9629076969683865e-15
vn -2.9629076969683865e-15 -1.224646799147353e-16 -1
vn 1.224646799147353e-16 1 -1.224646799147357e-16
vn 1.224646799147353e-16 1 -1.224646799147357e-16
vn 1.224646799147353e-16 1 -1.224646799147357e-16
vn 1.224646799147353e-16 1 -1.224646799147357e-16
vn 1.224646799147353e-16 1 -1.224646799147357e-16
vn 1.224646799147353e-16 1 -1.224646799147357e-16
vn 1.224646799147353e-16 1 -1.224646799147357e-16
vn 1.224646799147353e-16 1 -1.224646799147357e-16
vn -1 1.224646799147357e-16 2.9629076969683865e-15
vn 1 -1.2246467991473572e-16 -3.181922073991037e-15
vn 2.9629076969683865e-15 1.224646799147353e-16 1
vn 1 -1.224646799147357e-16 -2.9629076969683865e-15
vn -1 1.224646799147357e-16 2.9629076969683865e-15
vn 1 -1.2246467991473567e-16 -2.6834755607670737e-15
vn -1 1.224646799147357e-16 2.9629076969683865e-15
vn -2.9629076969683865e-15 -1.224646799147353e-16 -1
vn 0.9320046715412962 0.36244626115494777 -2.8058306802788327e-15
vn 2.9276556969022248e-15 -0.11821288978511228 0.992988274194944
vn -0.9320046715412963 0.3624462611549478 2.7170569495615667e-15
vn -1.2827378986241418e-15 0.8829709657859575 -0.4694276020634214
vn 0.9320046715412962 0.36244626115494777 -2.8058306802788327e-15
vn 2.9276556969022248e-15 -0.11821288978511227 0.992988274194944
vn -0.9320046715412964 0.36244626115494744 2.7170569495615667e-15
vn -1.2827378986241418e-15 0.8829709657859575 -0.4694276020634214
vn -0.9320046715412962 0.36244626115494777 2.7170569495615663e-15
vn -1.3408355126058806e-15 0.8725060159497199 -0.48860336893184386
vn 0.9320046715412962 0.36244626115494777 -2.8058306802788327e-15
vn 2.8714783859999737e-15 -0.20952908873087356 0.9778024140774096
vn -0.9320046715412962 0.362446261154948 2.7170569495615663e-15
vn -1.3408355126058804e-15 0.8725060159497197 -0.4886033689318438
vn 0.9320046715412964 0.36244626115494727 -2.805830680278833e-15
vn 2.8714783859999733e-15 -0.20952908873087353 0.9778024140774095
vn -0.9320046715412962 0.3624462611549478 2.7170569495615663e-15
vn -1.4031243783873977e-15 0.8606850986794791 -0.50913766400758
vn 0.9320046715412963 0.36244626115494777 -2.805830680278833e-15
vn 2.794213105220461e-15 -0.2956837280711327 0.9552858906913453
vn -0.9320046715412963 0.362446261154948 2.7170569495615667e-15
vn -1.4031243783873981e-15 0.8606850986794792 -0.5091376640075801
vn 0.9320046715412965 0.36244626115494727 -2.805830680278834e-15
vn 2.794213105220461e-15 -0.2956837280711327 0.9552858906913453
vn 0.9948399493188502 0.10145676536962782 -2.9600438133846373e-15
vn 0.9948399493188502 0.1014567653696278 -2.9600438133846373e-15
vn 2.812464022481699e-15 -0.2775954721292611 0.9606980555061684
vn 2.8124640224816984e-15 -0.27759547212926106 0.9606980555061683
vn 2.812464022481699e-15 -0.27759547212926106 0.9606980555061684
vn -0.9948399493188502 0.10145676536962799 2.935194072792285e-15
vn -0.9948399493188502 0.10145676536962799 2.935194072792285e-15
vn -0.9948399493188502 0.10145676536962799 2.935194072792285e-15
vn -2.603446385635132e-15 0.4421244863162342 -0.8969536992507507
vn -2.6034463856351324e-15 0.4421244863162343 -0.8969536992507509
vn -2.603446385635132e-15 0.4421244863162342 -0.8969536992507507
vn 0.9948399493188502 0.10145676536962782 -2.9600438133846373e-15
vn -0.06177558578212706 -0.4315140312770966 0.8999885653786186
vn -0.7624710805171989 0.6470222958870393 2.1798940548167074e-15
vn 0.7992557340337203 0.32931671619966124 -0.5027333011107292
vn 0.9988582148867927 -0.047773073516049494 -2.9536741789114944e-15
vn -0.23608158783038422 -0.40360209250924034 0.8839518283309603
vn -0.7624710805171988 0.6470222958870393 2.1798940548167074e-15
vn 0.8095779104822136 0.3162241805339007 -0.4945562399817803
vn 0.9988582148867927 -0.047773073516049494 -2.9536741789114944e-15
vn -0.537742913790008 -0.2842004561708075 0.7937648640377937
vn -0.7624710805171989 0.6470222958870393 2.1798940548167074e-15
vn 0.8538106460481398 0.2764638632390289 -0.44110669119591644
vn 0.9988582148867927 -0.04777307351604949 -2.9536741789114944e-15
vn -0.7992557340337225 0.32931671619966174 -0.5027333011107248
vn 0.7624710805171987 0.6470222958870394 -2.338368811543714e-15
vn 0.061775585782132214 -0.43151403127709653 0.8999885653786183
vn -0.9988582148867927 -0.04777307351604928 2.9653752072248668e-15
vn -0.8095779104822162 0.3162241805339012 -0.4945562399817759
vn 0.7624710805171987 0.6470222958870393 -2.338368811543714e-15
vn 0.23608158783038885 -0.4036020925092404 0.8839518283309589
vn -0.9988582148867927 -0.04777307351604928 2.9653752072248668e-15
vn -0.8538106460481423 0.2764638632390293 -0.4411066911959117
vn 0.7624710805171987 0.6470222958870393 -2.338368811543714e-15
vn 0.5377429137900124 -0.2842004561708077 0.7937648640377907
vn -0.9988582148867927 -0.04777307351604928 2.9653752072248668e-15
vn -0.8971666086291976 -0.15691707802814667 0.4128790464335685
vn -1.4474471256512027e-15 0.851882450351111 -0.5237330338863369
vn 0.9627931257043788 0.02032346268646731 0.2694742176179836
vn 2.5956126676816706e-15 -0.4470418972860511 0.8945130195088765
vn -0.9627931257043771 0.020323462686467644 0.2694742176179892
vn -1.4474471256512027e-15 0.8518824503511111 -0.5237330338863369
vn 0.8971666086292001 -0.156917078028147 0.4128790464335631
vn 2.595612667681671e-15 -0.4470418972860511 0.8945130195088767
vn 2.584225588564211e-15 -0.45408037052973377 0.8909607270242499
vn -0.8816123215380477 1.6576654905493636e-16 0.47197427314663454
vn -9.903405968909587e-16 0.9279910558795382 -0.3726024694061751
vn 0.8816123215380506 -5.0166192477152103e-17 0.4719742731466293
vn 2.584225588564211e-15 -0.45408037052973377 0.8909607270242499
vn -0.8816123215380477 1.6576654905493636e-16 0.47197427314663465
vn -9.903405968909589e-16 0.9279910558795382 -0.37260246940617514
vn 0.8816123215380506 -5.016619247715209e-17 0.47197427314662943
vn -0.9512228189487625 -0.3085046980374366 2.8561663408926015e-15
vn -0.9436694717775376 7.504389073570935e-17 -0.33088960097758163
vn 0.5336141345599136 0.8457280623213793 -1.6846212429457894e-15
vn 0.2793575821600058 8.337757371591859e-17 0.960187138681682
vn -0.9512228189487625 -0.3085046980374366 2.856166340892601e-15
vn -0.9304017937336098 6.905299862173351e-17 -0.3665412694599089
vn 0.5336141345599135 0.8457280623213792 -1.684621242945789e-15
vn 0.5173431679792191 4.1446317758764975e-17 0.8557780357927081
vn -0.9512228189487626 -0.30850469803743663 2.8561663408926015e-15
vn -0.9304017937336098 6.90529986217335e-17 -0.36654126945990895
vn 0.5336141345599135 0.8457280623213793 -1.684621242945789e-15
vn 0.5173431679792192 4.144631775876495e-17 0.855778035792708
vn 0.9512228189487625 -0.3085046980374369 -2.7806044826979077e-15
vn -0.2793575821600001 1.5180044747787708e-16 0.9601871386816838
vn -0.533614134559913 0.8457280623213794 1.4774776100515936e-15
vn 0.9436694717775356 -1.5608846887737808e-16 -0.3308896009775873
vn 0.9512228189487625 -0.3085046980374369 -2.7806044826979073e-15
vn -0.5173431679792139 1.6815884870406516e-16 0.8557780357927113
vn -0.533614134559913 0.8457280623213793 1.4774776100515934e-15
vn 0.9304017937336075 -1.5882971710163117e-16 -0.3665412694599145
vn 0.9512228189487624 -0.3085046980374369 -2.780604482697907e-15
vn -0.5173431679792141 1.6815884870406516e-16 0.8557780357927111
vn -0.5336141345599131 0.8457280623213794 1.4774776100515938e-15
vn 0.9304017937336075 -1.5882971710163117e-16 -0.36654126945991455
vn 2.8181864994005343e-15 -0.27168839988512744 0.9623852728340451
vn 2.740781401094519e-15 -0.34331313737440383 0.9392210015252767
vn -0.20713585156838407 -0.26579607319656845 0.9415132428533999
vn 2.9629076969683865e-15 1.224646799147353e-16 1
vn 2.9629076969683865e-15 1.224646799147353e-16 1
vn 2.9629076969683865e-15 1.224646799147353e-16 1
vn 1 -1.224646799147357e-16 -2.9629076969683865e-15
vn -1.224646799147353e-16 -1 1.224646799147357e-16
vn -1 1.224646799147357e-16 2.9629076969683865e-15
vn 1.224646799147353e-16 1 -1.224646799147357e-16
vn 1 -1.224646799147357e-16 -2.9629076969683865e-15
vn -1 1.224646799147357e-16 2.9629076969683865e-15
usemtl m_5ec4fc5d-6ec2-3614-e281-4cafd1b8b2e4
f 399/1521/415 400/1522/415 403/1523/415 404/1524/415
f 435/1525/416 436/1526/416 370/1527/416 366/1528/416
f 390/1529/417 391/1530/417 389/1531/417 392/1532/417
f 380/1533/418 381/1534/418 370/1535/418 368/1536/418
f 462/1537/419 463/1538/419 461/1539/419 464/1540/419
f 414/1541/420 415/1542/420 413/1543/420 416/1544/420
f 437/1545/421 438/1546/421 362/1547/421 368/1548/421
f 436/1549/422 437/1550/422 368/1551/422 370/1552/422
f 394/1553/423 393/1554/423 395/1555/423 396/1556/423
f 391/1557/424 390/1558/424 393/1559/424 394/1560/424
f 397/1561/425 394/1562/425 396/1563/425 398/1564/425
f 399/1565/426 391/1566/426 394/1567/426 397/1568/426
f 401/1569/427 397/1570/427 398/1571/427 402/1572/427
f 400/1573/428 399/1574/428 397/1575/428 401/1576/428
f 418/1577/429 417/1578/429 419/1579/429 420/1580/429
f 415/1581/430 414/1582/430 417/1583/430 418/1584/430
f 368/1585/431 389/1586/431 391/1587/431 380/1588/431
f 362/1589/432 392/1590/432 389/1591/432 368/1592/432
f 461/1593/433 466/1594/433 465/1595/433 464/1596/433
f 380/1597/434 391/1598/434 399/1599/434 381/1600/434
f 381/1601/435 399/1602/435 404/1603/435 370/1604/435
f 370/1605/436 404/1606/436 403/1607/436 366/1608/436
f 374/1609/437 405/1610/437 407/1611/437 388/1612/437
f 386/1613/438 406/1614/438 408/1615/438 375/1616/438
f 375/1617/439 408/1618/439 405/1619/439 374/1620/439
f 385/1621/440 409/1622/440 406/1623/440 386/1624/440
f 388/1625/441 407/1626/441 410/1627/441 387/1628/441
f 373/1629/442 411/1630/442 409/1631/442 385/1632/442
f 387/1633/443 410/1634/443 412/1635/443 372/1636/443
f 372/1637/444 412/1638/444 411/1639/444 373/1640/444
f 405/1641/445 413/1642/445 415/1643/445 407/1644/445
f 406/1645/446 414/1646/446 416/1647/446 408/1648/446
f 408/1649/447 416/1650/447 413/1651/447 405/1652/447
f 409/1653/448 417/1654/448 414/1655/448 406/1656/448
f 407/1657/449 415/1658/449 418/1659/449 410/1660/449
f 411/1661/450 419/1662/450 417/1663/450 409/1664/450
f 410/1665/451 418/1666/451 420/1667/451 412/1668/451
f 412/1669/452 420/1670/452 419/1671/452 411/1672/452
f 375/1673/453 421/1674/453 386/1675/453
f 386/1676/454 421/1677/454 384/1678/454
f 384/1679/455 421/1680/455 364/1681/455
f 364/1682/456 421/1683/456 375/1684/456
f 360/1685/457 422/1686/457 378/1687/457
f 378/1688/458 422/1689/458 388/1690/458
f 388/1691/459 422/1692/459 374/1693/459
f 374/1694/460 422/1695/460 360/1696/460
f 359/1697/461 423/1698/461 384/1699/461
f 384/1700/462 423/1701/462 386/1702/462
f 386/1703/463 423/1704/463 385/1705/463
f 385/1706/464 423/1707/464 359/1708/464
f 387/1709/465 424/1710/465 388/1711/465
f 388/1712/466 424/1713/466 378/1714/466
f 378/1715/467 424/1716/467 376/1717/467
f 376/1718/468 424/1719/468 387/1720/468
f 365/1721/469 425/1722/469 359/1723/469
f 359/1724/470 425/1725/470 385/1726/470
f 385/1727/471 425/1728/471 373/1729/471
f 373/1730/472 425/1731/472 365/1732/472
f 372/1733/473 426/1734/473 387/1735/473
f 387/1736/474 426/1737/474 376/1738/474
f 376/1739/475 426/1740/475 361/1741/475
f 361/1742/476 426/1743/476 372/1744/476
f 428/1745/477 427/1746/477 378/1747/477 376/1748/477
f 429/1749/478 428/1750/478 376/1751/478 361/1752/478
f 430/1753/479 429/1754/479 361/1755/479 372/1756/479
f 431/1757/480 430/1758/480 372/1759/480 373/1760/480
f 432/1761/481 431/1762/481 373/1763/481 365/1764/481
f 433/1765/482 432/1766/482 365/1767/482 359/1768/482
f 434/1769/483 433/1770/483 359/1771/483 384/1772/483
f 435/1773/484 434/1774/484 384/1775/484 364/1776/484
f 436/1777/485 435/1778/485 364/1779/485 375/1780/485
f 437/1781/486 436/1782/486 375/1783/486 374/1784/486
f 438/1785/487 437/1786/487 374/1787/487 360/1788/487
f 427/1789/488 438/1790/488 360/1791/488 378/1792/488
f 379/1793/489 439/1794/489 427/1795/489
f 427/1796/490 439/1797/490 438/1798/490
f 438/1799/491 439/1800/491 362/1801/491
f 362/1802/492 439/1803/492 379/1804/492
f 377/1805/493 440/1806/493 428/1807/493
f 428/1808/494 440/1809/494 427/1810/494
f 427/1811/495 440/1812/495 379/1813/495
f 379/1814/496 440/1815/496 377/1816/496
f 363/1817/497 441/1818/497 429/1819/497
f 429/1820/498 441/1821/498 428/1822/498
f 428/1823/499 441/1824/499 377/1825/499
f 377/1826/500 441/1827/500 363/1828/500
f 366/1829/501 442/1830/501 435/1831/501
f 435/1832/502 442/1833/502 434/1834/502
f 434/1835/503 442/1836/503 383/1837/503
f 383/1838/504 442/1839/504 366/1840/504
f 383/1841/505 443/1842/505 434/1843/505
f 434/1844/506 443/1845/506 433/1846/506
f 433/1847/507 443/1848/507 382/1849/507
f 382/1850/508 443/1851/508 383/1852/508
f 382/1853/509 444/1854/509 433/1855/509
f 433/1856/510 444/1857/510 432/1858/510
f 432/1859/511 444/1860/511 367/1861/511
f 367/1862/512 444/1863/512 382/1864/512
f 369/1865/513 445/1866/513 430/1867/513
f 430/1868/514 445/1869/514 429/1870/514
f 429/1871/515 445/1872/515 363/1873/515
f 363/1874/516 445/1875/516 369/1876/516
f 367/1877/517 446/1878/517 432/1879/517
f 432/1880/518 446/1881/518 431/1882/518
f 431/1883/519 446/1884/519 371/1885/519
f 371/1886/520 446/1887/520 367/1888/520
f 398/1889/521 447/1890/521 402/1891/521
f 402/1892/522 447/1893/522 367/1894/522
f 367/1895/523 447/1896/523 371/1897/523
f 371/1898/524 447/1899/524 398/1900/524
f 395/1901/525 448/1902/525 396/1903/525
f 396/1904/526 448/1905/526 369/1906/526
f 369/1907/527 448/1908/527 363/1909/527
f 363/1910/528 448/1911/528 395/1912/528
f 402/1913/529 449/1914/529 401/1915/529
f 401/1916/530 449/1917/530 382/1918/530
f 382/1919/531 449/1920/531 367/1921/531
f 367/1922/532 449/1923/532 402/1924/532
f 401/1925/533 450/1926/533 400/1927/533
f 400/1928/534 450/1929/534 383/1930/534
f 383/1931/535 450/1932/535 382/1933/535
f 382/1934/536 450/1935/536 401/1936/536
f 400/1937/537 451/1938/537 403/1939/537
f 403/1940/538 451/1941/538 366/1942/538
f 366/1943/539 451/1944/539 383/1945/539
f 383/1946/540 451/1947/540 400/1948/540
f 393/1949/541 452/1950/541 395/1951/541
f 395/1952/542 452/1953/542 363/1954/542
f 363/1955/543 452/1956/543 377/1957/543
f 377/1958/544 452/1959/544 393/1960/544
f 390/1961/545 453/1962/545 393/1963/545
f 393/1964/546 453/1965/546 377/1966/546
f 377/1967/547 453/1968/547 379/1969/547
f 379/1970/548 453/1971/548 390/1972/548
f 392/1973/549 454/1974/549 390/1975/549
f 390/1976/550 454/1977/550 379/1978/550
f 379/1979/551 454/1980/551 362/1981/551
f 362/1982/552 454/1983/552 392/1984/552
f 371/1985/553 455/1986/553 457/1987/553 431/1988/553
f 431/1989/554 457/1990/554 456/1991/554 430/1992/554
f 430/1993/555 456/1994/555 458/1995/555 369/1996/555
f 396/1997/556 459/1998/556 460/1999/556 398/2000/556
f 398/2001/557 460/2002/557 455/2003/557 371/2004/557
f 369/2005/558 458/2006/558 459/2007/558 396/2008/558
f 455/2009/559 461/2010/559 463/2011/559 457/2012/559
f 457/2013/560 463/2014/560 462/2015/560 456/2016/560
f 456/2017/561 462/2018/561 464/2019/561 458/2020/561
f 459/2021/562 465/2022/562 466/2023/562 460/2024/562
f 460/2025/563 466/2026/563 461/2027/563 455/2028/563
f 458/2029/564 464/2030/564 465/2031/564 459/2032/564
o Thigh
v 0.21874999999999978 0.7062500000000002 -0.09000000000000077
v 0.21875000000000033 0.7062500000000002 0.08999999999999925
v 0.21249999999999958 0.38125 -0.14000000000000076
v 0.21250000000000005 0.38125 0.014999999999999293
v 0.05624999999999984 0.6612500000000002 -0.09000000000000029
v 0.05625000000000037 0.6612500000000002 0.08999999999999973
v 0.056249999999999654 0.38125 -0.1400000000000003
v 0.05625000000000011 0.38125 0.014999999999999757
v 0.2499999999999998 0.5697500000000001 -0.13750000000000084
v 0.25000000000000056 0.5697500000000001 0.10624999999999914
v 0.050000000000000405 0.5697500000000001 0.10624999999999973
v 0.049999999999999684 0.5697500000000001 -0.13750000000000026
v 0.15291666666666628 0.5697500000000001 -0.13750000000000057
v 0.13749999999999976 0.7087500000000001 -0.09000000000000054
v 0.13750000000000032 0.7087500000000001 0.08999999999999948
v 0.152916666666667 0.5697500000000001 0.10624999999999943
v 0.13750000000000007 0.38125 0.014999999999999515
v 0.1374999999999996 0.38125 -0.14000000000000054
v 0.25000000000000017 0.5697500000000001 -0.015625000000000857
v 0.21875000000000006 0.7062500000000002 -7.675391216287017e-16
v 0.13750000000000004 0.7087500000000001 -5.271090329498071e-16
v 0.056250000000000105 0.6612500000000002 -2.8055571027517593e-16
v 0.050000000000000044 0.5697500000000001 -0.015625000000000264
v 0.05624999999999988 0.38125 -0.06250000000000028
v 0.13749999999999982 0.38125 -0.06250000000000051
v 0.2124999999999998 0.38125 -0.06250000000000074
v 0.07027061607120284 0.6288696924372298 -0.015162301154896791
v 0.07652061607120268 0.4403696924372297 -0.0620373011548968
v 0.1577706160712026 0.4403696924372297 -0.06203730115489704
v 0.23277061607120259 0.4403696924372297 -0.062037301154897265
v 0.3116334310680737 0.7223643041932866 0.132656249999999
v 0.31163343106807334 0.7223643041932865 0.026718749999998948
v 0.31163343106807334 0.5961443544761426 0.011093749999998986
v 0.3116334310680736 0.5961443544761426 0.110781249999999
vt 0.098896484375 0.8179640625
vt 0.098896484375 0.828125
vt 0.11014648437499999 0.828125
vt 0.11014648437499999 0.8179640625
vt 0.137109375 0.6971875000000001
vt 0.146484375 0.6971875000000001
vt 0.146484375 0.6875
vt 0.137109375 0.6875
vt 0.2015625 0.9373734375
vt 0.20348984375 0.9609375
vt 0.215625 0.9609375
vt 0.2109375 0.9373734375
vt 0.14804867867252505 0.9949281249999999
vt 0.14997602242252506 0.96875
vt 0.14060102242252503 0.96875
vt 0.13591352242252505 0.9949281249999999
vt 0.2203256379970771 0.7421875
vt 0.2183982942470771 0.7246945312499999
vt 0.2062631379970771 0.7246945312499999
vt 0.2101693879970771 0.7418773437499999
vt 0.013515624999999998 0.8866015625
vt 0.015468749999999998 0.8751375
vt 0.00023437499999999847 0.8751375
vt 0.0022656249999999985 0.8866015625
vt 0.21911480843276823 0.75507578125
vt 0.2171874939843037 0.7734372208455661
vt 0.22734403800986985 0.7731425127923681
vt 0.23125003531723176 0.7550761711816535
vt 0.21718746468276823 0.7734375
vt 0.21911480843276823 0.75507578125
vt 0.20624996468276824 0.75507578125
vt 0.20703121468276822 0.76781875
vt 0.38671875 0.71875
vt 0.38671875 0.7069859375
vt 0.37546875 0.7069859375
vt 0.37546875 0.71875
vt 0.21839826662903825 0.7246942805829922
vt 0.2203256379970771 0.7421875
vt 0.2305034848501456 0.7362878857475204
vt 0.2312368620029229 0.7246967663792033
vt 0.14997602242252506 0.96875
vt 0.14804867867252505 0.9949281249999999
vt 0.16091352242252505 0.9949281249999999
vt 0.16013227242252503 0.96875
vt 0.126953125 0.6971875000000001
vt 0.137109375 0.6971875000000001
vt 0.137109375 0.6875
vt 0.126953125 0.6875
vt 0.20348984375 0.9609375
vt 0.2015625 0.9373734375
vt 0.19140625 0.9373734375
vt 0.190625 0.9609375
vt 0.098896484375 0.828125
vt 0.098896484375 0.8179640625
vt 0.087646484375 0.8179640625
vt 0.087646484375 0.828125
vt 0.38671875 0.7069859375
vt 0.38671875 0.71875
vt 0.39796875 0.71875
vt 0.39796875 0.7069859375
vt 0.015468749999999998 0.8751375
vt 0.013515624999999998 0.8866015625
vt 0.024765624999999996 0.8866015625
vt 0.030703125 0.8751375
vt 0.137109375 0.6971875000000001
vt 0.126953125 0.6971875000000001
vt 0.126953125 0.706875
vt 0.137109375 0.706875
vt 0.146484375 0.6971875000000001
vt 0.137109375 0.6971875000000001
vt 0.137109375 0.706875
vt 0.146484375 0.706875
vt 0.11014648437499999 0.8179640625
vt 0.115478515625 0.80618046875
vt 0.098896484375 0.8179640625
vt 0.320221026166895 0.9609375
vt 0.3359375 0.9480223548667506
vt 0.30824566835828926 0.9480223548667506
vt 0.33771646722536774 0.7144435982176709
vt 0.36540853277463226 0.7144435982176709
vt 0.34791330575638124 0.703125
vt 0.4109868144183059 0.7369754914944128
vt 0.4109868144183059 0.7578125
vt 0.421875 0.7508307801682608
vt 0.3370308937690674 0.6904721083491562
vt 0.3660941062309326 0.6904721083491562
vt 0.34779093114799575 0.6796875
vt 0.06832491502748496 0.5625
vt 0.08568486838138449 0.5747455404288728
vt 0.0859375 0.5625
vt 0.098896484375 0.8179640625
vt 0.10223632812500001 0.80618046875
vt 0.087646484375 0.8179640625
vt 0.28998255359070346 0.6875
vt 0.3046875 0.6758603329745649
vt 0.2756243061028738 0.675860332974565
vt 0.36917021218329304 0.6409777366347452
vt 0.40426728781670696 0.6409777366347452
vt 0.37438332708214334 0.6328125
vt 0.18954047541094274 0.4921875
vt 0.18954047541094274 0.5231667154936586
vt 0.1953125 0.5162330518609293
vt 0.07889856608297222 0.4700715849144268
vt 0.08516393391702778 0.4765625
vt 0.08516393391702778 0.4561852121862948
vt 0.25038484924559 0.9119637650650072
vt 0.265625 0.8984375
vt 0.23052807083738652 0.8984375
vt 0.14877465661808814 0.47213538330461713
vt 0.15591284338191186 0.4765625
vt 0.15591284338191186 0.4586768368985078
vt 0.25126927380684716 0.7137937830316033
vt 0.265625 0.703125
vt 0.22896069191397772 0.703125
vt 0.0011991815020754512 0.6171912463708561
vt 0.03786331849792455 0.617191246370856
vt 0.0069222880815547685 0.609375
vt 0.14060102242252503 0.96875
vt 0.12814897757747495 0.99813391080276
vt 0.13591358808234916 0.994927758311769
vt 0.021328125 0.8515625
vt 0.015468749999999998 0.8751375
vt 0.030703125 0.8751375
vt 0.031015625 0.8515625
vt 0.015468749999999998 0.8751375
vt 0.021328125 0.8515625
vt 0.011640624999999998 0.8515625
vt 0.00023437499999999847 0.8751375
vn 0.03075467578697342 0.9995269630766537 -2.135300152063207e-16
vn -1.224646799147353e-16 -1 1.224646799147357e-16
vn -2.9610230915548436e-15 0.013261433200640656 -0.9999120633283034
vn 2.6135051303864833e-15 -0.43571693377050924 0.9000837481177104
vn 2.957085758860044e-15 0.11611568389344622 0.9932356960731714
vn -0.997675276147395 0.06814721831607898 2.947674127494019e-15
vn 0.009979745987817267 0.3243417446041582 -0.945887328056122
vn -2.76412050015098e-15 0.3233668997435407 -0.9462736645126775
vn -0.5046965873311549 0.8632967941190827 1.3896460376739453e-15
vn -0.06367082353211566 0.1089106191996769 0.9920103342487341
vn 2.6135051303864833e-15 -0.43571693377050924 0.9000837481177104
vn -1.224646799147353e-16 -1 1.224646799147357e-16
vn -2.9610230915548436e-15 0.013261433200640656 -0.9999120633283034
vn 0.03075467578697342 0.9995269630766537 -2.135300152063207e-16
vn -0.5046965873311549 0.8632967941190827 1.3896460376739453e-15
vn -0.997675276147395 0.06814721831607899 2.947674127494019e-15
vn -1.224646799147353e-16 -1 1.224646799147357e-16
vn -1.224646799147353e-16 -1 1.224646799147357e-16
vn -0.17093614478698096 0.9852821090456094 3.8580576096946255e-16
vn 0.7800912469879081 0.24451581717855933 -0.5759076848960709
vn 0.9272402943582385 -0.37446686972073673 -2.7014684397542343e-15
vn -0.4190477967357039 0.012145451435162873 0.9078829396240402
vn 0.9272402943582384 -0.374466869720737 -2.701468439754234e-15
vn -0.2459833087867033 -0.1656345675068208 0.9550169641661733
vn -0.17093614478697983 0.9852821090456096 3.858057609694591e-16
vn 0.7005175602678191 0.37224811260448776 -0.6088567076240674
vn 0.908037471297652 -0.41888894795561954 -2.6391321119123183e-15
vn -0.3320023926755029 -0.1649079455638364 0.9287517325677817
vn -0.3936676130666056 0.9192528544543344 1.0538247942207614e-15
vn 0.9196976521823427 -0.17832453202087567 -0.34979506836120844
vn -0.3936676130666056 0.9192528544543344 1.0538247942207614e-15
vn 0.9023821119039543 -0.07394576832181066 -0.42454510651173016
vn 0.908037471297652 -0.4188889479556196 -2.639132111912318e-15
vn 0.12902774774301262 -0.45275295771848795 0.8822508711185989
vn -0.9994507760997591 -0.03313828833222002 2.9653386671205315e-15
vn -0.9994507760997592 -0.033138288332220024 2.965338667120532e-15
usemtl m_5ec4fc5d-6ec2-3614-e281-4cafd1b8b2e4
f 486/2033/565 487/2034/565 481/2035/565 468/2036/565
f 491/2037/566 492/2038/566 470/2039/566 483/2040/566
f 484/2041/567 479/2042/567 475/2043/567 469/2044/567
f 482/2045/568 483/2046/568 470/2047/568 476/2048/568
f 481/2049/569 482/2050/569 476/2051/569 468/2052/569
f 488/2053/570 489/2054/570 477/2055/570 472/2056/570
f 479/2057/571 480/2058/571 467/2059/571 475/2060/571
f 480/2061/572 479/2062/572 478/2063/572 471/2064/572
f 487/2065/573 488/2066/573 472/2067/573 481/2068/573
f 482/2069/574 481/2070/574 472/2071/574 477/2072/574
f 483/2073/575 482/2074/575 477/2075/575 474/2076/575
f 490/2077/576 491/2078/576 483/2079/576 474/2080/576
f 479/2081/577 484/2082/577 473/2083/577 478/2084/577
f 487/2085/578 486/2086/578 467/2087/578 480/2088/578
f 488/2089/579 487/2090/579 480/2091/579 471/2092/579
f 489/2093/580 488/2094/580 471/2095/580 478/2096/580
f 491/2097/581 490/2098/581 473/2099/581 484/2100/581
f 492/2101/582 491/2102/582 484/2103/582 469/2104/582
f 468/2105/583 497/2106/583 486/2107/583
f 486/2108/584 497/2109/584 485/2110/584
f 485/2111/585 497/2112/585 476/2113/585
f 476/2114/586 497/2115/586 468/2116/586
f 475/2117/587 498/2118/587 485/2119/587
f 485/2120/588 498/2121/588 486/2122/588
f 486/2123/589 498/2124/589 467/2125/589
f 467/2126/590 498/2127/590 475/2128/590
f 469/2129/591 499/2130/591 492/2131/591
f 492/2132/592 499/2133/592 485/2134/592
f 485/2135/593 499/2136/593 475/2137/593
f 475/2138/594 499/2139/594 469/2140/594
f 476/2141/595 500/2142/595 485/2143/595
f 485/2144/596 500/2145/596 492/2146/596
f 492/2147/597 500/2148/597 470/2149/597
f 470/2150/598 500/2151/598 476/2152/598
f 490/2153/599 489/2154/599 478/2155/599 473/2156/599
f 489/2157/600 490/2158/600 474/2159/600 477/2160/600
o Pelvis
v -0.13749999999999984 0.7937499999999997 -0.10036764705882407
v -0.13750000000000046 0.7937499999999997 0.10036764705882299
v -0.13749999999999982 0.672541407867495 -0.10036764705882406
v -0.13750000000000043 0.672541407867495 0.100367647058823
v 0.13750000000000018 0.7937499999999997 -0.10036764705882326
v 0.13749999999999957 0.7937499999999997 0.10036764705882381
v 0.1375000000000002 0.672541407867495 -0.10036764705882324
v 0.1374999999999996 0.672541407867495 0.10036764705882383
v -0.04583333333333308 0.6125000000000002 -0.13125000000000026
v -0.04583333333333386 0.6125000000000002 0.13124999999999976
v 0.04583333333333361 0.6125000000000002 -0.13124999999999998
v 0.04583333333333283 0.6125000000000002 0.13125000000000003
v -0.04583333333333388 0.7937499999999997 0.13124999999999973
v 0.04583333333333281 0.7937499999999997 0.13125
v -0.0458333333333331 0.7937499999999997 -0.13125000000000028
v 0.04583333333333359 0.7937499999999997 -0.13125
v -0.06458333333333399 0.6026919498062379 0.18432582821127994
v 0.06458333333333266 0.6026919498062379 0.18432582821128032
v -0.05577651515151634 0.5571377537201898 0.360303587560528
v 0.05577651515151397 0.5571377537201898 0.3603035875605283
v -0.055776515151516395 0.6366122462798098 0.37719641243947083
v -1.5865172438089968e-15 0.5088805193238899 0.49863422504586247
v -0.07885815081904113 0.5743774259301158 0.3966789807145572
v 0.06458333333333251 0.7660580501937615 0.22817417178871985
v -0.06458333333333414 0.7660580501937615 0.2281741717887195
v 0.05577651515151391 0.6366122462798098 0.37719641243947116
v -1.33973337091425e-15 0.6541551592875016 0.409338535730826
v 0.07886464028664297 0.5744062225390718 0.39654350332101207
v -1.1945477636443353e-15 0.521856039440173 0.36580574595246584
v -0.11665412893432209 0.665465474518493 0.26406746177167895
v -1.0185290133888121e-15 0.7886820718720313 0.29544288088953274
v 0.11422726834180601 0.6685939923950256 0.2554832987148126
v -6.806913927677648e-16 0.5529392751842714 0.19116441997135822
vt 0.3125 0.875
vt 0.2890625 0.875
vt 0.2890625 0.859375
vt 0.3125 0.859375
vt 0.3125 0.8046875
vt 0.3125 0.8203125
vt 0.2890625 0.8203125
vt 0.2890625 0.8046875
vt 0.0023437499999999986 0.95051328125
vt 0.013802343750000001 0.946653125
vt 0.013802343750000001 0.979465625
vt 0.0023437499999999986 0.97560546875
vt 0.21011015625 0.8203125
vt 0.20625 0.8046875
vt 0.2390625 0.8046875
vt 0.23520234375 0.8203125
vt 0.3046875 0.92234921875
vt 0.3203125 0.91484375
vt 0.3203125 0.9375
vt 0.3046875 0.9375
vt 0.3203125 0.8515625
vt 0.3046875 0.8515625
vt 0.3046875 0.82890625
vt 0.3203125 0.83641171875
vt 0.21011015625 0.796875
vt 0.20625 0.78125
vt 0.2390625 0.78125
vt 0.23520234375 0.796875
vt 0.0546875 0.7421875
vt 0.046875 0.7421875
vt 0.046875 0.7109375
vt 0.0546875 0.7109375
vt 0.3046875 0.76609921875
vt 0.3203125 0.75859375
vt 0.3203125 0.78125
vt 0.3046875 0.78125
vt 0.03671875 0.97560546875
vt 0.02526015625 0.979465625
vt 0.02526015625 0.946653125
vt 0.03671875 0.95051328125
vt 0.02526015625 0.979465625
vt 0.013802343750000001 0.979465625
vt 0.013802343750000001 0.946653125
vt 0.02526015625 0.946653125
vt 0.2421875 0.6953125
vt 0.2265625 0.6953125
vt 0.2265625 0.67265625
vt 0.2421875 0.68016171875
vt 0.109375 0.5390625
vt 0.1015625 0.5390625
vt 0.1015625 0.515625
vt 0.109375 0.515625
vt 0.134109322466745 0.59375
vt 0.147140677533255 0.608384448957435
vt 0.134109322466745 0.6133454921131679
vt 0.18783042407058365 0.5398033850169854
vt 0.20546019233045354 0.53125
vt 0.2109375 0.5398033850169854
vt 0.2511655317232078 0.6331426722799811
vt 0.2644594682767922 0.6520429327350549
vt 0.2511655317232078 0.65625
vt 0.1491783850169855 0.5234375
vt 0.1491783850169855 0.5465445759294163
vt 0.140625 0.5410672682598698
vt 0.5966305027005158 0.9718031431600005
vt 0.6015625 0.96875
vt 0.6015625 0.978906159404644
vt 0.203125 0.45242291992463435
vt 0.207249957230773 0.4600231150378754
vt 0.203125 0.484375
vt 0.21875 0.8586729472024329
vt 0.21875 0.890625
vt 0.2011385976297313 0.8789258086619789
vt 0.0390625 0.4296875
vt 0.0390625 0.45652562655964357
vt 0.03528899155969732 0.43409178208694166
vt 0.546875 0.43426484374999996
vt 0.539903125 0.4296875
vt 0.553846875 0.4296875
vt 0.4409355348306632 0.734375
vt 0.4451272443595575 0.7271645739916113
vt 0.46875 0.734375
vt 0.00008732230203937954 0.6987480712023271
vt 0.01553767769796062 0.7218766026619885
vt 0.00008732230203938821 0.7265625
vt 0.29627292600838867 0.5503105348306632
vt 0.29627292600838867 0.578125
vt 0.2890625 0.5545022443595575
vt 0.5968034215534835 0.953125
vt 0.6039065315165311 0.9580432100685754
vt 0.59375 0.9580432100685754
vt 0.5390625 0.9959631782096198
vt 0.5434498977412829 0.9921875
vt 0.5658836462831001 0.9959631782096198
vt 0.125 0.8046875
vt 0.1452325971872905 0.7870795466461673
vt 0.15693834203039336 0.8046875
vt 0.5227501522562032 0.6599309773147886
vt 0.5546875 0.6599309773147886
vt 0.5303374730485177 0.6640625
vt 0.5703125 0.43303671874999994
vt 0.577284375 0.4375
vt 0.563340625 0.4375
vt 0.2195877217874832 0.5
vt 0.2265625 0.5044594219475094
vt 0.2195877217874832 0.5261127713347746
vt 0.1563852868610125 0.6875
vt 0.1717397131389875 0.70862147606454
vt 0.1563852868610125 0.7136127393712476
vt 0.328125 0.5234375
vt 0.35423777133477463 0.5234375
vt 0.3325844219475093 0.5304122782125168
vt 0.09937466554246942 0.557037400190509
vt 0.109375 0.546875
vt 0.109375 0.5680187569424546
vt 0.10237251475384623 0.4830916333451081
vt 0.10856498524615377 0.49659116374593026
vt 0.10237251475384623 0.5078125
vt 0.296875 0.9205910591673783
vt 0.296875 0.9453125
vt 0.27963191912146 0.9306161798524722
vt 0.5859375 0.7145597181985082
vt 0.565992188035522 0.7145597181985082
vt 0.5721475694618073 0.7109375
vt 0.51953125 0.89168359375
vt 0.51145859375 0.8828125
vt 0.52760390625 0.8828125
vt 0.5177442753633151 0.875
vt 0.527925261835666 0.8686578962421915
vt 0.5390625 0.875
vt 0.019531250000000003 1
vt 0.013802343749999998 0.979465625
vt 0.02526015625 0.979465625
vt 0.13915460375780853 0.46305677536331513
vt 0.13915460375780853 0.484375
vt 0.1328125 0.473237761835666
vt 0.47119874995633965 0.75
vt 0.4820810742873001 0.7589544530983501
vt 0.4609375 0.7589544530983501
vt 0.47261696013832 0.44093832453711124
vt 0.46875 0.42787964857167415
vt 0.47261696013832005 0.421875
vt 0.0859375 0.7109375
vt 0.0945895431167279 0.6939502969881428
vt 0.10958089388630343 0.7109375
vt 0.4959908599142756 0.8373353203835076
vt 0.5196341400857244 0.8373353203835076
vt 0.5085384717307784 0.84375
vt 0.54296875 0.46247265625
vt 0.55104140625 0.46875
vt 0.53489609375 0.46875
vt 0.5642510530133303 0.765625
vt 0.5703125 0.7738615209684746
vt 0.5642510530133303 0.7776391084513119
vt 0.5340268814947777 0.6015625
vt 0.5440981185052223 0.6081128779986469
vt 0.5340268814947777 0.613576544566494
vt 0.203125 0.4296875
vt 0.21513910845131184 0.4296875
vt 0.2113615209684746 0.43574894698666966
vn -1 -1.224646799147357e-16 -2.9629076969683865e-15
vn 1 1.224646799147357e-16 2.9629076969683865e-15
vn -1.224646799147353e-16 1 -1.224646799147357e-16
vn 0.547923688440741 -0.8365283208866833 1.7258924868893783e-15
vn 0.3192667777280183 -7.695657244431613e-17 -0.9476648799228387
vn 0.31926677772801265 1.5515437992805709e-16 0.9476648799228407
vn -0.5479236884407408 -0.8365283208866834 -1.5210021407753805e-15
vn 1.224646799147353e-16 -1 1.224646799147357e-16
vn -0.3192667777280184 7.695657244431611e-17 0.9476648799228387
vn -1.224646799147353e-16 1 -1.224646799147357e-16
vn -1.224646799147353e-16 1 -1.224646799147357e-16
vn -0.31926677772801276 -1.551543799280571e-16 -0.9476648799228407
vn 2.9629076969683865e-15 -1.224646799147353e-16 -1
vn 1.0915724218874336e-15 -0.9441951698835587 -0.32938652244522393
vn 0.9336119652207887 -0.07449180180694764 0.3504563736902658
vn -2.2317096271252215e-15 0.6890257911004141 0.7247368206448799
vn -0.9336119652207909 -0.07449180180694788 0.3504563736902603
vn 0.811000475039329 -0.12163779776268557 0.5722608458049763
vn -0.8005820875097936 0.4281576919999746 0.419224655691571
vn -0.9977499326333717 0.017380160469610443 -0.06475339336400077
vn -0.7236661603612157 -0.6760509781395395 -0.1387889163608798
vn -1.3119750156848894e-15 -0.8777710313341683 0.47908038631376954
vn 0.5278346739245268 0.6255276404956429 0.5745482816778259
vn -1.6612508054723206e-15 0.8507827656680527 0.5255175407559861
vn -0.5278346739245303 0.6255276404956427 0.5745482816778228
vn -0.8097153394829913 -0.12200733303087712 0.5739993725542187
vn 0.7235882303807692 -0.6761294181734784 -0.13881312162335596
vn 0.9977449677318714 0.017399303438512568 -0.06482471446586995
vn 0.8011307923748484 0.42758556836509637 0.41876011657600026
vn -2.946392801689053e-15 0.15408683864079012 0.9880573091464318
vn -0.5111576625441889 -0.8379213104277843 -0.19132621763194355
vn 1.3174381023312389e-15 -0.9134784036990922 -0.406887215300946
vn 0.5111576625441904 -0.8379213104277843 -0.19132621763194058
vn 0.7592230537793228 -0.16871487087574907 0.6285822515434069
vn -0.893672034107022 0.44642480676484464 -0.045334174305800994
vn -0.8823948245287656 -1.6568301901162857e-16 -0.47050969559069544
vn -0.8896746275738221 -0.27433855849246985 -0.36498960584605006
vn -8.284312971660629e-16 -0.9478297290657289 0.31877704543957847
vn 0.4686953975310783 0.8691764305678553 0.1576608920389167
vn -2.138150730058096e-16 0.9995239943838424 0.030851007292607403
vn -0.4686953975310794 0.8691764305678551 0.15766089203891392
vn -0.7209102326591152 -0.17965384824562847 0.6693376810384404
vn 0.889228769106883 -0.2756644617755459 -0.36507711610926374
vn 0.8760204467442952 4.822003690907714e-17 -0.482273964553267
vn 0.8953225822818137 0.4429696660873145 -0.046640632314733164
vn -2.9519852617056227e-15 0.1361714182415874 0.9906852905206955
vn -0.5521905594591504 -0.7629845670568332 -0.33606567286363465
vn 2.1757322272795177e-15 -0.709196997947553 -0.705010367372125
vn 0.5521905594591526 -0.7629845670568329 -0.33606567286363137
usemtl m_5ec4fc5d-6ec2-3614-e281-4cafd1b8b2e4
f 502/2161/601 501/2162/601 503/2163/601 504/2164/601
f 507/2165/602 505/2166/602 506/2167/602 508/2168/602
f 505/2169/603 516/2170/603 514/2171/603 506/2172/603
f 508/2173/604 512/2174/604 511/2175/604 507/2176/604
f 507/2177/605 511/2178/605 516/2179/605 505/2180/605
f 506/2181/606 514/2182/606 512/2183/606 508/2184/606
f 503/2185/607 509/2186/607 510/2187/607 504/2188/607
f 509/2189/608 511/2190/608 512/2191/608 510/2192/608
f 504/2193/609 510/2194/609 513/2195/609 502/2196/609
f 502/2197/610 513/2198/610 515/2199/610 501/2200/610
f 513/2201/611 514/2202/611 516/2203/611 515/2204/611
f 501/2205/612 515/2206/612 509/2207/612 503/2208/612
f 515/2209/613 516/2210/613 511/2211/613 509/2212/613
f 522/2213/614 519/2214/614 520/2215/614
f 522/2216/615 520/2217/615 526/2218/615
f 522/2219/616 526/2220/616 521/2221/616
f 522/2222/617 521/2223/617 519/2224/617
f 523/2225/618 519/2226/618 521/2227/618
f 523/2228/619 521/2229/619 525/2230/619
f 523/2231/620 525/2232/620 517/2233/620
f 523/2234/621 517/2235/621 519/2236/621
f 527/2237/622 521/2238/622 526/2239/622
f 527/2240/623 526/2241/623 524/2242/623
f 527/2243/624 524/2244/624 525/2245/624
f 527/2246/625 525/2247/625 521/2248/625
f 528/2249/626 526/2250/626 520/2251/626
f 528/2252/627 520/2253/627 518/2254/627
f 528/2255/628 518/2256/628 524/2257/628
f 528/2258/629 524/2259/629 526/2260/629
f 529/2261/630 520/2262/630 519/2263/630
f 529/2264/631 519/2265/631 517/2266/631
f 529/2267/632 517/2268/632 518/2269/632
f 529/2270/633 518/2271/633 520/2272/633
f 530/2273/634 517/2274/634 525/2275/634
f 530/2276/635 525/2277/635 513/2278/635
f 530/2279/636 513/2280/636 510/2281/636
f 530/2282/637 510/2283/637 517/2284/637
f 531/2285/638 525/2286/638 524/2287/638
f 531/2288/639 524/2289/639 514/2290/639
f 531/2291/640 514/2292/640 513/2293/640
f 531/2294/641 513/2295/641 525/2296/641
f 532/2297/642 524/2298/642 518/2299/642
f 532/2300/643 518/2301/643 512/2302/643
f 532/2303/644 512/2304/644 514/2305/644
f 532/2306/645 514/2307/645 524/2308/645
f 533/2309/646 518/2310/646 517/2311/646
f 533/2312/647 517/2313/647 510/2314/647
f 533/2315/648 510/2316/648 512/2317/648
f 533/2318/649 512/2319/649 518/2320/649
o Body
v -0.16874999999999996 0.9335875427735616 -0.08035714285714353
v -0.16875000000000054 0.9335875427735616 0.11160714285714224
v -0.1214999999999999 0.8000000000000003 -0.08928571428571479
v -0.12150000000000043 0.8000000000000003 0.08928571428571382
v 0.16875000000000018 0.9335875427735616 -0.08035714285714253
v 0.1687499999999996 0.9335875427735616 0.11160714285714324
v 0.12150000000000018 0.8000000000000003 -0.08928571428571407
v 0.12149999999999965 0.8000000000000003 0.08928571428571454
v -6.101982099765442e-16 0.9335875427735616 0.15624999999999992
v -5.012475887799218e-16 0.8000000000000003 0.12499999999999993
v 2.394793354621751e-16 0.8000000000000003 -0.1250000000000002
v 3.15710445326077e-16 0.9335875427735616 -0.1562500000000002
v -0.12149999999999991 0.866793771386781 -0.0892857142857148
v -0.12150000000000044 0.866793771386781 0.0892857142857138
v -5.09427466613102e-16 0.866793771386781 0.12499999999999992
v 0.12149999999999964 0.866793771386781 0.08928571428571452
v 0.12150000000000016 0.866793771386781 -0.08928571428571408
v 2.3129945762899496e-16 0.866793771386781 -0.1250000000000002
v 0.16875000000000015 1.093892594101836 -0.08035714285714254
v 3.6524350425074633e-16 1.1339688569339044 -0.18125000000000024
v -6.347378434760845e-16 1.1339688569339044 0.1562499999999999
v 0.16874999999999957 1.093892594101836 0.11160714285714322
v -0.16875000000000057 1.093892594101836 0.11160714285714222
v -0.16874999999999998 1.093892594101836 -0.08035714285714354
v -0.10631250000000049 1.1105910369485312 0.09396350931676974
v 8.465292479599536e-17 1.1339688569339044 -0.08654891304347845
v -5.393289950818579e-16 1.1339688569339044 0.12404891304347815
v -0.10631250000000005 1.1105910369485312 -0.056463509316770674
v 0.10631250000000005 1.1105910369485312 -0.05646350931677004
v 0.1063124999999996 1.1105910369485312 0.09396350931677037
v -0.09095488903426249 1.1888992063737829 0.0794060559006207
v 1.7949543940941597e-17 1.1855595178044434 -0.06616847826086976
v -4.852616817670047e-16 1.1855595178044434 0.10366847826086943
v -0.09095488903426213 1.1888992063737829 -0.04190605590062158
v 0.09095488903426202 1.1888992063737829 -0.04190605590062104
v 0.09095488903426166 1.1888992063737829 0.07940605590062125
v 0.1661788963619809 1.156369820766897 0.15000000000000033
v -0.16617889636198213 1.156369820766897 0.14999999999999936
v 0.17739895154278584 0.8453462479707341 0.1187500000000004
v -0.17739895154278684 0.8453462479707341 0.11874999999999934
v 0.10035949789948155 1.1237591341457174 0.2568499734886152
v -0.10035949789948341 1.1237591341457174 0.25684997348861466
v -0.08819970542796339 0.8463510182386609 0.19873348715164277
v 0.0886426995977614 0.8495965607408913 0.20024055331730112
v 4.473828943479032e-16 1.091688399646072 -0.20722500000000027
v 0.13314375000000028 1.0642962740003534 -0.13025803571428554
v 0.1331437500000003 0.9716399543326106 -0.1302580357142855
v 4.1875278628944427e-16 0.975868000061394 -0.19277500000000022
v -0.13314374999999984 1.0642962740003534 -0.13025803571428632
v -0.1331437499999998 0.9716399543326106 -0.13025803571428632
vt 0.4765625 0.7890625
vt 0.4765625 0.796875
vt 0.453125 0.796875
vt 0.453125 0.7890625
vt 0.484375 0.6640625
vt 0.484375 0.671875
vt 0.4609375 0.671875
vt 0.4609375 0.6640625
vt 0.12867578125 0.7584953125
vt 0.13170859375 0.76987265625
vt 0.11047890625 0.76987265625
vt 0.11351171875 0.7584953125
vt 0.06987499999999999 0.8705359375
vt 0.0546875 0.875
vt 0.0546875 0.84375
vt 0.06987499999999999 0.8482140625
vt 0.5390625 0.7578125
vt 0.5390625 0.765625
vt 0.5234375 0.765625
vt 0.5234375 0.7578125
vt 0.296875 0.46875
vt 0.296875 0.4765625
vt 0.28125 0.4765625
vt 0.28125 0.46875
vt 0.5390625 0.6875
vt 0.5390625 0.6953125
vt 0.5234375 0.6953125
vt 0.5234375 0.6875
vt 0.0395 0.8482140625
vt 0.0546875 0.84375
vt 0.0546875 0.875
vt 0.0395 0.8705359375
vt 0.31243593750000004 0.89868125
vt 0.31243593750000004 0.90624921875
vt 0.29660625 0.90624921875
vt 0.29660625 0.89868125
vt 0.11351171875 0.78125
vt 0.11047890625 0.76987265625
vt 0.13170859375 0.76987265625
vt 0.12867578125 0.78125
vt 0.29023437500000004 0.89840859375
vt 0.2903562499999999 0.89140546875
vt 0.3120453125 0.89140546875
vt 0.311975 0.8984375
vt 0.125 0.5229488206481427
vt 0.1171875 0.5213343243434793
vt 0.1180777501240882 0.5055296901792787
vt 0.125 0.5
vt 0.35516171875 0.6484375
vt 0.3359375 0.64501328125
vt 0.3359375 0.63343125
vt 0.35425703125 0.63396015625
vt 0.115959765625 0.99218359375
vt 0.091964453125 0.99218359375
vt 0.091964453125 0.9721453125
vt 0.115959765625 0.9721453125
vt 0.0390625 0.6582806650068115
vt 0.0390625 0.6778070529641413
vt 0.0234375 0.6743788694388428
vt 0.026284879504429176 0.65625
vt 0.118973046875 0.94530859375
vt 0.094977734375 0.94530859375
vt 0.094977734375 0.9252703125
vt 0.118973046875 0.9252703125
vt 0.0029328412885241545 0.7560286533902336
vt 0.005602932715225573 0.7421663844709534
vt 0.011176836590333606 0.7359164500857323
vt 0.0065257812499999995 0.7578125
vt 0.35308694353170705 0.6053952331588697
vt 0.35667841855245835 0.6190471926195744
vt 0.34644658144754165 0.625
vt 0.34644658144754165 0.5999208715884151
vt 0.16763689663131232 0.9609375
vt 0.1602431466313123 0.94891171875
vt 0.16088064663131232 0.940321875
vt 0.17898299038131232 0.95766328125
vt 0.2641298142409309 0.73639375
vt 0.2603688767409309 0.75
vt 0.2563438767409309 0.75
vt 0.2619243454909309 0.72832265625
vt 0.5460583038326257 0.9347600237312504
vt 0.5346073590199758 0.9375
vt 0.53125 0.9296875
vt 0.5453343645345049 0.9296875
vt 0.390625 0.48070556129980846
vt 0.3880183330494108 0.4921875
vt 0.3811162001662487 0.4915281559040945
vt 0.3811162001662487 0.4774822980215291
vt 0.51930078125 0.96875
vt 0.50413671875 0.96875
vt 0.5023171875 0.9609375
vt 0.5211203125 0.9609375
vt 0.5460570872354409 0.9035097553013599
vt 0.5346061774199327 0.90625
vt 0.53125 0.8984375
vt 0.5453334445806018 0.8984375
vt 0.3203125 0.4807055880109802
vt 0.31770571539388986 0.4921875
vt 0.31080373319559185 0.49152731730008414
vt 0.31080373319559185 0.477482227296006
vt 0.51930078125 0.9375
vt 0.50413671875 0.9375
vt 0.5023171875 0.9296875
vt 0.5211203125 0.9296875
vt 0.5137366796718932 0.953125
vt 0.4862633203281068 0.953125
vt 0.50392652337298 0.9466776154169921
vt 0.4570516795101399 0.444005745966744
vt 0.4453125 0.444005745966744
vt 0.45058597467646 0.4375
vt 0.087165234375 1
vt 0.091964453125 0.99218359375
vt 0.115959765625 0.99218359375
vt 0.1328125 0.9504415601053844
vt 0.16088068105791284 0.9403214111268716
vt 0.1602431466313123 0.94891171875
vt 0.24150494229150393 0.5234375
vt 0.23505755770849607 0.5136273437010869
vt 0.24150494229150393 0.49596414065621364
vt 0.4296875 0.5936976608633562
vt 0.40336402958785095 0.6015625
vt 0.39985060667567635 0.5936976608633562
vt 0.123772265625 0.953125
vt 0.094977734375 0.94530859375
vt 0.118973046875 0.94530859375
vt 0.5625 0.5351766795101399
vt 0.555994254033256 0.52871097467646
vt 0.5625 0.5234375
vt 0.08563269659292122 0.4341933638830041
vt 0.08563269659292122 0.4453125
vt 0.078125 0.437828346473887
vt 0.32894463972002197 0.484375
vt 0.33511786027997803 0.48998379944759396
vt 0.32894463972002197 0.5114350803285521
vt 0.375 0.7991282800098376
vt 0.4001182182460665 0.7890625
vt 0.4022447657158422 0.7991282800098376
vt 0.091071484375 0.9610624999999999
vt 0.115959765625 0.9721453125
vt 0.091964453125 0.9721453125
vt 0.2109375 0.59375
vt 0.2109375 0.6209947657158422
vt 0.20087171999016235 0.6188682182460665
vt 0.34584495983572394 0.5078125
vt 0.37290504016427606 0.5078125
vt 0.3514537592833179 0.5139857205599561
vt 0.5591933638830041 0.921875
vt 0.5628283464738871 0.9143673034070787
vt 0.5703125 0.921875
vt 0.119866015625 0.9141874999999999
vt 0.118973046875 0.9252703125
vt 0.094977734375 0.9252703125
vt 0.2436826857590691 0.7374770343390149
vt 0.26192506791134423 0.7283198500062358
vt 0.2563438767409309 0.75
vt 0.2796744217183973 0.8053194868803949
vt 0.2700647611800767 0.8203125
vt 0.25 0.8053194868803949
vt 0.1953125 0.9998589530201165
vt 0.17545985458861732 0.9778034200244787
vt 0.1953125 0.96875
vt 0.2761365094077568 0.75
vt 0.2761365094077568 0.71889120844148
vt 0.2890625 0.7342030170434493
vt 0.0234375 0.75223359375
vt 0.0065257812499999995 0.7578125
vt 0.011177343749999997 0.7359140625
vt 0.29673379155852003 0.8308240094077568
vt 0.2809368086019693 0.84375
vt 0.265625 0.8308240094077568
vt 0.07798395302011646 0.8323526454113828
vt 0.046875 0.8323526454113827
vt 0.05592842002447876 0.8125
vt 0.10219448688039491 0.75
vt 0.10219448688039491 0.7203255782816027
vt 0.1171875 0.7403903394616794
vt 0.08647935075968377 0.484375
vt 0.08647935075968377 0.5027842926443159
vt 0.078125 0.4962587110995451
vt 0.44146953125 0.53125
vt 0.44932109375 0.543471875
vt 0.43349140625 0.543471875
vt 0.24142167060274014 0.4769090340006188
vt 0.25352369977555234 0.46875
vt 0.2578125 0.4769090340006188
vt 0.36408203125 0.728690625
vt 0.37338203125 0.7421875
vt 0.3515625 0.7421875
vt 0.5238916918669764 0.7734375
vt 0.5238916918669764 0.7896620448537977
vt 0.515625 0.7855824726835704
vt 0.46478046875 0.640625
vt 0.47275859375 0.6529625
vt 0.45692890625 0.6529625
vt 0.4851371025668557 0.578125
vt 0.4997606379210333 0.578125
vt 0.5 0.5887231116048615
vt 0.3156109375 0.635146875
vt 0.328125 0.6484375
vt 0.30630546875 0.6484375
vt 0.44371802301714036 0.7734375
vt 0.4632444486713179 0.7734375
vt 0.4625708800454851 0.78125
vt 0.4375 0.7808599751613273
vt 0.4921875 0.5159679687500001
vt 0.4921875 0.52755
vt 0.484375 0.53125
vt 0.484375 0.51121171875
vt 0.5095823457994116 0.6941620403291462
vt 0.49118838885759136 0.6941620403291462
vt 0.484375 0.6882525772501774
vt 0.5074911253065174 0.6875
vt 0.40792987090414423 0.515625
vt 0.40792987090414423 0.49609882858215015
vt 0.4137375338449435 0.48988086836070444
vt 0.4140625 0.5149521211920105
vt 0.421875 0.5302513590987161
vt 0.421875 0.5486449413933348
vt 0.4140625 0.5465534649731272
vt 0.4148179366150274 0.5234375
vt 0 0.5041125
vt 0 0.49253046875000006
vt 0.0078125 0.48777421875000004
vt 0.0078125 0.5078125
vn -1 -1.224646799147357e-16 -2.9629076969683865e-15
vn 1 1.224646799147357e-16 2.9629076969683865e-15
vn 0.03669334948326316 0.9993265722994158 -1.3663201195426186e-17
vn 1.224646799147353e-16 -1 1.224646799147357e-16
vn -0.2820136378753148 -1.5203059695334774e-16 -0.9594103960518309
vn -0.28201363787532047 8.295717716536581e-17 0.9594103960518291
vn 0.2820136378753148 1.5203059695334774e-16 0.9594103960518309
vn 1.224646799147353e-16 -1 1.224646799147357e-16
vn 0.28201363787532047 -8.295717716536581e-17 -0.9594103960518291
vn -0.0366933494832634 0.9993265722994158 -2.311012164184497e-16
vn 0.2813005446449046 -0.07106870284947302 -0.9569844528819543
vn -0.257283193564191 -0.4095055414284747 -0.8752774245053868
vn 0.500469973693447 -4.473437841053115e-17 -0.8657538942628445
vn 1 1.224646799147357e-16 2.9629076969683865e-15
vn -0.48067729128310605 -0.10856195717115208 -0.8701515058309702
vn -1 -1.224646799147357e-16 -2.9629076969683865e-15
vn -0.23597290704141202 0.9683439636468621 0.08140488444257934
vn -0.21476600595817855 0.97666553265935 -7.559388839415274e-16
vn 0.2329127485970097 0.9700264962712686 -0.06928382258992914
vn 0.21476600595817832 0.9766655326593501 5.167248202597631e-16
vn -0.2435756826844817 0.22322945791024743 0.9438429402850274
vn -0.22840318578288646 0.35769948227753096 -0.9054739450158767
vn -0.9813064897544227 0.19245148262835818 -2.931089060797606e-15
vn 0.24357568268448154 0.2232294579102471 -0.9438429402850276
vn 0.22840318578288646 0.3576994822775312 0.9054739450158765
vn 0.9813064897544227 0.1924514826283584 2.88395204235921e-15
vn -0.6074383719059817 0.7943668071717311 -1.897065704329355e-15
vn -0.3566974675882016 -0.4997285467144427 0.7893277495532732
vn 0.9991543035844301 0.041117850487503105 2.955366492150662e-15
vn 0.15673550893640245 0.9536445153796844 -0.25689709715116266
vn 0.6074383719059815 0.7943668071717314 1.7025019507790015e-15
vn -0.15673550893640117 0.9536445153796844 -0.25689709715116354
vn -0.9991543035844301 0.041117850487502855 -2.96543746094813e-15
vn 0.3566974675881971 -0.4997285467144427 0.7893277495532756
vn -0.45798084489240765 0.02703651949368526 0.8885508270916775
vn -0.35822130062707996 -0.9336367065283174 -9.470391284243636e-16
vn 0.8026309896974362 -0.5316268950319639 -0.2704742850179803
vn 0.9952308858724424 0.09754734135563943 2.9368311480764733e-15
vn -0.8026309896974344 -0.5316268950319641 -0.2704742850179851
vn 0.35822130062708013 -0.9336367065283172 1.17571416926764e-15
vn 0.45798084489240243 0.027036519493685372 0.8885508270916802
vn -0.9952308858724426 0.09754734135563921 -2.960723355947778e-15
vn 0.20359559409002081 0.9734823457485451 -0.1043118237930967
vn -0.7079524246276299 -2.0724690630764367e-19 0.7062601252115682
vn 0.21478907564735575 -0.542844037508445 0.8119027059470146
vn 0.9047204409174643 1.6296696058276487e-16 0.42600577905247855
vn -0.20359559409002037 0.9734823457485449 -0.10431182379309788
vn -0.9047204409174667 -5.862563783578705e-17 0.4260057790524732
vn -0.21478907564736047 -0.542844037508445 0.8119027059470134
vn 0.7079524246276258 1.7319108724745936e-16 0.7062601252115726
vn -0.7890424306563042 -0.6008907753220217 0.12783707895947488
vn 0.05896319362366784 -0.9778987046319788 -0.2005927847077151
vn 0.6500402274789856 -0.3220237707740983 0.6882938280382149
vn -0.2066293605476155 0.5892802157189744 0.7810589828699768
vn -0.6481069972292707 -0.3227227780711717 0.6897878867133602
vn -0.04913983134329058 -0.9847021016129294 -0.1671737062298765
vn 0.7858691787164152 -0.6024899453096523 0.1393395125022313
vn 0.2020277759059279 0.6131888423187873 0.763664992924417
vn 0.5146481933307437 0.4488135503453903 -0.7305502269712655
vn 0.8140207343699134 2.855691650850631e-17 -0.5808358150250954
vn 0.31166848018532256 -0.6351429418957164 -0.7067221531967326
vn -0.5021359763903405 0.5377702212631569 -0.6772463734396035
vn -0.3172755893189965 -0.6199473344405699 -0.717636051869132
vn -0.8140207343699101 -1.7082066084863237e-16 -0.5808358150251004
usemtl m_5ec4fc5d-6ec2-3614-e281-4cafd1b8b2e4
f 537/2321/650 547/2322/650 546/2323/650 536/2324/650
f 540/2325/651 550/2326/651 549/2327/651 541/2328/651
f 564/2329/652 566/2330/652 565/2331/652 567/2332/652
f 536/2333/653 544/2334/653 543/2335/653 537/2336/653
f 536/2337/654 546/2338/654 551/2339/654 544/2340/654
f 543/2341/655 548/2342/655 547/2343/655 537/2344/655
f 541/2345/656 549/2346/656 548/2347/656 543/2348/656
f 541/2349/657 543/2350/657 544/2351/657 540/2352/657
f 544/2353/658 551/2354/658 550/2355/658 540/2356/658
f 568/2357/659 565/2358/659 566/2359/659 569/2360/659
f 538/2361/660 550/2362/660 551/2363/660 545/2364/660
f 545/2365/661 551/2366/661 546/2367/661 534/2368/661
f 578/2369/662 579/2370/662 580/2371/662 581/2372/662
f 552/2373/663 555/2374/663 539/2375/663 538/2376/663
f 582/2377/664 578/2378/664 581/2379/664 583/2380/664
f 556/2381/665 557/2382/665 534/2383/665 535/2384/665
f 560/2385/666 558/2386/666 556/2387/666 554/2388/666
f 561/2389/667 559/2390/667 553/2391/667 557/2392/667
f 559/2393/668 562/2394/668 552/2395/668 553/2396/668
f 563/2397/669 560/2398/669 554/2399/669 555/2400/669
f 566/2401/670 564/2402/670 558/2403/670 560/2404/670
f 567/2405/671 565/2406/671 559/2407/671 561/2408/671
f 564/2409/672 567/2410/672 561/2411/672 558/2412/672
f 565/2413/673 568/2414/673 562/2415/673 559/2416/673
f 569/2417/674 566/2418/674 560/2419/674 563/2420/674
f 568/2421/675 569/2422/675 563/2423/675 562/2424/675
f 570/2425/676 562/2426/676 563/2427/676
f 570/2428/677 563/2429/677 555/2430/677
f 570/2431/678 555/2432/678 552/2433/678
f 570/2434/679 552/2435/679 562/2436/679
f 571/2437/680 558/2438/680 561/2439/680
f 571/2440/681 561/2441/681 557/2442/681
f 571/2443/682 557/2444/682 556/2445/682
f 571/2446/683 556/2447/683 558/2448/683
f 572/2449/684 539/2450/684 549/2451/684
f 572/2452/685 549/2453/685 550/2454/685
f 572/2455/686 550/2456/686 538/2457/686
f 572/2458/687 538/2459/687 539/2460/687
f 573/2461/688 534/2462/688 546/2463/688
f 573/2464/689 546/2465/689 547/2466/689
f 573/2467/690 547/2468/690 535/2469/690
f 573/2470/691 535/2471/691 534/2472/691
f 574/2473/692 555/2474/692 554/2475/692
f 574/2476/693 554/2477/693 542/2478/693
f 574/2479/694 542/2480/694 539/2481/694
f 574/2482/695 539/2483/695 555/2484/695
f 575/2485/696 554/2486/696 556/2487/696
f 575/2488/697 556/2489/697 535/2490/697
f 575/2491/698 535/2492/698 542/2493/698
f 575/2494/699 542/2495/699 554/2496/699
f 576/2497/700 535/2498/700 547/2499/700
f 576/2500/701 547/2501/701 548/2502/701
f 576/2503/702 548/2504/702 542/2505/702
f 576/2506/703 542/2507/703 535/2508/703
f 577/2509/704 542/2510/704 548/2511/704
f 577/2512/705 548/2513/705 549/2514/705
f 577/2515/706 549/2516/706 539/2517/706
f 577/2518/707 539/2519/707 542/2520/707
f 579/2521/708 578/2522/708 553/2523/708 552/2524/708
f 580/2525/709 579/2526/709 552/2527/709 538/2528/709
f 581/2529/710 580/2530/710 538/2531/710 545/2532/710
f 578/2533/711 582/2534/711 557/2535/711 553/2536/711
f 583/2537/712 581/2538/712 545/2539/712 534/2540/712
f 582/2541/713 583/2542/713 534/2543/713 557/2544/713