# Made in Blockbench 5.1.5
mtllib TexasRedBody.mtl

o tube
v -0.024951363241955918 0.8529138437958423 -0.12968750000000015
v -0.02495136324195591 0.8529138437958423 -0.15781250000000013
v -0.02671088421621058 0.8366130078716645 -0.12968750000000015
v -0.02671088421621058 0.8366130078716646 -0.15781250000000013
v 0.012294996857611713 0.8367186655022992 -0.12968750000000015
v 0.01229499685761172 0.8367186655022992 -0.15781250000000013
v 0.0009643336137316327 0.8243733277695975 -0.12968750000000015
v 0.0009643336137316397 0.8243733277695975 -0.15781250000000016
v 0.03290864819757902 0.8017236298677899 -0.12968750000000018
v 0.03290864819757902 0.8017236298677899 -0.15781250000000016
v 0.016334770928156585 0.7980492897378598 -0.12968750000000018
v 0.01633477092815659 0.7980492897378598 -0.15781250000000016
v 0.02901587659831833 0.7612956510671832 -0.12968750000000018
v 0.029015876598318335 0.7612956510671832 -0.1578125000000002
v 0.013529443094903615 0.7676957815834303 -0.12968750000000018
v 0.013529443094903622 0.7676957815834303 -0.1578125000000002
v 0.0021035885003069313 0.7308768429058508 -0.1296875000000002
v 0.0021035885003069313 0.7308768429058508 -0.1578125000000002
v -0.006380110003310763 0.744906811743504 -0.1296875000000002
v -0.006380110003310759 0.744906811743504 -0.1578125000000002
v -0.0375486367580441 0.7220861562041587 -0.12968750000000023
v -0.0375486367580441 0.7220861562041587 -0.15781250000000022
v -0.03578911578378943 0.7383869921283366 -0.1296875000000002
v -0.03578911578378943 0.7383869921283366 -0.1578125000000002
v -0.07479499685761169 0.7382813344977018 -0.1296875000000002
v -0.07479499685761169 0.738281334497702 -0.1578125000000002
v -0.06346433361373163 0.7506266722304036 -0.1296875000000002
v -0.06346433361373162 0.7506266722304036 -0.1578125000000002
v -0.09540864819757902 0.7732763701322112 -0.12968750000000018
v -0.09540864819757902 0.7732763701322112 -0.1578125000000002
v -0.07883477092815658 0.7769507102621412 -0.12968750000000018
v -0.07883477092815658 0.7769507102621414 -0.1578125000000002
v -0.09151587659831834 0.8137043489328178 -0.12968750000000018
v -0.09151587659831834 0.8137043489328178 -0.15781250000000016
v -0.07602944309490361 0.8073042184165707 -0.12968750000000018
v -0.07602944309490361 0.8073042184165707 -0.15781250000000016
v -0.06460358850030694 0.8441231570941503 -0.12968750000000015
v -0.06460358850030694 0.8441231570941504 -0.15781250000000013
v -0.056119889996689244 0.830093188256497 -0.12968750000000015
v -0.056119889996689244 0.830093188256497 -0.15781250000000013
vt 0.5 0.8984375
vt 0.5078125 0.8984375
vt 0.5078125 0.90625
vt 0.5 0.90625
vt 0.5078125 0.96875
vt 0.5 0.96875
vt 0.5 0.9609375
vt 0.5078125 0.9609375
vt 0.0839140625 0.57618359375
vt 0.08696015625 0.573940625
vt 0.08867734375 0.575140625
vt 0.08456953125 0.578125
vt 0.42831953125 0.609375
vt 0.43242734375 0.612359375
vt 0.43071015625 0.613559375
vt 0.4276640625 0.61131640625
vt 0 0.4921875
vt 0.0078125 0.4921875
vt 0.0078125 0.5
vt 0 0.5
vt 0.5 0.5390625
vt 0.4921875 0.5390625
vt 0.4921875 0.53125
vt 0.5 0.53125
vt 0.08696015625 0.573940625
vt 0.0881234375 0.5703125
vt 0.09024609375 0.5703125
vt 0.08867734375 0.575140625
vt 0.43242734375 0.612359375
vt 0.43399609375 0.6171875
vt 0.4318734375 0.6171875
vt 0.43071015625 0.613559375
vt 0.4921875 0.5
vt 0.5 0.5
vt 0.5 0.5078125
vt 0.4921875 0.5078125
vt 0.5 0.5546875
vt 0.4921875 0.5546875
vt 0.4921875 0.546875
vt 0.5 0.546875
vt 0.0881234375 0.5703125
vt 0.08696015625 0.566684375
vt 0.08867734375 0.565484375
vt 0.09024609375 0.5703125
vt 0.43399609375 0.6171875
vt 0.43242734375 0.622015625
vt 0.43071015625 0.620815625
vt 0.4318734375 0.6171875
vt 0.109375 0.4921875
vt 0.1171875 0.4921875
vt 0.1171875 0.5
vt 0.109375 0.5
vt 0.5078125 0.953125
vt 0.5 0.953125
vt 0.5 0.9453125
vt 0.5078125 0.9453125
vt 0.08696015625 0.566684375
vt 0.0839140625 0.56444140625
vt 0.08456953125 0.5625
vt 0.08867734375 0.565484375
vt 0.43242734375 0.622015625
vt 0.42831953125 0.625
vt 0.4276640625 0.62305859375
vt 0.43071015625 0.620815625
vt 0.4921875 0.6640625
vt 0.5 0.6640625
vt 0.5 0.671875
vt 0.4921875 0.671875
vt 0.5 0.65625
vt 0.4921875 0.65625
vt 0.4921875 0.6484375
vt 0.5 0.6484375
vt 0.0839140625 0.56444140625
vt 0.0801484375 0.56444140625
vt 0.07949296875 0.5625
vt 0.08456953125 0.5625
vt 0.42831953125 0.625
vt 0.42324296875 0.625
vt 0.4238984375 0.62305859375
vt 0.4276640625 0.62305859375
vt 0.5 0.9140625
vt 0.5078125 0.9140625
vt 0.5078125 0.921875
vt 0.5 0.921875
vt 0.0234375 0.5
vt 0.015625 0.5
vt 0.015625 0.4921875
vt 0.0234375 0.4921875
vt 0.0801484375 0.56444140625
vt 0.07710234375 0.566684375
vt 0.07538515625 0.565484375
vt 0.07949296875 0.5625
vt 0.42324296875 0.625
vt 0.41913515625 0.622015625
vt 0.42085234375 0.620815625
vt 0.4238984375 0.62305859375
vt 0.5 0.9921875
vt 0.5078125 0.9921875
vt 0.5078125 1
vt 0.5 1
vt 0.484375 0.5078125
vt 0.4765625 0.5078125
vt 0.4765625 0.5
vt 0.484375 0.5
vt 0.07710234375 0.566684375
vt 0.0759390625 0.5703125
vt 0.07381640625 0.5703125
vt 0.07538515625 0.565484375
vt 0.41913515625 0.622015625
vt 0.41756640625 0.6171875
vt 0.4196890625 0.6171875
vt 0.42085234375 0.620815625
vt 0.4921875 0.515625
vt 0.5 0.515625
vt 0.5 0.5234375
vt 0.4921875 0.5234375
vt 0.4296875 0.5078125
vt 0.421875 0.5078125
vt 0.421875 0.5
vt 0.4296875 0.5
vt 0.0759390625 0.5703125
vt 0.07710234375 0.573940625
vt 0.07538515625 0.575140625
vt 0.07381640625 0.5703125
vt 0.41756640625 0.6171875
vt 0.41913515625 0.612359375
vt 0.42085234375 0.613559375
vt 0.4196890625 0.6171875
vt 0.09375 0.4921875
vt 0.1015625 0.4921875
vt 0.1015625 0.5
vt 0.09375 0.5
vt 0.5078125 0.984375
vt 0.5 0.984375
vt 0.5 0.9765625
vt 0.5078125 0.9765625
vt 0.07710234375 0.573940625
vt 0.0801484375 0.57618359375
vt 0.07949296875 0.578125
vt 0.07538515625 0.575140625
vt 0.41913515625 0.612359375
vt 0.42324296875 0.609375
vt 0.4238984375 0.61131640625
vt 0.42085234375 0.613559375
vt 0.375 0.5
vt 0.3828125 0.5
vt 0.3828125 0.5078125
vt 0.375 0.5078125
vt 0.3984375 0.5078125
vt 0.390625 0.5078125
vt 0.390625 0.5
vt 0.3984375 0.5
vt 0.0801484375 0.57618359375
vt 0.0839140625 0.57618359375
vt 0.08456953125 0.578125
vt 0.07949296875 0.578125
vt 0.42324296875 0.609375
vt 0.42831953125 0.609375
vt 0.4276640625 0.61131640625
vt 0.4238984375 0.61131640625
vn 0.39874906892524614 0.917060074385124 5.422731345760607e-16
vn -0.4044705918552106 -0.9145510047691685 -5.413567336340076e-16
vn -5.598665330001949e-17 -5.810012924377755e-16 1
vn 5.598665330001949e-17 5.810012924377755e-16 -1
vn 0.8616291604415259 0.5075383629607042 3.534854281655637e-16
vn -0.8635682475205916 -0.5042319722847951 -3.518114740713085e-16
vn -5.598665330001949e-17 -5.810012924377755e-16 1
vn 5.598665330001949e-17 5.810012924377755e-16 -1
vn 0.995396198367179 -0.09584575252022409 2.9678302723630714e-17
vn -0.9957562670065899 0.09202965129294377 -3.1826646184088136e-17
vn -5.598665330001949e-17 -5.810012924377755e-16 1
vn 5.598665330001949e-17 5.810012924377755e-16 -1
vn 0.7489557207890021 -0.6626200482157376 -3.0546492563032066e-16
vn -0.7530808029344559 0.657928038809409 3.025168551047622e-16
vn -5.598665330001949e-17 -5.810012924377755e-16 1
vn 5.598665330001949e-17 5.810012924377755e-16 -1
vn 0.21643961393810277 -0.9762960071199335 -5.239309347644483e-16
vn -0.21643961393810277 0.9762960071199335 5.239309347644483e-16
vn -5.598665330001949e-17 -5.810012924377755e-16 1
vn 5.598665330001949e-17 5.810012924377755e-16 -1
vn -0.39874906892524653 -0.917060074385124 -5.422731345760607e-16
vn 0.40447059185521095 0.9145510047691684 5.4135673363400755e-16
vn -5.598665330001949e-17 -5.810012924377755e-16 1
vn 5.598665330001949e-17 5.810012924377755e-16 -1
vn -0.8616291604415257 -0.5075383629607044 -3.534854281655638e-16
vn 0.8635682475205915 0.5042319722847952 3.518114740713085e-16
vn -5.598665330001949e-17 -5.810012924377755e-16 1
vn 5.598665330001949e-17 5.810012924377755e-16 -1
vn -0.9953961983671789 0.0958457525202239 -2.9678302723630807e-17
vn 0.99575626700659 -0.09202965129294352 3.1826646184088284e-17
vn -5.598665330001949e-17 -5.810012924377755e-16 1
vn 5.598665330001949e-17 5.810012924377755e-16 -1
vn -0.7489557207890022 0.6626200482157374 3.054649256303205e-16
vn 0.7530808029344562 -0.6579280388094086 -3.02516855104762e-16
vn -5.598665330001949e-17 -5.810012924377755e-16 1
vn 5.598665330001949e-17 5.810012924377755e-16 -1
vn -0.21643961393810277 0.9762960071199335 5.239309347644483e-16
vn 0.21643961393810277 -0.9762960071199335 -5.239309347644483e-16
vn -5.598665330001949e-17 -5.810012924377755e-16 1
vn 5.598665330001949e-17 5.810012924377755e-16 -1
usemtl m_0152a11c-830e-9911-f60c-488da9c31993
f 1/1/1 5/2/1 6/3/1 2/4/1
f 4/5/2 8/6/2 7/7/2 3/8/2
f 3/9/3 7/10/3 5/11/3 1/12/3
f 2/13/4 6/14/4 8/15/4 4/16/4
f 5/17/5 9/18/5 10/19/5 6/20/5
f 8/21/6 12/22/6 11/23/6 7/24/6
f 7/25/7 11/26/7 9/27/7 5/28/7
f 6/29/8 10/30/8 12/31/8 8/32/8
f 9/33/9 13/34/9 14/35/9 10/36/9
f 12/37/10 16/38/10 15/39/10 11/40/10
f 11/41/11 15/42/11 13/43/11 9/44/11
f 10/45/12 14/46/12 16/47/12 12/48/12
f 13/49/13 17/50/13 18/51/13 14/52/13
f 16/53/14 20/54/14 19/55/14 15/56/14
f 15/57/15 19/58/15 17/59/15 13/60/15
f 14/61/16 18/62/16 20/63/16 16/64/16
f 17/65/17 21/66/17 22/67/17 18/68/17
f 20/69/18 24/70/18 23/71/18 19/72/18
f 19/73/19 23/74/19 21/75/19 17/76/19
f 18/77/20 22/78/20 24/79/20 20/80/20
f 21/81/21 25/82/21 26/83/21 22/84/21
f 24/85/22 28/86/22 27/87/22 23/88/22
f 23/89/23 27/90/23 25/91/23 21/92/23
f 22/93/24 26/94/24 28/95/24 24/96/24
f 25/97/25 29/98/25 30/99/25 26/100/25
f 28/101/26 32/102/26 31/103/26 27/104/26
f 27/105/27 31/106/27 29/107/27 25/108/27
f 26/109/28 30/110/28 32/111/28 28/112/28
f 29/113/29 33/114/29 34/115/29 30/116/29
f 32/117/30 36/118/30 35/119/30 31/120/30
f 31/121/31 35/122/31 33/123/31 29/124/31
f 30/125/32 34/126/32 36/127/32 32/128/32
f 33/129/33 37/130/33 38/131/33 34/132/33
f 36/133/34 40/134/34 39/135/34 35/136/34
f 35/137/35 39/138/35 37/139/35 33/140/35
f 34/141/36 38/142/36 40/143/36 36/144/36
f 37/145/37 1/146/37 2/147/37 38/148/37
f 40/149/38 4/150/38 3/151/38 39/152/38
f 39/153/39 3/154/39 1/155/39 37/156/39
f 38/157/40 2/158/40 4/159/40 40/160/40
o cylinder
v -0.03125 0.7875000000000005 -0.13124999999999995
v -0.03125 0.7875000000000005 -0.15624999999999994
v -0.030454921522030283 0.8459701918065439 -0.13124999999999992
v -0.030454921522030283 0.8459701918065439 -0.15624999999999992
v -0.014907100568907903 0.8083573201292406 -0.13124999999999995
v -0.014907100568907903 0.8083573201292406 -0.15624999999999994
v 0.02585590577946644 0.8037925939120546 -0.13124999999999995
v 0.02585590577946644 0.8037925939120546 -0.15624999999999994
v -0.006259908483431689 0.778690148083996 -0.13124999999999998
v -0.006259908483431689 0.778690148083996 -0.15624999999999997
v 0.0010258425564563245 0.7379645831881269 -0.13124999999999998
v 0.0010258425564563245 0.737964583188127 -0.15625
v -0.03214817349188248 0.7611978919508163 -0.13124999999999998
v -0.03214817349188248 0.7611978919508163 -0.15624999999999997
v -0.0706308077596694 0.7394582330434363 -0.13124999999999998
v -0.0706308077596694 0.7394582330434363 -0.15625
v -0.05679519326234586 0.7800542551658372 -0.13124999999999998
v -0.05679519326234586 0.7800542551658372 -0.15624999999999997
v -0.09008698995199088 0.8062093701452365 -0.13124999999999995
v -0.09008698995199088 0.8062093701452366 -0.15624999999999994
v -0.04613962419343208 0.8092003846701128 -0.13124999999999995
v -0.04613962419343208 0.8092003846701128 -0.15624999999999994
vt 0.166244921875 0.5480671875
vt 0.165694921875 0.553125
vt 0.163554296875 0.5461359375
vt 0.125 0.4921875
vt 0.1328125 0.4921875
vt 0.1328125 0.5
vt 0.125 0.5
vt 0.454757421875 0.790625
vt 0.455307421875 0.7956828125
vt 0.452616796875 0.7976140625
vt 0.170976953125 0.54609375
vt 0.166244921875 0.5480671875
vt 0.163554296875 0.5461359375
vt 0.5 0.8359375
vt 0.5078125 0.8359375
vt 0.5078125 0.84375
vt 0.5 0.84375
vt 0.455307421875 0.7956828125
vt 0.460039453125 0.79765625
vt 0.452616796875 0.7976140625
vt 0.166244921875 0.5442046875
vt 0.170976953125 0.54609375
vt 0.163554296875 0.5461359375
vt 0.15625 0.4921875
vt 0.1640625 0.4921875
vt 0.1640625 0.5
vt 0.15625 0.5
vt 0.460039453125 0.79765625
vt 0.455307421875 0.7995453125
vt 0.452616796875 0.7976140625
vt 0.165694921875 0.5390625
vt 0.166244921875 0.5442046875
vt 0.163554296875 0.5461359375
vt 0.5 0.8828125
vt 0.5078125 0.8828125
vt 0.5078125 0.890625
vt 0.5 0.890625
vt 0.455307421875 0.7995453125
vt 0.454757421875 0.8046875
vt 0.452616796875 0.7976140625
vt 0.16252617187500001 0.5430109375000001
vt 0.165694921875 0.5390625
vt 0.163554296875 0.5461359375
vt 0.5 0.7265625
vt 0.5078125 0.7265625
vt 0.5078125 0.734375
vt 0.5 0.734375
vt 0.454757421875 0.8046875
vt 0.451588671875 0.8007390624999999
vt 0.452616796875 0.7976140625
vt 0.157148046875 0.5417484375
vt 0.16252617187500001 0.5430109375000001
vt 0.163554296875 0.5461359375
vt 0.5 0.8515625
vt 0.5078125 0.8515625
vt 0.5078125 0.859375
vt 0.5 0.859375
vt 0.451588671875 0.8007390624999999
vt 0.446210546875 0.8020015625
vt 0.452616796875 0.7976140625
vt 0.160228515625 0.5461359375
vt 0.157148046875 0.5417484375
vt 0.163554296875 0.5461359375
vt 0.171875 0.4921875
vt 0.1796875 0.4921875
vt 0.1796875 0.5
vt 0.171875 0.5
vt 0.446210546875 0.8020015625
vt 0.449291015625 0.7976140625
vt 0.452616796875 0.7976140625
vt 0.157148046875 0.5504390625
vt 0.160228515625 0.5461359375
vt 0.163554296875 0.5461359375
vt 0.5 0.765625
vt 0.5078125 0.765625
vt 0.5078125 0.7734375
vt 0.5 0.7734375
vt 0.449291015625 0.7976140625
vt 0.446210546875 0.7933109375
vt 0.452616796875 0.7976140625
vt 0.16252617187500001 0.5492609374999999
vt 0.157148046875 0.5504390625
vt 0.163554296875 0.5461359375
vt 0.140625 0.4921875
vt 0.1484375 0.4921875
vt 0.1484375 0.5
vt 0.140625 0.5
vt 0.446210546875 0.7933109375
vt 0.451588671875 0.7944890625000001
vt 0.452616796875 0.7976140625
vt 0.165694921875 0.553125
vt 0.16252617187500001 0.5492609374999999
vt 0.163554296875 0.5461359375
vt 0.5 0.7109375
vt 0.5078125 0.7109375
vt 0.5078125 0.71875
vt 0.5 0.71875
vt 0.451588671875 0.7944890625000001
vt 0.454757421875 0.790625
vt 0.452616796875 0.7976140625
vn -1.8666584477508668e-17 -5.843554111813641e-16 1
vn 0.9241567541774037 0.38201347320256396 2.558033097291345e-16
vn 1.8666584477508668e-17 5.843554111813641e-16 -1
vn -1.8666584477508668e-17 -5.843554111813641e-16 1
vn 0.11128648786720816 0.9937883666144325 5.6010988949837495e-16
vn 1.8666584477508668e-17 5.843554111813641e-16 -1
vn -1.8666584477508668e-17 -5.843554111813641e-16 1
vn 0.6158263177278567 -0.7878819368368264 -4.1170982183028093e-16
vn 1.8666584477508668e-17 5.843554111813641e-16 -1
vn -1.8666584477508668e-17 -5.843554111813641e-16 1
vn 0.9843717739869732 0.1761028409133123 1.435759774496645e-16
vn 1.8666584477508668e-17 5.843554111813641e-16 -1
vn -1.8666584477508668e-17 -5.843554111813641e-16 1
vn -0.5736528557697166 -0.8190985295233101 -4.837958087761716e-16
vn 1.8666584477508668e-17 5.843554111813641e-16 -1
vn -1.8666584477508668e-17 -5.843554111813641e-16 1
vn 0.49186184889438017 -0.8706732576588084 -4.636416821157677e-16
vn 1.8666584477508668e-17 5.843554111813641e-16 -1
vn -1.8666584477508668e-17 -5.843554111813641e-16 1
vn -0.9465382308390657 0.3225916576107502 1.3666608524168218e-16
vn 1.8666584477508668e-17 5.843554111813641e-16 -1
vn -1.8666584477508668e-17 -5.843554111813641e-16 1
vn -0.6177817508848052 -0.7863496094446186 -4.675342377108639e-16
vn 1.8666584477508668e-17 5.843554111813641e-16 -1
vn -1.8666584477508668e-17 -5.843554111813641e-16 1
vn -0.06790193705505096 0.9976920000401788 5.540568253210667e-16
vn 1.8666584477508668e-17 5.843554111813641e-16 -1
vn -1.8666584477508668e-17 -5.843554111813641e-16 1
vn -0.919812010514955 0.39235935736571476 1.7685692821819168e-16
vn 1.8666584477508668e-17 5.843554111813641e-16 -1
usemtl m_0152a11c-830e-9911-f60c-488da9c31993
f 45/161/41 43/162/41 41/163/41
f 43/164/42 45/165/42 46/166/42 44/167/42
f 44/168/43 46/169/43 42/170/43
f 47/171/44 45/172/44 41/173/44
f 45/174/45 47/175/45 48/176/45 46/177/45
f 46/178/46 48/179/46 42/180/46
f 49/181/47 47/182/47 41/183/47
f 47/184/48 49/185/48 50/186/48 48/187/48
f 48/188/49 50/189/49 42/190/49
f 51/191/50 49/192/50 41/193/50
f 49/194/51 51/195/51 52/196/51 50/197/51
f 50/198/52 52/199/52 42/200/52
f 53/201/53 51/202/53 41/203/53
f 51/204/54 53/205/54 54/206/54 52/207/54
f 52/208/55 54/209/55 42/210/55
f 55/211/56 53/212/56 41/213/56
f 53/214/57 55/215/57 56/216/57 54/217/57
f 54/218/58 56/219/58 42/220/58
f 57/221/59 55/222/59 41/223/59
f 55/224/60 57/225/60 58/226/60 56/227/60
f 56/228/61 58/229/61 42/230/61
f 59/231/62 57/232/62 41/233/62
f 57/234/63 59/235/63 60/236/63 58/237/63
f 58/238/64 60/239/64 42/240/64
f 61/241/65 59/242/65 41/243/65
f 59/244/66 61/245/66 62/246/66 60/247/66
f 60/248/67 62/249/67 42/250/67
f 43/251/68 61/252/68 41/253/68
f 61/254/69 43/255/69 44/256/69 62/257/69
f 62/258/70 44/259/70 42/260/70
o Toe
v -0.21249999999999955 0.03124999999999989 -0.22500000000000053
v -0.21250000000000002 0.09374999999999978 0.012499999999999515
v -0.21249999999999955 -1.1102230246251565e-16 -0.22500000000000053
v -0.2125 -1.1102230246251565e-16 0.012499999999999527
v -0.06249999999999964 0.03124999999999989 -0.22500000000000026
v -0.0625000000000001 0.09374999999999978 0.012499999999999801
v -0.062499999999999625 -1.1102230246251565e-16 -0.22500000000000026
v -0.06250000000000008 -1.1102230246251565e-16 0.012499999999999813
v -0.21249999999999983 0.09374999999999978 -0.08125000000000038
v -0.2124999999999998 -1.1102230246251565e-16 -0.08125000000000038
v -0.0624999999999999 -1.1102230246251565e-16 -0.08125000000000009
v -0.06249999999999992 0.09374999999999978 -0.0812500000000001
vt 0.25078125 0.60546875
vt 0.26875 0.60546875
vt 0.26875 0.6171875
vt 0.25078125 0.609375
vt 0.40546875 0.609375
vt 0.3875 0.6171875
vt 0.3875 0.60546875
vt 0.40546875 0.60546875
vt 0.015625 0.8984375
vt 0.015625 0.921875
vt 0 0.921875
vt 0 0.8984375
vt 0.26015625 0.678125
vt 0.26015625 0.66015625
vt 0.27890625 0.66015625
vt 0.27890625 0.678125
vt 0.484375 0.640625
vt 0.484375 0.6484375
vt 0.46875 0.6484375
vt 0.46875 0.640625
vt 0.4375 0.6015625
vt 0.421875 0.6015625
vt 0.421875 0.5859375
vt 0.4375 0.5859375
vt 0.28046875 0.6171875
vt 0.26875 0.6171875
vt 0.26875 0.60546875
vt 0.28046875 0.60546875
vt 0.27890625 0.6484375
vt 0.27890625 0.66015625
vt 0.26015625 0.66015625
vt 0.26015625 0.6484375
vt 0.37578125 0.60546875
vt 0.3875 0.60546875
vt 0.3875 0.6171875
vt 0.37578125 0.6171875
vt 0.421875 0.578125
vt 0.421875 0.5625
vt 0.4375 0.5625
vt 0.4375 0.578125
vn -1 -1.2246467991473554e-16 -1.908195823574488e-15
vn 1 1.2246467991473554e-16 1.908195823574488e-15
vn 6.4853880965270665e-16 0.9170700562532355 -0.39872611141444914
vn 1.2246467991473535e-16 -1 1.2246467991473554e-16
vn 1.908195823574488e-15 -1.2246467991473535e-16 -1
vn -1.908195823574488e-15 1.2246467991473535e-16 1
vn -1 -1.2246467991473554e-16 -1.908195823574488e-15
vn 1.2246467991473535e-16 -1 1.2246467991473554e-16
vn 1 1.2246467991473554e-16 1.908195823574488e-15
vn -1.2246467991473535e-16 1 -1.2246467991473554e-16
usemtl m_0152a11c-830e-9911-f60c-488da9c31993
f 65/261/71 72/262/71 71/263/71 63/264/71
f 67/265/72 74/266/72 73/267/72 69/268/72
f 63/269/73 71/270/73 74/271/73 67/272/73
f 69/273/74 73/274/74 72/275/74 65/276/74
f 65/277/75 63/278/75 67/279/75 69/280/75
f 68/281/76 64/282/76 66/283/76 70/284/76
f 64/285/77 71/286/77 72/287/77 66/288/77
f 66/289/78 72/290/78 73/291/78 70/292/78
f 70/293/79 73/294/79 74/295/79 68/296/79
f 68/297/80 74/298/80 71/299/80 64/300/80
o Shin
v -0.037500000000000255 0.45624999999999993 0.05416666666666652
v -0.23749999999999985 0.45624999999999993 -0.10000000000000049
v -0.23750000000000024 0.45624999999999993 0.10624999999999947
v -0.2624999999999998 0.09583333333333316 -0.11250000000000052
v -0.26250000000000034 0.1687499999999999 0.16874999999999946
v -0.037499999999999964 0.45624999999999993 -0.10000000000000012
v -0.03750000000000035 0.45624999999999993 0.10624999999999984
v -0.012499999999999883 0.09583333333333321 -0.11250000000000004
v -0.01250000000000043 0.16874999999999996 0.16874999999999993
v -0.22013888888888872 0.09583333333333321 -0.11250000000000045
v -0.21388888888888927 0.16874999999999996 0.16874999999999954
v -0.054861111111110944 0.09583333333333321 -0.11250000000000013
v -0.06111111111111148 0.16874999999999996 0.16874999999999984
v -0.19097222222222252 0.41249999999999976 0.10624999999999955
v -0.08402777777777809 0.41249999999999976 0.10624999999999975
v -0.19097222222222213 0.41249999999999976 -0.10000000000000041
v -0.08402777777777769 0.41249999999999976 -0.10000000000000021
v -0.23750000000000013 0.45624999999999993 0.03749999999999945
v -0.2625000000000001 0.09583333333333316 0.056707317073170185
v -0.2375 0.45624999999999993 -0.02291666666666719
v -0.26249999999999996 0.09583333333333316 -0.027896341463415183
v -0.22013888888888897 0.09583333333333321 0.0158536585365849
v -0.05486111111111119 0.09583333333333321 0.015853658536585217
v -0.012500000000000205 0.09583333333333321 0.056707317073170664
v -0.012500000000000044 0.09583333333333321 -0.027896341463414707
v -0.03750000000000011 0.45624999999999993 -0.022916666666666807
v -0.2201388888888887 -1.1102230246251565e-16 -0.11250000000000043
v -0.26249999999999996 -1.6653345369377348e-16 -0.027896341463415172
v -0.22013888888888894 -1.1102230246251565e-16 0.01585365853658491
v -0.2624999999999998 -1.6653345369377348e-16 -0.11250000000000052
v -0.2625000000000001 -1.6653345369377348e-16 0.0567073170731702
v -0.21388888888888902 -1.1102230246251565e-16 0.05670731707317029
v -0.26250000000000034 -1.6653345369377348e-16 0.16874999999999948
v -0.21388888888888924 -1.1102230246251565e-16 0.16874999999999957
v -0.06111111111111125 -1.1102230246251565e-16 0.05670731707317058
v -0.061111111111111456 -1.1102230246251565e-16 0.16874999999999987
v -0.05486111111111117 -1.1102230246251565e-16 0.015853658536585227
v -0.012500000000000032 -1.1102230246251565e-16 -0.027896341463414697
v -0.012500000000000193 -1.1102230246251565e-16 0.05670731707317068
v -0.012500000000000408 -1.1102230246251565e-16 0.16874999999999996
v -0.01249999999999987 -1.1102230246251565e-16 -0.11250000000000003
v -0.05486111111111093 -1.1102230246251565e-16 -0.11250000000000011
v -0.1374999999999999 0.3687499999999998 -0.10000000000000032
v -0.13749999999999984 0.09583333333333321 -0.11250000000000028
v -0.1375000000000001 0.09583333333333321 0.015853658536585057
v -0.13750000000000007 -1.1102230246251565e-16 0.01585365853658507
v -0.13750000000000015 -1.1102230246251565e-16 0.056707317073170435
v -0.13750000000000037 -1.1102230246251565e-16 0.1687499999999997
v -0.1375000000000004 0.16874999999999996 0.1687499999999997
v -0.1375000000000003 0.3687499999999998 0.10624999999999964
v -0.08402777777777798 0.41249999999999976 0.054166666666666426
v -0.08402777777777784 0.41249999999999976 -0.0229166666666669
v -0.19097222222222243 0.41249999999999976 0.05416666666666622
v -0.19097222222222227 0.41249999999999976 -0.022916666666667106
v -0.1375000000000002 0.3687499999999998 0.05416666666666633
v -0.13750000000000004 0.3687499999999998 -0.022916666666667
vt 0.181640625 0.77515234375
vt 0.19221640625 0.77515234375
vt 0.19283828125 0.8203125
vt 0.183203125 0.8203125
vt 0.03555395640022121 0.8359369098566483
vt 0.025918800150221202 0.8359369098566483
vt 0.026540675150221203 0.7907767536066482
vt 0.0371164564002212 0.7907767536066482
vt 0.362109375 0.96076640625
vt 0.37174453125 0.96076640625
vt 0.37174453125 0.96875
vt 0.362109375 0.96875
vt 0.046875 0.75390625
vt 0.046875 0.74333046875
vt 0.0521703125 0.7378617187500001
vt 0.0521703125 0.75390625
vt 0.18750498536832952 0.8455418681257774
vt 0.19280029771197538 0.845543154938922
vt 0.19643598349659352 0.8851581021161187
vt 0.19061903065740113 0.8906215324505469
vt 0.29914489839472086 0.78125
vt 0.2931061663245074 0.7760282846870621
vt 0.295508249556756 0.7445346171331098
vt 0.30144752969016947 0.7444347957214639
vt 0.0728296875 0.75390625
vt 0.0728296875 0.7378617187500001
vt 0.078125 0.74333046875
vt 0.078125 0.75390625
vt 0.0717015625 0.5859375
vt 0.08203125 0.5859375
vt 0.08203125 0.6019820312499999
vt 0.0717015625 0.6019820312499999
vt 0.109375 0.7835609375
vt 0.1154515625 0.7835609375
vt 0.11831562500000001 0.815015625
vt 0.1125 0.8203125
vt 0.2931061663245074 0.7760282846870621
vt 0.28622590780983054 0.7708082946657139
vt 0.28622590780983054 0.744616396017285
vt 0.2955020272992868 0.7446161970323981
vt 0.098828125 0.640625
vt 0.08919296875 0.640625
vt 0.08919296875 0.63264140625
vt 0.098828125 0.63264140625
vt 0.362109375 0.96076640625
vt 0.362109375 0.9521296875
vt 0.37174453125 0.9521296875
vt 0.37174453125 0.96076640625
vt 0.21562834195065103 0.890625
vt 0.20980857606470696 0.8851600711154247
vt 0.21345282246078015 0.8455458193761711
vt 0.21874501463167048 0.8455458193761711
vt 0.19280029771197538 0.845543154938922
vt 0.2031299849024377 0.8455456837439813
vt 0.20312162465990583 0.8796956827206481
vt 0.19643591239736036 0.8851573274088054
vt 0.208984375 0.8203125
vt 0.200390625 0.8203125
vt 0.20279140625 0.77515234375
vt 0.216796875 0.7842445312499999
vt 0.200390625 0.8203125
vt 0.19283828125 0.8203125
vt 0.19221640625 0.77515234375
vt 0.20279140625 0.77515234375
vt 0.078125 0.71875
vt 0.078125 0.73275546875
vt 0.0720484375 0.73275546875
vt 0.0720484375 0.71875
vt 0.078125 0.73275546875
vt 0.078125 0.74333046875
vt 0.0728296875 0.7378617187500001
vt 0.0720484375 0.73275546875
vt 0.0529515625 0.71875
vt 0.0625 0.71875
vt 0.0625 0.73275546875
vt 0.0529515625 0.73275546875
vt 0.0529515625 0.73275546875
vt 0.0625 0.73275546875
vt 0.0625 0.7378617187500001
vt 0.0521703125 0.7378617187500001
vt 0.0529515625 0.71875
vt 0.0529515625 0.73275546875
vt 0.046875 0.73275546875
vt 0.046875 0.71875
vt 0.0529515625 0.73275546875
vt 0.0521703125 0.7378617187500001
vt 0.046875 0.74333046875
vt 0.046875 0.73275546875
vt 0.0019460435997787975 0.7998701033502236
vt 0.015965675150221202 0.7907767536066482
vt 0.01628286558232763 0.8359373273207176
vt 0.009778927615478075 0.8359375
vt 0.015965675150221202 0.7907767536066482
vt 0.026540675150221203 0.7907767536066482
vt 0.025918800150221202 0.8359369098566483
vt 0.016282862650221205 0.8359369098566483
vt 0.387890625 0.96875
vt 0.38138046875 0.96875
vt 0.38138046875 0.96076640625
vt 0.387890625 0.96076640625
vt 0.38138046875 0.96875
vt 0.37174453125 0.96875
vt 0.37174453125 0.96076640625
vt 0.38138046875 0.96076640625
vt 0.38138046875 0.96076640625
vt 0.38138046875 0.9521296875
vt 0.387890625 0.9521296875
vt 0.387890625 0.96076640625
vt 0.37174453125 0.96076640625
vt 0.37174453125 0.9521296875
vt 0.38138046875 0.9521296875
vt 0.38138046875 0.96076640625
vt 0.073046875 0.63264140625
vt 0.07955703125 0.63264140625
vt 0.081640625 0.640625
vt 0.073046875 0.640625
vt 0.07955703125 0.63264140625
vt 0.08919296875 0.63264140625
vt 0.08919296875 0.640625
vt 0.081640625 0.640625
vt 0.109375 0.9453125
vt 0.125 0.9453125
vt 0.125 0.9609375
vt 0.109375 0.9609375
vt 0.181640625 0.7631734375
vt 0.19221640625 0.7631734375
vt 0.19221640625 0.77515234375
vt 0.181640625 0.77515234375
vt 0.21344970213167047 0.8335669131261711
vt 0.21874501463167048 0.8335669131261711
vt 0.21874501463167048 0.8455458193761711
vt 0.21344970213167047 0.8455458193761711
vt 0.19221640625 0.7631734375
vt 0.20279140625 0.7631734375
vt 0.20279140625 0.77515234375
vt 0.19221640625 0.77515234375
vt 0.20279140625 0.7631734375
vt 0.216796875 0.7631734375
vt 0.216796875 0.7842671875
vt 0.20279140625 0.77515234375
vt 0.109375 0.7624671875
vt 0.1154515625 0.7624671875
vt 0.1154515625 0.7835609375
vt 0.109375 0.7835609375
vt 0.1345484375 0.7835609375
vt 0.125 0.7835609375
vt 0.125 0.7624671875
vt 0.1345484375 0.7624671875
vt 0.4232640625 0.81614609375
vt 0.43359375 0.81614609375
vt 0.43359375 0.828125
vt 0.4232640625 0.828125
vt 0.015965675150221202 0.7787978473566483
vt 0.026540675150221203 0.7787978473566483
vt 0.026540675150221203 0.7907767536066482
vt 0.015965675150221202 0.7907767536066482
vt 0.0019602064002212025 0.7787978473566483
vt 0.015965675150221202 0.7787978473566483
vt 0.015965675150221202 0.7907767536066482
vt 0.0019602064002212025 0.7998915973566483
vt 0.1345484375 0.7624671875
vt 0.140625 0.7624671875
vt 0.140625 0.7835609375
vt 0.1345484375 0.7835609375
vt 0.026540675150221203 0.7787978473566483
vt 0.0371164564002212 0.7787978473566483
vt 0.0371164564002212 0.7907767536066482
vt 0.026540675150221203 0.7907767536066482
vt 0.421875 0.6875
vt 0.4375 0.6875
vt 0.4375 0.703125
vt 0.421875 0.703125
vt 0.18750789636064966 0.8335629622294772
vt 0.19280320870429551 0.8335642490426218
vt 0.19280029771197538 0.845543154938922
vt 0.18750498536832952 0.8455418681257774
vt 0.20980857606470696 0.8851600711154247
vt 0.20312162465990583 0.8796956827206481
vt 0.2031299849147435 0.8455456334771452
vt 0.21345265527918508 0.8455476366994455
vt 0.0923609375 0.6019820312499999
vt 0.08203125 0.6019820312499999
vt 0.08203125 0.5859375
vt 0.0923609375 0.5859375
vt 0.4439234375 0.828125
vt 0.43359375 0.828125
vt 0.43359375 0.81614609375
vt 0.4439234375 0.81614609375
vt 0.0728296875 0.7378617187500001
vt 0.0625 0.7378617187500001
vt 0.0625 0.73275546875
vt 0.0720484375 0.73275546875
vt 0.0720484375 0.73275546875
vt 0.0625 0.73275546875
vt 0.0625 0.71875
vt 0.0720484375 0.71875
vt 0.1154515625 0.7624671875
vt 0.125 0.7624671875
vt 0.125 0.7835609375
vt 0.1154515625 0.7835609375
vt 0.27667747030983053 0.744616396017285
vt 0.28622590780983054 0.744616396017285
vt 0.28622590780983054 0.7708085835172851
vt 0.2795415328098306 0.7760281147672851
vt 0.073046875 0.63264140625
vt 0.073046875 0.62400546875
vt 0.07955703125 0.62400546875
vt 0.07955703125 0.63264140625
vt 0.07955703125 0.63264140625
vt 0.07955703125 0.62400546875
vt 0.08919296875 0.62400546875
vt 0.08919296875 0.63264140625
vt 0.08919296875 0.63264140625
vt 0.08919296875 0.62400546875
vt 0.098828125 0.62400546875
vt 0.098828125 0.63264140625
vn -0.9976029529064444 0.06919789268715207 -1.91209608610036e-15
vn 0.9976029529064443 0.06919789268715235 1.895147490542947e-15
vn -0.6850254537681366 0.7285191333724589 -1.3963805724027953e-15
vn 1.2246467991473535e-16 -1 1.2246467991473554e-16
vn 1.9018805399601092e-15 0.03944296671351368 -0.9992218234090151
vn -0.21077265678467597 0.22415504769163627 0.9514879934850936
vn 1.2246467991473535e-16 -1 1.2246467991473554e-16
vn 1.2246467991473535e-16 -1 1.2246467991473554e-16
vn -1.8788175514020082e-15 0.2483753502677042 0.9686638660440449
vn -0.23708522585581723 0.2897708316015522 0.9272666611249651
vn 0.6850254537681365 0.7285191333724591 1.2179448474423579e-15
vn -0.6332377902572626 0.7739572992033213 -1.3031241396130537e-15
vn 0.034116295469618446 0.036282409467687446 -0.9987590626105222
vn 1.9005942844625656e-15 0.04575356140995442 -0.9989527574506742
vn -0.9976029529064443 0.06919789268715205 -1.91209608610036e-15
vn -0.9976029529064443 0.06919789268715205 -1.91209608610036e-15
vn 1.2246467991473535e-16 -1 1.2246467991473554e-16
vn 1.2246467991473535e-16 -1 1.2246467991473554e-16
vn 1.2246467991473535e-16 -1 1.2246467991473554e-16
vn 1.2246467991473535e-16 -1 1.2246467991473554e-16
vn 1.2246467991473535e-16 -1 1.2246467991473554e-16
vn 1.2246467991473535e-16 -1 1.2246467991473554e-16
vn 0.9966237990134087 0.06881428368381938 -0.04478389890534084
vn 0.9976029529064444 0.06919789268715236 1.895147490542947e-15
vn -0.6850254537681366 0.7285191333724589 -1.3963805724027953e-15
vn -0.6850254537681366 0.728519133372459 -1.3963805724027953e-15
vn -0.6332377902572625 0.7739572992033212 -1.3031241396130535e-15
vn -0.6332377902572626 0.7739572992033211 -1.3031241396130537e-15
vn 0.6850254537681365 0.728519133372459 1.217944847442358e-15
vn 0.6850254537681365 0.7285191333724591 1.2179448474423579e-15
vn 1 1.2246467991473554e-16 1.908195823574488e-15
vn -1 -1.2246467991473554e-16 -1.908195823574488e-15
vn 1.908195823574488e-15 -1.2246467991473535e-16 -1
vn -1 -1.2246467991473554e-16 -1.908195823574488e-15
vn -1 -1.2246467991473554e-16 -1.908195823574488e-15
vn -1.908195823574488e-15 1.2246467991473535e-16 1
vn -1.908195823574488e-15 1.2246467991473535e-16 1
vn 1.908195823574488e-15 -1.2246467991473535e-16 -1
vn 1 1.2246467991473554e-16 1.908195823574488e-15
vn 1 1.2246467991473554e-16 1.908195823574488e-15
vn -1.908195823574488e-15 1.2246467991473535e-16 1
vn 1 1.2246467991473554e-16 1.908195823574488e-15
vn -1 -1.2246467991473554e-16 -1.908195823574488e-15
vn 1.908195823574488e-15 -1.2246467991473535e-16 -1
vn 0.03740852984608991 0.045721536478552254 -0.9982535464483935
vn 1.2246467991473535e-16 -1 1.2246467991473554e-16
vn 1.908195823574488e-15 -1.2246467991473535e-16 -1
vn 1.2246467991473535e-16 -1 1.2246467991473554e-16
vn 1.2246467991473535e-16 -1 1.2246467991473554e-16
vn -1.908195823574488e-15 1.2246467991473535e-16 1
vn -1.857862859332876e-15 0.2982749931359472 0.9544799780350296
vn 0.6332377902572622 0.7739572992033215 1.1135592737838374e-15
vn 0.6332377902572622 0.7739572992033215 1.1135592737838374e-15
vn 0.6332377902572621 0.7739572992033215 1.1135592737838372e-15
usemtl m_0152a11c-830e-9911-f60c-488da9c31993
f 78/301/81 95/302/81 94/303/81 76/304/81
f 80/305/82 100/306/82 99/307/82 82/308/82
f 91/309/83 126/310/83 100/311/83 80/312/83
f 115/313/84 112/314/84 111/315/84 116/316/84
f 82/317/85 86/318/85 91/319/85 80/320/85
f 81/321/86 89/322/86 87/323/86 83/324/86
f 101/325/87 103/326/87 102/327/87 104/328/87
f 97/329/88 119/330/88 118/331/88 86/332/88
f 79/333/89 85/334/89 88/335/89 77/336/89
f 89/337/90 124/338/90 123/339/90 87/340/90
f 76/341/91 94/342/91 128/343/91 90/344/91
f 91/345/92 117/346/92 130/347/92 126/348/92
f 76/349/93 90/350/93 84/351/93 78/352/93
f 86/353/94 118/354/94 117/355/94 91/356/94
f 77/357/95 92/358/95 93/359/95 79/360/95
f 92/361/96 94/362/96 95/363/96 93/364/96
f 107/365/97 105/366/97 106/367/97 108/368/97
f 105/369/98 102/370/98 103/371/98 106/372/98
f 110/373/99 122/374/99 121/375/99 109/376/99
f 109/377/100 121/378/100 120/379/100 111/380/100
f 110/381/101 109/382/101 113/383/101 114/384/101
f 109/385/102 111/386/102 112/387/102 113/388/102
f 83/389/103 98/390/103 75/391/103 81/392/103
f 98/393/104 99/394/104 100/395/104 75/396/104
f 81/397/105 75/398/105 125/399/105 89/400/105
f 75/401/106 100/402/106 126/403/106 125/404/106
f 125/405/107 129/406/107 124/407/107 89/408/107
f 126/409/108 130/410/108 129/411/108 125/412/108
f 88/413/109 127/414/109 92/415/109 77/416/109
f 127/417/110 128/418/110 94/419/110 92/420/110
f 103/421/111 101/422/111 84/423/111 96/424/111
f 104/425/112 102/426/112 95/427/112 78/428/112
f 101/429/113 104/430/113 78/431/113 84/432/113
f 102/433/114 105/434/114 93/435/114 95/436/114
f 105/437/115 107/438/115 79/439/115 93/440/115
f 107/441/116 108/442/116 85/443/116 79/444/116
f 87/445/117 123/446/117 122/447/117 110/448/117
f 111/449/118 120/450/118 119/451/118 97/452/118
f 113/453/119 112/454/119 99/455/119 98/456/119
f 114/457/120 113/458/120 98/459/120 83/460/120
f 110/461/121 114/462/121 83/463/121 87/464/121
f 112/465/122 115/466/122 82/467/122 99/468/122
f 116/469/123 111/470/123 97/471/123 86/472/123
f 115/473/124 116/474/124 86/475/124 82/476/124
f 90/477/125 117/478/125 118/479/125 84/480/125
f 84/481/126 118/482/126 119/483/126 96/484/126
f 96/485/127 119/486/127 120/487/127 103/488/127
f 103/489/128 120/490/128 121/491/128 106/492/128
f 106/493/129 121/494/129 122/495/129 108/496/129
f 108/497/130 122/498/130 123/499/130 85/500/130
f 85/501/131 123/502/131 124/503/131 88/504/131
f 88/505/132 124/506/132 129/507/132 127/508/132
f 127/509/133 129/510/133 130/511/133 128/512/133
f 128/513/134 130/514/134 117/515/134 90/516/134
o Spurs
v -0.286853448275862 0.11579552327702569 0.16483094400209258
v -0.3256465517241378 0.11579552327702573 0.16483094400209258
v -0.28685344827586196 0.15615481975714576 0.1594199313891138
v -0.3256465517241378 0.15615481975714582 0.1594199313891138
v -0.2868534482758619 0.18816620744300167 0.13473803124072026
v -0.3256465517241377 0.18816620744300172 0.13473803124072026
v -0.2868534482758619 0.2032522608555687 0.09739873876933958
v -0.3256465517241377 0.20325226085556874 0.0973987387693396
v -0.28685344827586196 0.19737068416597675 0.05740708723862779
v -0.3256465517241378 0.1973706841659768 0.05740708723862781
v -0.286853448275862 0.17209744109842373 0.025478807380225926
v -0.3256465517241378 0.17209744109842376 0.025478807380225947
v -0.2868534482758621 0.1342044767229759 0.010169055997907656
v -0.3256465517241379 0.13420447672297595 0.01016905599790767
v -0.2868534482758621 0.09384518024285579 0.0155800686108864
v -0.3256465517241379 0.09384518024285585 0.015580068610886427
v -0.2868534482758621 0.061833792556999875 0.040261968759279974
v -0.3256465517241379 0.06183379255699992 0.040261968759279995
v -0.2868534482758621 0.046747739144432865 0.07760126123066058
v -0.3256465517241379 0.04674773914443291 0.0776012612306606
v -0.2868534482758621 0.052629315834024804 0.11759291276137243
v -0.3256465517241379 0.05262931583402486 0.11759291276137246
v -0.286853448275862 0.07790255890157786 0.1495211926197743
v -0.3256465517241379 0.0779025589015779 0.14952119261977434
v -0.286853448275862 0.11472203656492481 0.1738497881275011
v -0.29978448275862046 0.13457503122735126 0.25233231911933207
v -0.312715517241379 0.13457503122735126 0.25233231911933207
v -0.3256465517241378 0.11472203656492486 0.17384978812750113
v -0.2868534482758619 0.1955330666773365 0.14024724163571692
v -0.3256465517241377 0.19553306667733655 0.14024724163571695
v -0.29978448275862035 0.27397866847954255 0.16317048491809832
v -0.3127155172413789 0.27397866847954255 0.16317048491809832
v -0.28685344827586196 0.20581103011241247 0.05389745350821594
v -0.3256465517241377 0.20581103011241253 0.05389745350821595
v -0.29978448275862046 0.264403637252192 -0.001661834201233503
v -0.312715517241379 0.26440363725219207 -0.001661834201233503
v -0.2868534482758621 0.13527796343507678 0.0011502118724991128
v -0.3256465517241379 0.13527796343507684 0.0011502118724991406
v -0.2997844827586208 0.11542496877265036 -0.07733231911933186
v -0.31271551724137936 0.11542496877265038 -0.07733231911933186
v -0.2868534482758621 0.05446693332266504 0.03475275836428331
v -0.3256465517241379 0.054466933322665084 0.03475275836428333
v -0.2997844827586208 -0.023978668479540832 0.011829515081901887
v -0.31271551724137936 -0.023978668479540832 0.0118295150819019
v -0.2868534482758621 0.04418896988758908 0.12110254649178427
v -0.3256465517241379 0.044188969887589136 0.12110254649178429
v -0.2997844827586207 -0.014403637252190515 0.17666183420123385
v -0.31271551724137925 -0.014403637252190515 0.17666183420123385
v -0.35 0.047246647458293586 0.07770610486098815
v -0.35 0.05306173526967392 0.1175033546157414
v -0.34999999999999987 0.12500000000000086 0.08750000000000015
v -0.35 0.07815262302044168 0.14926122973098216
v -0.34999999999999987 0.11579622760039865 0.16447023321625323
v -0.34999999999999987 0.15590597556214889 0.15905512486999412
v -0.34999999999999976 0.1877344923307256 0.13446687860051196
v -0.34999999999999976 0.2027533525417081 0.09729389513901208
v -0.34999999999999987 0.19693826473032777 0.05749664538425888
v -0.34999999999999987 0.17184737697956004 0.02573877026901815
v -0.35 0.1342037723996031 0.010529766783747022
v -0.35 0.09409402443785282 0.015944875130006142
v -0.35 0.06226550766927612 0.04053312139948832
v -0.26249999999999984 0.202753352541708 0.09729389513901204
v -0.26249999999999984 0.18773449233072548 0.1344668786005119
v -0.26249999999999996 0.12500000000000075 0.08750000000000009
v -0.26249999999999984 0.1969382647303277 0.05749664538425883
v -0.26249999999999996 0.17184737697955993 0.025738770269018094
v -0.26249999999999996 0.134203772399603 0.01052976678374698
v -0.2625 0.09409402443785272 0.0159448751300061
v -0.26250000000000007 0.06226550766927602 0.04053312139948828
v -0.26250000000000007 0.04724664745829349 0.07770610486098811
v -0.2625 0.05306173526967381 0.11750335461574136
v -0.26249999999999996 0.07815262302044157 0.1492612297309821
v -0.26249999999999984 0.11579622760039855 0.16447023321625318
v -0.26249999999999984 0.1559059755621488 0.15905512486999407
vt 0.2374015625 0.61776015625
vt 0.23300625 0.620265625
vt 0.23046875 0.6109140625
vt 0.484375 0.8976727471417902
vt 0.48756734410969765 0.8879348510153138
vt 0.4921875 0.8881896864827288
vt 0.4921875 0.8984375
vt 0.38925625 0.660984375
vt 0.3936515625 0.66348984375
vt 0.38671875 0.6703359375
vt 0.2399390625 0.6134195312499999
vt 0.2374015625 0.61776015625
vt 0.23046875 0.6109140625
vt 0.49943117715229834 0.8733926088486048
vt 0.5151361294041856 0.8701762720089173
vt 0.515625 0.875
vt 0.4995940815016609 0.875
vt 0.3936515625 0.66348984375
vt 0.3961890625 0.6678304687500001
vt 0.38671875 0.6703359375
vt 0.2399390625 0.60840859375
vt 0.2399390625 0.6134195312499999
vt 0.23046875 0.6109140625
vt 0.4765625 0.5304923208357326
vt 0.47975559391915046 0.5206540345493125
vt 0.484375 0.5209065128786237
vt 0.484375 0.53125
vt 0.3961890625 0.6678304687500001
vt 0.3961890625 0.67284140625
vt 0.38671875 0.6703359375
vt 0.2374015625 0.60406796875
vt 0.2399390625 0.60840859375
vt 0.23046875 0.6109140625
vt 0.0625 0.5062049572742422
vt 0.078357201511215 0.5029883171392393
vt 0.07884156286118899 0.5078125
vt 0.06266140175181215 0.5078125
vt 0.3961890625 0.67284140625
vt 0.3936515625 0.67718203125
vt 0.38671875 0.6703359375
vt 0.23300625 0.6015625
vt 0.2374015625 0.60406796875
vt 0.23046875 0.6109140625
vt 0.1953125 0.5148582847451011
vt 0.19850463483017666 0.5051479262254847
vt 0.203125 0.505403415614323
vt 0.203125 0.515625
vt 0.3936515625 0.67718203125
vt 0.38925625 0.6796875
vt 0.38671875 0.6703359375
vt 0.22793125 0.6015625
vt 0.23300625 0.6015625
vt 0.23046875 0.6109140625
vt 0.4914262991867648 0.8187049123067364
vt 0.5073294845854246 0.815488182193233
vt 0.5078125 0.8203125
vt 0.49158725243802837 0.8203125
vt 0.38925625 0.6796875
vt 0.38418125 0.6796875
vt 0.38671875 0.6703359375
vt 0.2235359375 0.60406796875
vt 0.22793125 0.6015625
vt 0.23046875 0.6109140625
vt 0.484375 0.9211102471417902
vt 0.48756734410969765 0.9113723510153138
vt 0.4921875 0.9116271864827288
vt 0.4921875 0.921875
vt 0.38418125 0.6796875
vt 0.3797859375 0.67718203125
vt 0.38671875 0.6703359375
vt 0.2209984375 0.60840859375
vt 0.2235359375 0.60406796875
vt 0.23046875 0.6109140625
vt 0.49943117715229834 0.8030801088486048
vt 0.5151361294041856 0.7998637720089173
vt 0.515625 0.8046875
vt 0.4995940815016609 0.8046875
vt 0.3797859375 0.67718203125
vt 0.3772484375 0.67284140625
vt 0.38671875 0.6703359375
vt 0.2209984375 0.6134195312499999
vt 0.2209984375 0.60840859375
vt 0.23046875 0.6109140625
vt 0.4609375 0.5226798208357326
vt 0.46413059391915046 0.5128415345493125
vt 0.46875 0.5130940128786237
vt 0.46875 0.5234375
vt 0.3772484375 0.67284140625
vt 0.3772484375 0.6678304687500001
vt 0.38671875 0.6703359375
vt 0.2235359375 0.61776015625
vt 0.2209984375 0.6134195312499999
vt 0.23046875 0.6109140625
vt 0.03125 0.5062049572742422
vt 0.047107201511214995 0.5029883171392393
vt 0.047591562861188985 0.5078125
vt 0.03141140175181215 0.5078125
vt 0.3772484375 0.6678304687500001
vt 0.3797859375 0.66348984375
vt 0.38671875 0.6703359375
vt 0.22793125 0.620265625
vt 0.2235359375 0.61776015625
vt 0.23046875 0.6109140625
vt 0.484375 0.8429832847451011
vt 0.48756713483017666 0.8332729262254847
vt 0.4921875 0.833528415614323
vt 0.4921875 0.84375
vt 0.3797859375 0.66348984375
vt 0.38418125 0.660984375
vt 0.38671875 0.6703359375
vt 0.23300625 0.620265625
vt 0.22793125 0.620265625
vt 0.23046875 0.6109140625
vt 0.4914262991867648 0.7874549123067364
vt 0.5073294845854246 0.784238182193233
vt 0.5078125 0.7890625
vt 0.49158725243802837 0.7890625
vt 0.38418125 0.660984375
vt 0.38925625 0.660984375
vt 0.38671875 0.6703359375
vt 0.4921875 0.488815660640197
vt 0.5014476175814511 0.48442613110161503
vt 0.5025816216918324 0.484375
vt 0.5040511035980655 0.488815660640197
vt 0.213190659606378 0.9505712348913391
vt 0.2050010456881719 0.9567308549828306
vt 0.21028392471515664 0.9459205079145341
vt 0.21378152109845355 0.949615080889359
vt 0.171875 0.5079765965227028
vt 0.171875 0.5240072974300878
vt 0.1640625 0.5124111782378573
vt 0.16614895730714535 0.5078125
vt 0.140625 0.5150551099544378
vt 0.140625 0.5310857884933813
vt 0.1348462806176812 0.53125
vt 0.1328125 0.5266510946686411
vt 0.5078125 0.504376683124843
vt 0.5172062093898333 0.500048755343016
vt 0.5183551754104481 0.5
vt 0.5198272088249951 0.504376683124843
vt 0.20798881511254644 0.941940869917911
vt 0.19817210340921576 0.9386823648100753
vt 0.2102338217560306 0.9369833150815156
vt 0.2091256688464732 0.9418905160552498
vt 0.4765625 0.890810301884336
vt 0.4765625 0.9069902443542608
vt 0.46875 0.8952321689170654
vt 0.4708165727873104 0.890625
vt 0.19817210340921576 0.9386823648100753
vt 0.2130688855077334 0.9323661605728985
vt 0.21367976383476622 0.9333321860555014
vt 0.21022343912152247 0.9369847776104717
vt 0.47240736583203996 0.48877834989559976
vt 0.4816552247757969 0.4844248416652811
vt 0.48279710628097977 0.484375
vt 0.484375 0.48877834989559976
vt 0.2130688855077334 0.9323661605728985
vt 0.21111698458606212 0.9223321698596878
vt 0.21856208249259754 0.9319146846991456
vt 0.2136734466307481 0.9333221962100767
vt 0.0234375 0.5079705267080725
vt 0.0234375 0.5241955139555757
vt 0.015625 0.5124831566888985
vt 0.017687466034453835 0.5078125
vt 0.21111698458606212 0.9223321698596878
vt 0.224045011806965 0.9321359862797982
vt 0.22349159272659444 0.9331271003163226
vt 0.218555680088455 0.9319064442255516
vt 0.5078125 0.520065660640197
vt 0.5170726175814511 0.5156761311016151
vt 0.5182066216918324 0.515625
vt 0.5196761035980655 0.520065660640197
vt 0.224045011806965 0.9321359862797982
vt 0.23195404780376086 0.9256200177867675
vt 0.22715468927660817 0.9366535381804871
vt 0.22349703781783023 0.9331173487436982
vt 0.15625 0.5079765965227028
vt 0.15625 0.5240072974300878
vt 0.1484375 0.5124111782378573
vt 0.15052395730714535 0.5078125
vt 0.23195404780376086 0.9256200177867675
vt 0.22966498530376087 0.9414864240367675
vt 0.22851498530376085 0.9414864240367675
vt 0.22715873530376085 0.9366442365367675
vt 0 0.48093918312484296
vt 0.009393709389833273 0.47661125534301596
vt 0.010542675410448066 0.4765625
vt 0.012014708824995057 0.48093918312484296
vt 0.22966498530376087 0.9414864240367675
vt 0.23932789659078424 0.9451761163902325
vt 0.22720281114408847 0.9463397840267742
vt 0.2285270169721153 0.9414864240367675
vt 0.109375 0.507997801884336
vt 0.109375 0.5241777443542608
vt 0.1015625 0.5124196689170654
vt 0.10362907278731034 0.5078125
vt 0.23932789659078424 0.9451761163902325
vt 0.22416622015999674 0.9508269677123387
vt 0.2235986857439467 0.949834857713359
vt 0.22721324832450945 0.9463387823506106
vt 0.5114698658320399 0.5356533498955998
vt 0.5207177247757969 0.5312998416652811
vt 0.5218596062809797 0.53125
vt 0.5234375 0.5356533498955998
vt 0.22416622015999674 0.9508269677123387
vt 0.22567221607665014 0.9609375
vt 0.21865842624053275 0.9510349333821425
vt 0.22360455472068863 0.9498451173035174
vt 0.0078125 0.5079705267080725
vt 0.0078125 0.5241955139555757
vt 0 0.5124831566888985
vt 0.002062466034453833 0.5078125
vt 0.22567221607665014 0.9609375
vt 0.213190659606378 0.9505712348913391
vt 0.2137873923529216 0.9496055798074108
vt 0.21866445774175214 0.951043449083928
vt 0.078125 0.84375
vt 0.070334375 0.84375
vt 0.0703125 0.8359375
vt 0.078125 0.8359375
vt 0.0625 0.5703125
vt 0.05471171875 0.5703125
vt 0.0546875 0.5625
vt 0.0625 0.5625
vt 0.52206875 0.953125
vt 0.51699375 0.953125
vt 0.5169765625 0.9453125
vt 0.5220859375 0.9453125
vt 0.11716328125 0.484375
vt 0.11209765625 0.484375
vt 0.11209765625 0.4765625
vt 0.1171875 0.4765625
vt 0.148415625 0.484375
vt 0.14338515625 0.484375
vt 0.14338515625 0.4765625
vt 0.1484375 0.4765625
vt 0.20953671875 0.484375
vt 0.20452578125 0.484375
vt 0.2045140625 0.4765625
vt 0.2095484375 0.4765625
vt 0.1640625 0.921875
vt 0.156271875 0.921875
vt 0.15625 0.9140625
vt 0.1640625 0.9140625
vt 0.328125 0.5078125
vt 0.32033671875 0.5078125
vt 0.3203125 0.5
vt 0.328125 0.5
vt 0.10019375 0.484375
vt 0.09511875 0.484375
vt 0.0951015625 0.4765625
vt 0.1002109375 0.4765625
vt 0.52341328125 0.90625
vt 0.51834765625 0.90625
vt 0.51834765625 0.8984375
vt 0.5234375 0.8984375
vt 0.523415625 0.859375
vt 0.51838515625 0.859375
vt 0.51838515625 0.8515625
vt 0.5234375 0.8515625
vt 0.52203671875 0.7890625
vt 0.51702578125 0.7890625
vt 0.5170140625 0.78125
vt 0.5220484375 0.78125
vt 0.17327578125 0.4765625
vt 0.17828671875 0.4765625
vt 0.1782984375 0.484375
vt 0.1732640625 0.484375
vt 0.031271875 0.84375
vt 0.0390625 0.84375
vt 0.0390625 0.8515625
vt 0.03125 0.8515625
vt 0.25783671875 0.6875
vt 0.265625 0.6875
vt 0.265625 0.6953125
vt 0.2578125 0.6953125
vt 0.51699375 0.9140625
vt 0.52206875 0.9140625
vt 0.5220859375 0.921875
vt 0.5169765625 0.921875
vt 0.12772265625 0.4765625
vt 0.13278828125 0.4765625
vt 0.1328125 0.484375
vt 0.12772265625 0.484375
vt 0.51838515625 0.8359375
vt 0.523415625 0.8359375
vt 0.5234375 0.84375
vt 0.51838515625 0.84375
vt 0.51702578125 0.8203125
vt 0.52203671875 0.8203125
vt 0.5220484375 0.828125
vt 0.5170140625 0.828125
vt 0.070334375 0.9921875
vt 0.078125 0.9921875
vt 0.078125 1
vt 0.0703125 1
vt 0.09377421875 0.7578125
vt 0.1015625 0.7578125
vt 0.1015625 0.765625
vt 0.09375 0.765625
vt 0.51699375 0.9609375
vt 0.52206875 0.9609375
vt 0.5220859375 0.96875
vt 0.5169765625 0.96875
vt 0.51834765625 0.8828125
vt 0.52341328125 0.8828125
vt 0.5234375 0.890625
vt 0.51834765625 0.890625
vt 0.15901015625 0.4765625
vt 0.164040625 0.4765625
vt 0.1640625 0.484375
vt 0.15901015625 0.484375
vn 1 -1.2654131710132954e-15 -7.20807575837894e-16
vn -1.04101256048816e-15 -0.9694633803800988 0.2452361190811665
vn -1 1.2654131710132954e-15 7.20807575837894e-16
vn 1 -1.2654131710132954e-15 -7.20807575837894e-16
vn 1.3513221576255563e-15 0.8784855980346633 0.47776882908544804
vn -1 1.2654131710132954e-15 7.20807575837894e-16
vn 1 -1.2654131710132954e-15 -7.20807575837894e-16
vn 2.169247417533018e-16 -0.2804879737572762 0.9598575397305256
vn -1 1.2654131710132954e-15 7.20807575837894e-16
vn 1 -1.2654131710132954e-15 -7.20807575837894e-16
vn 7.276568770319158e-16 0.8484446985004513 -0.5292840386658928
vn -1 1.2654131710132954e-15 7.20807575837894e-16
vn 1 -1.2654131710132954e-15 -7.20807575837894e-16
vn 1.263259263242403e-15 0.6880741896084875 0.7256403445196686
vn -1 1.2654131710132954e-15 7.20807575837894e-16
vn 1 -1.2654131710132954e-15 -7.20807575837894e-16
vn -6.093183972130413e-16 -0.02177242838215937 -0.9997629525854336
vn -1 1.2654131710132954e-15 7.20807575837894e-16
vn 1 -1.2654131710132954e-15 -7.20807575837894e-16
vn 1.04101256048816e-15 0.9694633803800987 -0.24523611908116622
vn -1 1.2654131710132954e-15 7.20807575837894e-16
vn 1 -1.2654131710132954e-15 -7.20807575837894e-16
vn -1.3513221576255563e-15 -0.8784855980346633 -0.4777688290854481
vn -1 1.2654131710132954e-15 7.20807575837894e-16
vn 1 -1.2654131710132954e-15 -7.20807575837894e-16
vn -2.1692474175330072e-16 0.28048797375727696 -0.9598575397305253
vn -1 1.2654131710132954e-15 7.20807575837894e-16
vn 1 -1.2654131710132954e-15 -7.20807575837894e-16
vn -7.276568770319172e-16 -0.8484446985004521 0.5292840386658918
vn -1 1.2654131710132954e-15 7.20807575837894e-16
vn 1 -1.2654131710132954e-15 -7.20807575837894e-16
vn -1.263259263242403e-15 -0.6880741896084878 -0.7256403445196683
vn -1 1.2654131710132954e-15 7.20807575837894e-16
vn 1 -1.2654131710132954e-15 -7.20807575837894e-16
vn 6.093183972130422e-16 0.021772428382160203 0.9997629525854335
vn -1 1.2654131710132954e-15 7.20807575837894e-16
vn 0.913265521995509 0.4045094521087824 0.048147580301850415
vn -0.9873876606933308 0.0520711859770946 0.14951320711392288
vn 0.9851088575548889 0.0752641101290122 0.15458283376038082
vn -0.9947970743134892 -0.06101278536909087 0.08158566638097352
vn 0.911315103367584 0.24656910406372592 -0.3297096590871142
vn -0.9875761816486943 0.15465145618556747 0.02786059116150665
vn 0.9852556068053276 0.17079362881555268 0.010046174131515975
vn -0.9948620540907743 0.038870636846603815 0.09348030231778619
vn 0.9122887489810011 -0.15724427594575813 -0.37815800423232365
vn -0.9872634206827047 0.10253784474325359 -0.12164262648140012
vn 0.9848864120940267 0.09548251418287573 -0.14450551808796766
vn -0.9949270466030885 0.0998939330093211 0.011890083497828711
vn 0.9132655219955084 -0.4045094521087835 -0.04814758030185215
vn -0.9873876606933311 -0.05207118597709199 -0.14951320711392138
vn 0.9851088575548885 -0.07526411012901472 -0.15458283376038218
vn -0.9947970743134892 0.06101278536909339 -0.08158566638097202
vn 0.9113151033675833 -0.24656910406372912 0.3297096590871141
vn -0.9875761816486947 -0.15465145618556522 -0.027860591161505285
vn 0.9852556068053273 -0.17079362881555557 -0.010046174131517413
vn -0.9948620540907746 -0.0388706368466012 -0.0934803023177849
vn 0.9122887489810036 0.15724427594575416 0.3781580042323195
vn -0.9872634206827049 -0.10253784474325095 0.12164262648140134
vn 0.9848864120940267 -0.09548251418287801 0.1445055180879661
vn -0.9949270466030887 -0.09989393300931858 -0.011890083497827074
vn -0.019644661959780013 -0.9893017969349919 0.14455463270916633
vn -0.016209962491391658 -0.7845527339806211 0.6198501792526647
vn -0.013742507824759354 -0.37457121829658147 0.9270962980739924
vn -0.014672871394612479 0.13377906751788038 0.9909025521912252
vn -0.0180981449651497 0.6112459167665185 0.7912337748005192
vn -0.02060276309133423 0.926987051031271 0.37452707962622694
vn -0.01964466195977846 0.989301796934992 -0.14455463270916616
vn -0.0162099624913908 0.7845527339806211 -0.6198501792526645
vn -0.01374250782475953 0.3745712182965828 -0.9270962980739921
vn -0.014672871394612628 -0.13377906751788082 -0.990902552191225
vn -0.01809814496515244 -0.6112459167665185 -0.7912337748005192
vn -0.020602763091337493 -0.9269870510312707 -0.3745270796262275
vn 0.020602763091336882 0.9269870510312711 0.37452707962622694
vn 0.01809814496515223 0.9893306803796932 -0.14455885309545582
vn 0.014672871394613778 0.7845713599066217 -0.6198648950047997
vn 0.013742507824757605 0.3745712182965828 -0.9270962980739921
vn 0.016209962491390825 -0.1337758915683887 -0.9908790279096185
vn 0.019644661959778643 -0.6112280714818367 -0.7912106747820589
vn 0.020602763091333614 -0.9269870510312709 -0.3745270796262276
vn 0.0180981449651494 -0.9893306803796933 0.14455885309545602
vn 0.014672871394612689 -0.7845713599066217 0.6198648950047998
vn 0.013742507824759487 -0.37457121829658147 0.9270962980739924
vn 0.016209962491391776 0.13377589156838823 0.9908790279096185
vn 0.019644661959780728 0.6112280714818368 0.7912106747820586
usemtl m_0152a11c-830e-9911-f60c-488da9c31993
f 204/517/135 203/518/135 194/519/135
f 155/520/136 156/521/136 157/522/136 158/523/136
f 183/524/137 184/525/137 181/526/137
f 193/527/138 204/528/138 194/529/138
f 156/530/139 159/531/139 160/532/139 157/533/139
f 184/534/140 185/535/140 181/536/140
f 192/537/141 193/538/141 194/539/141
f 159/540/142 161/541/142 162/542/142 160/543/142
f 185/544/143 186/545/143 181/546/143
f 195/547/144 192/548/144 194/549/144
f 161/550/145 163/551/145 164/552/145 162/553/145
f 186/554/146 187/555/146 181/556/146
f 196/557/147 195/558/147 194/559/147
f 163/560/148 165/561/148 166/562/148 164/563/148
f 187/564/149 188/565/149 181/566/149
f 197/567/150 196/568/150 194/569/150
f 165/570/151 167/571/151 168/572/151 166/573/151
f 188/574/152 189/575/152 181/576/152
f 198/577/153 197/578/153 194/579/153
f 167/580/154 169/581/154 170/582/154 168/583/154
f 189/584/155 190/585/155 181/586/155
f 199/587/156 198/588/156 194/589/156
f 169/590/157 171/591/157 172/592/157 170/593/157
f 190/594/158 191/595/158 181/596/158
f 200/597/159 199/598/159 194/599/159
f 171/600/160 173/601/160 174/602/160 172/603/160
f 191/604/161 179/605/161 181/606/161
f 201/607/162 200/608/162 194/609/162
f 173/610/163 175/611/163 176/612/163 174/613/163
f 179/614/164 180/615/164 181/616/164
f 202/617/165 201/618/165 194/619/165
f 175/620/166 177/621/166 178/622/166 176/623/166
f 180/624/167 182/625/167 181/626/167
f 203/627/168 202/628/168 194/629/168
f 177/630/169 155/631/169 158/632/169 178/633/169
f 182/634/170 183/635/170 181/636/170
f 156/637/171 155/638/171 131/639/171 133/640/171
f 158/641/172 157/642/172 134/643/172 132/644/172
f 159/645/173 156/646/173 133/647/173 135/648/173
f 157/649/174 160/650/174 136/651/174 134/652/174
f 161/653/175 159/654/175 135/655/175 137/656/175
f 160/657/176 162/658/176 138/659/176 136/660/176
f 163/661/177 161/662/177 137/663/177 139/664/177
f 162/665/178 164/666/178 140/667/178 138/668/178
f 165/669/179 163/670/179 139/671/179 141/672/179
f 164/673/180 166/674/180 142/675/180 140/676/180
f 167/677/181 165/678/181 141/679/181 143/680/181
f 166/681/182 168/682/182 144/683/182 142/684/182
f 169/685/183 167/686/183 143/687/183 145/688/183
f 168/689/184 170/690/184 146/691/184 144/692/184
f 171/693/185 169/694/185 145/695/185 147/696/185
f 170/697/186 172/698/186 148/699/186 146/700/186
f 173/701/187 171/702/187 147/703/187 149/704/187
f 172/705/188 174/706/188 150/707/188 148/708/188
f 175/709/189 173/710/189 149/711/189 151/712/189
f 174/713/190 176/714/190 152/715/190 150/716/190
f 177/717/191 175/718/191 151/719/191 153/720/191
f 176/721/192 178/722/192 154/723/192 152/724/192
f 155/725/193 177/726/193 153/727/193 131/728/193
f 178/729/194 158/730/194 132/731/194 154/732/194
f 180/733/195 179/734/195 150/735/195 152/736/195
f 182/737/196 180/738/196 152/739/196 154/740/196
f 183/741/197 182/742/197 154/743/197 132/744/197
f 184/745/198 183/746/198 132/747/198 134/748/198
f 185/749/199 184/750/199 134/751/199 136/752/199
f 186/753/200 185/754/200 136/755/200 138/756/200
f 187/757/201 186/758/201 138/759/201 140/760/201
f 188/761/202 187/762/202 140/763/202 142/764/202
f 189/765/203 188/766/203 142/767/203 144/768/203
f 190/769/204 189/770/204 144/771/204 146/772/204
f 191/773/205 190/774/205 146/775/205 148/776/205
f 179/777/206 191/778/206 148/779/206 150/780/206
f 193/781/207 192/782/207 137/783/207 135/784/207
f 192/785/208 195/786/208 139/787/208 137/788/208
f 195/789/209 196/790/209 141/791/209 139/792/209
f 196/793/210 197/794/210 143/795/210 141/796/210
f 197/797/211 198/798/211 145/799/211 143/800/211
f 198/801/212 199/802/212 147/803/212 145/804/212
f 199/805/213 200/806/213 149/807/213 147/808/213
f 200/809/214 201/810/214 151/811/214 149/812/214
f 201/813/215 202/814/215 153/815/215 151/816/215
f 202/817/216 203/818/216 131/819/216 153/820/216
f 203/821/217 204/822/217 133/823/217 131/824/217
f 204/825/218 193/826/218 135/827/218 133/828/218
o Thigh
v -0.2187499999999999 0.7000000000000001 -0.09000000000000055
v -0.21875000000000022 0.7000000000000001 0.08999999999999947
v -0.21249999999999983 0.3749999999999999 -0.0900000000000005
v -0.21250000000000016 0.3749999999999999 0.08999999999999952
v -0.05624999999999993 0.6550000000000001 -0.09000000000000023
v -0.05625000000000028 0.6550000000000001 0.08999999999999979
v -0.0562499999999999 0.3749999999999999 -0.09000000000000019
v -0.056250000000000244 0.3749999999999999 0.08999999999999983
v -0.2437499999999999 0.5635 -0.11250000000000057
v -0.24375000000000036 0.5635 0.11249999999999943
v -0.056250000000000314 0.5635 0.1124999999999998
v -0.05624999999999988 0.5635 -0.11250000000000021
v -0.13749999999999982 0.5635 -0.11250000000000036
v -0.13749999999999987 0.7025 -0.0900000000000004
v -0.1375000000000002 0.7025 0.08999999999999962
v -0.13750000000000026 0.5635 0.11249999999999964
v -0.13750000000000018 0.3749999999999999 0.08999999999999966
v -0.13749999999999984 0.3749999999999999 -0.09000000000000036
vt 0.339375 0.6875
vt 0.3421875 0.7109375
vt 0.3140625 0.7109375
vt 0.316875 0.6875
vt 0.2846875 0.965
vt 0.2875 0.9885625
vt 0.259375 0.9885625
vt 0.2621875 0.965
vt 0.46875 0.703125
vt 0.46875 0.7109375
vt 0.4453125 0.7109375
vt 0.4453125 0.703125
vt 0.130859375 0.6475
vt 0.121484375 0.6475
vt 0.121484375 0.625
vt 0.130859375 0.625
vt 0.34375 0.6721671874999999
vt 0.33046875 0.6721671874999999
vt 0.33046875 0.6484375
vt 0.33984375 0.6484375
vt 0.29296875 0.6484375
vt 0.30234375 0.6484375
vt 0.30234375 0.6721671874999999
vt 0.2890625 0.6721671874999999
vt 0.3559375 0.703125
vt 0.353125 0.6875
vt 0.38125 0.6875
vt 0.3784375 0.703125
vt 0.30075923207251815 0.62302421875
vt 0.31404048207251817 0.62302421875
vt 0.31404048207251817 0.640625
vt 0.30388423207251813 0.6403171875
vt 0.2621875 1
vt 0.259375 0.9885625
vt 0.2875 0.9885625
vt 0.2846875 1
vt 0.36015649730761723 0.6403167083896575
vt 0.3499999977501648 0.640625
vt 0.3499999977501648 0.6230242131322415
vt 0.3632812522498352 0.6230238869555291
vt 0.3398437477501648 0.6230242131322415
vt 0.3499999977501648 0.6230242131322415
vt 0.3499999977501648 0.6406249943822415
vt 0.3398437477501648 0.6347640568822416
vt 0.1875 0.609375
vt 0.1875 0.625
vt 0.1640625 0.625
vt 0.1640625 0.609375
vt 0.32424076792748185 0.6347637566711626
vt 0.31404048207251817 0.640625
vt 0.31404048207251817 0.6230237885978758
vt 0.324152567204263 0.6230236004075375
vt 0.3125 0.6721671874999999
vt 0.30234375 0.6721671874999999
vt 0.30234375 0.6484375
vt 0.3125 0.6484375
vt 0.111328125 0.625
vt 0.121484375 0.625
vt 0.121484375 0.6475
vt 0.111328125 0.6475
vt 0.3203125 0.6484375
vt 0.33046875 0.6484375
vt 0.33046875 0.6721671874999999
vt 0.3203125 0.6721671874999999
vn -0.9865350075748679 -0.1635502333512718 -1.862472854287045e-15
vn 1 1.2246467991473554e-16 1.908195823574488e-15
vn -0.03075467578697342 0.9995269630766537 -1.8109269349141993e-16
vn 1.2246467991473535e-16 -1 1.2246467991473554e-16
vn 1.9092605184133515e-15 -0.11852205281617371 -0.9929514202599441
vn -1.8802309878914115e-15 -0.11852205281617345 0.9929514202599441
vn -0.9836384960749287 0.18015357070969423 -1.8990373194897284e-15
vn -1.903245988529383e-15 0.15979061814520884 0.9871509298748455
vn 1 1.2246467991473554e-16 1.908195823574488e-15
vn -0.0049165749799192065 0.1597886868474381 -0.9871389987463967
vn 1.864108574720322e-15 0.15979061814520865 -0.9871509298748457
vn 0.5046965873311549 0.8632967941190827 8.573365545543958e-16
vn 0.09301110178732573 0.15909793726779767 0.9828717013432832
vn -1.8802309878914115e-15 -0.11852205281617346 0.9929514202599441
vn 1.2246467991473535e-16 -1 1.2246467991473554e-16
vn 1.9092605184133515e-15 -0.11852205281617371 -0.9929514202599441
usemtl m_0152a11c-830e-9911-f60c-488da9c31993
f 208/829/219 214/830/219 213/831/219 207/832/219
f 211/833/220 216/834/220 215/835/220 212/836/220
f 206/837/221 219/838/221 218/839/221 205/840/221
f 207/841/222 222/842/222 221/843/222 208/844/222
f 213/845/223 217/846/223 222/847/223 207/848/223
f 208/849/224 221/850/224 220/851/224 214/852/224
f 205/853/225 213/854/225 214/855/225 206/856/225
f 214/857/226 220/858/226 219/859/226 206/860/226
f 210/861/227 215/862/227 216/863/227 209/864/227
f 205/865/228 218/866/228 217/867/228 213/868/228
f 216/869/229 217/870/229 218/871/229 209/872/229
f 209/873/230 218/874/230 219/875/230 210/876/230
f 210/877/231 219/878/231 220/879/231 215/880/231
f 215/881/232 220/882/232 221/883/232 212/884/232
f 212/885/233 221/886/233 222/887/233 211/888/233
f 211/889/234 222/890/234 217/891/234 216/892/234
o cuboid
v -0.2187500000000001 0.69375 0.0625
v -0.2187500000000001 0.69375 -0.0625
v -0.2187500000000001 0.53125 0.0625
v -0.2187500000000001 0.53125 -0.0625
v -0.3000000000000001 0.69375 0.0625
v -0.3000000000000001 0.69375 -0.0625
v -0.3000000000000001 0.53125 0.0625
v -0.3000000000000001 0.53125 -0.0625
v -0.2187500000000001 0.6520833333333333 -0.0625
v -0.3000000000000001 0.6520833333333333 -0.0625
v -0.2187500000000001 0.6104166666666666 -0.0625
v -0.3000000000000001 0.6104166666666666 -0.0625
v -0.3000000000000001 0.6520833333333333 0.0625
v -0.3000000000000001 0.6104166666666666 0.0625
v -0.2187500000000001 0.6520833333333333 0.0625
v -0.2187500000000001 0.6104166666666666 0.0625
v -0.2187500000000001 0.6520833333333333 -0.08749999999999998
v -0.2187500000000001 0.6104166666666666 -0.08749999999999998
v -0.3250000000000001 0.6104166666666666 -0.08750000000000001
v -0.3250000000000001 0.6520833333333333 -0.08750000000000001
v -0.3250000000000001 0.6104166666666666 0.08750000000000001
v -0.3250000000000001 0.6520833333333333 0.08750000000000001
v -0.2187500000000001 0.6104166666666666 0.08749999999999998
v -0.2187500000000001 0.6520833333333333 0.08749999999999998
v -0.2187500000000001 0.46875 0.062499999999999986
v -0.3000000000000001 0.46875 0.062499999999999986
v -0.2187500000000001 0.46875 -0.024999999999999998
v -0.3000000000000001 0.46875 -0.024999999999999998
vt 0.21484375 0.64114609375
vt 0.21484375 0.6510421875
vt 0.19921875 0.6510421875
vt 0.19921875 0.64114609375
vt 0.1171875 0.57604140625
vt 0.1171875 0.5859375
vt 0.1015625 0.5859375
vt 0.1015625 0.57604140625
vt 0.1328125 0.796875
vt 0.140625 0.796875
vt 0.140625 0.8125
vt 0.1328125 0.8125
vt 0.515625 0.9296875
vt 0.515625 0.9375
vt 0.5078125 0.9375
vt 0.5078125 0.9296875
vt 0.255078125 0.53697890625
vt 0.255078125 0.546875
vt 0.244921875 0.546875
vt 0.244921875 0.53697890625
vt 0.0859375 0.484375
vt 0.0859375 0.4921875
vt 0.078125 0.4921875
vt 0.078125 0.484375
vt 0.1875 0.4921875
vt 0.1875 0.484375
vt 0.1953125 0.484375
vt 0.1953125 0.4921875
vt 0.3203125 0.5234375
vt 0.3203125 0.515625
vt 0.3359375 0.515625
vt 0.3359375 0.5234375
vt 0.296875 0.5234375
vt 0.296875 0.515625
vt 0.3125 0.515625
vt 0.3125 0.5234375
vt 0.4453125 0.625
vt 0.4453125 0.6171875
vt 0.46875 0.6171875
vt 0.46875 0.625
vt 0.2734375 0.4921875
vt 0.2734375 0.484375
vt 0.28125 0.484375
vt 0.28125 0.4921875
vt 0.4765625 0.6328125
vt 0.4765625 0.625
vt 0.4921875 0.625
vt 0.4921875 0.6328125
vt 0.4765625 0.703125
vt 0.4765625 0.6953125
vt 0.4921875 0.6953125
vt 0.4921875 0.703125
vt 0.19921875 0.65625
vt 0.19921875 0.6510421875
vt 0.21484375 0.6510421875
vt 0.21484375 0.65625
vt 0.21796875 0.6510421875
vt 0.21796875 0.65625
vt 0.21484375 0.65625
vt 0.21484375 0.6510421875
vt 0.305859375 0.5703125
vt 0.319140625 0.5703125
vt 0.319140625 0.5734375
vt 0.308984375 0.5734375
vt 0.420703125 0.6796875
vt 0.407421875 0.6796875
vt 0.410546875 0.6765625
vt 0.420703125 0.6765625
vt 0.305859375 0.5921875
vt 0.305859375 0.5703125
vt 0.308984375 0.5734375
vt 0.308984375 0.5890625
vt 0.407421875 0.6796875
vt 0.407421875 0.6578125
vt 0.410546875 0.6609375
vt 0.410546875 0.6765625
vt 0.319140625 0.5921875
vt 0.305859375 0.5921875
vt 0.308984375 0.5890625
vt 0.319140625 0.5890625
vt 0.19609375 0.65625
vt 0.19609375 0.6510421875
vt 0.19921875 0.6510421875
vt 0.19921875 0.65625
vt 0.407421875 0.6578125
vt 0.420703125 0.6578125
vt 0.420703125 0.6609375
vt 0.410546875 0.6609375
vt 0.19921875 0.63333359375
vt 0.21015625 0.63333359375
vt 0.21484375 0.64114609375
vt 0.19921875 0.64114609375
vt 0.244921875 0.52916640625
vt 0.255078125 0.52916640625
vt 0.255078125 0.53697890625
vt 0.244921875 0.53697890625
vt 0.10625 0.56822890625
vt 0.1171875 0.56822890625
vt 0.1171875 0.57604140625
vt 0.1015625 0.57604140625
vt 0.3203125 0.484375
vt 0.328125 0.484375
vt 0.328125 0.4921875
vt 0.3203125 0.4921875
vn 1 0 0
vn -1 0 0
vn 0 1 0
vn 0 -1 0
vn 0 0 1
vn 0 0 -1
vn 0 0 -1
vn 2.6122894697062513e-16 0 -1
vn -1 0 0
vn -1 0 0
vn 0 0 1
vn 2.6122894697062513e-16 0 1
vn 1 0 0
vn 1 0 0
vn 1 0 0
vn 0 -1 0
vn 0 1 0
vn 0 -1 0
vn 0 1 0
vn 0 -1 0
vn 1 0 0
vn 0 1 0
vn 1 0 0
vn 0 -2.220446049250313e-16 1
vn -1 0 0
vn 0 -0.5144957554275267 -0.8574929257125443
usemtl m_0152a11c-830e-9911-f60c-488da9c31993
f 226/893/235 233/894/235 238/895/235 225/896/235
f 229/897/236 236/898/236 234/899/236 230/900/236
f 227/901/237 223/902/237 224/903/237 228/904/237
f 249/905/238 247/906/238 248/907/238 250/908/238
f 225/909/239 238/910/239 236/911/239 229/912/239
f 230/913/240 234/914/240 233/915/240 226/916/240
f 224/917/241 231/918/241 232/919/241 228/920/241
f 239/921/242 240/922/242 241/923/242 242/924/242
f 228/925/243 232/926/243 235/927/243 227/928/243
f 242/929/244 241/930/244 243/931/244 244/932/244
f 227/933/245 235/934/245 237/935/245 223/936/245
f 244/937/246 243/938/246 245/939/246 246/940/246
f 223/941/247 237/942/247 231/943/247 224/944/247
f 237/945/248 238/946/248 233/947/248 231/948/248
f 240/949/249 239/950/249 231/951/249 233/952/249
f 241/953/250 240/954/250 233/955/250 234/956/250
f 239/957/251 242/958/251 232/959/251 231/960/251
f 243/961/252 241/962/252 234/963/252 236/964/252
f 242/965/253 244/966/253 235/967/253 232/968/253
f 245/969/254 243/970/254 236/971/254 238/972/254
f 246/973/255 245/974/255 238/975/255 237/976/255
f 244/977/256 246/978/256 237/979/256 235/980/256
f 247/981/257 249/982/257 226/983/257 225/984/257
f 248/985/258 247/986/258 225/987/258 229/988/258
f 250/989/259 248/990/259 229/991/259 230/992/259
f 249/993/260 250/994/260 230/995/260 226/996/260
o Toe
v 0.21249999999999955 0.03124999999999989 -0.22500000000000053
v 0.21250000000000002 0.09374999999999978 0.012499999999999515
v 0.21249999999999955 -1.1102230246251565e-16 -0.22500000000000053
v 0.2125 -1.1102230246251565e-16 0.012499999999999527
v 0.06249999999999964 0.03124999999999989 -0.22500000000000026
v 0.0625000000000001 0.09374999999999978 0.012499999999999801
v 0.062499999999999625 -1.1102230246251565e-16 -0.22500000000000026
v 0.06250000000000008 -1.1102230246251565e-16 0.012499999999999813
v 0.21249999999999983 0.09374999999999978 -0.08125000000000038
v 0.2124999999999998 -1.1102230246251565e-16 -0.08125000000000038
v 0.0624999999999999 -1.1102230246251565e-16 -0.08125000000000009
v 0.06249999999999992 0.09374999999999978 -0.0812500000000001
vt 0.26875 0.6171875
vt 0.26875 0.60546875
vt 0.25078125 0.60546875
vt 0.25078125 0.609375
vt 0.3875 0.60546875
vt 0.3875 0.6171875
vt 0.40546875 0.609375
vt 0.40546875 0.60546875
vt 0 0.921875
vt 0.015625 0.921875
vt 0.015625 0.8984375
vt 0 0.8984375
vt 0.27890625 0.66015625
vt 0.26015625 0.66015625
vt 0.26015625 0.678125
vt 0.27890625 0.678125
vt 0.46875 0.6484375
vt 0.484375 0.6484375
vt 0.484375 0.640625
vt 0.46875 0.640625
vt 0.421875 0.5859375
vt 0.421875 0.6015625
vt 0.4375 0.6015625
vt 0.4375 0.5859375
vt 0.26875 0.60546875
vt 0.26875 0.6171875
vt 0.28046875 0.6171875
vt 0.28046875 0.60546875
vt 0.26015625 0.66015625
vt 0.27890625 0.66015625
vt 0.27890625 0.6484375
vt 0.26015625 0.6484375
vt 0.3875 0.6171875
vt 0.3875 0.60546875
vt 0.37578125 0.60546875
vt 0.37578125 0.6171875
vt 0.4375 0.5625
vt 0.421875 0.5625
vt 0.421875 0.578125
vt 0.4375 0.578125
vn 1 -1.2246467991473554e-16 -1.908195823574488e-15
vn -1 1.2246467991473554e-16 1.908195823574488e-15
vn -6.4853880965270665e-16 0.9170700562532355 -0.39872611141444914
vn -1.2246467991473535e-16 -1 1.2246467991473554e-16
vn -1.908195823574488e-15 -1.2246467991473535e-16 -1
vn 1.908195823574488e-15 1.2246467991473535e-16 1
vn 1 -1.2246467991473554e-16 -1.908195823574488e-15
vn -1.2246467991473535e-16 -1 1.2246467991473554e-16
vn -1 1.2246467991473554e-16 1.908195823574488e-15
vn 1.2246467991473535e-16 1 -1.2246467991473554e-16
usemtl m_0152a11c-830e-9911-f60c-488da9c31993
f 259/997/261 260/998/261 253/999/261 251/1000/261
f 261/1001/262 262/1002/262 255/1003/262 257/1004/262
f 262/1005/263 259/1006/263 251/1007/263 255/1008/263
f 260/1009/264 261/1010/264 257/1011/264 253/1012/264
f 255/1013/265 251/1014/265 253/1015/265 257/1016/265
f 254/1017/266 252/1018/266 256/1019/266 258/1020/266
f 260/1021/267 259/1022/267 252/1023/267 254/1024/267
f 261/1025/268 260/1026/268 254/1027/268 258/1028/268
f 262/1029/269 261/1030/269 258/1031/269 256/1032/269
f 259/1033/270 262/1034/270 256/1035/270 252/1036/270
o Shin
v 0.037500000000000255 0.45624999999999993 0.05416666666666652
v 0.23749999999999985 0.45624999999999993 -0.10000000000000049
v 0.23750000000000024 0.45624999999999993 0.10624999999999947
v 0.2624999999999998 0.09583333333333316 -0.11250000000000052
v 0.26250000000000034 0.1687499999999999 0.16874999999999946
v 0.037499999999999964 0.45624999999999993 -0.10000000000000012
v 0.03750000000000035 0.45624999999999993 0.10624999999999984
v 0.012499999999999883 0.09583333333333321 -0.11250000000000004
v 0.01250000000000043 0.16874999999999996 0.16874999999999993
v 0.22013888888888872 0.09583333333333321 -0.11250000000000045
v 0.21388888888888927 0.16874999999999996 0.16874999999999954
v 0.054861111111110944 0.09583333333333321 -0.11250000000000013
v 0.06111111111111148 0.16874999999999996 0.16874999999999984
v 0.19097222222222252 0.41249999999999976 0.10624999999999955
v 0.08402777777777809 0.41249999999999976 0.10624999999999975
v 0.19097222222222213 0.41249999999999976 -0.10000000000000041
v 0.08402777777777769 0.41249999999999976 -0.10000000000000021
v 0.23750000000000013 0.45624999999999993 0.03749999999999945
v 0.2625000000000001 0.09583333333333316 0.056707317073170185
v 0.2375 0.45624999999999993 -0.02291666666666719
v 0.26249999999999996 0.09583333333333316 -0.027896341463415183
v 0.22013888888888897 0.09583333333333321 0.0158536585365849
v 0.05486111111111119 0.09583333333333321 0.015853658536585217
v 0.012500000000000205 0.09583333333333321 0.056707317073170664
v 0.012500000000000044 0.09583333333333321 -0.027896341463414707
v 0.03750000000000011 0.45624999999999993 -0.022916666666666807
v 0.2201388888888887 -1.1102230246251565e-16 -0.11250000000000043
v 0.26249999999999996 -1.6653345369377348e-16 -0.027896341463415172
v 0.22013888888888894 -1.1102230246251565e-16 0.01585365853658491
v 0.2624999999999998 -1.6653345369377348e-16 -0.11250000000000052
v 0.2625000000000001 -1.6653345369377348e-16 0.0567073170731702
v 0.21388888888888902 -1.1102230246251565e-16 0.05670731707317029
v 0.26250000000000034 -1.6653345369377348e-16 0.16874999999999948
v 0.21388888888888924 -1.1102230246251565e-16 0.16874999999999957
v 0.06111111111111125 -1.1102230246251565e-16 0.05670731707317058
v 0.061111111111111456 -1.1102230246251565e-16 0.16874999999999987
v 0.05486111111111117 -1.1102230246251565e-16 0.015853658536585227
v 0.012500000000000032 -1.1102230246251565e-16 -0.027896341463414697
v 0.012500000000000193 -1.1102230246251565e-16 0.05670731707317068
v 0.012500000000000408 -1.1102230246251565e-16 0.16874999999999996
v 0.01249999999999987 -1.1102230246251565e-16 -0.11250000000000003
v 0.05486111111111093 -1.1102230246251565e-16 -0.11250000000000011
v 0.1374999999999999 0.3687499999999998 -0.10000000000000032
v 0.13749999999999984 0.09583333333333321 -0.11250000000000028
v 0.1375000000000001 0.09583333333333321 0.015853658536585057
v 0.13750000000000007 -1.1102230246251565e-16 0.01585365853658507
v 0.13750000000000015 -1.1102230246251565e-16 0.056707317073170435
v 0.13750000000000037 -1.1102230246251565e-16 0.1687499999999997
v 0.1375000000000004 0.16874999999999996 0.1687499999999997
v 0.1375000000000003 0.3687499999999998 0.10624999999999964
v 0.08402777777777798 0.41249999999999976 0.054166666666666426
v 0.08402777777777784 0.41249999999999976 -0.0229166666666669
v 0.19097222222222243 0.41249999999999976 0.05416666666666622
v 0.19097222222222227 0.41249999999999976 -0.022916666666667106
v 0.1375000000000002 0.3687499999999998 0.05416666666666633
v 0.13750000000000004 0.3687499999999998 -0.022916666666667
vt 0.19283828125 0.8203125
vt 0.19221640625 0.77515234375
vt 0.181640625 0.77515234375
vt 0.183203125 0.8203125
vt 0.026540675150221203 0.7907767536066482
vt 0.025918800150221202 0.8359369098566483
vt 0.03555395640022121 0.8359369098566483
vt 0.0371164564002212 0.7907767536066482
vt 0.37174453125 0.96875
vt 0.37174453125 0.96076640625
vt 0.362109375 0.96076640625
vt 0.362109375 0.96875
vt 0.0521703125 0.7378617187500001
vt 0.046875 0.74333046875
vt 0.046875 0.75390625
vt 0.0521703125 0.75390625
vt 0.19643598349659352 0.8851581021161187
vt 0.19280029771197538 0.845543154938922
vt 0.18750498536832952 0.8455418681257774
vt 0.19061903065740113 0.8906215324505469
vt 0.295508249556756 0.7445346171331098
vt 0.2931061663245074 0.7760282846870621
vt 0.29914489839472086 0.78125
vt 0.30144752969016947 0.7444347957214639
vt 0.078125 0.74333046875
vt 0.0728296875 0.7378617187500001
vt 0.0728296875 0.75390625
vt 0.078125 0.75390625
vt 0.08203125 0.6019820312499999
vt 0.08203125 0.5859375
vt 0.0717015625 0.5859375
vt 0.0717015625 0.6019820312499999
vt 0.11831562500000001 0.815015625
vt 0.1154515625 0.7835609375
vt 0.109375 0.7835609375
vt 0.1125 0.8203125
vt 0.28622590780983054 0.744616396017285
vt 0.28622590780983054 0.7708082946657139
vt 0.2931061663245074 0.7760282846870621
vt 0.2955020272992868 0.7446161970323981
vt 0.08919296875 0.63264140625
vt 0.08919296875 0.640625
vt 0.098828125 0.640625
vt 0.098828125 0.63264140625
vt 0.37174453125 0.9521296875
vt 0.362109375 0.9521296875
vt 0.362109375 0.96076640625
vt 0.37174453125 0.96076640625
vt 0.21345282246078015 0.8455458193761711
vt 0.20980857606470696 0.8851600711154247
vt 0.21562834195065103 0.890625
vt 0.21874501463167048 0.8455458193761711
vt 0.20312162465990583 0.8796956827206481
vt 0.2031299849024377 0.8455456837439813
vt 0.19280029771197538 0.845543154938922
vt 0.19643591239736036 0.8851573274088054
vt 0.20279140625 0.77515234375
vt 0.200390625 0.8203125
vt 0.208984375 0.8203125
vt 0.216796875 0.7842445312499999
vt 0.19221640625 0.77515234375
vt 0.19283828125 0.8203125
vt 0.200390625 0.8203125
vt 0.20279140625 0.77515234375
vt 0.0720484375 0.73275546875
vt 0.078125 0.73275546875
vt 0.078125 0.71875
vt 0.0720484375 0.71875
vt 0.0728296875 0.7378617187500001
vt 0.078125 0.74333046875
vt 0.078125 0.73275546875
vt 0.0720484375 0.73275546875
vt 0.0625 0.73275546875
vt 0.0625 0.71875
vt 0.0529515625 0.71875
vt 0.0529515625 0.73275546875
vt 0.0625 0.7378617187500001
vt 0.0625 0.73275546875
vt 0.0529515625 0.73275546875
vt 0.0521703125 0.7378617187500001
vt 0.046875 0.73275546875
vt 0.0529515625 0.73275546875
vt 0.0529515625 0.71875
vt 0.046875 0.71875
vt 0.046875 0.74333046875
vt 0.0521703125 0.7378617187500001
vt 0.0529515625 0.73275546875
vt 0.046875 0.73275546875
vt 0.01628286558232763 0.8359373273207176
vt 0.015965675150221202 0.7907767536066482
vt 0.0019460435997787975 0.7998701033502236
vt 0.009778927615478075 0.8359375
vt 0.025918800150221202 0.8359369098566483
vt 0.026540675150221203 0.7907767536066482
vt 0.015965675150221202 0.7907767536066482
vt 0.016282862650221205 0.8359369098566483
vt 0.38138046875 0.96076640625
vt 0.38138046875 0.96875
vt 0.387890625 0.96875
vt 0.387890625 0.96076640625
vt 0.37174453125 0.96076640625
vt 0.37174453125 0.96875
vt 0.38138046875 0.96875
vt 0.38138046875 0.96076640625
vt 0.387890625 0.9521296875
vt 0.38138046875 0.9521296875
vt 0.38138046875 0.96076640625
vt 0.387890625 0.96076640625
vt 0.38138046875 0.9521296875
vt 0.37174453125 0.9521296875
vt 0.37174453125 0.96076640625
vt 0.38138046875 0.96076640625
vt 0.081640625 0.640625
vt 0.07955703125 0.63264140625
vt 0.073046875 0.63264140625
vt 0.073046875 0.640625
vt 0.08919296875 0.640625
vt 0.08919296875 0.63264140625
vt 0.07955703125 0.63264140625
vt 0.081640625 0.640625
vt 0.125 0.9609375
vt 0.125 0.9453125
vt 0.109375 0.9453125
vt 0.109375 0.9609375
vt 0.19221640625 0.77515234375
vt 0.19221640625 0.7631734375
vt 0.181640625 0.7631734375
vt 0.181640625 0.77515234375
vt 0.21874501463167048 0.8455458193761711
vt 0.21874501463167048 0.8335669131261711
vt 0.21344970213167047 0.8335669131261711
vt 0.21344970213167047 0.8455458193761711
vt 0.20279140625 0.77515234375
vt 0.20279140625 0.7631734375
vt 0.19221640625 0.7631734375
vt 0.19221640625 0.77515234375
vt 0.216796875 0.7842671875
vt 0.216796875 0.7631734375
vt 0.20279140625 0.7631734375
vt 0.20279140625 0.77515234375
vt 0.1154515625 0.7835609375
vt 0.1154515625 0.7624671875
vt 0.109375 0.7624671875
vt 0.109375 0.7835609375
vt 0.125 0.7624671875
vt 0.125 0.7835609375
vt 0.1345484375 0.7835609375
vt 0.1345484375 0.7624671875
vt 0.43359375 0.828125
vt 0.43359375 0.81614609375
vt 0.4232640625 0.81614609375
vt 0.4232640625 0.828125
vt 0.026540675150221203 0.7907767536066482
vt 0.026540675150221203 0.7787978473566483
vt 0.015965675150221202 0.7787978473566483
vt 0.015965675150221202 0.7907767536066482
vt 0.015965675150221202 0.7907767536066482
vt 0.015965675150221202 0.7787978473566483
vt 0.0019602064002212025 0.7787978473566483
vt 0.0019602064002212025 0.7998915973566483
vt 0.140625 0.7835609375
vt 0.140625 0.7624671875
vt 0.1345484375 0.7624671875
vt 0.1345484375 0.7835609375
vt 0.0371164564002212 0.7907767536066482
vt 0.0371164564002212 0.7787978473566483
vt 0.026540675150221203 0.7787978473566483
vt 0.026540675150221203 0.7907767536066482
vt 0.4375 0.703125
vt 0.4375 0.6875
vt 0.421875 0.6875
vt 0.421875 0.703125
vt 0.19280029771197538 0.845543154938922
vt 0.19280320870429551 0.8335642490426218
vt 0.18750789636064966 0.8335629622294772
vt 0.18750498536832952 0.8455418681257774
vt 0.2031299849147435 0.8455456334771452
vt 0.20312162465990583 0.8796956827206481
vt 0.20980857606470696 0.8851600711154247
vt 0.21345265527918508 0.8455476366994455
vt 0.08203125 0.5859375
vt 0.08203125 0.6019820312499999
vt 0.0923609375 0.6019820312499999
vt 0.0923609375 0.5859375
vt 0.43359375 0.81614609375
vt 0.43359375 0.828125
vt 0.4439234375 0.828125
vt 0.4439234375 0.81614609375
vt 0.0625 0.73275546875
vt 0.0625 0.7378617187500001
vt 0.0728296875 0.7378617187500001
vt 0.0720484375 0.73275546875
vt 0.0625 0.71875
vt 0.0625 0.73275546875
vt 0.0720484375 0.73275546875
vt 0.0720484375 0.71875
vt 0.125 0.7835609375
vt 0.125 0.7624671875
vt 0.1154515625 0.7624671875
vt 0.1154515625 0.7835609375
vt 0.28622590780983054 0.7708085835172851
vt 0.28622590780983054 0.744616396017285
vt 0.27667747030983053 0.744616396017285
vt 0.2795415328098306 0.7760281147672851
vt 0.07955703125 0.62400546875
vt 0.073046875 0.62400546875
vt 0.073046875 0.63264140625
vt 0.07955703125 0.63264140625
vt 0.08919296875 0.62400546875
vt 0.07955703125 0.62400546875
vt 0.07955703125 0.63264140625
vt 0.08919296875 0.63264140625
vt 0.098828125 0.62400546875
vt 0.08919296875 0.62400546875
vt 0.08919296875 0.63264140625
vt 0.098828125 0.63264140625
vn 0.9976029529064444 0.06919789268715205 -1.91209608610036e-15
vn -0.9976029529064443 0.06919789268715235 1.895147490542947e-15
vn 0.6850254537681366 0.7285191333724589 -1.3963805724027953e-15
vn -1.2246467991473535e-16 -1 1.2246467991473554e-16
vn -1.901880539960109e-15 0.039442966713513675 -0.999221823409015
vn 0.2107726567846759 0.22415504769163624 0.9514879934850936
vn -1.2246467991473535e-16 -1 1.2246467991473554e-16
vn -1.2246467991473535e-16 -1 1.2246467991473554e-16
vn 1.8788175514020082e-15 0.2483753502677042 0.9686638660440449
vn 0.23708522585581723 0.2897708316015522 0.9272666611249654
vn -0.6850254537681365 0.728519133372459 1.217944847442358e-15
vn 0.6332377902572626 0.7739572992033213 -1.3031241396130537e-15
vn -0.03411629546961842 0.036282409467687446 -0.9987590626105222
vn -1.9005942844625656e-15 0.04575356140995442 -0.9989527574506742
vn 0.9976029529064444 0.06919789268715207 -1.91209608610036e-15
vn 0.9976029529064443 0.06919789268715205 -1.91209608610036e-15
vn -1.2246467991473535e-16 -1 1.2246467991473554e-16
vn -1.2246467991473535e-16 -1 1.2246467991473554e-16
vn -1.2246467991473535e-16 -1 1.2246467991473554e-16
vn -1.2246467991473535e-16 -1 1.2246467991473554e-16
vn -1.2246467991473535e-16 -1 1.2246467991473554e-16
vn -1.2246467991473535e-16 -1 1.2246467991473554e-16
vn -0.9966237990134087 0.06881428368381938 -0.04478389890534085
vn -0.9976029529064444 0.06919789268715236 1.895147490542947e-15
vn 0.6850254537681366 0.7285191333724589 -1.3963805724027953e-15
vn 0.6850254537681366 0.728519133372459 -1.3963805724027955e-15
vn 0.6332377902572625 0.7739572992033212 -1.3031241396130535e-15
vn 0.6332377902572625 0.7739572992033212 -1.3031241396130535e-15
vn -0.6850254537681365 0.728519133372459 1.217944847442358e-15
vn -0.6850254537681365 0.7285191333724591 1.2179448474423579e-15
vn -1 1.2246467991473554e-16 1.908195823574488e-15
vn 1 -1.2246467991473554e-16 -1.908195823574488e-15
vn -1.908195823574488e-15 -1.2246467991473535e-16 -1
vn 1 -1.2246467991473554e-16 -1.908195823574488e-15
vn 1 -1.2246467991473554e-16 -1.908195823574488e-15
vn 1.908195823574488e-15 1.2246467991473535e-16 1
vn 1.908195823574488e-15 1.2246467991473535e-16 1
vn -1.908195823574488e-15 -1.2246467991473535e-16 -1
vn -1 1.2246467991473554e-16 1.908195823574488e-15
vn -1 1.2246467991473554e-16 1.908195823574488e-15
vn 1.908195823574488e-15 1.2246467991473535e-16 1
vn -1 1.2246467991473554e-16 1.908195823574488e-15
vn 1 -1.2246467991473554e-16 -1.908195823574488e-15
vn -1.908195823574488e-15 -1.2246467991473535e-16 -1
vn -0.03740852984608992 0.045721536478552254 -0.9982535464483935
vn -1.2246467991473535e-16 -1 1.2246467991473554e-16
vn -1.908195823574488e-15 -1.2246467991473535e-16 -1
vn -1.2246467991473535e-16 -1 1.2246467991473554e-16
vn -1.2246467991473535e-16 -1 1.2246467991473554e-16
vn 1.908195823574488e-15 1.2246467991473535e-16 1
vn 1.857862859332876e-15 0.2982749931359472 0.9544799780350296
vn -0.6332377902572621 0.7739572992033216 1.1135592737838372e-15
vn -0.6332377902572622 0.7739572992033215 1.1135592737838374e-15
vn -0.6332377902572621 0.7739572992033217 1.1135592737838372e-15
usemtl m_0152a11c-830e-9911-f60c-488da9c31993
f 282/1037/271 283/1038/271 266/1039/271 264/1040/271
f 287/1041/272 288/1042/272 268/1043/272 270/1044/272
f 288/1045/273 314/1046/273 279/1047/273 268/1048/273
f 299/1049/274 300/1050/274 303/1051/274 304/1052/274
f 279/1053/275 274/1054/275 270/1055/275 268/1056/275
f 275/1057/276 277/1058/276 269/1059/276 271/1060/276
f 290/1061/277 291/1062/277 289/1063/277 292/1064/277
f 306/1065/278 307/1066/278 285/1067/278 274/1068/278
f 276/1069/279 273/1070/279 267/1071/279 265/1072/279
f 311/1073/280 312/1074/280 277/1075/280 275/1076/280
f 316/1077/281 282/1078/281 264/1079/281 278/1080/281
f 318/1081/282 305/1082/282 279/1083/282 314/1084/282
f 272/1085/283 278/1086/283 264/1087/283 266/1088/283
f 305/1089/284 306/1090/284 274/1091/284 279/1092/284
f 281/1093/285 280/1094/285 265/1095/285 267/1096/285
f 283/1097/286 282/1098/286 280/1099/286 281/1100/286
f 294/1101/287 293/1102/287 295/1103/287 296/1104/287
f 291/1105/288 290/1106/288 293/1107/288 294/1108/288
f 309/1109/289 310/1110/289 298/1111/289 297/1112/289
f 308/1113/290 309/1114/290 297/1115/290 299/1116/290
f 301/1117/291 297/1118/291 298/1119/291 302/1120/291
f 300/1121/292 299/1122/292 297/1123/292 301/1124/292
f 263/1125/293 286/1126/293 271/1127/293 269/1128/293
f 288/1129/294 287/1130/294 286/1131/294 263/1132/294
f 313/1133/295 263/1134/295 269/1135/295 277/1136/295
f 314/1137/296 288/1138/296 263/1139/296 313/1140/296
f 312/1141/297 317/1142/297 313/1143/297 277/1144/297
f 317/1145/298 318/1146/298 314/1147/298 313/1148/298
f 280/1149/299 315/1150/299 276/1151/299 265/1152/299
f 282/1153/300 316/1154/300 315/1155/300 280/1156/300
f 272/1157/301 289/1158/301 291/1159/301 284/1160/301
f 283/1161/302 290/1162/302 292/1163/302 266/1164/302
f 266/1165/303 292/1166/303 289/1167/303 272/1168/303
f 281/1169/304 293/1170/304 290/1171/304 283/1172/304
f 267/1173/305 295/1174/305 293/1175/305 281/1176/305
f 273/1177/306 296/1178/306 295/1179/306 267/1180/306
f 310/1181/307 311/1182/307 275/1183/307 298/1184/307
f 307/1185/308 308/1186/308 299/1187/308 285/1188/308
f 287/1189/309 300/1190/309 301/1191/309 286/1192/309
f 286/1193/310 301/1194/310 302/1195/310 271/1196/310
f 271/1197/311 302/1198/311 298/1199/311 275/1200/311
f 270/1201/312 303/1202/312 300/1203/312 287/1204/312
f 285/1205/313 299/1206/313 304/1207/313 274/1208/313
f 274/1209/314 304/1210/314 303/1211/314 270/1212/314
f 306/1213/315 305/1214/315 278/1215/315 272/1216/315
f 307/1217/316 306/1218/316 272/1219/316 284/1220/316
f 308/1221/317 307/1222/317 284/1223/317 291/1224/317
f 309/1225/318 308/1226/318 291/1227/318 294/1228/318
f 310/1229/319 309/1230/319 294/1231/319 296/1232/319
f 311/1233/320 310/1234/320 296/1235/320 273/1236/320
f 312/1237/321 311/1238/321 273/1239/321 276/1240/321
f 317/1241/322 312/1242/322 276/1243/322 315/1244/322
f 318/1245/323 317/1246/323 315/1247/323 316/1248/323
f 305/1249/324 318/1250/324 316/1251/324 278/1252/324
o Spurs
v 0.286853448275862 0.11579552327702569 0.16483094400209258
v 0.3256465517241378 0.11579552327702573 0.16483094400209258
v 0.28685344827586196 0.15615481975714576 0.1594199313891138
v 0.3256465517241378 0.15615481975714582 0.1594199313891138
v 0.2868534482758619 0.18816620744300167 0.13473803124072026
v 0.3256465517241377 0.18816620744300172 0.13473803124072026
v 0.2868534482758619 0.2032522608555687 0.09739873876933958
v 0.3256465517241377 0.20325226085556874 0.0973987387693396
v 0.28685344827586196 0.19737068416597675 0.05740708723862779
v 0.3256465517241378 0.1973706841659768 0.05740708723862781
v 0.286853448275862 0.17209744109842373 0.025478807380225926
v 0.3256465517241378 0.17209744109842376 0.025478807380225947
v 0.2868534482758621 0.1342044767229759 0.010169055997907656
v 0.3256465517241379 0.13420447672297595 0.01016905599790767
v 0.2868534482758621 0.09384518024285579 0.0155800686108864
v 0.3256465517241379 0.09384518024285585 0.015580068610886427
v 0.2868534482758621 0.061833792556999875 0.040261968759279974
v 0.3256465517241379 0.06183379255699992 0.040261968759279995
v 0.2868534482758621 0.046747739144432865 0.07760126123066058
v 0.3256465517241379 0.04674773914443291 0.0776012612306606
v 0.2868534482758621 0.052629315834024804 0.11759291276137243
v 0.3256465517241379 0.05262931583402486 0.11759291276137246
v 0.286853448275862 0.07790255890157786 0.1495211926197743
v 0.3256465517241379 0.0779025589015779 0.14952119261977434
v 0.286853448275862 0.11472203656492481 0.1738497881275011
v 0.29978448275862046 0.13457503122735126 0.25233231911933207
v 0.312715517241379 0.13457503122735126 0.25233231911933207
v 0.3256465517241378 0.11472203656492486 0.17384978812750113
v 0.2868534482758619 0.1955330666773365 0.14024724163571692
v 0.3256465517241377 0.19553306667733655 0.14024724163571695
v 0.29978448275862035 0.27397866847954255 0.16317048491809832
v 0.3127155172413789 0.27397866847954255 0.16317048491809832
v 0.28685344827586196 0.20581103011241247 0.05389745350821594
v 0.3256465517241377 0.20581103011241253 0.05389745350821595
v 0.29978448275862046 0.264403637252192 -0.001661834201233503
v 0.312715517241379 0.26440363725219207 -0.001661834201233503
v 0.2868534482758621 0.13527796343507678 0.0011502118724991128
v 0.3256465517241379 0.13527796343507684 0.0011502118724991406
v 0.2997844827586208 0.11542496877265036 -0.07733231911933186
v 0.31271551724137936 0.11542496877265038 -0.07733231911933186
v 0.2868534482758621 0.05446693332266504 0.03475275836428331
v 0.3256465517241379 0.054466933322665084 0.03475275836428333
v 0.2997844827586208 -0.023978668479540832 0.011829515081901887
v 0.31271551724137936 -0.023978668479540832 0.0118295150819019
v 0.2868534482758621 0.04418896988758908 0.12110254649178427
v 0.3256465517241379 0.044188969887589136 0.12110254649178429
v 0.2997844827586207 -0.014403637252190515 0.17666183420123385
v 0.31271551724137925 -0.014403637252190515 0.17666183420123385
v 0.35 0.047246647458293586 0.07770610486098815
v 0.35 0.05306173526967392 0.1175033546157414
v 0.34999999999999987 0.12500000000000086 0.08750000000000015
v 0.35 0.07815262302044168 0.14926122973098216
v 0.34999999999999987 0.11579622760039865 0.16447023321625323
v 0.34999999999999987 0.15590597556214889 0.15905512486999412
v 0.34999999999999976 0.1877344923307256 0.13446687860051196
v 0.34999999999999976 0.2027533525417081 0.09729389513901208
v 0.34999999999999987 0.19693826473032777 0.05749664538425888
v 0.34999999999999987 0.17184737697956004 0.02573877026901815
v 0.35 0.1342037723996031 0.010529766783747022
v 0.35 0.09409402443785282 0.015944875130006142
v 0.35 0.06226550766927612 0.04053312139948832
v 0.26249999999999984 0.202753352541708 0.09729389513901204
v 0.26249999999999984 0.18773449233072548 0.1344668786005119
v 0.26249999999999996 0.12500000000000075 0.08750000000000009
v 0.26249999999999984 0.1969382647303277 0.05749664538425883
v 0.26249999999999996 0.17184737697955993 0.025738770269018094
v 0.26249999999999996 0.134203772399603 0.01052976678374698
v 0.2625 0.09409402443785272 0.0159448751300061
v 0.26250000000000007 0.06226550766927602 0.04053312139948828
v 0.26250000000000007 0.04724664745829349 0.07770610486098811
v 0.2625 0.05306173526967381 0.11750335461574136
v 0.26249999999999996 0.07815262302044157 0.1492612297309821
v 0.26249999999999984 0.11579622760039855 0.16447023321625318
v 0.26249999999999984 0.1559059755621488 0.15905512486999407
vt 0.23300625 0.620265625
vt 0.2374015625 0.61776015625
vt 0.23046875 0.6109140625
vt 0.4921875 0.8881896864827288
vt 0.48756734410969765 0.8879348510153138
vt 0.484375 0.8976727471417902
vt 0.4921875 0.8984375
vt 0.3936515625 0.66348984375
vt 0.38925625 0.660984375
vt 0.38671875 0.6703359375
vt 0.2374015625 0.61776015625
vt 0.2399390625 0.6134195312499999
vt 0.23046875 0.6109140625
vt 0.515625 0.875
vt 0.5151361294041856 0.8701762720089173
vt 0.49943117715229834 0.8733926088486048
vt 0.4995940815016609 0.875
vt 0.3961890625 0.6678304687500001
vt 0.3936515625 0.66348984375
vt 0.38671875 0.6703359375
vt 0.2399390625 0.6134195312499999
vt 0.2399390625 0.60840859375
vt 0.23046875 0.6109140625
vt 0.484375 0.5209065128786237
vt 0.47975559391915046 0.5206540345493125
vt 0.4765625 0.5304923208357326
vt 0.484375 0.53125
vt 0.3961890625 0.67284140625
vt 0.3961890625 0.6678304687500001
vt 0.38671875 0.6703359375
vt 0.2399390625 0.60840859375
vt 0.2374015625 0.60406796875
vt 0.23046875 0.6109140625
vt 0.07884156286118899 0.5078125
vt 0.078357201511215 0.5029883171392393
vt 0.0625 0.5062049572742422
vt 0.06266140175181215 0.5078125
vt 0.3936515625 0.67718203125
vt 0.3961890625 0.67284140625
vt 0.38671875 0.6703359375
vt 0.2374015625 0.60406796875
vt 0.23300625 0.6015625
vt 0.23046875 0.6109140625
vt 0.203125 0.505403415614323
vt 0.19850463483017666 0.5051479262254847
vt 0.1953125 0.5148582847451011
vt 0.203125 0.515625
vt 0.38925625 0.6796875
vt 0.3936515625 0.67718203125
vt 0.38671875 0.6703359375
vt 0.23300625 0.6015625
vt 0.22793125 0.6015625
vt 0.23046875 0.6109140625
vt 0.5078125 0.8203125
vt 0.5073294845854246 0.815488182193233
vt 0.4914262991867648 0.8187049123067364
vt 0.49158725243802837 0.8203125
vt 0.38418125 0.6796875
vt 0.38925625 0.6796875
vt 0.38671875 0.6703359375
vt 0.22793125 0.6015625
vt 0.2235359375 0.60406796875
vt 0.23046875 0.6109140625
vt 0.4921875 0.9116271864827288
vt 0.48756734410969765 0.9113723510153138
vt 0.484375 0.9211102471417902
vt 0.4921875 0.921875
vt 0.3797859375 0.67718203125
vt 0.38418125 0.6796875
vt 0.38671875 0.6703359375
vt 0.2235359375 0.60406796875
vt 0.2209984375 0.60840859375
vt 0.23046875 0.6109140625
vt 0.515625 0.8046875
vt 0.5151361294041856 0.7998637720089173
vt 0.49943117715229834 0.8030801088486048
vt 0.4995940815016609 0.8046875
vt 0.3772484375 0.67284140625
vt 0.3797859375 0.67718203125
vt 0.38671875 0.6703359375
vt 0.2209984375 0.60840859375
vt 0.2209984375 0.6134195312499999
vt 0.23046875 0.6109140625
vt 0.46875 0.5130940128786237
vt 0.46413059391915046 0.5128415345493125
vt 0.4609375 0.5226798208357326
vt 0.46875 0.5234375
vt 0.3772484375 0.6678304687500001
vt 0.3772484375 0.67284140625
vt 0.38671875 0.6703359375
vt 0.2209984375 0.6134195312499999
vt 0.2235359375 0.61776015625
vt 0.23046875 0.6109140625
vt 0.047591562861188985 0.5078125
vt 0.047107201511214995 0.5029883171392393
vt 0.03125 0.5062049572742422
vt 0.03141140175181215 0.5078125
vt 0.3797859375 0.66348984375
vt 0.3772484375 0.6678304687500001
vt 0.38671875 0.6703359375
vt 0.2235359375 0.61776015625
vt 0.22793125 0.620265625
vt 0.23046875 0.6109140625
vt 0.4921875 0.833528415614323
vt 0.48756713483017666 0.8332729262254847
vt 0.484375 0.8429832847451011
vt 0.4921875 0.84375
vt 0.38418125 0.660984375
vt 0.3797859375 0.66348984375
vt 0.38671875 0.6703359375
vt 0.22793125 0.620265625
vt 0.23300625 0.620265625
vt 0.23046875 0.6109140625
vt 0.5078125 0.7890625
vt 0.5073294845854246 0.784238182193233
vt 0.4914262991867648 0.7874549123067364
vt 0.49158725243802837 0.7890625
vt 0.38925625 0.660984375
vt 0.38418125 0.660984375
vt 0.38671875 0.6703359375
vt 0.5025816216918324 0.484375
vt 0.5014476175814511 0.48442613110161503
vt 0.4921875 0.488815660640197
vt 0.5040511035980655 0.488815660640197
vt 0.21028392471515664 0.9459205079145341
vt 0.2050010456881719 0.9567308549828306
vt 0.213190659606378 0.9505712348913391
vt 0.21378152109845355 0.949615080889359
vt 0.1640625 0.5124111782378573
vt 0.171875 0.5240072974300878
vt 0.171875 0.5079765965227028
vt 0.16614895730714535 0.5078125
vt 0.1348462806176812 0.53125
vt 0.140625 0.5310857884933813
vt 0.140625 0.5150551099544378
vt 0.1328125 0.5266510946686411
vt 0.5183551754104481 0.5
vt 0.5172062093898333 0.500048755343016
vt 0.5078125 0.504376683124843
vt 0.5198272088249951 0.504376683124843
vt 0.2102338217560306 0.9369833150815156
vt 0.19817210340921576 0.9386823648100753
vt 0.20798881511254644 0.941940869917911
vt 0.2091256688464732 0.9418905160552498
vt 0.46875 0.8952321689170654
vt 0.4765625 0.9069902443542608
vt 0.4765625 0.890810301884336
vt 0.4708165727873104 0.890625
vt 0.21367976383476622 0.9333321860555014
vt 0.2130688855077334 0.9323661605728985
vt 0.19817210340921576 0.9386823648100753
vt 0.21022343912152247 0.9369847776104717
vt 0.48279710628097977 0.484375
vt 0.4816552247757969 0.4844248416652811
vt 0.47240736583203996 0.48877834989559976
vt 0.484375 0.48877834989559976
vt 0.21856208249259754 0.9319146846991456
vt 0.21111698458606212 0.9223321698596878
vt 0.2130688855077334 0.9323661605728985
vt 0.2136734466307481 0.9333221962100767
vt 0.015625 0.5124831566888985
vt 0.0234375 0.5241955139555757
vt 0.0234375 0.5079705267080725
vt 0.017687466034453835 0.5078125
vt 0.22349159272659444 0.9331271003163226
vt 0.224045011806965 0.9321359862797982
vt 0.21111698458606212 0.9223321698596878
vt 0.218555680088455 0.9319064442255516
vt 0.5182066216918324 0.515625
vt 0.5170726175814511 0.5156761311016151
vt 0.5078125 0.520065660640197
vt 0.5196761035980655 0.520065660640197
vt 0.22715468927660817 0.9366535381804871
vt 0.23195404780376086 0.9256200177867675
vt 0.224045011806965 0.9321359862797982
vt 0.22349703781783023 0.9331173487436982
vt 0.1484375 0.5124111782378573
vt 0.15625 0.5240072974300878
vt 0.15625 0.5079765965227028
vt 0.15052395730714535 0.5078125
vt 0.22851498530376085 0.9414864240367675
vt 0.22966498530376087 0.9414864240367675
vt 0.23195404780376086 0.9256200177867675
vt 0.22715873530376085 0.9366442365367675
vt 0.010542675410448066 0.4765625
vt 0.009393709389833273 0.47661125534301596
vt 0 0.48093918312484296
vt 0.012014708824995057 0.48093918312484296
vt 0.22720281114408847 0.9463397840267742
vt 0.23932789659078424 0.9451761163902325
vt 0.22966498530376087 0.9414864240367675
vt 0.2285270169721153 0.9414864240367675
vt 0.1015625 0.5124196689170654
vt 0.109375 0.5241777443542608
vt 0.109375 0.507997801884336
vt 0.10362907278731034 0.5078125
vt 0.2235986857439467 0.949834857713359
vt 0.22416622015999674 0.9508269677123387
vt 0.23932789659078424 0.9451761163902325
vt 0.22721324832450945 0.9463387823506106
vt 0.5218596062809797 0.53125
vt 0.5207177247757969 0.5312998416652811
vt 0.5114698658320399 0.5356533498955998
vt 0.5234375 0.5356533498955998
vt 0.21865842624053275 0.9510349333821425
vt 0.22567221607665014 0.9609375
vt 0.22416622015999674 0.9508269677123387
vt 0.22360455472068863 0.9498451173035174
vt 0 0.5124831566888985
vt 0.0078125 0.5241955139555757
vt 0.0078125 0.5079705267080725
vt 0.002062466034453833 0.5078125
vt 0.2137873923529216 0.9496055798074108
vt 0.213190659606378 0.9505712348913391
vt 0.22567221607665014 0.9609375
vt 0.21866445774175214 0.951043449083928
vt 0.0703125 0.8359375
vt 0.070334375 0.84375
vt 0.078125 0.84375
vt 0.078125 0.8359375
vt 0.0546875 0.5625
vt 0.05471171875 0.5703125
vt 0.0625 0.5703125
vt 0.0625 0.5625
vt 0.5169765625 0.9453125
vt 0.51699375 0.953125
vt 0.52206875 0.953125
vt 0.5220859375 0.9453125
vt 0.11209765625 0.4765625
vt 0.11209765625 0.484375
vt 0.11716328125 0.484375
vt 0.1171875 0.4765625
vt 0.14338515625 0.4765625
vt 0.14338515625 0.484375
vt 0.148415625 0.484375
vt 0.1484375 0.4765625
vt 0.2045140625 0.4765625
vt 0.20452578125 0.484375
vt 0.20953671875 0.484375
vt 0.2095484375 0.4765625
vt 0.15625 0.9140625
vt 0.156271875 0.921875
vt 0.1640625 0.921875
vt 0.1640625 0.9140625
vt 0.3203125 0.5
vt 0.32033671875 0.5078125
vt 0.328125 0.5078125
vt 0.328125 0.5
vt 0.0951015625 0.4765625
vt 0.09511875 0.484375
vt 0.10019375 0.484375
vt 0.1002109375 0.4765625
vt 0.51834765625 0.8984375
vt 0.51834765625 0.90625
vt 0.52341328125 0.90625
vt 0.5234375 0.8984375
vt 0.51838515625 0.8515625
vt 0.51838515625 0.859375
vt 0.523415625 0.859375
vt 0.5234375 0.8515625
vt 0.5170140625 0.78125
vt 0.51702578125 0.7890625
vt 0.52203671875 0.7890625
vt 0.5220484375 0.78125
vt 0.1782984375 0.484375
vt 0.17828671875 0.4765625
vt 0.17327578125 0.4765625
vt 0.1732640625 0.484375
vt 0.0390625 0.8515625
vt 0.0390625 0.84375
vt 0.031271875 0.84375
vt 0.03125 0.8515625
vt 0.265625 0.6953125
vt 0.265625 0.6875
vt 0.25783671875 0.6875
vt 0.2578125 0.6953125
vt 0.5220859375 0.921875
vt 0.52206875 0.9140625
vt 0.51699375 0.9140625
vt 0.5169765625 0.921875
vt 0.1328125 0.484375
vt 0.13278828125 0.4765625
vt 0.12772265625 0.4765625
vt 0.12772265625 0.484375
vt 0.5234375 0.84375
vt 0.523415625 0.8359375
vt 0.51838515625 0.8359375
vt 0.51838515625 0.84375
vt 0.5220484375 0.828125
vt 0.52203671875 0.8203125
vt 0.51702578125 0.8203125
vt 0.5170140625 0.828125
vt 0.078125 1
vt 0.078125 0.9921875
vt 0.070334375 0.9921875
vt 0.0703125 1
vt 0.1015625 0.765625
vt 0.1015625 0.7578125
vt 0.09377421875 0.7578125
vt 0.09375 0.765625
vt 0.5220859375 0.96875
vt 0.52206875 0.9609375
vt 0.51699375 0.9609375
vt 0.5169765625 0.96875
vt 0.5234375 0.890625
vt 0.52341328125 0.8828125
vt 0.51834765625 0.8828125
vt 0.51834765625 0.890625
vt 0.1640625 0.484375
vt 0.164040625 0.4765625
vt 0.15901015625 0.4765625
vt 0.15901015625 0.484375
vn -1 -1.2654131710132954e-15 -7.20807575837894e-16
vn 1.04101256048816e-15 -0.9694633803800988 0.2452361190811665
vn 1 1.2654131710132954e-15 7.20807575837894e-16
vn -1 -1.2654131710132954e-15 -7.20807575837894e-16
vn -1.3513221576255563e-15 0.8784855980346633 0.47776882908544804
vn 1 1.2654131710132954e-15 7.20807575837894e-16
vn -1 -1.2654131710132954e-15 -7.20807575837894e-16
vn -2.169247417533018e-16 -0.2804879737572762 0.9598575397305256
vn 1 1.2654131710132954e-15 7.20807575837894e-16
vn -1 -1.2654131710132954e-15 -7.20807575837894e-16
vn -7.276568770319158e-16 0.8484446985004513 -0.5292840386658928
vn 1 1.2654131710132954e-15 7.20807575837894e-16
vn -1 -1.2654131710132954e-15 -7.20807575837894e-16
vn -1.263259263242403e-15 0.6880741896084875 0.7256403445196686
vn 1 1.2654131710132954e-15 7.20807575837894e-16
vn -1 -1.2654131710132954e-15 -7.20807575837894e-16
vn 6.093183972130411e-16 -0.021772428382159315 -0.9997629525854336
vn 1 1.2654131710132954e-15 7.20807575837894e-16
vn -1 -1.2654131710132954e-15 -7.20807575837894e-16
vn -1.04101256048816e-15 0.9694633803800987 -0.24523611908116622
vn 1 1.2654131710132954e-15 7.20807575837894e-16
vn -1 -1.2654131710132954e-15 -7.20807575837894e-16
vn 1.3513221576255563e-15 -0.8784855980346633 -0.4777688290854481
vn 1 1.2654131710132954e-15 7.20807575837894e-16
vn -1 -1.2654131710132954e-15 -7.20807575837894e-16
vn 2.1692474175330072e-16 0.28048797375727696 -0.9598575397305253
vn 1 1.2654131710132954e-15 7.20807575837894e-16
vn -1 -1.2654131710132954e-15 -7.20807575837894e-16
vn 7.276568770319172e-16 -0.8484446985004521 0.5292840386658918
vn 1 1.2654131710132954e-15 7.20807575837894e-16
vn -1 -1.2654131710132954e-15 -7.20807575837894e-16
vn 1.263259263242403e-15 -0.6880741896084878 -0.7256403445196683
vn 1 1.2654131710132954e-15 7.20807575837894e-16
vn -1 -1.2654131710132954e-15 -7.20807575837894e-16
vn -6.093183972130422e-16 0.021772428382160203 0.9997629525854335
vn 1 1.2654131710132954e-15 7.20807575837894e-16
vn -0.9132655219955091 0.40450945210878225 0.04814758030185047
vn 0.9873876606933308 0.05207118597709459 0.14951320711392288
vn -0.9851088575548891 0.07526411012901219 0.1545828337603808
vn 0.9947970743134892 -0.06101278536909087 0.08158566638097353
vn -0.9113151033675839 0.246569104063726 -0.32970965908711447
vn 0.9875761816486943 0.15465145618556747 0.02786059116150665
vn -0.9852556068053276 0.17079362881555268 0.010046174131515975
vn 0.9948620540907743 0.038870636846603863 0.09348030231778624
vn -0.9122887489810015 -0.1572442759457578 -0.37815800423232315
vn 0.9872634206827047 0.10253784474325359 -0.12164262648140012
vn -0.9848864120940267 0.0954825141828757 -0.14450551808796763
vn 0.9949270466030885 0.09989393300932117 0.01189008349782852
vn -0.9132655219955085 -0.4045094521087834 -0.04814758030185212
vn 0.9873876606933311 -0.05207118597709199 -0.14951320711392138
vn -0.9851088575548885 -0.07526411012901472 -0.15458283376038218
vn 0.9947970743134892 0.06101278536909338 -0.081585666380972
vn -0.9113151033675833 -0.24656910406372912 0.32970965908711397
vn 0.9875761816486947 -0.15465145618556522 -0.027860591161505285
vn -0.9852556068053272 -0.17079362881555554 -0.010046174131517411
vn 0.9948620540907746 -0.03887063684660122 -0.09348030231778494
vn -0.9122887489810035 0.15724427594575402 0.37815800423232
vn 0.9872634206827049 -0.10253784474325095 0.12164262648140134
vn -0.9848864120940267 -0.09548251418287801 0.1445055180879661
vn 0.9949270466030887 -0.09989393300931855 -0.011890083497826966
vn 0.01964466195978008 -0.9893017969349919 0.14455463270916633
vn 0.016209962491391627 -0.7845527339806211 0.6198501792526647
vn 0.01374250782475935 -0.37457121829658147 0.9270962980739924
vn 0.01467287139461244 0.13377906751788038 0.9909025521912252
vn 0.01809814496514971 0.6112459167665186 0.7912337748005192
vn 0.02060276309133423 0.9269870510312711 0.37452707962622694
vn 0.019644661959778466 0.989301796934992 -0.14455463270916616
vn 0.01620996249139082 0.7845527339806211 -0.6198501792526645
vn 0.01374250782475953 0.3745712182965828 -0.9270962980739921
vn 0.014672871394612654 -0.13377906751788082 -0.9909025521912251
vn 0.018098144965152514 -0.6112459167665185 -0.7912337748005192
vn 0.020602763091337496 -0.9269870510312707 -0.3745270796262275
vn -0.02060276309133688 0.9269870510312711 0.37452707962622694
vn -0.01809814496515204 0.9893306803796933 -0.14455885309545594
vn -0.014672871394613747 0.7845713599066219 -0.6198648950047998
vn -0.013742507824757609 0.3745712182965828 -0.9270962980739921
vn -0.016209962491390676 -0.13377589156838865 -0.9908790279096185
vn -0.01964466195977869 -0.6112280714818367 -0.7912106747820589
vn -0.02060276309133361 -0.9269870510312709 -0.3745270796262276
vn -0.0180981449651494 -0.9893306803796933 0.14455885309545605
vn -0.014672871394612623 -0.7845713599066217 0.6198648950047998
vn -0.013742507824759487 -0.37457121829658147 0.9270962980739924
vn -0.016209962491391765 0.13377589156838823 0.9908790279096185
vn -0.019644661959780752 0.6112280714818367 0.7912106747820586
usemtl m_0152a11c-830e-9911-f60c-488da9c31993
f 391/1253/325 392/1254/325 382/1255/325
f 345/1256/326 344/1257/326 343/1258/326 346/1259/326
f 372/1260/327 371/1261/327 369/1262/327
f 392/1263/328 381/1264/328 382/1265/328
f 348/1266/329 347/1267/329 344/1268/329 345/1269/329
f 373/1270/330 372/1271/330 369/1272/330
f 381/1273/331 380/1274/331 382/1275/331
f 350/1276/332 349/1277/332 347/1278/332 348/1279/332
f 374/1280/333 373/1281/333 369/1282/333
f 380/1283/334 383/1284/334 382/1285/334
f 352/1286/335 351/1287/335 349/1288/335 350/1289/335
f 375/1290/336 374/1291/336 369/1292/336
f 383/1293/337 384/1294/337 382/1295/337
f 354/1296/338 353/1297/338 351/1298/338 352/1299/338
f 376/1300/339 375/1301/339 369/1302/339
f 384/1303/340 385/1304/340 382/1305/340
f 356/1306/341 355/1307/341 353/1308/341 354/1309/341
f 377/1310/342 376/1311/342 369/1312/342
f 385/1313/343 386/1314/343 382/1315/343
f 358/1316/344 357/1317/344 355/1318/344 356/1319/344
f 378/1320/345 377/1321/345 369/1322/345
f 386/1323/346 387/1324/346 382/1325/346
f 360/1326/347 359/1327/347 357/1328/347 358/1329/347
f 379/1330/348 378/1331/348 369/1332/348
f 387/1333/349 388/1334/349 382/1335/349
f 362/1336/350 361/1337/350 359/1338/350 360/1339/350
f 367/1340/351 379/1341/351 369/1342/351
f 388/1343/352 389/1344/352 382/1345/352
f 364/1346/353 363/1347/353 361/1348/353 362/1349/353
f 368/1350/354 367/1351/354 369/1352/354
f 389/1353/355 390/1354/355 382/1355/355
f 366/1356/356 365/1357/356 363/1358/356 364/1359/356
f 370/1360/357 368/1361/357 369/1362/357
f 390/1363/358 391/1364/358 382/1365/358
f 346/1366/359 343/1367/359 365/1368/359 366/1369/359
f 371/1370/360 370/1371/360 369/1372/360
f 319/1373/361 343/1374/361 344/1375/361 321/1376/361
f 322/1377/362 345/1378/362 346/1379/362 320/1380/362
f 321/1381/363 344/1382/363 347/1383/363 323/1384/363
f 324/1385/364 348/1386/364 345/1387/364 322/1388/364
f 323/1389/365 347/1390/365 349/1391/365 325/1392/365
f 326/1393/366 350/1394/366 348/1395/366 324/1396/366
f 325/1397/367 349/1398/367 351/1399/367 327/1400/367
f 328/1401/368 352/1402/368 350/1403/368 326/1404/368
f 327/1405/369 351/1406/369 353/1407/369 329/1408/369
f 330/1409/370 354/1410/370 352/1411/370 328/1412/370
f 329/1413/371 353/1414/371 355/1415/371 331/1416/371
f 332/1417/372 356/1418/372 354/1419/372 330/1420/372
f 331/1421/373 355/1422/373 357/1423/373 333/1424/373
f 334/1425/374 358/1426/374 356/1427/374 332/1428/374
f 333/1429/375 357/1430/375 359/1431/375 335/1432/375
f 336/1433/376 360/1434/376 358/1435/376 334/1436/376
f 335/1437/377 359/1438/377 361/1439/377 337/1440/377
f 338/1441/378 362/1442/378 360/1443/378 336/1444/378
f 337/1445/379 361/1446/379 363/1447/379 339/1448/379
f 340/1449/380 364/1450/380 362/1451/380 338/1452/380
f 339/1453/381 363/1454/381 365/1455/381 341/1456/381
f 342/1457/382 366/1458/382 364/1459/382 340/1460/382
f 341/1461/383 365/1462/383 343/1463/383 319/1464/383
f 320/1465/384 346/1466/384 366/1467/384 342/1468/384
f 338/1469/385 367/1470/385 368/1471/385 340/1472/385
f 340/1473/386 368/1474/386 370/1475/386 342/1476/386
f 342/1477/387 370/1478/387 371/1479/387 320/1480/387
f 320/1481/388 371/1482/388 372/1483/388 322/1484/388
f 322/1485/389 372/1486/389 373/1487/389 324/1488/389
f 324/1489/390 373/1490/390 374/1491/390 326/1492/390
f 326/1493/391 374/1494/391 375/1495/391 328/1496/391
f 328/1497/392 375/1498/392 376/1499/392 330/1500/392
f 330/1501/393 376/1502/393 377/1503/393 332/1504/393
f 332/1505/394 377/1506/394 378/1507/394 334/1508/394
f 334/1509/395 378/1510/395 379/1511/395 336/1512/395
f 336/1513/396 379/1514/396 367/1515/396 338/1516/396
f 325/1517/397 380/1518/397 381/1519/397 323/1520/397
f 327/1521/398 383/1522/398 380/1523/398 325/1524/398
f 329/1525/399 384/1526/399 383/1527/399 327/1528/399
f 331/1529/400 385/1530/400 384/1531/400 329/1532/400
f 333/1533/401 386/1534/401 385/1535/401 331/1536/401
f 335/1537/402 387/1538/402 386/1539/402 333/1540/402
f 337/1541/403 388/1542/403 387/1543/403 335/1544/403
f 339/1545/404 389/1546/404 388/1547/404 337/1548/404
f 341/1549/405 390/1550/405 389/1551/405 339/1552/405
f 319/1553/406 391/1554/406 390/1555/406 341/1556/406
f 321/1557/407 392/1558/407 391/1559/407 319/1560/407
f 323/1561/408 381/1562/408 392/1563/408 321/1564/408
o Thigh
v 0.2187499999999999 0.7000000000000001 -0.09000000000000055
v 0.21875000000000022 0.7000000000000001 0.08999999999999947
v 0.21249999999999983 0.3749999999999999 -0.0900000000000005
v 0.21250000000000016 0.3749999999999999 0.08999999999999952
v 0.05624999999999993 0.6550000000000001 -0.09000000000000023
v 0.05625000000000028 0.6550000000000001 0.08999999999999979
v 0.0562499999999999 0.3749999999999999 -0.09000000000000019
v 0.056250000000000244 0.3749999999999999 0.08999999999999983
v 0.2437499999999999 0.5635 -0.11250000000000057
v 0.24375000000000036 0.5635 0.11249999999999943
v 0.056250000000000314 0.5635 0.1124999999999998
v 0.05624999999999988 0.5635 -0.11250000000000021
v 0.13749999999999982 0.5635 -0.11250000000000036
v 0.13749999999999987 0.7025 -0.0900000000000004
v 0.1375000000000002 0.7025 0.08999999999999962
v 0.13750000000000026 0.5635 0.11249999999999964
v 0.13750000000000018 0.3749999999999999 0.08999999999999966
v 0.13749999999999984 0.3749999999999999 -0.09000000000000036
vt 0.3140625 0.7109375
vt 0.3421875 0.7109375
vt 0.339375 0.6875
vt 0.316875 0.6875
vt 0.259375 0.9885625
vt 0.2875 0.9885625
vt 0.2846875 0.965
vt 0.2621875 0.965
vt 0.4453125 0.7109375
vt 0.46875 0.7109375
vt 0.46875 0.703125
vt 0.4453125 0.703125
vt 0.121484375 0.625
vt 0.121484375 0.6475
vt 0.130859375 0.6475
vt 0.130859375 0.625
vt 0.33046875 0.6484375
vt 0.33046875 0.6721671874999999
vt 0.34375 0.6721671874999999
vt 0.33984375 0.6484375
vt 0.30234375 0.6721671874999999
vt 0.30234375 0.6484375
vt 0.29296875 0.6484375
vt 0.2890625 0.6721671874999999
vt 0.38125 0.6875
vt 0.353125 0.6875
vt 0.3559375 0.703125
vt 0.3784375 0.703125
vt 0.31404048207251817 0.640625
vt 0.31404048207251817 0.62302421875
vt 0.30075923207251815 0.62302421875
vt 0.30388423207251813 0.6403171875
vt 0.2875 0.9885625
vt 0.259375 0.9885625
vt 0.2621875 1
vt 0.2846875 1
vt 0.3499999977501648 0.6230242131322415
vt 0.3499999977501648 0.640625
vt 0.36015649730761723 0.6403167083896575
vt 0.3632812522498352 0.6230238869555291
vt 0.3499999977501648 0.6406249943822415
vt 0.3499999977501648 0.6230242131322415
vt 0.3398437477501648 0.6230242131322415
vt 0.3398437477501648 0.6347640568822416
vt 0.1640625 0.625
vt 0.1875 0.625
vt 0.1875 0.609375
vt 0.1640625 0.609375
vt 0.31404048207251817 0.6230237885978758
vt 0.31404048207251817 0.640625
vt 0.32424076792748185 0.6347637566711626
vt 0.324152567204263 0.6230236004075375
vt 0.30234375 0.6484375
vt 0.30234375 0.6721671874999999
vt 0.3125 0.6721671874999999
vt 0.3125 0.6484375
vt 0.121484375 0.6475
vt 0.121484375 0.625
vt 0.111328125 0.625
vt 0.111328125 0.6475
vt 0.33046875 0.6721671874999999
vt 0.33046875 0.6484375
vt 0.3203125 0.6484375
vt 0.3203125 0.6721671874999999
vn 0.9865350075748679 -0.1635502333512718 -1.862472854287045e-15
vn -1 1.2246467991473554e-16 1.908195823574488e-15
vn 0.03075467578697342 0.9995269630766537 -1.8109269349141993e-16
vn -1.2246467991473535e-16 -1 1.2246467991473554e-16
vn -1.9092605184133515e-15 -0.11852205281617371 -0.9929514202599441
vn 1.8802309878914115e-15 -0.11852205281617345 0.9929514202599441
vn 0.9836384960749287 0.1801535707096943 -1.8990373194897284e-15
vn 1.903245988529383e-15 0.15979061814520884 0.9871509298748455
vn -1 1.2246467991473554e-16 1.908195823574488e-15
vn 0.004916574979919188 0.1597886868474381 -0.9871389987463967
vn -1.864108574720322e-15 0.15979061814520865 -0.9871509298748457
vn -0.5046965873311549 0.8632967941190827 8.573365545543958e-16
vn -0.09301110178732573 0.15909793726779767 0.9828717013432832
vn 1.8802309878914115e-15 -0.11852205281617346 0.9929514202599441
vn -1.2246467991473535e-16 -1 1.2246467991473554e-16
vn -1.9092605184133515e-15 -0.11852205281617371 -0.9929514202599441
usemtl m_0152a11c-830e-9911-f60c-488da9c31993
f 401/1565/409 402/1566/409 396/1567/409 395/1568/409
f 403/1569/410 404/1570/410 399/1571/410 400/1572/410
f 406/1573/411 407/1574/411 394/1575/411 393/1576/411
f 409/1577/412 410/1578/412 395/1579/412 396/1580/412
f 410/1581/413 405/1582/413 401/1583/413 395/1584/413
f 408/1585/414 409/1586/414 396/1587/414 402/1588/414
f 402/1589/415 401/1590/415 393/1591/415 394/1592/415
f 407/1593/416 408/1594/416 402/1595/416 394/1596/416
f 404/1597/417 403/1598/417 398/1599/417 397/1600/417
f 405/1601/418 406/1602/418 393/1603/418 401/1604/418
f 406/1605/419 405/1606/419 404/1607/419 397/1608/419
f 407/1609/420 406/1610/420 397/1611/420 398/1612/420
f 408/1613/421 407/1614/421 398/1615/421 403/1616/421
f 409/1617/422 408/1618/422 403/1619/422 400/1620/422
f 410/1621/423 409/1622/423 400/1623/423 399/1624/423
f 405/1625/424 410/1626/424 399/1627/424 404/1628/424
o cuboid
v 0.2187500000000001 0.69375 0.0625
v 0.2187500000000001 0.69375 -0.0625
v 0.2187500000000001 0.53125 0.0625
v 0.2187500000000001 0.53125 -0.0625
v 0.3000000000000001 0.69375 0.0625
v 0.3000000000000001 0.69375 -0.0625
v 0.3000000000000001 0.53125 0.0625
v 0.3000000000000001 0.53125 -0.0625
v 0.2187500000000001 0.6520833333333333 -0.0625
v 0.3000000000000001 0.6520833333333333 -0.0625
v 0.2187500000000001 0.6104166666666666 -0.0625
v 0.3000000000000001 0.6104166666666666 -0.0625
v 0.3000000000000001 0.6520833333333333 0.0625
v 0.3000000000000001 0.6104166666666666 0.0625
v 0.2187500000000001 0.6520833333333333 0.0625
v 0.2187500000000001 0.6104166666666666 0.0625
v 0.2187500000000001 0.6520833333333333 -0.08749999999999998
v 0.2187500000000001 0.6104166666666666 -0.08749999999999998
v 0.3250000000000001 0.6104166666666666 -0.08750000000000001
v 0.3250000000000001 0.6520833333333333 -0.08750000000000001
v 0.3250000000000001 0.6104166666666666 0.08750000000000001
v 0.3250000000000001 0.6520833333333333 0.08750000000000001
v 0.2187500000000001 0.6104166666666666 0.08749999999999998
v 0.2187500000000001 0.6520833333333333 0.08749999999999998
v 0.2187500000000001 0.46875 0.062499999999999986
v 0.3000000000000001 0.46875 0.062499999999999986
v 0.2187500000000001 0.46875 -0.024999999999999998
v 0.3000000000000001 0.46875 -0.024999999999999998
vt 0.19921875 0.6510421875
vt 0.21484375 0.6510421875
vt 0.21484375 0.64114609375
vt 0.19921875 0.64114609375
vt 0.1015625 0.5859375
vt 0.1171875 0.5859375
vt 0.1171875 0.57604140625
vt 0.1015625 0.57604140625
vt 0.140625 0.8125
vt 0.140625 0.796875
vt 0.1328125 0.796875
vt 0.1328125 0.8125
vt 0.5078125 0.9375
vt 0.515625 0.9375
vt 0.515625 0.9296875
vt 0.5078125 0.9296875
vt 0.244921875 0.546875
vt 0.255078125 0.546875
vt 0.255078125 0.53697890625
vt 0.244921875 0.53697890625
vt 0.078125 0.4921875
vt 0.0859375 0.4921875
vt 0.0859375 0.484375
vt 0.078125 0.484375
vt 0.1953125 0.484375
vt 0.1875 0.484375
vt 0.1875 0.4921875
vt 0.1953125 0.4921875
vt 0.3359375 0.515625
vt 0.3203125 0.515625
vt 0.3203125 0.5234375
vt 0.3359375 0.5234375
vt 0.3125 0.515625
vt 0.296875 0.515625
vt 0.296875 0.5234375
vt 0.3125 0.5234375
vt 0.46875 0.6171875
vt 0.4453125 0.6171875
vt 0.4453125 0.625
vt 0.46875 0.625
vt 0.28125 0.484375
vt 0.2734375 0.484375
vt 0.2734375 0.4921875
vt 0.28125 0.4921875
vt 0.4921875 0.625
vt 0.4765625 0.625
vt 0.4765625 0.6328125
vt 0.4921875 0.6328125
vt 0.4921875 0.6953125
vt 0.4765625 0.6953125
vt 0.4765625 0.703125
vt 0.4921875 0.703125
vt 0.21484375 0.6510421875
vt 0.19921875 0.6510421875
vt 0.19921875 0.65625
vt 0.21484375 0.65625
vt 0.21484375 0.65625
vt 0.21796875 0.65625
vt 0.21796875 0.6510421875
vt 0.21484375 0.6510421875
vt 0.319140625 0.5734375
vt 0.319140625 0.5703125
vt 0.305859375 0.5703125
vt 0.308984375 0.5734375
vt 0.410546875 0.6765625
vt 0.407421875 0.6796875
vt 0.420703125 0.6796875
vt 0.420703125 0.6765625
vt 0.308984375 0.5734375
vt 0.305859375 0.5703125
vt 0.305859375 0.5921875
vt 0.308984375 0.5890625
vt 0.410546875 0.6609375
vt 0.407421875 0.6578125
vt 0.407421875 0.6796875
vt 0.410546875 0.6765625
vt 0.308984375 0.5890625
vt 0.305859375 0.5921875
vt 0.319140625 0.5921875
vt 0.319140625 0.5890625
vt 0.19921875 0.6510421875
vt 0.19609375 0.6510421875
vt 0.19609375 0.65625
vt 0.19921875 0.65625
vt 0.420703125 0.6609375
vt 0.420703125 0.6578125
vt 0.407421875 0.6578125
vt 0.410546875 0.6609375
vt 0.21484375 0.64114609375
vt 0.21015625 0.63333359375
vt 0.19921875 0.63333359375
vt 0.19921875 0.64114609375
vt 0.255078125 0.53697890625
vt 0.255078125 0.52916640625
vt 0.244921875 0.52916640625
vt 0.244921875 0.53697890625
vt 0.1171875 0.57604140625
vt 0.1171875 0.56822890625
vt 0.10625 0.56822890625
vt 0.1015625 0.57604140625
vt 0.328125 0.4921875
vt 0.328125 0.484375
vt 0.3203125 0.484375
vt 0.3203125 0.4921875
vn -1 0 0
vn 1 0 0
vn 0 1 0
vn 0 -1 0
vn 0 0 1
vn 0 0 -1
vn 0 0 -1
vn -2.6122894697062513e-16 0 -1
vn 1 0 0
vn 1 0 0
vn 0 0 1
vn -2.6122894697062513e-16 0 1
vn -1 0 0
vn -1 0 0
vn -1 0 0
vn 0 -1 0
vn 0 1 0
vn 0 -1 0
vn 0 1 0
vn 0 -1 0
vn -1 0 0
vn 0 1 0
vn -1 0 0
vn 0 -2.220446049250313e-16 1
vn 1 0 0
vn 0 -0.5144957554275267 -0.8574929257125443
usemtl m_0152a11c-830e-9911-f60c-488da9c31993
f 426/1629/425 421/1630/425 414/1631/425 413/1632/425
f 422/1633/426 424/1634/426 417/1635/426 418/1636/426
f 412/1637/427 411/1638/427 415/1639/427 416/1640/427
f 436/1641/428 435/1642/428 437/1643/428 438/1644/428
f 424/1645/429 426/1646/429 413/1647/429 417/1648/429
f 421/1649/430 422/1650/430 418/1651/430 414/1652/430
f 420/1653/431 419/1654/431 412/1655/431 416/1656/431
f 429/1657/432 428/1658/432 427/1659/432 430/1660/432
f 423/1661/433 420/1662/433 416/1663/433 415/1664/433
f 431/1665/434 429/1666/434 430/1667/434 432/1668/434
f 425/1669/435 423/1670/435 415/1671/435 411/1672/435
f 433/1673/436 431/1674/436 432/1675/436 434/1676/436
f 419/1677/437 425/1678/437 411/1679/437 412/1680/437
f 421/1681/438 426/1682/438 425/1683/438 419/1684/438
f 419/1685/439 427/1686/439 428/1687/439 421/1688/439
f 421/1689/440 428/1690/440 429/1691/440 422/1692/440
f 420/1693/441 430/1694/441 427/1695/441 419/1696/441
f 422/1697/442 429/1698/442 431/1699/442 424/1700/442
f 423/1701/443 432/1702/443 430/1703/443 420/1704/443
f 424/1705/444 431/1706/444 433/1707/444 426/1708/444
f 426/1709/445 433/1710/445 434/1711/445 425/1712/445
f 425/1713/446 434/1714/446 432/1715/446 423/1716/446
f 414/1717/447 437/1718/447 435/1719/447 413/1720/447
f 413/1721/448 435/1722/448 436/1723/448 417/1724/448
f 417/1725/449 436/1726/449 438/1727/449 418/1728/449
f 418/1729/450 438/1730/450 437/1731/450 414/1732/450
o Pelvis
v -0.13749999999999996 0.7874999999999995 -0.10036764705882392
v -0.13750000000000034 0.7874999999999995 0.10036764705882315
v -0.13749999999999993 0.6662914078674947 -0.10036764705882391
v -0.13750000000000032 0.6662914078674947 0.10036764705882316
v 0.13750000000000007 0.7874999999999995 -0.1003676470588234
v 0.13749999999999968 0.7874999999999995 0.10036764705882367
v 0.1375000000000001 0.6662914078674947 -0.10036764705882338
v 0.1374999999999997 0.6662914078674947 0.10036764705882369
v -0.04583333333333322 0.60625 -0.1312500000000002
v -0.04583333333333372 0.60625 0.1312499999999998
v 0.04583333333333347 0.60625 -0.13125000000000003
v 0.04583333333333297 0.60625 0.13124999999999998
v -0.04583333333333374 0.7874999999999995 0.13124999999999978
v 0.04583333333333295 0.7874999999999995 0.13124999999999995
v -0.04583333333333324 0.7874999999999995 -0.13125000000000023
v 0.04583333333333345 0.7874999999999995 -0.13125000000000006
vt 0.21875 0.9140625
vt 0.1953125 0.9140625
vt 0.1953125 0.8984375
vt 0.21875 0.8984375
vt 0.3984375 0.859375
vt 0.3984375 0.875
vt 0.375 0.875
vt 0.375 0.859375
vt 0.0023437499999999986 0.73667265625
vt 0.013802343750000001 0.7328125
vt 0.013802343750000001 0.765625
vt 0.0023437499999999986 0.76176484375
vt 0.34292265625 0.8125
vt 0.3390625 0.796875
vt 0.371875 0.796875
vt 0.36801484375 0.8125
vt 0.375 0.63328671875
vt 0.390625 0.62578125
vt 0.390625 0.6484375
vt 0.375 0.6484375
vt 0.125 0.6171875
vt 0.109375 0.6171875
vt 0.109375 0.59453125
vt 0.125 0.60203671875
vt 0.35073515625 0.84375
vt 0.346875 0.828125
vt 0.3796875 0.828125
vt 0.37582734375 0.84375
vt 0.1171875 0.859375
vt 0.109375 0.859375
vt 0.109375 0.828125
vt 0.1171875 0.828125
vt 0.3828125 0.80516171875
vt 0.3984375 0.79765625
vt 0.3984375 0.8203125
vt 0.3828125 0.8203125
vt 0.1640625 0.6640625
vt 0.171875 0.6640625
vt 0.171875 0.6875
vt 0.1640625 0.6875
vt 0.03671875 0.76176484375
vt 0.02526015625 0.765625
vt 0.02526015625 0.7328125
vt 0.03671875 0.73667265625
vt 0.02526015625 0.765625
vt 0.013802343750000001 0.765625
vt 0.013802343750000001 0.7328125
vt 0.02526015625 0.7328125
vt 0.3984375 0.7578125
vt 0.3828125 0.7578125
vt 0.3828125 0.73515625
vt 0.3984375 0.74266171875
vt 0.1875 0.5546875
vt 0.1796875 0.5546875
vt 0.1796875 0.53125
vt 0.1875 0.53125
vn -1 -1.2246467991473554e-16 -1.908195823574488e-15
vn 1 1.2246467991473554e-16 1.908195823574488e-15
vn -1.2246467991473535e-16 1 -1.2246467991473554e-16
vn 0.547923688440741 -0.8365283208866833 1.1479908669771495e-15
vn 0.3192667777280173 -7.695657244431623e-17 -0.9476648799228391
vn 0.31926677772801365 1.5515437992805709e-16 0.9476648799228402
vn -0.5479236884407408 -0.8365283208866834 -9.431005208631517e-16
vn 1.2246467991473535e-16 -1 1.2246467991473554e-16
vn -0.31926677772801737 7.695657244431619e-17 0.9476648799228389
vn -1.908195823574488e-15 1.2246467991473535e-16 1
vn -1.2246467991473535e-16 1 -1.2246467991473554e-16
vn -1.2246467991473535e-16 1 -1.2246467991473554e-16
vn -0.31926677772801376 -1.551543799280571e-16 -0.9476648799228402
vn 1.908195823574488e-15 -1.2246467991473535e-16 -1
usemtl m_0152a11c-830e-9911-f60c-488da9c31993
f 440/1733/451 439/1734/451 441/1735/451 442/1736/451
f 445/1737/452 443/1738/452 444/1739/452 446/1740/452
f 443/1741/453 454/1742/453 452/1743/453 444/1744/453
f 446/1745/454 450/1746/454 449/1747/454 445/1748/454
f 445/1749/455 449/1750/455 454/1751/455 443/1752/455
f 444/1753/456 452/1754/456 450/1755/456 446/1756/456
f 441/1757/457 447/1758/457 448/1759/457 442/1760/457
f 447/1761/458 449/1762/458 450/1763/458 448/1764/458
f 442/1765/459 448/1766/459 451/1767/459 440/1768/459
f 448/1769/460 450/1770/460 452/1771/460 451/1772/460
f 440/1773/461 451/1774/461 453/1775/461 439/1776/461
f 451/1777/462 452/1778/462 454/1779/462 453/1780/462
f 439/1781/463 453/1782/463 447/1783/463 441/1784/463
f 453/1785/464 454/1786/464 449/1787/464 447/1788/464
o tube
v 0.12141504294495534 0.7468750000000002 0.13749999999999998
v 0.12141504294495534 0.8281250000000002 0.13749999999999998
v 0.09672868321179848 0.7468750000000002 0.1095432132544899
v 0.09672868321179848 0.8281250000000002 0.1095432132544899
v 0.15625 0.7468750000000002 0.05695436482630058
v 0.15625 0.8281250000000002 0.05695436482630058
v 0.12448092415282944 0.7468750000000002 0.045374284595937904
v 0.12448092415282944 0.8281250000000002 0.045374284595937904
v 0.15625 0.7468750000000002 -0.0569543648263006
v 0.15625 0.8281250000000002 -0.0569543648263006
v 0.12448092415282944 0.7468750000000002 -0.045374284595937925
v 0.12448092415282944 0.8281250000000002 -0.045374284595937925
v 0.12141504294495536 0.7468750000000002 -0.13750000000000004
v 0.12141504294495536 0.8281250000000002 -0.13750000000000004
v 0.0967286832117985 0.7468750000000002 -0.10954321325448993
v 0.0967286832117985 0.8281250000000002 -0.10954321325448993
v -0.12141504294495525 0.7468750000000002 -0.13750000000000004
v -0.12141504294495525 0.8281250000000002 -0.13750000000000004
v -0.0967286832117984 0.7468750000000002 -0.10954321325448996
v -0.0967286832117984 0.8281250000000002 -0.10954321325448996
v -0.15624999999999997 0.7468750000000002 -0.05695436482630068
v -0.15624999999999997 0.8281250000000002 -0.05695436482630068
v -0.12448092415282944 0.7468750000000002 -0.045374284595937994
v -0.12448092415282944 0.8281250000000002 -0.045374284595937994
v -0.15625 0.7468750000000002 0.05695436482630059
v -0.15625 0.8281250000000002 0.05695436482630059
v -0.12448092415282944 0.7468750000000002 0.045374284595937925
v -0.12448092415282944 0.8281250000000002 0.045374284595937925
v -0.12141504294495548 0.7468750000000002 0.13749999999999998
v -0.12141504294495548 0.8281250000000002 0.13749999999999998
v -0.09672868321179859 0.7468750000000002 0.10954321325448987
v -0.09672868321179859 0.8281250000000002 0.10954321325448987
vt 0.4375 0.4921875
vt 0.4453125 0.4921875
vt 0.4453125 0.5
vt 0.4375 0.5
vt 0.5078125 0.59375
vt 0.5 0.59375
vt 0.5 0.5859375
vt 0.5078125 0.5859375
vt 0.25818515625 0.77306796875
vt 0.26165390625 0.765046875
vt 0.265625 0.76649453125
vt 0.2612703125 0.7765625
vt 0.2651765625 0.79375
vt 0.26953125 0.80381796875
vt 0.26556015625 0.805265625
vt 0.26209140625 0.79724453125
vt 0.359375 0.5234375
vt 0.375 0.5234375
vt 0.375 0.53125
vt 0.359375 0.53125
vt 0.5078125 0.703125
vt 0.5 0.703125
vt 0.5 0.6953125
vt 0.5078125 0.6953125
vt 0.26165390625 0.765046875
vt 0.26165390625 0.753703125
vt 0.265625 0.75225546875
vt 0.265625 0.76649453125
vt 0.26953125 0.80381796875
vt 0.26953125 0.81805703125
vt 0.26556015625 0.816609375
vt 0.26556015625 0.805265625
vt 0.5 0.6015625
vt 0.5078125 0.6015625
vt 0.5078125 0.609375
vt 0.5 0.609375
vt 0.4140625 0.5
vt 0.40625 0.5
vt 0.40625 0.4921875
vt 0.4140625 0.4921875
vt 0.26165390625 0.753703125
vt 0.25818515625 0.74568203125
vt 0.2612703125 0.7421875
vt 0.265625 0.75225546875
vt 0.26953125 0.81805703125
vt 0.2651765625 0.828125
vt 0.26209140625 0.82463046875
vt 0.26556015625 0.816609375
vt 0.40625 0.921875
vt 0.4375 0.921875
vt 0.4375 0.9296875
vt 0.40625 0.9296875
vt 0.3515625 0.5546875
vt 0.328125 0.5546875
vt 0.328125 0.546875
vt 0.3515625 0.546875
vt 0.25818515625 0.74568203125
vt 0.23400234375 0.74568203125
vt 0.2309171875 0.7421875
vt 0.2612703125 0.7421875
vt 0.2651765625 0.828125
vt 0.2348234375 0.828125
vt 0.23790859375 0.82463046875
vt 0.26209140625 0.82463046875
vt 0.453125 0.4921875
vt 0.4609375 0.4921875
vt 0.4609375 0.5
vt 0.453125 0.5
vt 0.0390625 0.4921875
vt 0.03125 0.4921875
vt 0.03125 0.484375
vt 0.0390625 0.484375
vt 0.23400234375 0.74568203125
vt 0.23053359375 0.753703125
vt 0.2265625 0.75225546875
vt 0.2309171875 0.7421875
vt 0.23482343749999998 0.828125
vt 0.23046875 0.81805703125
vt 0.23443984375 0.816609375
vt 0.23790859375 0.82463046875
vt 0.4765625 0.9921875
vt 0.4921875 0.9921875
vt 0.4921875 1
vt 0.4765625 1
vt 0.34375 0.5
vt 0.3359375 0.5
vt 0.3359375 0.4921875
vt 0.34375 0.4921875
vt 0.23053359375 0.753703125
vt 0.23053359375 0.765046875
vt 0.2265625 0.76649453125
vt 0.2265625 0.75225546875
vt 0.23046875 0.81805703125
vt 0.23046875 0.80381796875
vt 0.23443984375 0.805265625
vt 0.23443984375 0.816609375
vt 0.5 0.6328125
vt 0.5078125 0.6328125
vt 0.5078125 0.640625
vt 0.5 0.640625
vt 0.5078125 0.625
vt 0.5 0.625
vt 0.5 0.6171875
vt 0.5078125 0.6171875
vt 0.23053359375 0.765046875
vt 0.23400234375 0.77306796875
vt 0.2309171875 0.7765625
vt 0.2265625 0.76649453125
vt 0.23046875 0.80381796875
vt 0.2348234375 0.79375
vt 0.23790859375 0.79724453125
vt 0.23443984375 0.805265625
vt 0.421875 0.859375
vt 0.453125 0.859375
vt 0.453125 0.8671875
vt 0.421875 0.8671875
vt 0.46875 0.6953125
vt 0.4453125 0.6953125
vt 0.4453125 0.6875
vt 0.46875 0.6875
vt 0.23400234375 0.77306796875
vt 0.25818515625 0.77306796875
vt 0.2612703125 0.7765625
vt 0.2309171875 0.7765625
vt 0.2348234375 0.79375
vt 0.2651765625 0.79375
vt 0.26209140625 0.79724453125
vt 0.23790859375 0.79724453125
vn 0.9178387186074535 0 0.3969535068808791
vn -0.9178387186074534 0 -0.39695350688087905
vn 0 -1 0
vn 0 1 0
vn 1 0 0
vn -1 0 0
vn 0 -1 0
vn 0 1 0
vn 0.9178387186074536 0 -0.3969535068808786
vn -0.9178387186074535 0 0.3969535068808787
vn 0 -1 0
vn 0 1 0
vn 0 0 -1
vn -1.4347127808436573e-16 0 1
vn 0 -1 0
vn 0 1 0
vn -0.917838718607453 0 -0.39695350688087977
vn 0.9178387186074528 0 0.3969535068808803
vn 0 -1 0
vn 0 1 0
vn -1 0 -2.436650439371753e-16
vn 1 0 0
vn 0 -1 0
vn 0 1 0
vn -0.917838718607454 0 0.3969535068808778
vn 0.9178387186074538 0 -0.39695350688087805
vn 0 -1 0
vn 0 1 0
vn 0 0 1
vn 1.4347127808436566e-16 0 -1
vn 0 -1 0
vn 0 1 0
usemtl m_0152a11c-830e-9911-f60c-488da9c31993
f 455/1789/465 459/1790/465 460/1791/465 456/1792/465
f 458/1793/466 462/1794/466 461/1795/466 457/1796/466
f 457/1797/467 461/1798/467 459/1799/467 455/1800/467
f 456/1801/468 460/1802/468 462/1803/468 458/1804/468
f 459/1805/469 463/1806/469 464/1807/469 460/1808/469
f 462/1809/470 466/1810/470 465/1811/470 461/1812/470
f 461/1813/471 465/1814/471 463/1815/471 459/1816/471
f 460/1817/472 464/1818/472 466/1819/472 462/1820/472
f 463/1821/473 467/1822/473 468/1823/473 464/1824/473
f 466/1825/474 470/1826/474 469/1827/474 465/1828/474
f 465/1829/475 469/1830/475 467/1831/475 463/1832/475
f 464/1833/476 468/1834/476 470/1835/476 466/1836/476
f 467/1837/477 471/1838/477 472/1839/477 468/1840/477
f 470/1841/478 474/1842/478 473/1843/478 469/1844/478
f 469/1845/479 473/1846/479 471/1847/479 467/1848/479
f 468/1849/480 472/1850/480 474/1851/480 470/1852/480
f 471/1853/481 475/1854/481 476/1855/481 472/1856/481
f 474/1857/482 478/1858/482 477/1859/482 473/1860/482
f 473/1861/483 477/1862/483 475/1863/483 471/1864/483
f 472/1865/484 476/1866/484 478/1867/484 474/1868/484
f 475/1869/485 479/1870/485 480/1871/485 476/1872/485
f 478/1873/486 482/1874/486 481/1875/486 477/1876/486
f 477/1877/487 481/1878/487 479/1879/487 475/1880/487
f 476/1881/488 480/1882/488 482/1883/488 478/1884/488
f 479/1885/489 483/1886/489 484/1887/489 480/1888/489
f 482/1889/490 486/1890/490 485/1891/490 481/1892/490
f 481/1893/491 485/1894/491 483/1895/491 479/1896/491
f 480/1897/492 484/1898/492 486/1899/492 482/1900/492
f 483/1901/493 455/1902/493 456/1903/493 484/1904/493
f 486/1905/494 458/1906/494 457/1907/494 485/1908/494
f 485/1909/495 457/1910/495 455/1911/495 483/1912/495
f 484/1913/496 456/1914/496 458/1915/496 486/1916/496
o Body
v -0.16874999999999998 0.9273375427735615 -0.11160714285714336
v -0.16875000000000043 0.9273375427735615 0.11160714285714242
v -0.1215 0.7937500000000002 -0.08928571428571466
v -0.12150000000000033 0.7937500000000002 0.08928571428571394
v 0.16875000000000015 0.9273375427735615 -0.11160714285714271
v 0.1687499999999997 0.9273375427735615 0.11160714285714307
v 0.12150000000000008 0.7937500000000002 -0.0892857142857142
v 0.12149999999999975 0.7937500000000002 0.0892857142857144
v -4.453994797587474e-16 0.9273375427735615 0.15624999999999992
v -3.694086046056845e-16 0.7937500000000002 0.12499999999999993
v 1.0764035128793767e-16 0.7937500000000002 -0.1250000000000002
v 1.5091171510828021e-16 0.9273375427735615 -0.1562500000000002
v -0.12150000000000001 0.860543771386781 -0.08928571428571468
v -0.12150000000000034 0.860543771386781 0.08928571428571393
v -3.7758848243886463e-16 0.860543771386781 0.12499999999999992
v 0.12149999999999973 0.860543771386781 0.0892857142857144
v 0.12150000000000007 0.860543771386781 -0.0892857142857142
v 9.946047345475755e-17 0.860543771386781 -0.1250000000000002
v 0.16875000000000012 1.087642594101836 -0.11160714285714274
v 1.263720816087398e-16 1.1277188569339043 -0.15625000000000022
v -4.699391132582879e-16 1.1277188569339043 0.1562499999999999
v 0.16874999999999968 1.087642594101836 0.11160714285714304
v -0.16875000000000046 1.087642594101836 0.1116071428571424
v -0.16875 1.087642594101836 -0.11160714285714338
v -0.10631250000000035 1.1043410369485311 0.07521350931676983
v 2.914743027172443e-17 1.1277188569339043 -0.10529891304347846
v -3.7271446192127244e-16 1.1277188569339043 0.10529891304347813
v -0.10631250000000007 1.1043410369485311 -0.07521350931677058
v 0.10631250000000002 1.1043410369485311 -0.07521350931677018
v 0.10631249999999974 1.1043410369485311 0.07521350931677023
v -0.09095488903426237 1.226399206373783 0.06065605590062077
v -1.6060464033181934e-17 1.2230595178044434 -0.08491847826086978
v -3.4014263515656656e-16 1.2230595178044434 0.08491847826086941
v -0.09095488903426215 1.226399206373783 -0.060656055900621494
v 0.09095488903426201 1.226399206373783 -0.06065605590062114
v 0.09095488903426178 1.226399206373783 0.06065605590062113
vt 0.3359375 0.7421875
vt 0.3359375 0.75
vt 0.3125 0.75
vt 0.3125 0.7421875
vt 0.46875 0.7578125
vt 0.46875 0.765625
vt 0.4453125 0.765625
vt 0.4453125 0.7578125
vt 0.23069921875 0.65625
vt 0.22766640625 0.64487265625
vt 0.24889609375 0.64487265625
vt 0.24586328125 0.65625
vt 0.2651875 0.7299109375
vt 0.25 0.734375
vt 0.25 0.703125
vt 0.2651875 0.7075890625
vt 0.1953125 0.953125
vt 0.1953125 0.9609375
vt 0.1796875 0.9609375
vt 0.1796875 0.953125
vt 0.484375 0.796875
vt 0.484375 0.8046875
vt 0.46875 0.8046875
vt 0.46875 0.796875
vt 0.484375 0.671875
vt 0.484375 0.6796875
vt 0.46875 0.6796875
vt 0.46875 0.671875
vt 0.2348125 0.7075890625
vt 0.25 0.703125
vt 0.25 0.734375
vt 0.2348125 0.7299109375
vt 0.484375 0.65625
vt 0.484375 0.6640625
vt 0.46875 0.6640625
vt 0.46875 0.65625
vt 0.24586328125 0.6334953125
vt 0.24889609375 0.64487265625
vt 0.22766640625 0.64487265625
vt 0.23069921875 0.6334953125
vt 0.43917421875 0.8515625
vt 0.4419640625 0.84375
vt 0.4642859375 0.84375
vt 0.46707578125 0.8515625
vt 0.2734375 0.5452501612441434
vt 0.265625 0.5402525493810391
vt 0.26582400355442903 0.5244241128210695
vt 0.2734375 0.5234375
vt 0.4547515625 0.82006875
vt 0.45585312499999997 0.8125
vt 0.4716828125 0.8125
vt 0.4765625 0.8203125
vt 0.43917421875 0.7265625
vt 0.4419640625 0.71875
vt 0.4642859375 0.71875
vt 0.46707578125 0.7265625
vt 0.2890625 0.5452501612441434
vt 0.28125 0.5402525493810391
vt 0.28144900355442903 0.5244241128210695
vt 0.2890625 0.5234375
vt 0.3610015625 0.54663125
vt 0.36210312499999997 0.5390625
vt 0.3779328125 0.5390625
vt 0.3828125 0.546875
vt 0.359375 1
vt 0.3359375 0.994990625
vt 0.3359375 0.9765625
vt 0.359375 0.9765625
vt 0.359375 0.932490625
vt 0.3359375 0.9375
vt 0.3359375 0.9140625
vt 0.359375 0.9140625
vt 0.3046875 0.7109375
vt 0.2734375 0.7109375
vt 0.2734375 0.6875
vt 0.3046875 0.6875
vt 0.0625 0.6640625
vt 0.0390625 0.659053125
vt 0.0390625 0.640625
vt 0.0625 0.640625
vt 0.359375 0.901240625
vt 0.3359375 0.90625
vt 0.3359375 0.8828125
vt 0.359375 0.8828125
vt 0.328125 1
vt 0.296875 1
vt 0.296875 0.9765625
vt 0.328125 0.9765625
vt 0.3178650419312577 0.9140482327690606
vt 0.31408241896211075 0.9004484703757346
vt 0.3186284060019556 0.892367484852367
vt 0.3242253919285143 0.9140411556757592
vt 0.2952792955714857 0.90045625
vt 0.2915183580714857 0.9140625
vt 0.2851496080714857 0.9140625
vt 0.2907300768214857 0.89238515625
vt 0.31408241896211075 0.9004484703757346
vt 0.2952792955714857 0.90045625
vt 0.29072673463588083 0.892379226639922
vt 0.3186282947477631 0.8923676826187731
vt 0.3178650419312577 0.8827982327690606
vt 0.31408241896211075 0.8691984703757346
vt 0.3186284060019556 0.861117484852367
vt 0.3242253919285143 0.8827911556757592
vt 0.2952792955714857 0.86920625
vt 0.2915183580714857 0.8828125
vt 0.2851496080714857 0.8828125
vt 0.2907300768214857 0.86113515625
vt 0.31408241896211075 0.8691984703757346
vt 0.2952792955714857 0.86920625
vt 0.29072673463588083 0.861129226639922
vt 0.3186282947477631 0.861117682618773
vt 0.46143871672753906 0.9882435448084597
vt 0.46079680093480013 1
vt 0.4453125 1
vt 0.4493971979720476 0.9865058001899962
vt 0.015625 0.5774824324732473
vt 0.0017404387227152786 0.578125
vt 0 0.5660628368325148
vt 0.015625 0.5620233828593215
vt 0.40992578125 0.703125
vt 0.39476171875 0.703125
vt 0.3929421875 0.6875
vt 0.4117453125 0.6875
vt 0.46143871672753906 0.9413685448084597
vt 0.46079680093480013 0.953125
vt 0.4453125 0.953125
vt 0.4493971979720476 0.9396308001899962
vt 0.4375 0.8977949324732473
vt 0.4236154387227153 0.8984375
vt 0.421875 0.8863753368325148
vt 0.4375 0.8823358828593215
vt 0.41773828125 0.6484375
vt 0.40257421875 0.6484375
vt 0.4007546875 0.6328125
vt 0.4195578125 0.6328125
vn -1 -1.2246467991473554e-16 -1.908195823574488e-15
vn 1 1.2246467991473554e-16 1.908195823574488e-15
vn 0.03669334948326316 0.9993265722994158 -5.2364112570015696e-17
vn 1.2246467991473535e-16 -1 1.2246467991473554e-16
vn -0.2820136378753158 -1.5203059695334774e-16 -0.9594103960518305
vn -0.28201363787531947 8.29571771653659e-17 0.9594103960518294
vn 0.2820136378753158 1.5203059695334774e-16 0.9594103960518305
vn 1.2246467991473535e-16 -1 1.2246467991473554e-16
vn 0.28201363787531947 -8.29571771653659e-17 -0.9594103960518294
vn -0.03669334948326341 0.9993265722994158 -1.924003050438599e-16
vn -0.8163832246845807 -0.5775105457509896 -1.4870944156466106e-15
vn -0.25019528684740366 -0.4614342214641627 0.8511643658548611
vn 0.25728319356419205 -0.40950554142847434 0.8752774245053867
vn 0.8163832246845807 -0.5775105457509893 1.6285437039121687e-15
vn 0.2501952868474038 -0.4614342214641628 -0.851164365854861
vn -0.25728319356419194 -0.4095055414284747 -0.8752774245053866
vn 0.2557519663917209 -8.707121991079825e-17 -0.9667424329606973
vn 0.2557519663917172 1.4971238531425042e-16 0.9667424329606983
vn 1 1.2246467991473554e-16 1.908195823574488e-15
vn -0.2557519663917209 8.707121991079825e-17 0.9667424329606973
vn -0.2557519663917172 -1.4971238531425042e-16 -0.9667424329606983
vn -1 -1.2246467991473554e-16 -1.908195823574488e-15
vn -0.22884382135592476 0.9719988912667443 0.05337284706138118
vn -0.21476600595817855 0.97666553265935 -5.294226274560516e-16
vn -0.2583623417917031 0.9660480838674166 -6.113127109489187e-16
vn 0.22884382135592454 0.9719988912667443 -0.053372847061381415
vn 0.21476600595817832 0.97666553265935 2.9020856377428765e-16
vn 0.2583623417917029 0.9660480838674168 3.746991722027853e-16
vn -0.24999726107033363 0.14562107617674389 0.9572334467779836
vn -0.24543887950714352 0.20264745376381 -0.9479946022574824
vn -0.9921771659536864 0.12483778017936387 -1.908556543109728e-15
vn 0.24999726107033357 0.14562107617674372 -0.9572334467779836
vn 0.24543887950714346 0.20264745376381027 0.9479946022574824
vn 0.9921771659536864 0.12483778017936412 1.877980105527864e-15
usemtl m_0152a11c-830e-9911-f60c-488da9c31993
f 490/1917/497 500/1918/497 499/1919/497 489/1920/497
f 493/1921/498 503/1922/498 502/1923/498 494/1924/498
f 517/1925/499 519/1926/499 518/1927/499 520/1928/499
f 489/1929/500 497/1930/500 496/1931/500 490/1932/500
f 489/1933/501 499/1934/501 504/1935/501 497/1936/501
f 496/1937/502 501/1938/502 500/1939/502 490/1940/502
f 494/1941/503 502/1942/503 501/1943/503 496/1944/503
f 494/1945/504 496/1946/504 497/1947/504 493/1948/504
f 497/1949/505 504/1950/505 503/1951/505 493/1952/505
f 521/1953/506 518/1954/506 519/1955/506 522/1956/506
f 487/1957/507 499/1958/507 500/1959/507 488/1960/507
f 488/1961/508 500/1962/508 501/1963/508 495/1964/508
f 495/1965/509 501/1966/509 502/1967/509 492/1968/509
f 492/1969/510 502/1970/510 503/1971/510 491/1972/510
f 491/1973/511 503/1974/511 504/1975/511 498/1976/511
f 498/1977/512 504/1978/512 499/1979/512 487/1980/512
f 506/1981/513 505/1982/513 491/1983/513 498/1984/513
f 508/1985/514 507/1986/514 495/1987/514 492/1988/514
f 505/1989/515 508/1990/515 492/1991/515 491/1992/515
f 507/1993/516 509/1994/516 488/1995/516 495/1996/516
f 510/1997/517 506/1998/517 498/1999/517 487/2000/517
f 509/2001/518 510/2002/518 487/2003/518 488/2004/518
f 513/2005/519 511/2006/519 509/2007/519 507/2008/519
f 514/2009/520 512/2010/520 506/2011/520 510/2012/520
f 511/2013/521 514/2014/521 510/2015/521 509/2016/521
f 512/2017/522 515/2018/522 505/2019/522 506/2020/522
f 516/2021/523 513/2022/523 507/2023/523 508/2024/523
f 515/2025/524 516/2026/524 508/2027/524 505/2028/524
f 519/2029/525 517/2030/525 511/2031/525 513/2032/525
f 520/2033/526 518/2034/526 512/2035/526 514/2036/526
f 517/2037/527 520/2038/527 514/2039/527 511/2040/527
f 518/2041/528 521/2042/528 515/2043/528 512/2044/528
f 522/2045/529 519/2046/529 513/2047/529 516/2048/529
f 521/2049/530 522/2050/530 516/2051/530 515/2052/530
o tube
v 0.10603492243959307 0.874868248818712 0.16249999999999995
v 0.14951936310375083 0.9240184679954903 0.16249999999999995
v 0.07534319846257195 0.90202199243396 0.1294601611189426
v 0.11882763912672971 0.9511722116107383 0.1294601611189426
v 0.14934405745348586 0.8365515628858566 0.06730970388562794
v 0.1928284981176436 0.8857017820626348 0.06730970388562794
v 0.10984662982762178 0.8714959349914284 0.05362415452247207
v 0.15333107049177955 0.9206461541682067 0.05362415452247207
v 0.14934405745348586 0.8365515628858566 -0.06730970388562799
v 0.1928284981176436 0.8857017820626348 -0.06730970388562799
v 0.10984662982762178 0.8714959349914284 -0.053624154522472094
v 0.15333107049177955 0.9206461541682067 -0.053624154522472094
v 0.10603492243959312 0.874868248818712 -0.16250000000000006
v 0.14951936310375089 0.9240184679954901 -0.16250000000000006
v 0.07534319846257197 0.90202199243396 -0.12946016111894265
v 0.11882763912672971 0.9511722116107382 -0.12946016111894265
v -0.1420601708698062 1.0718458361152987 -0.16250000000000006
v -0.09857573020564848 1.1209960552920768 -0.16250000000000006
v -0.1113684468927851 1.0446920925000507 -0.12946016111894268
v -0.06788400622862736 1.0938423116768288 -0.12946016111894268
v -0.18536930588369904 1.1101625220481541 -0.06730970388562808
v -0.1418848652195413 1.1593127412249322 -0.06730970388562808
v -0.13119634100024463 1.0669821478055577 -0.05362415452247219
v -0.0877119003360869 1.116132366982336 -0.05362415452247219
v -0.18536930588369907 1.1101625220481541 0.06730970388562797
v -0.14188486521954133 1.1593127412249324 0.06730970388562797
v -0.13119634100024463 1.0669821478055577 0.053624154522472094
v -0.0877119003360869 1.116132366982336 0.053624154522472094
v -0.1420601708698065 1.071845836115299 0.16249999999999995
v -0.09857573020564876 1.120996055292077 0.16249999999999995
v -0.11136844689278533 1.044692092500051 0.12946016111894257
v -0.06788400622862759 1.093842311676829 0.12946016111894257
vt 0.4765625 0.8515625
vt 0.4921875 0.8515625
vt 0.4921875 0.859375
vt 0.4765625 0.859375
vt 0.0546875 0.4921875
vt 0.046875 0.4921875
vt 0.046875 0.484375
vt 0.0546875 0.484375
vt 0.17484799718550234 0.9349328125
vt 0.18060659093550235 0.925453125
vt 0.18719877843550234 0.9271640624999999
vt 0.17997065343550234 0.9390625
vt 0.0940139733208414 0.81875
vt 0.1012420983208414 0.8306484375000001
vt 0.0946499108208414 0.832359375
vt 0.0888913170708414 0.8228796875
vt 0.03125 0.515625
vt 0.046875 0.515625
vt 0.046875 0.5234375
vt 0.03125 0.5234375
vt 0.4921875 0.953125
vt 0.4765625 0.953125
vt 0.4765625 0.9453125
vt 0.4921875 0.9453125
vt 0.18060659093550235 0.925453125
vt 0.18060659093550235 0.912046875
vt 0.18719877843550234 0.9103359375
vt 0.18719877843550234 0.9271640624999999
vt 0.1012420983208414 0.8306484375000001
vt 0.1012420983208414 0.8474765625
vt 0.0946499108208414 0.845765625
vt 0.0946499108208414 0.832359375
vt 0.4765625 0.7578125
vt 0.4921875 0.7578125
vt 0.4921875 0.765625
vt 0.4765625 0.765625
vt 0.0703125 0.4921875
vt 0.0625 0.4921875
vt 0.0625 0.484375
vt 0.0703125 0.484375
vt 0.18060659093550235 0.912046875
vt 0.17484799718550234 0.9025671875
vt 0.17997065343550234 0.8984375
vt 0.18719877843550234 0.9103359375
vt 0.1012420983208414 0.8474765625
vt 0.0940139733208414 0.859375
vt 0.0888913170708414 0.8552453125
vt 0.0946499108208414 0.845765625
vt 0.34375 0.6089383489867104
vt 0.34375 0.569340022433429
vt 0.3515625 0.5697766734467186
vt 0.3515625 0.609375
vt 0.4602931340376134 0.9140625
vt 0.4309205318665292 0.9140625
vt 0.4303318659623866 0.90625
vt 0.4597044681334708 0.90625
vt 0.17484799718550234 0.9025671875
vt 0.14547606118269782 0.9027016958200774
vt 0.14034811616738216 0.8985790185931344
vt 0.17993880333927617 0.8984631763167076
vt 0.0940139733208414 0.859375
vt 0.054416364424523044 0.8592748069886548
vt 0.05954179167384318 0.8551490000240014
vt 0.08890890547333985 0.8552594915903777
vt 0.4765625 0.7265625
vt 0.4921875 0.7265625
vt 0.4921875 0.734375
vt 0.4765625 0.734375
vt 0.4921875 0.9741887331495472
vt 0.4921875 0.984375
vt 0.484375 0.9840170135596591
vt 0.484375 0.9738307467092063
vt 0.14547606118269782 0.9027016958200774
vt 0.1417877313879845 0.9121968946832099
vt 0.13313014326838377 0.9104775976162451
vt 0.14036051988025589 0.8985889907173363
vt 0.054426046200684114 0.8593100553384029
vt 0.04720157053787136 0.8474094017885742
vt 0.05586058870809553 0.8456952364097696
vt 0.05954181536895918 0.8551872351068559
vt 0.078125 0.515625
vt 0.09375 0.515625
vt 0.09375 0.5234375
vt 0.078125 0.5234375
vt 0.0703125 0.5234375
vt 0.0546875 0.5234375
vt 0.0546875 0.515625
vt 0.0703125 0.515625
vt 0.1417877313879845 0.9121968946832099
vt 0.1417747493083276 0.9256031383975434
vt 0.13311372156449766 0.9273056897007761
vt 0.13313001725189916 0.910477572590826
vt 0.04720157053787136 0.8474094017885742
vt 0.0471954016791586 0.8305812779192652
vt 0.05585540329327197 0.8322890409482259
vt 0.05586031776010163 0.8456952900474526
vt 0.4765625 0.7109375
vt 0.4921875 0.7109375
vt 0.4921875 0.71875
vt 0.4765625 0.71875
vt 0.49491925329079367 0.9375
vt 0.4847329864403409 0.9375
vt 0.484375 0.9296875
vt 0.49456126685045276 0.9296875
vt 0.14177864086724476 0.9255350127381574
vt 0.14547529966644887 0.9350276496861898
vt 0.14034783589617564 0.9391509254327525
vt 0.13314362172883884 0.9272537767002793
vt 0.0471954016791586 0.8305812779192652
vt 0.05441630230071856 0.8186784547175795
vt 0.059541464568357974 0.8228050317050699
vt 0.05584487622460121 0.8322869649972642
vt 0.2924825112167145 0.6015625
vt 0.3320808377699959 0.6015625
vt 0.3325174887832855 0.609375
vt 0.2929191622300041 0.609375
vt 0.3359375 0.5643773978289157
vt 0.3359375 0.59375
vt 0.328125 0.5931613340958574
vt 0.328125 0.5637887319247732
vt 0.14547529966644887 0.9350276496861898
vt 0.17484799718550234 0.9349328125
vt 0.1799704381937628 0.9390623264804278
vt 0.14037963171837112 0.9391253566626208
vt 0.05441630230071856 0.8186784547175795
vt 0.0940139733208414 0.81875
vt 0.08889153231258096 0.8228795139804277
vt 0.05952373803976404 0.822790759008686
vn 0.6401027595397022 -0.5663150832767527 0.5191875226571828
vn -0.6401027595397022 0.5663150832767527 -0.5191875226571828
vn -0.6626200482157376 -0.7489557207890022 0
vn 0.6626200482157376 0.7489557207890022 0
vn 0.7489557207890022 -0.6626200482157376 0
vn -0.7489557207890022 0.6626200482157376 0
vn -0.6626200482157376 -0.7489557207890022 0
vn 0.6626200482157376 0.7489557207890022 0
vn 0.6401027595397025 -0.5663150832767531 -0.5191875226571823
vn -0.6401027595397024 0.566315083276753 0.5191875226571825
vn -0.6626200482157376 -0.7489557207890022 0
vn 0.6626200482157376 0.7489557207890022 0
vn 0 0 -1
vn -8.869424125706821e-17 7.847003606074839e-17 1
vn -0.6047647767272682 -0.7914526341777697 -0.08866957022049363
vn 0.6204552158797603 0.7814690838212943 0.06588927165409547
vn -0.640102759539702 0.5663150832767526 -0.5191875226571835
vn 0.6976308723311686 -0.617211658085587 0.3638144239769686
vn -0.6316345065822004 -0.772783633568489 0.061994401225787074
vn 0.6273521252819714 0.7782381616785816 -0.027832977047662
vn -0.7489557207890022 0.6626200482157376 -4.123562282013736e-16
vn 0.7489557207890022 -0.6626200482157376 0
vn -0.6233034002646046 -0.781980096433779 0
vn 0.6233034002646047 0.7819800964337789 -2.1165850068595387e-17
vn -0.6401027595397029 0.5663150832767534 0.5191875226571815
vn 0.6976308723311695 -0.6172116580855879 -0.36381442397696545
vn -0.6834366026426583 -0.7291402119469956 -0.03562248573796752
vn 0.6626200482157376 0.7489557207890022 0
vn 0 0 1
vn 8.869424125706813e-17 -7.84700360607483e-17 -1
vn -0.6047647767272684 -0.7914526341777695 -0.0886695702204937
vn 0.6204552158797603 0.7814690838212943 0.06588927165409547
usemtl m_0152a11c-830e-9911-f60c-488da9c31993
f 523/2053/531 527/2054/531 528/2055/531 524/2056/531
f 526/2057/532 530/2058/532 529/2059/532 525/2060/532
f 525/2061/533 529/2062/533 527/2063/533 523/2064/533
f 524/2065/534 528/2066/534 530/2067/534 526/2068/534
f 527/2069/535 531/2070/535 532/2071/535 528/2072/535
f 530/2073/536 534/2074/536 533/2075/536 529/2076/536
f 529/2077/537 533/2078/537 531/2079/537 527/2080/537
f 528/2081/538 532/2082/538 534/2083/538 530/2084/538
f 531/2085/539 535/2086/539 536/2087/539 532/2088/539
f 534/2089/540 538/2090/540 537/2091/540 533/2092/540
f 533/2093/541 537/2094/541 535/2095/541 531/2096/541
f 532/2097/542 536/2098/542 538/2099/542 534/2100/542
f 535/2101/543 539/2102/543 540/2103/543 536/2104/543
f 538/2105/544 542/2106/544 541/2107/544 537/2108/544
f 537/2109/545 541/2110/545 539/2111/545 535/2112/545
f 536/2113/546 540/2114/546 542/2115/546 538/2116/546
f 539/2117/547 543/2118/547 544/2119/547 540/2120/547
f 542/2121/548 546/2122/548 545/2123/548 541/2124/548
f 541/2125/549 545/2126/549 543/2127/549 539/2128/549
f 540/2129/550 544/2130/550 546/2131/550 542/2132/550
f 543/2133/551 547/2134/551 548/2135/551 544/2136/551
f 546/2137/552 550/2138/552 549/2139/552 545/2140/552
f 545/2141/553 549/2142/553 547/2143/553 543/2144/553
f 544/2145/554 548/2146/554 550/2147/554 546/2148/554
f 547/2149/555 551/2150/555 552/2151/555 548/2152/555
f 550/2153/556 554/2154/556 553/2155/556 549/2156/556
f 549/2157/557 553/2158/557 551/2159/557 547/2160/557
f 548/2161/558 552/2162/558 554/2163/558 550/2164/558
f 551/2165/559 523/2166/559 524/2167/559 552/2168/559
f 554/2169/560 526/2170/560 525/2171/560 553/2172/560
f 553/2173/561 525/2174/561 523/2175/561 551/2176/561
f 552/2177/562 524/2178/562 526/2179/562 554/2180/562