# Made in Blockbench 5.1.5
mtllib Colossus Body.mtl

o Toe
v -0.23750000000000002 0.06874999999999998 -0.22500000000000003
v -0.23750000000000004 0.13124999999999998 0.012499999999999952
v -0.23750000000000002 0.006249999999999978 -0.22500000000000003
v -0.23750000000000002 0.006249999999999978 0.01249999999999997
v -0.06250000000000004 0.06875000000000003 -0.22500000000000003
v -0.06250000000000006 0.13125000000000003 0.012499999999999952
v -0.06250000000000003 0.006250000000000033 -0.22500000000000003
v -0.06250000000000003 0.006250000000000033 0.01249999999999997
v -0.23750000000000004 0.13124999999999998 -0.15000000000000005
v -0.23750000000000002 0.006249999999999978 -0.15000000000000002
v -0.06250000000000003 0.006250000000000033 -0.15000000000000002
v -0.06250000000000006 0.13125000000000003 -0.15000000000000005
v -0.23750000000000002 0.03437499999999993 -0.22500000000000003
v -0.06250000000000004 0.03437499999999999 -0.22500000000000003
v -0.06250000000000004 0.03437499999999999 -0.15000000000000002
v -0.06250000000000004 0.03437499999999999 0.012499999999999966
v -0.23750000000000002 0.03437499999999993 0.012499999999999966
v -0.23750000000000002 0.03437499999999993 -0.15000000000000002
v -0.24687500000000004 0.006249999999999922 -0.23125000000000004
v -0.24687500000000004 0.03437499999999988 -0.23125000000000004
v -0.05312500000000003 0.03437499999999993 -0.23125000000000004
v -0.05312500000000003 0.006249999999999978 -0.23125000000000004
v -0.24687500000000004 0.006249999999999978 -0.15000000000000002
v -0.24687500000000004 0.03437499999999993 -0.15000000000000002
v -0.24687500000000004 0.006249999999999978 0.018749999999999965
v -0.24687500000000004 0.03437499999999993 0.01874999999999996
v -0.05312500000000003 0.03437499999999999 -0.15000000000000002
v -0.05312500000000003 0.006250000000000033 -0.15000000000000002
v -0.05312500000000003 0.03437499999999999 0.01874999999999996
v -0.05312500000000003 0.006250000000000033 0.018749999999999965
vt 0.36796875 0.78125
vt 0.36796875 0.776953125
vt 0.37734375 0.776953125
vt 0.37734375 0.7890625
vt 0.25546875 0.6328125
vt 0.25546875 0.620703125
vt 0.26484375 0.620703125
vt 0.26484375 0.625
vt 0.1875 0.6328125
vt 0.1875 0.6484375
vt 0.1640625 0.6484375
vt 0.1640625 0.6328125
vt 0.04375 0.74921875
vt 0.04375 0.73984375
vt 0.065625 0.73984375
vt 0.065625 0.74921875
vt 0.421875 0.9140625
vt 0.421875 0.90625
vt 0.4453125 0.90625
vt 0.4453125 0.9140625
vt 0.1328125 0.6484375
vt 0.1328125 0.6328125
vt 0.15625 0.6328125
vt 0.15625 0.6484375
vt 0.37734375 0.7890625
vt 0.37734375 0.776953125
vt 0.39765625 0.776953125
vt 0.39765625 0.7890625
vt 0.065625 0.71953125
vt 0.065625 0.73984375
vt 0.04375 0.73984375
vt 0.04375 0.71953125
vt 0.23515625 0.6328125
vt 0.23515625 0.620703125
vt 0.25546875 0.620703125
vt 0.25546875 0.6328125
vt 0.3046875 0.9609375
vt 0.3046875 0.9375
vt 0.328125 0.9375
vt 0.328125 0.9609375
vt 0.4453125 0.890625
vt 0.4453125 0.8984375
vt 0.421875 0.8984375
vt 0.421875 0.890625
vt 0.4921875 0.996484375
vt 0.4921875 1
vt 0.48203125 1
vt 0.48203125 0.996484375
vt 0.48203125 0.996484375
vt 0.48203125 1
vt 0.4609375 1
vt 0.4609375 0.996484375
vt 0.4453125 0.875
vt 0.4453125 0.8828125
vt 0.421875 0.8828125
vt 0.421875 0.875
vt 0.4921875 0.848046875
vt 0.4921875 0.8515625
vt 0.47109375 0.8515625
vt 0.47109375 0.848046875
vt 0.47109375 0.848046875
vt 0.47109375 0.8515625
vt 0.4609375 0.8515625
vt 0.4609375 0.848046875
vt 0.222265625 0.734375
vt 0.246484375 0.734375
vt 0.2453125 0.73515625
vt 0.2234375 0.73515625
vt 0.066796875 0.75
vt 0.042578125 0.75
vt 0.04375 0.74921875
vt 0.065625 0.74921875
vt 0.246484375 0.734375
vt 0.246484375 0.74453125
vt 0.2453125 0.74453125
vt 0.2453125 0.73515625
vt 0.066796875 0.73984375
vt 0.066796875 0.75
vt 0.065625 0.74921875
vt 0.065625 0.73984375
vt 0.246484375 0.74453125
vt 0.246484375 0.765625
vt 0.2453125 0.76484375
vt 0.2453125 0.74453125
vt 0.066796875 0.71875
vt 0.066796875 0.73984375
vt 0.065625 0.73984375
vt 0.065625 0.71953125
vt 0.222265625 0.74453125
vt 0.222265625 0.734375
vt 0.2234375 0.73515625
vt 0.2234375 0.74453125
vt 0.042578125 0.75
vt 0.042578125 0.73984375
vt 0.04375 0.73984375
vt 0.04375 0.74921875
vt 0.222265625 0.765625
vt 0.222265625 0.74453125
vt 0.2234375 0.74453125
vt 0.2234375 0.76484375
vt 0.042578125 0.73984375
vt 0.042578125 0.71875
vt 0.04375 0.71953125
vt 0.04375 0.73984375
vt 0.246484375 0.765625
vt 0.222265625 0.765625
vt 0.2234375 0.76484375
vt 0.2453125 0.76484375
vt 0.042578125 0.71875
vt 0.066796875 0.71875
vt 0.065625 0.71953125
vt 0.04375 0.71953125
vn -1 -1.2246467991473532e-16 1.4997597826618576e-32
vn 1 1.2246467991473532e-16 -1.4997597826618576e-32
vn -9.407997310958103e-17 0.7682212795973759 -0.64018439966448
vn 1.2246467991473532e-16 -1 1.2246467991473532e-16
vn 0 -1.2246467991473532e-16 -1
vn 0 1.2246467991473532e-16 1
vn -1 -1.2246467991473532e-16 1.4997597826618576e-32
vn 1.2246467991473532e-16 -1 1.2246467991473532e-16
vn 1 1.2246467991473532e-16 -1.4997597826618576e-32
vn -1.2246467991473532e-16 1 -1.2246467991473532e-16
vn 0 -1.2246467991473532e-16 -1
vn 1 1.2246467991473532e-16 -1.4997597826618576e-32
vn 1 1.2246467991473532e-16 -1.4997597826618576e-32
vn 0 1.2246467991473532e-16 1
vn -1 -1.2246467991473532e-16 1.4997597826618576e-32
vn -1 -1.2246467991473532e-16 1.4997597826618576e-32
vn -1.2246467991473532e-16 1 -1.2246467991473532e-16
vn 1.2246467991473532e-16 -1 1.2246467991473532e-16
vn -1.2246467991473532e-16 1 -1.2246467991473532e-16
vn 1.2246467991473532e-16 -1 1.2246467991473532e-16
vn -1.2246467991473532e-16 1 -1.2246467991473532e-16
vn 1.2246467991473532e-16 -1 1.2246467991473532e-16
vn -1.2246467991473532e-16 1 -1.2246467991473532e-16
vn 1.2246467991473532e-16 -1 1.2246467991473532e-16
vn -1.2246467991473532e-16 1 -1.2246467991473532e-16
vn 1.2246467991473532e-16 -1 1.2246467991473532e-16
vn -1.2246467991473532e-16 1 -1.2246467991473532e-16
vn 1.2246467991473532e-16 -1 1.2246467991473532e-16
usemtl m_5a10c0e1-a80d-0a53-8c8d-6dd2cd0dfae8
f 1/1/1 13/2/1 18/3/1 9/4/1
f 12/5/2 15/6/2 14/7/2 5/8/2
f 1/9/3 9/10/3 12/11/3 5/12/3
f 7/13/4 11/14/4 10/15/4 3/16/4
f 5/17/5 14/18/5 13/19/5 1/20/5
f 2/21/6 17/22/6 16/23/6 6/24/6
f 9/25/7 18/26/7 17/27/7 2/28/7
f 4/29/8 10/30/8 11/31/8 8/32/8
f 6/33/9 16/34/9 15/35/9 12/36/9
f 6/37/10 12/38/10 9/39/10 2/40/10
f 19/41/11 20/42/11 21/43/11 22/44/11
f 22/45/12 21/46/12 27/47/12 28/48/12
f 28/49/13 27/50/13 29/51/13 30/52/13
f 30/53/14 29/54/14 26/55/14 25/56/14
f 25/57/15 26/58/15 24/59/15 23/60/15
f 23/61/16 24/62/16 20/63/16 19/64/16
f 21/65/17 20/66/17 13/67/17 14/68/17
f 19/69/18 22/70/18 7/71/18 3/72/18
f 20/73/19 24/74/19 18/75/19 13/76/19
f 23/77/20 19/78/20 3/79/20 10/80/20
f 24/81/21 26/82/21 17/83/21 18/84/21
f 25/85/22 23/86/22 10/87/22 4/88/22
f 27/89/23 21/90/23 14/91/23 15/92/23
f 22/93/24 28/94/24 11/95/24 7/96/24
f 29/97/25 27/98/25 15/99/25 16/100/25
f 28/101/26 30/102/26 8/103/26 11/104/26
f 26/105/27 29/106/27 16/107/27 17/108/27
f 30/109/28 25/110/28 4/111/28 8/112/28
o Shin
v -0.045000000000000075 0.3750000000000001 0.05570312499999992
v -0.25500000000000006 0.3750000000000001 -0.11652750000000009
v -0.25500000000000006 0.3750000000000001 0.11388874999999991
v -0.30000000000000004 0.13854187500000004 -0.13750000000000007
v -0.30000000000000004 0.13854187500000004 0.19374999999999995
v -0.045000000000000075 0.3750000000000001 -0.11652750000000009
v -0.045000000000000075 0.3750000000000001 0.11388874999999991
v -4.9878869103747395e-17 0.1385418750000001 -0.13750000000000007
v -4.9878869103747395e-17 0.1385418750000001 0.19374999999999995
v -0.2616668750000001 0.13854187500000004 -0.13750000000000007
v -0.24166687500000006 0.13854187500000004 0.19374999999999995
v -0.03833312500000005 0.1385418750000001 -0.13750000000000007
v -0.05833312500000005 0.1385418750000001 0.19374999999999995
v -0.2141668750000001 0.3750000000000001 0.11388874999999991
v -0.08583312500000008 0.3750000000000001 0.11388874999999991
v -0.2141668750000001 0.3750000000000001 -0.11652750000000009
v -0.08583312500000008 0.3750000000000001 -0.11652750000000009
v -0.25500000000000006 0.3750000000000001 0.037083124999999925
v -0.30000000000000004 0.13854187500000004 0.061788749999999955
v -0.25500000000000006 0.3750000000000001 -0.03041250000000008
v -0.30000000000000004 0.13854187500000004 -0.037855625000000045
v -0.2616668750000001 0.13854187500000004 0.026171874999999952
v -0.03833312500000005 0.1385418750000001 0.026171874999999952
v -4.9878869103747395e-17 0.1385418750000001 0.061788749999999955
v -4.9878869103747395e-17 0.1385418750000001 -0.037855625000000045
v -0.045000000000000075 0.3750000000000001 -0.03041250000000008
v -0.08583312500000008 0.3750000000000001 0.05570312499999992
v -0.08583312500000008 0.3750000000000001 -0.03041250000000008
v -0.2141668750000001 0.3750000000000001 0.05570312499999992
v -0.2141668750000001 0.3750000000000001 -0.03041250000000008
v -0.2616668750000001 0.006250000000000033 -0.13750000000000004
v -0.30000000000000004 0.006250000000000033 -0.03785562500000003
v -0.2616668750000001 0.006250000000000033 0.026171874999999966
v -0.30000000000000004 0.006250000000000033 -0.13750000000000004
v -0.30000000000000004 0.006250000000000033 0.06178874999999997
v -0.24166687500000003 0.006250000000000033 0.06178874999999997
v -0.30000000000000004 0.006250000000000033 0.19374999999999998
v -0.24166687500000003 0.006250000000000033 0.19374999999999998
v -0.058333125000000034 0.006250000000000089 0.06178874999999997
v -0.058333125000000034 0.006250000000000089 0.19374999999999998
v -0.03833312500000004 0.006250000000000089 0.026171874999999966
v -3.367778697655222e-17 0.006250000000000089 -0.03785562500000003
v -3.367778697655222e-17 0.006250000000000089 0.06178874999999997
v -3.367778697655222e-17 0.006250000000000089 0.19374999999999998
v -3.367778697655222e-17 0.006250000000000089 -0.13750000000000004
v -0.03833312500000004 0.006250000000000089 -0.13750000000000004
v -0.2583750000000001 0.36193937500000006 0.020168749999999923
v -0.2583750000000001 0.36193937500000006 -0.030970625000000078
v -0.2966250000000001 0.16095000000000004 -0.03729750000000005
v -0.2966250000000001 0.16095000000000004 0.041168124999999944
v -0.2966250000000001 0.16095000000000004 -0.13592687500000006
v -0.2583750000000001 0.36193937500000006 -0.11810062500000008
v -0.21772937500000009 0.36193937500000006 -0.11810062500000008
v -0.25810437500000005 0.16095000000000004 -0.13592687500000006
v -0.08227062500000008 0.36193937500000006 -0.11810062500000008
v -0.041895625000000054 0.1609500000000001 -0.13592687500000006
v -0.0033750000000000524 0.1609500000000001 -0.13592687500000006
v -0.04162500000000008 0.36193937500000006 -0.11810062500000008
v -0.0033750000000000524 0.1609500000000001 -0.03729750000000005
v -0.04162500000000008 0.36193937500000006 -0.030970625000000078
v -0.0033750000000000524 0.1609500000000001 0.041866249999999945
v -0.04162500000000008 0.36193937500000006 0.036693124999999924
v -0.30246500000000004 0.36193937500000006 0.020168749999999923
v -0.29743625000000007 0.36193937500000006 -0.030970625000000078
v -0.33324375000000006 0.16095000000000004 -0.03729750000000005
v -0.33949375000000004 0.16095000000000004 0.041168124999999944
v -0.3211843750000001 0.16095000000000004 -0.16082937500000005
v -0.28293437500000007 0.36193937500000006 -0.1430031250000001
v -0.21772937500000009 0.36193937500000006 -0.1429050000000001
v -0.25810437500000005 0.16095000000000004 -0.16073187500000005
v -0.08227062500000008 0.36193937500000006 -0.1429050000000001
v -0.041895625000000054 0.1609500000000001 -0.16073187500000005
v 0.021184374999999946 0.1609500000000001 -0.16082937500000005
v -0.017065625000000077 0.36193937500000006 -0.1430031250000001
v 0.03324374999999995 0.1609500000000001 -0.03729750000000005
v -0.0025637500000000773 0.36193937500000006 -0.030970625000000078
v 0.039493749999999946 0.1609500000000001 0.041866249999999945
v 0.002464999999999923 0.36193937500000006 0.036693124999999924
v -0.30000000000000004 0.05364812499999999 -0.03785562500000004
v -0.30000000000000004 0.05364812499999999 -0.13750000000000004
v -0.2616668750000001 0.05364812499999999 -0.13750000000000004
v -0.2616668750000001 0.05364812499999999 0.026171874999999963
v -0.038333125000000044 0.053648125000000046 0.026171874999999963
v -0.038333125000000044 0.053648125000000046 -0.13750000000000004
v -3.9482383183235825e-17 0.053648125000000046 -0.13750000000000004
v -3.9482383183235825e-17 0.053648125000000046 -0.03785562500000004
v -3.9482383183235825e-17 0.053648125000000046 0.06178874999999996
v -3.9482383183235825e-17 0.053648125000000046 0.19374999999999998
v -0.05833312500000004 0.053648125000000046 0.19374999999999998
v -0.24166687500000003 0.05364812499999999 0.19374999999999998
v -0.30000000000000004 0.05364812499999999 0.19374999999999998
v -0.30000000000000004 0.05364812499999999 0.06178874999999996
v 0.028124999999999966 0.006250000000000089 -0.16562500000000002
v 0.028124999999999963 0.053648125000000046 -0.16562500000000002
v 0.028124999999999963 0.053648125000000046 -0.03785562500000004
v 0.028124999999999966 0.006250000000000089 -0.03785562500000003
v 0.028124999999999963 0.053648125000000046 0.06178874999999996
v 0.028124999999999966 0.006250000000000089 0.06178874999999997
v 0.028124999999999963 0.053648125000000046 0.21562499999999998
v 0.028124999999999966 0.006250000000000089 0.21562499999999998
v -0.05833312500000004 0.053648125000000046 0.21562499999999998
v -0.058333125000000034 0.006250000000000089 0.21562499999999998
v -0.24166687500000003 0.05364812499999999 0.21562499999999998
v -0.24166687500000003 0.006250000000000033 0.21562499999999998
v -0.32812500000000006 0.05364812499999999 0.21562499999999998
v -0.32812500000000006 0.006250000000000033 0.21562499999999998
v -0.32812500000000006 0.05364812499999999 0.06178874999999996
v -0.32812500000000006 0.006250000000000033 0.06178874999999997
v -0.32812500000000006 0.05364812499999999 -0.03785562500000004
v -0.32812500000000006 0.006250000000000033 -0.03785562500000003
v -0.32812500000000006 0.05364812499999999 -0.16562500000000002
v -0.32812500000000006 0.006250000000000033 -0.16562500000000002
v -0.2616668750000001 0.05364812499999999 -0.16562500000000002
v -0.2616668750000001 0.006250000000000033 -0.16562500000000002
v -0.03833312500000004 0.006250000000000089 -0.16562500000000002
v -0.038333125000000044 0.053648125000000046 -0.16562500000000002
vt 0.04496015625 0.6853296875
vt 0.060475 0.6853296875
vt 0.06082734375 0.71085859375
vt 0.04671328125 0.7109375
vt 0.226735390625 0.71875
vt 0.21261484375 0.7186246875
vt 0.21305078125 0.693097109375
vt 0.22855875 0.69314796875
vt 0.00760390625 0.7133859375
vt 0.00760390625 0.7241500000000001
vt 0.0025 0.7241500000000001
vt 0.0025 0.7133859375
vt 0.0046875 0.934765625
vt 0.0046875 0.92231015625
vt 0.00947890625 0.91430625
vt 0.00947890625 0.934765625
vt 0.205164453125 0.97477609375
vt 0.213048828125 0.97477734375
vt 0.218095703125 1
vt 0.209944921875 0.99999875
vt 0.19671875 0.9140625
vt 0.19161484375 0.9140625
vt 0.19505234375 0.88286484375
vt 0.20234375 0.88286484375
vt 0.03739609375 0.934765625
vt 0.03739609375 0.91430625
vt 0.0421875 0.92231015625
vt 0.0421875 0.934765625
vt 0.078125 0.7421875
vt 0.078125 0.71875
vt 0.109375 0.71875
vt 0.109375 0.7421875
vt 0.16484375 0.88286484375
vt 0.17213515625 0.88286484375
vt 0.17557265625 0.9140625
vt 0.17046875 0.9140625
vt 0.17213515625 0.88286484375
vt 0.19505234375 0.88286484375
vt 0.19161484375 0.9140625
vt 0.17557265625 0.9140625
vt 0.02875 0.7133859375
vt 0.02875 0.7241500000000001
vt 0.02364609375 0.7241500000000001
vt 0.02364609375 0.7133859375
vt 0.02364609375 0.7133859375
vt 0.02364609375 0.7241500000000001
vt 0.00760390625 0.7241500000000001
vt 0.00760390625 0.7133859375
vt 0.243179296875 0.999998984375
vt 0.235028515625 1
vt 0.240075390625 0.9747775
vt 0.247960546875 0.974776484375
vt 0.235028515625 1
vt 0.218095703125 1
vt 0.213048828125 0.97477734375
vt 0.240075390625 0.97477734375
vt 0.0888453125 0.890568125
vt 0.07924453125 0.890568125
vt 0.0823328125 0.860480625
vt 0.098828125 0.860480625
vt 0.06725 0.7108578125
vt 0.06082734375 0.71085859375
vt 0.060475 0.6853297656249999
vt 0.0703125 0.6853605468749999
vt 0.0421875 0.893359375
vt 0.0421875 0.9098546875
vt 0.03489609375 0.9098546875
vt 0.03489609375 0.893359375
vt 0.0421875 0.9098546875
vt 0.0421875 0.92231015625
vt 0.03739609375 0.91430625
vt 0.03489609375 0.9098546875
vt 0.03489609375 0.893359375
vt 0.03489609375 0.9098546875
vt 0.01197890625 0.9098546875
vt 0.01197890625 0.893359375
vt 0.03489609375 0.9098546875
vt 0.03739609375 0.91430625
vt 0.00947890625 0.91430625
vt 0.01197890625 0.9098546875
vt 0.01197890625 0.893359375
vt 0.01197890625 0.9098546875
vt 0.0046875 0.9098546875
vt 0.0046875 0.893359375
vt 0.01197890625 0.9098546875
vt 0.00947890625 0.91430625
vt 0.0046875 0.92231015625
vt 0.0046875 0.9098546875
vt 0.112109375 0.876123671875
vt 0.1286046875 0.876123671875
vt 0.129365625 0.906211171875
vt 0.1220921875 0.906211171875
vt 0.203125 0.693097109375
vt 0.21305078125 0.693097109375
vt 0.21261484375 0.718624453125
vt 0.20413359375 0.718631484375
vt 0.0025 0.7421875
vt 0.0025 0.7349140625
vt 0.00760390625 0.7349140625
vt 0.00760390625 0.7421875
vt 0.0025 0.7349140625
vt 0.0025 0.7241500000000001
vt 0.00760390625 0.7241500000000001
vt 0.00760390625 0.7349140625
vt 0.00760390625 0.7421875
vt 0.00760390625 0.7349140625
vt 0.02364609375 0.7349140625
vt 0.02364609375 0.7421875
vt 0.00760390625 0.7349140625
vt 0.00760390625 0.7241500000000001
vt 0.02364609375 0.7241500000000001
vt 0.02364609375 0.7349140625
vt 0.02364609375 0.7421875
vt 0.02364609375 0.7349140625
vt 0.02875 0.7325867187499999
vt 0.02875 0.7421875
vt 0.02364609375 0.7349140625
vt 0.02364609375 0.7241500000000001
vt 0.02875 0.7241500000000001
vt 0.02875 0.7325867187499999
vt 0.3005125 0.65625
vt 0.3005125 0.64563828125
vt 0.320971875 0.64563828125
vt 0.320971875 0.65625
vt 0.057421875 0.860480625
vt 0.057421875 0.84986890625
vt 0.06987734375 0.84986890625
vt 0.06987734375 0.860480625
vt 0.05692734375 0.6690671875
vt 0.05692734375 0.6584554687499999
vt 0.06171875 0.6584554687499999
vt 0.06171875 0.6690671875
vt 0.06987734375 0.860480625
vt 0.06987734375 0.84986890625
vt 0.0823328125 0.84986890625
vt 0.0823328125 0.860480625
vt 0.0823328125 0.860480625
vt 0.0823328125 0.84986890625
vt 0.098828125 0.84986890625
vt 0.098828125 0.860480625
vt 0.33671875 0.703125
vt 0.33671875 0.69251328125
vt 0.34401015625 0.69251328125
vt 0.34401015625 0.703125
vt 0.34401015625 0.703125
vt 0.34401015625 0.69251328125
vt 0.36692734375 0.69251328125
vt 0.36692734375 0.703125
vt 0.33760390625 0.875
vt 0.33760390625 0.86438828125
vt 0.36552109375 0.86438828125
vt 0.36552109375 0.875
vt 0.1286046875 0.876123671875
vt 0.1286046875 0.865511953125
vt 0.14106015625 0.865511953125
vt 0.14106015625 0.876123671875
vt 0.112109375 0.876123671875
vt 0.112109375 0.865511953125
vt 0.1286046875 0.865511953125
vt 0.1286046875 0.876123671875
vt 0.36692734375 0.703125
vt 0.36692734375 0.69251328125
vt 0.37421875 0.69251328125
vt 0.37421875 0.703125
vt 0.14106015625 0.876123671875
vt 0.14106015625 0.865511953125
vt 0.153515625 0.865511953125
vt 0.153515625 0.876123671875
vt 0.350903125 0.6796875
vt 0.350903125 0.66907578125
vt 0.3713625 0.66907578125
vt 0.3713625 0.6796875
vt 0.02421875 0.6690671875
vt 0.02421875 0.6584554687499999
vt 0.02901015625 0.6584554687499999
vt 0.02901015625 0.6690671875
vt 0.0707709375 0.8889096875
vt 0.077163125 0.888892109375
vt 0.079281796875 0.8905721875
vt 0.070845078125 0.890595390625
vt 0.07975546875 0.8633134375
vt 0.069946875 0.8633134375
vt 0.06987734375 0.860480625
vt 0.0823328125 0.860480625
vt 0.077163125 0.888892109375
vt 0.07975546875 0.8633134375
vt 0.082332734375 0.860480703125
vt 0.079281875 0.890572265625
vt 0.069946875 0.8633134375
vt 0.05761875 0.8633134375
vt 0.057421875 0.860480625
vt 0.06987734375 0.860480625
vt 0.05987953125 0.8889396093749999
vt 0.0707709375 0.8889096875
vt 0.070845078125 0.890595390625
vt 0.06008109375 0.890625
vt 0.52409140625 0.99835546875
vt 0.529171875 0.99835546875
vt 0.52875 1
vt 0.52364609375 1
vt 0.061296875 0.671875
vt 0.05648203125 0.671875
vt 0.05692734375 0.6690671875
vt 0.06171875 0.6690671875
vt 0.50715859375 0.99835546875
vt 0.52409140625 0.99835546875
vt 0.52364609375 1
vt 0.50760390625 1
vt 0.05648203125 0.671875
vt 0.02945546875 0.671875
vt 0.02901015625 0.6690671875
vt 0.05692734375 0.6690671875
vt 0.02945546875 0.671875
vt 0.024640625 0.671875
vt 0.02421875 0.6690671875
vt 0.02901015625 0.6690671875
vt 0.502078125 0.99835546875
vt 0.50715859375 0.99835546875
vt 0.50760390625 1
vt 0.5025 1
vt 0.140201953125 0.904544140625
vt 0.151093359375 0.904563671875
vt 0.1508934375 0.90625
vt 0.140129453125 0.906230703125
vt 0.15331875 0.878956484375
vt 0.140990625 0.878956484375
vt 0.14106015625 0.876123671875
vt 0.153515625 0.876123671875
vt 0.140990625 0.878956484375
vt 0.13109453125 0.878956484375
vt 0.1286046875 0.876123671875
vt 0.14106015625 0.876123671875
vt 0.13174421875 0.904528984375
vt 0.140201953125 0.904544140625
vt 0.140129453125 0.906230703125
vt 0.129365390625 0.90621140625
vt 0.131097890625 0.87895390625
vt 0.13174421875 0.904528984375
vt 0.129365625 0.90621125
vt 0.1286046875 0.876123671875
vt 0.2567109375 0.8196671875
vt 0.2573390625 0.826059375
vt 0.251828125 0.826059375
vt 0.251828125 0.8196671875
vt 0.21509296875 0.9219625
vt 0.21431171875 0.93177109375
vt 0.209734375 0.93177109375
vt 0.209734375 0.9219625
vt 0.465469140625 0.8671875
vt 0.439787578125 0.8671875
vt 0.4407534375 0.8619166406250001
vt 0.466462421875 0.861766796875
vt 0.21431171875 0.93177109375
vt 0.21280390625 0.9472125
vt 0.209734375 0.94409921875
vt 0.209734375 0.93177109375
vt 0.25489765625 0.80566328125
vt 0.2567109375 0.8196671875
vt 0.251828125 0.8196671875
vt 0.251828125 0.80877578125
vt 0.24674765625 0.805675
vt 0.25489765625 0.80566328125
vt 0.251828125 0.80877578125
vt 0.24674765625 0.80877578125
vt 0.21280390625 0.9472125
vt 0.20491953125 0.9472
vt 0.20491953125 0.94409921875
vt 0.209734375 0.94409921875
vt 0.22981484375 0.805675
vt 0.24674765625 0.805675
vt 0.24674765625 0.80877578125
vt 0.22981484375 0.80877578125
vt 0.20491953125 0.9472
vt 0.17789296875 0.9472
vt 0.17789296875 0.94409921875
vt 0.20491953125 0.94409921875
vt 0.17789296875 0.9472
vt 0.17000859375 0.9472125
vt 0.173078125 0.94409921875
vt 0.17789296875 0.94409921875
vt 0.22166484375 0.80566328125
vt 0.22981484375 0.805675
vt 0.22981484375 0.80877578125
vt 0.224734375 0.80877578125
vt 0.2198515625 0.8196671875
vt 0.22166484375 0.80566328125
vt 0.224734375 0.80877578125
vt 0.224734375 0.8196671875
vt 0.17000859375 0.9472125
vt 0.16850078125 0.93177109375
vt 0.173078125 0.93177109375
vt 0.173078125 0.94409921875
vt 0.16850078125 0.93177109375
vt 0.16771953125 0.921875
vt 0.173078125 0.921875
vt 0.173078125 0.93177109375
vt 0.2192234375 0.828125
vt 0.2198515625 0.8196671875
vt 0.224734375 0.8196671875
vt 0.224734375 0.828125
vt 0.1171875 0.57500953125
vt 0.1171875 0.600564296875
vt 0.109375 0.6015625
vt 0.10952484375 0.57598015625
vt 0.39448671875 0.85345
vt 0.39448671875 0.859375
vt 0.378515625 0.859375
vt 0.378515625 0.85345
vt 0.4765625 0.6953125
vt 0.4765625 0.703125
vt 0.46875 0.703125
vt 0.46875 0.6953125
vt 0.320971875 0.6397132812499999
vt 0.320971875 0.64563828125
vt 0.3005125 0.64563828125
vt 0.3005125 0.6397132812499999
vt 0.36552109375 0.8584632812499999
vt 0.36552109375 0.86438828125
vt 0.33760390625 0.86438828125
vt 0.33760390625 0.8584632812499999
vt 0.3713625 0.6631507812499999
vt 0.3713625 0.66907578125
vt 0.350903125 0.66907578125
vt 0.350903125 0.6631507812499999
vt 0.4765625 0.6796875
vt 0.4765625 0.6875
vt 0.46875 0.6875
vt 0.46875 0.6796875
vt 0.426171875 0.7987625
vt 0.426171875 0.8046875
vt 0.41020078125 0.8046875
vt 0.41020078125 0.7987625
vt 0.41020078125 0.7987625
vt 0.41020078125 0.8046875
vt 0.3977453125 0.8046875
vt 0.3977453125 0.7987625
vt 0.3977453125 0.7987625
vt 0.3977453125 0.8046875
vt 0.378515625 0.8046875
vt 0.378515625 0.7987625
vt 0.428515625 0.8222
vt 0.428515625 0.828125
vt 0.41770859375 0.828125
vt 0.41770859375 0.8222
vt 0.41770859375 0.8222
vt 0.41770859375 0.828125
vt 0.39479140625 0.828125
vt 0.39479140625 0.8222
vt 0.39479140625 0.8222
vt 0.39479140625 0.828125
vt 0.383984375 0.828125
vt 0.383984375 0.8222
vt 0.426171875 0.85345
vt 0.426171875 0.859375
vt 0.4069421875 0.859375
vt 0.4069421875 0.85345
vt 0.4069421875 0.85345
vt 0.4069421875 0.859375
vt 0.39448671875 0.859375
vt 0.39448671875 0.85345
vt 0.055859375 0.92143984375
vt 0.055859375 0.90546875
vt 0.059375 0.908984375
vt 0.059375 0.92143984375
vt 0.001171875 0.93828125
vt 0.001171875 0.92231015625
vt 0.0046875 0.92231015625
vt 0.0046875 0.934765625
vt 0.055859375 0.9338953125
vt 0.055859375 0.92143984375
vt 0.059375 0.92143984375
vt 0.059375 0.9338953125
vt 0.001171875 0.92231015625
vt 0.001171875 0.9098546875
vt 0.0046875 0.9098546875
vt 0.0046875 0.92231015625
vt 0.055859375 0.953125
vt 0.055859375 0.9338953125
vt 0.059375 0.9338953125
vt 0.059375 0.950390625
vt 0.001171875 0.9098546875
vt 0.001171875 0.890625
vt 0.0046875 0.893359375
vt 0.0046875 0.9098546875
vt 0.06666640625 0.953125
vt 0.055859375 0.953125
vt 0.059375 0.950390625
vt 0.06666640625 0.950390625
vt 0.001171875 0.890625
vt 0.01197890625 0.890625
vt 0.01197890625 0.893359375
vt 0.0046875 0.893359375
vt 0.08958359375 0.953125
vt 0.06666640625 0.953125
vt 0.06666640625 0.950390625
vt 0.08958359375 0.950390625
vt 0.01197890625 0.890625
vt 0.03489609375 0.890625
vt 0.03489609375 0.893359375
vt 0.01197890625 0.893359375
vt 0.100390625 0.953125
vt 0.08958359375 0.953125
vt 0.08958359375 0.950390625
vt 0.096875 0.950390625
vt 0.03489609375 0.890625
vt 0.045703125 0.890625
vt 0.0421875 0.893359375
vt 0.03489609375 0.893359375
vt 0.100390625 0.9338953125
vt 0.100390625 0.953125
vt 0.096875 0.950390625
vt 0.096875 0.9338953125
vt 0.045703125 0.890625
vt 0.045703125 0.9098546875
vt 0.0421875 0.9098546875
vt 0.0421875 0.893359375
vt 0.100390625 0.92143984375
vt 0.100390625 0.9338953125
vt 0.096875 0.9338953125
vt 0.096875 0.92143984375
vt 0.045703125 0.9098546875
vt 0.045703125 0.92231015625
vt 0.0421875 0.92231015625
vt 0.0421875 0.9098546875
vt 0.100390625 0.90546875
vt 0.100390625 0.92143984375
vt 0.096875 0.92143984375
vt 0.096875 0.908984375
vt 0.045703125 0.92231015625
vt 0.045703125 0.93828125
vt 0.0421875 0.934765625
vt 0.0421875 0.92231015625
vt 0.09208359375 0.90546875
vt 0.100390625 0.90546875
vt 0.096875 0.908984375
vt 0.09208359375 0.908984375
vt 0.3244875 0.6397132812499999
vt 0.3244875 0.64563828125
vt 0.320971875 0.64563828125
vt 0.320971875 0.6397132812499999
vt 0.045703125 0.93828125
vt 0.03739609375 0.93828125
vt 0.03739609375 0.934765625
vt 0.0421875 0.934765625
vt 0.3473875 0.66907578125
vt 0.3473875 0.6631507812499999
vt 0.350903125 0.6631507812499999
vt 0.350903125 0.66907578125
vt 0.055859375 0.90546875
vt 0.06416640625 0.90546875
vt 0.06416640625 0.908984375
vt 0.059375 0.908984375
vt 0.00947890625 0.93828125
vt 0.001171875 0.93828125
vt 0.0046875 0.934765625
vt 0.00947890625 0.934765625
vn -0.9794634130056841 0.1775073503062069 -0.09561675151628202
vn 0.9759169388894815 0.17784221203034098 -0.1263260701864004
vn -1.2246467991473532e-16 1 -1.2246467991473532e-16
vn 1.2246467991473532e-16 -1 1.2246467991473532e-16
vn -0.001539652349534254 0.08804179165411977 -0.9961155918832789
vn -3.91865355060376e-17 0.31998234538579456 0.9474235054300723
vn 1.2246467991473532e-16 -1 1.2246467991473532e-16
vn 1.2246467991473532e-16 -1 1.2246467991473532e-16
vn -3.91865355060376e-17 0.31998234538579456 0.9474235054300723
vn -3.91865355060376e-17 0.31998234538579456 0.9474235054300723
vn -1.2246467991473532e-16 1 -1.2246467991473532e-16
vn -1.2246467991473532e-16 1 -1.2246467991473532e-16
vn 0.0014990227474820698 0.08804989534574122 -0.9961149375751811
vn -1.0819604295950988e-17 0.0883487737320181 -0.9960896014817385
vn -0.9823688260712604 0.1869531747881646 -2.2895160709476143e-17
vn -0.9793939907051751 0.17751673977510785 -0.09630793357874676
vn 1.2246467991473532e-16 -1 1.2246467991473532e-16
vn 1.2246467991473532e-16 -1 1.2246467991473532e-16
vn 1.2246467991473532e-16 -1 1.2246467991473532e-16
vn 1.2246467991473532e-16 -1 1.2246467991473532e-16
vn 1.2246467991473532e-16 -1 1.2246467991473532e-16
vn 1.2246467991473532e-16 -1 1.2246467991473532e-16
vn 0.9823688260712603 0.18695317478816487 -2.2895160709476177e-17
vn 0.9811164392668993 0.17723027863451027 -0.07745941476266752
vn -1.2246467991473532e-16 1 -1.2246467991473532e-16
vn -1.2246467991473532e-16 1 -1.2246467991473532e-16
vn -1.2246467991473532e-16 1 -1.2246467991473532e-16
vn -1.2246467991473532e-16 1 -1.2246467991473532e-16
vn -1.2246467991473532e-16 1 -1.2246467991473532e-16
vn -1.2246467991473532e-16 1 -1.2246467991473532e-16
vn 1 1.2246467991473532e-16 -1.4997597826618576e-32
vn -1 -1.2246467991473532e-16 1.4997597826618576e-32
vn 0 -1.2246467991473532e-16 -1
vn -1 -1.2246467991473532e-16 1.4997597826618576e-32
vn -1 -1.2246467991473532e-16 1.4997597826618576e-32
vn 0 1.2246467991473532e-16 1
vn 0 1.2246467991473532e-16 1
vn 0 -1.2246467991473532e-16 -1
vn 1 1.2246467991473532e-16 -1.4997597826618576e-32
vn 1 1.2246467991473532e-16 -1.4997597826618576e-32
vn 0 1.2246467991473532e-16 1
vn 1 1.2246467991473532e-16 -1.4997597826618576e-32
vn -1 -1.2246467991473532e-16 1.4997597826618576e-32
vn 0 -1.2246467991473532e-16 -1
vn -0.9681962712337475 0.2501918870968197 -3.0639669370575626e-17
vn -0.9888469585543781 0.1489351958328055 -1.8239301085702948e-17
vn -0.9803234170902769 0.19154780319659914 0.047701540803207605
vn -0.9888469585543781 0.1489351958328055 -1.8239301085702948e-17
vn -0.9681962712337475 0.25019188709681967 -3.063966937057562e-17
vn -1.4644766477082888e-17 0.11958359330444605 -0.9928241355911916
vn -8.576320116609358e-18 0.0700309682969858 -0.9975448177798263
vn -1.4644766477082888e-17 0.11958359330444605 -0.9928241355911916
vn -8.576320116609358e-18 0.0700309682969858 -0.9975448177798263
vn -8.576320116609358e-18 0.0700309682969858 -0.9975448177798263
vn -1.4644766477082888e-17 0.11958359330444605 -0.9928241355911918
vn 0.9681962712337479 0.25019188709681844 -3.0639669370575465e-17
vn 0.9888469585543779 0.14893519583280743 -1.8239301085703185e-17
vn 0.9888469585543778 0.14893519583280737 -1.823930108570318e-17
vn 0.968196271233748 0.2501918870968185 -3.063966937057547e-17
vn 0.9811549592056853 0.18788322835404436 0.045109184534331055
vn -1.2246467991473532e-16 1 -1.2246467991473532e-16
vn 1.2246467991473532e-16 -1 1.2246467991473532e-16
vn -1.272584325577373e-17 0.10391439609064403 0.9945862447697116
vn 1.2246467991473532e-16 -1 1.2246467991473532e-16
vn -1.2246467991473532e-16 1 -1.2246467991473532e-16
vn -1.2246467991473532e-16 1 -1.2246467991473532e-16
vn 1.2246467991473532e-16 -1 1.2246467991473532e-16
vn -1.2246467991473532e-16 1 -1.2246467991473532e-16
vn 1.2246467991473532e-16 -1 1.2246467991473532e-16
vn 1.2246467991473532e-16 -1 1.2246467991473532e-16
vn -1.2246467991473532e-16 1 -1.2246467991473532e-16
vn -1.2246467991473532e-16 1 -1.2246467991473532e-16
vn 1.2246467991473532e-16 -1 1.2246467991473532e-16
vn 1.2246467991473532e-16 -1 1.2246467991473532e-16
vn -1.2246467991473532e-16 1 -1.2246467991473532e-16
vn -3.1509892447120472e-18 0.02572977977736849 0.9996689344140931
vn -1 -1.2246467991473532e-16 1.4997597826618576e-32
vn 0 -1.2246467991473532e-16 -1
vn 1 1.2246467991473532e-16 -1.4997597826618576e-32
vn 0 -1.2246467991473532e-16 -1
vn -1 -1.2246467991473532e-16 1.4997597826618576e-32
vn 0 -1.2246467991473532e-16 -1
vn 1 1.2246467991473532e-16 -1.4997597826618576e-32
vn 1 1.2246467991473532e-16 -1.4997597826618576e-32
vn 1 1.2246467991473532e-16 -1.4997597826618576e-32
vn 0 1.2246467991473532e-16 1
vn 0 1.2246467991473532e-16 1
vn 0 1.2246467991473532e-16 1
vn -1 -1.2246467991473532e-16 1.4997597826618576e-32
vn -1 -1.2246467991473532e-16 1.4997597826618576e-32
vn -1.2246467991473532e-16 1 -1.2246467991473532e-16
vn 1.2246467991473532e-16 -1 1.2246467991473532e-16
vn -1.2246467991473532e-16 1 -1.2246467991473532e-16
vn 1.2246467991473532e-16 -1 1.2246467991473532e-16
vn -1.2246467991473532e-16 1 -1.2246467991473532e-16
vn 1.2246467991473532e-16 -1 1.2246467991473532e-16
vn -1.2246467991473532e-16 1 -1.2246467991473532e-16
vn 1.2246467991473532e-16 -1 1.2246467991473532e-16
vn -1.2246467991473532e-16 1 -1.2246467991473532e-16
vn 1.2246467991473532e-16 -1 1.2246467991473532e-16
vn -1.2246467991473532e-16 1 -1.2246467991473532e-16
vn 1.2246467991473532e-16 -1 1.2246467991473532e-16
vn -1.2246467991473532e-16 1 -1.2246467991473532e-16
vn 1.2246467991473532e-16 -1 1.2246467991473532e-16
vn -1.2246467991473532e-16 1 -1.2246467991473532e-16
vn 1.2246467991473532e-16 -1 1.2246467991473532e-16
vn -1.2246467991473532e-16 1 -1.2246467991473532e-16
vn 1.2246467991473532e-16 -1 1.2246467991473532e-16
vn -1.2246467991473532e-16 1 -1.2246467991473532e-16
vn 1 1.2246467991473532e-16 -1.4997597826618576e-32
vn 1.2246467991473532e-16 -1 1.2246467991473532e-16
vn -1 -1.2246467991473532e-16 1.4997597826618576e-32
vn -1.2246467991473532e-16 1 -1.2246467991473532e-16
vn 1.2246467991473532e-16 -1 1.2246467991473532e-16
usemtl m_5a10c0e1-a80d-0a53-8c8d-6dd2cd0dfae8
f 97/113/29 95/114/29 94/115/29 98/116/29
f 104/117/30 106/118/30 105/119/30 103/120/30
f 47/121/31 58/122/31 56/123/31 36/124/31
f 75/125/32 72/126/32 71/127/32 76/128/32
f 103/129/33 102/130/33 101/131/33 104/132/33
f 37/133/34 45/134/34 43/135/34 39/136/34
f 61/137/35 63/138/35 62/139/35 64/140/35
f 42/141/36 53/142/36 52/143/36 40/144/36
f 35/145/37 41/146/37 44/147/37 33/148/37
f 41/149/38 43/150/38 45/151/38 44/152/38
f 32/153/39 50/154/39 60/155/39 46/156/39
f 46/157/40 60/158/40 58/159/40 47/160/40
f 98/161/41 99/162/41 100/163/41 97/164/41
f 99/165/42 101/166/42 102/167/42 100/168/42
f 33/169/43 48/170/43 49/171/43 35/172/43
f 93/173/44 94/174/44 95/175/44 96/176/44
f 67/177/45 65/178/45 66/179/45 68/180/45
f 65/181/46 62/182/46 63/183/46 66/184/46
f 68/185/47 66/186/47 69/187/47 70/188/47
f 66/189/48 63/190/48 71/191/48 69/192/48
f 70/193/49 69/194/49 73/195/49 74/196/49
f 69/197/50 71/198/50 72/199/50 73/200/50
f 39/201/51 54/202/51 31/203/51 37/204/51
f 107/205/52 105/206/52 106/207/52 108/208/52
f 37/209/53 31/210/53 57/211/53 45/212/53
f 31/213/54 56/214/54 58/215/54 57/216/54
f 45/217/55 57/218/55 59/219/55 44/220/55
f 57/221/56 58/222/56 60/223/56 59/224/56
f 44/225/57 59/226/57 48/227/57 33/228/57
f 59/229/58 60/230/58 50/231/58 48/232/58
f 52/233/59 112/234/59 111/235/59 40/236/59
f 34/237/60 110/238/60 109/239/60 51/240/60
f 40/241/61 111/242/61 110/243/61 34/244/61
f 51/245/62 109/246/62 122/247/62 49/248/62
f 49/249/63 122/250/63 121/251/63 35/252/63
f 35/253/64 121/254/64 120/255/64 41/256/64
f 41/257/65 120/258/65 119/259/65 43/260/65
f 53/261/66 113/262/66 112/263/66 52/264/66
f 54/265/67 117/266/67 116/267/67 55/268/67
f 39/269/68 118/270/68 117/271/68 54/272/68
f 43/273/69 119/274/69 118/275/69 39/276/69
f 55/277/70 116/278/70 115/279/70 38/280/70
f 42/281/71 114/282/71 113/283/71 53/284/71
f 38/285/72 115/286/72 114/287/72 42/288/72
f 78/289/73 77/290/73 48/291/73 50/292/73
f 80/293/74 79/294/74 51/295/74 49/296/74
f 77/297/75 80/298/75 49/299/75 48/300/75
f 79/301/76 81/302/76 34/303/76 51/304/76
f 82/305/77 78/306/77 50/307/77 32/308/77
f 83/309/78 82/310/78 32/311/78 46/312/78
f 81/313/79 84/314/79 40/315/79 34/316/79
f 85/317/80 83/318/80 46/319/80 47/320/80
f 84/321/81 86/322/81 42/323/81 40/324/81
f 86/325/82 87/326/82 38/327/82 42/328/82
f 88/329/83 85/330/83 47/331/83 36/332/83
f 90/333/84 88/334/84 36/335/84 56/336/84
f 87/337/85 89/338/85 55/339/85 38/340/85
f 89/341/86 91/342/86 54/343/86 55/344/86
f 92/345/87 90/346/87 56/347/87 31/348/87
f 91/349/88 92/350/88 31/351/88 54/352/88
f 94/353/89 93/354/89 77/355/89 78/356/89
f 96/357/90 95/358/90 79/359/90 80/360/90
f 93/361/91 96/362/91 80/363/91 77/364/91
f 95/365/92 97/366/92 81/367/92 79/368/92
f 98/369/93 94/370/93 78/371/93 82/372/93
f 99/373/94 98/374/94 82/375/94 83/376/94
f 97/377/95 100/378/95 84/379/95 81/380/95
f 101/381/96 99/382/96 83/383/96 85/384/96
f 100/385/97 102/386/97 86/387/97 84/388/97
f 102/389/98 103/390/98 87/391/98 86/392/98
f 104/393/99 101/394/99 85/395/99 88/396/99
f 106/397/100 104/398/100 88/399/100 90/400/100
f 103/401/101 105/402/101 89/403/101 87/404/101
f 105/405/102 107/406/102 91/407/102 89/408/102
f 108/409/103 106/410/103 90/411/103 92/412/103
f 107/413/104 108/414/104 92/415/104 91/416/104
f 140/417/105 139/418/105 141/419/105 142/420/105
f 142/421/106 141/422/106 143/423/106 144/424/106
f 61/425/107 111/426/107 112/427/107 63/428/107
f 63/429/108 112/430/108 113/431/108 71/432/108
f 71/433/109 113/434/109 114/435/109 76/436/109
f 145/437/110 146/438/110 124/439/110 123/440/110
f 123/441/111 124/442/111 125/443/111 126/444/111
f 126/445/112 125/446/112 127/447/112 128/448/112
f 128/449/113 127/450/113 129/451/113 130/452/113
f 130/453/114 129/454/114 131/455/114 132/456/114
f 132/457/115 131/458/115 133/459/115 134/460/115
f 134/461/116 133/462/116 135/463/116 136/464/116
f 136/465/117 135/466/117 137/467/117 138/468/117
f 138/469/118 137/470/118 139/471/118 140/472/118
f 125/473/119 124/474/119 115/475/119 116/476/119
f 123/477/120 126/478/120 72/479/120 75/480/120
f 127/481/121 125/482/121 116/483/121 117/484/121
f 126/485/122 128/486/122 73/487/122 72/488/122
f 129/489/123 127/490/123 117/491/123 118/492/123
f 128/493/124 130/494/124 74/495/124 73/496/124
f 131/497/125 129/498/125 118/499/125 119/500/125
f 130/501/126 132/502/126 70/503/126 74/504/126
f 133/505/127 131/506/127 119/507/127 120/508/127
f 132/509/128 134/510/128 68/511/128 70/512/128
f 135/513/129 133/514/129 120/515/129 121/516/129
f 134/517/130 136/518/130 67/519/130 68/520/130
f 137/521/131 135/522/131 121/523/131 122/524/131
f 136/525/132 138/526/132 65/527/132 67/528/132
f 139/529/133 137/530/133 122/531/133 109/532/133
f 138/533/134 140/534/134 62/535/134 65/536/134
f 141/537/135 139/538/135 109/539/135 110/540/135
f 140/541/136 142/542/136 64/543/136 62/544/136
f 143/545/137 141/546/137 110/547/137 111/548/137
f 144/549/138 143/550/138 111/551/138 61/552/138
f 142/553/139 144/554/139 61/555/139 64/556/139
f 146/557/140 145/558/140 76/559/140 114/560/140
f 124/561/141 146/562/141 114/563/141 115/564/141
f 145/565/142 123/566/142 75/567/142 76/568/142
o Thigh
v -0.2500000000000001 0.7062499999999999 -0.09000000000000012
v -0.2500000000000001 0.7062499999999999 0.08999999999999987
v -0.24375000000000008 0.38125 -0.09000000000000008
v -0.24375000000000008 0.38125 0.08999999999999991
v -0.05625000000000011 0.66125 -0.09000000000000011
v -0.05625000000000011 0.66125 0.08999999999999989
v -0.05625000000000008 0.38125 -0.09000000000000008
v -0.05625000000000008 0.38125 0.08999999999999991
v -0.056250000000000105 0.56975 0.1124999999999999
v -0.056250000000000105 0.56975 -0.1125000000000001
v -0.13750000000000012 0.56975 -0.1125000000000001
v -0.13750000000000012 0.70875 -0.09000000000000012
v -0.13750000000000012 0.70875 0.08999999999999987
v -0.13750000000000012 0.56975 0.1124999999999999
v -0.1375000000000001 0.38125 0.08999999999999991
v -0.1375000000000001 0.38125 -0.09000000000000008
v -0.2545000000000001 0.6875975 -0.0940500000000001
v -0.16225000000000012 0.56975 -0.1125000000000001
v -0.16000000000000011 0.6875975 -0.0940500000000001
v -0.1594375000000001 0.4107725 -0.09405000000000008
v -0.2493750000000001 0.4107725 -0.09405000000000008
v -0.2545000000000001 0.6875975 0.09404999999999988
v -0.2493750000000001 0.4107725 0.09404999999999991
v -0.16000000000000011 0.6875975 0.09404999999999988
v -0.16225000000000012 0.56975 0.1124999999999999
v -0.1594375000000001 0.4107725 0.09404999999999991
v -0.2853356250000001 0.6875975 -0.12489625000000011
v -0.1623468750000001 0.57105125 -0.1556262500000001
v -0.1601931250000001 0.6875975 -0.1389962500000001
v -0.3058325000000001 0.57066 -0.1434381250000001
v -0.1594375000000001 0.4107725 -0.13932375000000008
v -0.28020437500000006 0.4107725 -0.12508000000000008
v -0.30578375000000013 0.57065875 0.1434381249999999
v -0.2852387500000001 0.6875975 0.1248968749999999
v -0.28020437500000006 0.4107725 0.1250799999999999
v -0.16000000000000011 0.6875975 0.13899749999999989
v -0.16225000000000012 0.571049375 0.1556268749999999
v -0.1594375000000001 0.4107725 0.1393237499999999
vt 0.25391640625 0.7734375
vt 0.2562109375 0.796875
vt 0.2203515625 0.796875
vt 0.222646875 0.7734375
vt 0.2065625 0.7540625
vt 0.209375 0.777625
vt 0.18125 0.777625
vt 0.1840625 0.7540625
vt 0.1640625 0.796875
vt 0.1640625 0.8125
vt 0.140625 0.8125
vt 0.140625 0.796875
vt 0.265625 0.694375
vt 0.25234375 0.694375
vt 0.25234375 0.671875
vt 0.265625 0.671875
vt 0.1015625 0.6920171875000001
vt 0.08356171875 0.6920664062499999
vt 0.083371875 0.67192578125
vt 0.0985640625 0.671875
vt 0.112349453125 0.675966953125
vt 0.12755015625 0.6760184375
vt 0.127371015625 0.69615859375
vt 0.109375 0.696109375
vt 0.30079453125 0.7578125
vt 0.2984765625 0.7421875
vt 0.3343359375 0.7421875
vt 0.33201875 0.7578125
vt 0.109375 0.696109375
vt 0.12738125 0.69615859375
vt 0.12748515625 0.71087734375
vt 0.1117375 0.7109375
vt 0.1840625 0.7890625
vt 0.18125 0.777625
vt 0.209375 0.777625
vt 0.2065625 0.7890625
vt 0.0992184375 0.7068449218749999
vt 0.0834771875 0.706784140625
vt 0.0835684375 0.6920664062499999
vt 0.1015625 0.6920171875000001
vt 0.3469840625 0.8027114843750001
vt 0.3571403125 0.8027114843750001
vt 0.3571403125 0.820312265625
vt 0.3469840625 0.814451328125
vt 0.2890625 0.7734375
vt 0.2890625 0.7890625
vt 0.265625 0.7890625
vt 0.265625 0.7734375
vt 0.35616265625 0.7285130468750001
vt 0.34596234375 0.734374296875
vt 0.34596234375 0.716773125
vt 0.356074453125 0.7167728906249999
vt 0.324570546875 0.711232109375
vt 0.314414296875 0.711232109375
vt 0.314414296875 0.687502421875
vt 0.324570546875 0.687502421875
vt 0.2421875 0.671875
vt 0.25234375 0.671875
vt 0.25234375 0.694375
vt 0.2421875 0.694375
vt 0.3082421875 0.968753671875
vt 0.3183984375 0.968753671875
vt 0.3183984375 0.992483359375
vt 0.3082421875 0.992483359375
vt 0.3599534375 0.81762171875
vt 0.3717659375 0.817624140625
vt 0.371202890625 0.82001
vt 0.3571403125 0.8203125
vt 0.360232578125 0.80271140625
vt 0.3599534375 0.81762171875
vt 0.3571403125 0.8203125
vt 0.3571403125 0.8027114843750001
vt 0.321140625 0.972477109375
vt 0.3214921875 0.992483359375
vt 0.3183984375 0.992483359375
vt 0.3183984375 0.968753671875
vt 0.3323828125 0.97247484375
vt 0.321140625 0.972477109375
vt 0.31839765625 0.96875265625
vt 0.33167890625 0.96875
vt 0.00386875 0.578125
vt 0.02738125 0.578125
vt 0.026875 0.5859375
vt 0.004375 0.5859375
vt 0.36331875 0.59375
vt 0.33980625 0.59375
vt 0.3403125 0.5859375
vt 0.3628125 0.5859375
vt 0.34314984375 0.7316840625000001
vt 0.34286859375 0.716773125
vt 0.34596234375 0.716773125
vt 0.34596234375 0.73437390625
vt 0.33133734375 0.731689140625
vt 0.34314984375 0.7316840625000001
vt 0.345963515625 0.734375
vt 0.331900859375 0.7340740625
vt 0.311671640625 0.691226640625
vt 0.300429453125 0.691224921875
vt 0.301133203125 0.6875
vt 0.314414453125 0.687502109375
vt 0.31132203125 0.71123265625
vt 0.311671640625 0.691226640625
vt 0.314414296875 0.6875023437500001
vt 0.314414296875 0.711232109375
vt 0.308596875 0.83243828125
vt 0.32423984375 0.83420078125
vt 0.32038515625 0.83805625
vt 0.30857265625 0.83805625
vt 0.05463046875 0.6026171874999999
vt 0.05255 0.6171875
vt 0.04693203125 0.6171875
vt 0.0492390625 0.6024539062500001
vt 0.0525921875 0.58257890625
vt 0.05463046875 0.6026171874999999
vt 0.04923984375 0.6024539062500001
vt 0.0469328125 0.58257890625
vt 0.288798046875 0.68930078125
vt 0.273701953125 0.69108125
vt 0.273701953125 0.6854218750000001
vt 0.284944140625 0.6854218750000001
vt 0.32423984375 0.83420078125
vt 0.32422734375 0.865425
vt 0.32038515625 0.86156875
vt 0.32038515625 0.83805625
vt 0.288798046875 0.65803046875
vt 0.288798046875 0.68930078125
vt 0.284944140625 0.6854218750000001
vt 0.284944140625 0.661909375
vt 0.38494921875 0.703125
vt 0.3828703125 0.688553125
vt 0.3882609375 0.688390625
vt 0.3905671875 0.70312421875
vt 0.32422734375 0.865425
vt 0.30857265625 0.8671875
vt 0.30857265625 0.86156875
vt 0.32038515625 0.86156875
vt 0.273701953125 0.65625
vt 0.288798046875 0.65803046875
vt 0.284944140625 0.661909375
vt 0.273701953125 0.661909375
vt 0.3828703125 0.688553125
vt 0.3849078125 0.6685148437499999
vt 0.3905671875 0.6685148437499999
vt 0.3882609375 0.688390625
vn -0.9874399611552652 -0.15799460493184503 0.00016711109703280484
vn 1 1.2246467991473532e-16 -1.4997597826618576e-32
vn -0.022216737285147527 0.9997531778316101 -1.2243445291688758e-16
vn 1.2246467991473532e-16 -1 1.2246467991473532e-16
vn -0.08391690139271621 -0.10234194081491146 -0.9912033498787636
vn -0.1165149862031296 -0.10253050923272947 0.9878824589325198
vn -0.9849880199180483 0.17262262988535854 0.0001681350207914892
vn -0.08413752266969812 0.14234274986209072 0.9862349714143706
vn 1 1.2246467991473532e-16 -1.4997597826618576e-32
vn -0.11082218632301964 0.14239601726739992 -0.9835862022644322
vn -1.95687069045307e-17 0.15979061814520876 -0.9871509298748457
vn 0.5046965873311554 0.8632967941190823 -1.0572336556321058e-16
vn 0.09301110178732779 0.15909793726779775 0.9828717013432829
vn 1.451476526097007e-17 -0.11852205281617362 0.9929514202599441
vn 1.2246467991473532e-16 -1 1.2246467991473532e-16
vn 1.451476526097007e-17 -0.11852205281617387 -0.9929514202599441
vn -2.5985160739731872e-17 0.2121849398359081 -0.9772295284664868
vn 0.0330007165200172 0.15397490099643615 -0.987523509883336
vn 1.4117780233905915e-17 -0.11528042406786412 -0.9933329873847608
vn 1.6644247265376586e-17 -0.13591059297231636 -0.9907211064259777
vn -0.972109870601221 0.23452590364323844 -2.872113972138325e-17
vn -0.9823283716510609 -0.18716562250951774 2.2921178051670272e-17
vn -1.8942122616360634e-17 0.15467416915268054 0.9879655365431166
vn -2.3029584550741498e-17 0.18805082875140494 0.9821592975713818
vn 1.6644247265376586e-17 -0.13591059297231614 0.9907211064259777
vn 0.028923809230735953 -0.11472728187778651 0.9929758627743772
vn -1.2246467991473532e-16 1 -1.2246467991473532e-16
vn 0.9998312024299547 -0.01786366139779845 -0.0042960736650838145
vn 0.9998369721209942 0.017975735123314407 -0.0017035629424075678
vn 1.2246467991473532e-16 -1 1.2246467991473532e-16
vn -1.2246467991473532e-16 1 -1.2246467991473532e-16
vn 1.2246467991473532e-16 -1 1.2246467991473532e-16
vn 0.9998151275922059 -0.019219139733402033 0.0005790558599733727
vn -1.2246467991473532e-16 1 -1.2246467991473532e-16
vn 1.2246467991473532e-16 -1 1.2246467991473532e-16
vn 0.999846073621677 0.01754505808814267 -2.14864992284983e-18
usemtl m_5a10c0e1-a80d-0a53-8c8d-6dd2cd0dfae8
f 181/569/143 179/570/143 176/571/143 178/572/143
f 153/573/144 156/574/144 155/575/144 154/576/144
f 148/577/145 159/578/145 158/579/145 147/580/145
f 149/581/146 162/582/146 161/583/146 150/584/146
f 176/585/147 174/586/147 177/587/147 178/588/147
f 181/589/148 184/590/148 183/591/148 179/592/148
f 173/593/149 176/594/149 179/595/149 180/596/149
f 179/597/150 183/598/150 182/599/150 180/600/150
f 152/601/151 155/602/151 156/603/151 151/604/151
f 173/605/152 175/606/152 174/607/152 176/608/152
f 156/609/153 157/610/153 158/611/153 151/612/153
f 151/613/154 158/614/154 159/615/154 152/616/154
f 152/617/155 159/618/155 160/619/155 155/620/155
f 155/621/156 160/622/156 161/623/156 154/624/156
f 154/625/157 161/626/157 162/627/157 153/628/157
f 153/629/158 162/630/158 157/631/158 156/632/158
f 165/633/159 163/634/159 147/635/159 158/636/159
f 164/637/160 165/638/160 158/639/160 157/640/160
f 166/641/161 164/642/161 157/643/161 162/644/161
f 167/645/162 166/646/162 162/647/162 149/648/162
f 163/649/163 168/650/163 148/651/163 147/652/163
f 169/653/164 167/654/164 149/655/164 150/656/164
f 170/657/165 171/658/165 160/659/165 159/660/165
f 168/661/166 170/662/166 159/663/166 148/664/166
f 172/665/167 169/666/167 150/667/167 161/668/167
f 171/669/168 172/670/168 161/671/168 160/672/168
f 175/673/169 173/674/169 163/675/169 165/676/169
f 174/677/170 175/678/170 165/679/170 164/680/170
f 177/681/171 174/682/171 164/683/171 166/684/171
f 178/685/172 177/686/172 166/687/172 167/688/172
f 173/689/173 180/690/173 168/691/173 163/692/173
f 181/693/174 178/694/174 167/695/174 169/696/174
f 182/697/175 183/698/175 171/699/175 170/700/175
f 180/701/176 182/702/176 170/703/176 168/704/176
f 184/705/177 181/706/177 169/707/177 172/708/177
f 183/709/178 184/710/178 172/711/178 171/712/178
o Toe
v 0.23750000000000002 0.06874999999999998 -0.22500000000000003
v 0.23750000000000004 0.13124999999999998 0.012499999999999952
v 0.23750000000000002 0.006249999999999978 -0.22500000000000003
v 0.23750000000000002 0.006249999999999978 0.01249999999999997
v 0.06250000000000004 0.06875000000000003 -0.22500000000000003
v 0.06250000000000006 0.13125000000000003 0.012499999999999952
v 0.06250000000000003 0.006250000000000033 -0.22500000000000003
v 0.06250000000000003 0.006250000000000033 0.01249999999999997
v 0.23750000000000004 0.13124999999999998 -0.15000000000000005
v 0.23750000000000002 0.006249999999999978 -0.15000000000000002
v 0.06250000000000003 0.006250000000000033 -0.15000000000000002
v 0.06250000000000006 0.13125000000000003 -0.15000000000000005
v 0.23750000000000002 0.03437499999999993 -0.22500000000000003
v 0.06250000000000004 0.03437499999999999 -0.22500000000000003
v 0.06250000000000004 0.03437499999999999 -0.15000000000000002
v 0.06250000000000004 0.03437499999999999 0.012499999999999966
v 0.23750000000000002 0.03437499999999993 0.012499999999999966
v 0.23750000000000002 0.03437499999999993 -0.15000000000000002
v 0.24687500000000004 0.006249999999999922 -0.23125000000000004
v 0.24687500000000004 0.03437499999999988 -0.23125000000000004
v 0.05312500000000003 0.03437499999999993 -0.23125000000000004
v 0.05312500000000003 0.006249999999999978 -0.23125000000000004
v 0.24687500000000004 0.006249999999999978 -0.15000000000000002
v 0.24687500000000004 0.03437499999999993 -0.15000000000000002
v 0.24687500000000004 0.006249999999999978 0.018749999999999965
v 0.24687500000000004 0.03437499999999993 0.01874999999999996
v 0.05312500000000003 0.03437499999999999 -0.15000000000000002
v 0.05312500000000003 0.006250000000000033 -0.15000000000000002
v 0.05312500000000003 0.03437499999999999 0.01874999999999996
v 0.05312500000000003 0.006250000000000033 0.018749999999999965
vt 0.37734375 0.776953125
vt 0.36796875 0.776953125
vt 0.36796875 0.78125
vt 0.37734375 0.7890625
vt 0.26484375 0.620703125
vt 0.25546875 0.620703125
vt 0.25546875 0.6328125
vt 0.26484375 0.625
vt 0.1640625 0.6484375
vt 0.1875 0.6484375
vt 0.1875 0.6328125
vt 0.1640625 0.6328125
vt 0.065625 0.73984375
vt 0.04375 0.73984375
vt 0.04375 0.74921875
vt 0.065625 0.74921875
vt 0.4453125 0.90625
vt 0.421875 0.90625
vt 0.421875 0.9140625
vt 0.4453125 0.9140625
vt 0.15625 0.6328125
vt 0.1328125 0.6328125
vt 0.1328125 0.6484375
vt 0.15625 0.6484375
vt 0.39765625 0.776953125
vt 0.37734375 0.776953125
vt 0.37734375 0.7890625
vt 0.39765625 0.7890625
vt 0.04375 0.73984375
vt 0.065625 0.73984375
vt 0.065625 0.71953125
vt 0.04375 0.71953125
vt 0.25546875 0.620703125
vt 0.23515625 0.620703125
vt 0.23515625 0.6328125
vt 0.25546875 0.6328125
vt 0.328125 0.9375
vt 0.3046875 0.9375
vt 0.3046875 0.9609375
vt 0.328125 0.9609375
vt 0.421875 0.8984375
vt 0.4453125 0.8984375
vt 0.4453125 0.890625
vt 0.421875 0.890625
vt 0.48203125 1
vt 0.4921875 1
vt 0.4921875 0.996484375
vt 0.48203125 0.996484375
vt 0.4609375 1
vt 0.48203125 1
vt 0.48203125 0.996484375
vt 0.4609375 0.996484375
vt 0.421875 0.8828125
vt 0.4453125 0.8828125
vt 0.4453125 0.875
vt 0.421875 0.875
vt 0.47109375 0.8515625
vt 0.4921875 0.8515625
vt 0.4921875 0.848046875
vt 0.47109375 0.848046875
vt 0.4609375 0.8515625
vt 0.47109375 0.8515625
vt 0.47109375 0.848046875
vt 0.4609375 0.848046875
vt 0.2453125 0.73515625
vt 0.246484375 0.734375
vt 0.222265625 0.734375
vt 0.2234375 0.73515625
vt 0.04375 0.74921875
vt 0.042578125 0.75
vt 0.066796875 0.75
vt 0.065625 0.74921875
vt 0.2453125 0.74453125
vt 0.246484375 0.74453125
vt 0.246484375 0.734375
vt 0.2453125 0.73515625
vt 0.065625 0.74921875
vt 0.066796875 0.75
vt 0.066796875 0.73984375
vt 0.065625 0.73984375
vt 0.2453125 0.76484375
vt 0.246484375 0.765625
vt 0.246484375 0.74453125
vt 0.2453125 0.74453125
vt 0.065625 0.73984375
vt 0.066796875 0.73984375
vt 0.066796875 0.71875
vt 0.065625 0.71953125
vt 0.2234375 0.73515625
vt 0.222265625 0.734375
vt 0.222265625 0.74453125
vt 0.2234375 0.74453125
vt 0.04375 0.73984375
vt 0.042578125 0.73984375
vt 0.042578125 0.75
vt 0.04375 0.74921875
vt 0.2234375 0.74453125
vt 0.222265625 0.74453125
vt 0.222265625 0.765625
vt 0.2234375 0.76484375
vt 0.04375 0.71953125
vt 0.042578125 0.71875
vt 0.042578125 0.73984375
vt 0.04375 0.73984375
vt 0.2234375 0.76484375
vt 0.222265625 0.765625
vt 0.246484375 0.765625
vt 0.2453125 0.76484375
vt 0.065625 0.71953125
vt 0.066796875 0.71875
vt 0.042578125 0.71875
vt 0.04375 0.71953125
vn 1 -1.2246467991473532e-16 1.4997597826618576e-32
vn -1 1.2246467991473532e-16 -1.4997597826618576e-32
vn 9.407997310958103e-17 0.7682212795973759 -0.64018439966448
vn -1.2246467991473532e-16 -1 1.2246467991473532e-16
vn 0 -1.2246467991473532e-16 -1
vn 0 1.2246467991473532e-16 1
vn 1 -1.2246467991473532e-16 1.4997597826618576e-32
vn -1.2246467991473532e-16 -1 1.2246467991473532e-16
vn -1 1.2246467991473532e-16 -1.4997597826618576e-32
vn 1.2246467991473532e-16 1 -1.2246467991473532e-16
vn 0 -1.2246467991473532e-16 -1
vn -1 1.2246467991473532e-16 -1.4997597826618576e-32
vn -1 1.2246467991473532e-16 -1.4997597826618576e-32
vn 0 1.2246467991473532e-16 1
vn 1 -1.2246467991473532e-16 1.4997597826618576e-32
vn 1 -1.2246467991473532e-16 1.4997597826618576e-32
vn 1.2246467991473532e-16 1 -1.2246467991473532e-16
vn -1.2246467991473532e-16 -1 1.2246467991473532e-16
vn 1.2246467991473532e-16 1 -1.2246467991473532e-16
vn -1.2246467991473532e-16 -1 1.2246467991473532e-16
vn 1.2246467991473532e-16 1 -1.2246467991473532e-16
vn -1.2246467991473532e-16 -1 1.2246467991473532e-16
vn 1.2246467991473532e-16 1 -1.2246467991473532e-16
vn -1.2246467991473532e-16 -1 1.2246467991473532e-16
vn 1.2246467991473532e-16 1 -1.2246467991473532e-16
vn -1.2246467991473532e-16 -1 1.2246467991473532e-16
vn 1.2246467991473532e-16 1 -1.2246467991473532e-16
vn -1.2246467991473532e-16 -1 1.2246467991473532e-16
usemtl m_5a10c0e1-a80d-0a53-8c8d-6dd2cd0dfae8
f 202/713/179 197/714/179 185/715/179 193/716/179
f 198/717/180 199/718/180 196/719/180 189/720/180
f 196/721/181 193/722/181 185/723/181 189/724/181
f 194/725/182 195/726/182 191/727/182 187/728/182
f 197/729/183 198/730/183 189/731/183 185/732/183
f 200/733/184 201/734/184 186/735/184 190/736/184
f 201/737/185 202/738/185 193/739/185 186/740/185
f 195/741/186 194/742/186 188/743/186 192/744/186
f 199/745/187 200/746/187 190/747/187 196/748/187
f 193/749/188 196/750/188 190/751/188 186/752/188
f 205/753/189 204/754/189 203/755/189 206/756/189
f 211/757/190 205/758/190 206/759/190 212/760/190
f 213/761/191 211/762/191 212/763/191 214/764/191
f 210/765/192 213/766/192 214/767/192 209/768/192
f 208/769/193 210/770/193 209/771/193 207/772/193
f 204/773/194 208/774/194 207/775/194 203/776/194
f 197/777/195 204/778/195 205/779/195 198/780/195
f 191/781/196 206/782/196 203/783/196 187/784/196
f 202/785/197 208/786/197 204/787/197 197/788/197
f 187/789/198 203/790/198 207/791/198 194/792/198
f 201/793/199 210/794/199 208/795/199 202/796/199
f 194/797/200 207/798/200 209/799/200 188/800/200
f 198/801/201 205/802/201 211/803/201 199/804/201
f 195/805/202 212/806/202 206/807/202 191/808/202
f 199/809/203 211/810/203 213/811/203 200/812/203
f 192/813/204 214/814/204 212/815/204 195/816/204
f 200/817/205 213/818/205 210/819/205 201/820/205
f 188/821/206 209/822/206 214/823/206 192/824/206
o Shin
v 0.045000000000000075 0.3750000000000001 0.05570312499999992
v 0.25500000000000006 0.3750000000000001 -0.11652750000000009
v 0.25500000000000006 0.3750000000000001 0.11388874999999991
v 0.30000000000000004 0.13854187500000004 -0.13750000000000007
v 0.30000000000000004 0.13854187500000004 0.19374999999999995
v 0.045000000000000075 0.3750000000000001 -0.11652750000000009
v 0.045000000000000075 0.3750000000000001 0.11388874999999991
v 4.9878869103747395e-17 0.1385418750000001 -0.13750000000000007
v 4.9878869103747395e-17 0.1385418750000001 0.19374999999999995
v 0.2616668750000001 0.13854187500000004 -0.13750000000000007
v 0.24166687500000006 0.13854187500000004 0.19374999999999995
v 0.03833312500000005 0.1385418750000001 -0.13750000000000007
v 0.05833312500000005 0.1385418750000001 0.19374999999999995
v 0.2141668750000001 0.3750000000000001 0.11388874999999991
v 0.08583312500000008 0.3750000000000001 0.11388874999999991
v 0.2141668750000001 0.3750000000000001 -0.11652750000000009
v 0.08583312500000008 0.3750000000000001 -0.11652750000000009
v 0.25500000000000006 0.3750000000000001 0.037083124999999925
v 0.30000000000000004 0.13854187500000004 0.061788749999999955
v 0.25500000000000006 0.3750000000000001 -0.03041250000000008
v 0.30000000000000004 0.13854187500000004 -0.037855625000000045
v 0.2616668750000001 0.13854187500000004 0.026171874999999952
v 0.03833312500000005 0.1385418750000001 0.026171874999999952
v 4.9878869103747395e-17 0.1385418750000001 0.061788749999999955
v 4.9878869103747395e-17 0.1385418750000001 -0.037855625000000045
v 0.045000000000000075 0.3750000000000001 -0.03041250000000008
v 0.08583312500000008 0.3750000000000001 0.05570312499999992
v 0.08583312500000008 0.3750000000000001 -0.03041250000000008
v 0.2141668750000001 0.3750000000000001 0.05570312499999992
v 0.2141668750000001 0.3750000000000001 -0.03041250000000008
v 0.2616668750000001 0.006250000000000033 -0.13750000000000004
v 0.30000000000000004 0.006250000000000033 -0.03785562500000003
v 0.2616668750000001 0.006250000000000033 0.026171874999999966
v 0.30000000000000004 0.006250000000000033 -0.13750000000000004
v 0.30000000000000004 0.006250000000000033 0.06178874999999997
v 0.24166687500000003 0.006250000000000033 0.06178874999999997
v 0.30000000000000004 0.006250000000000033 0.19374999999999998
v 0.24166687500000003 0.006250000000000033 0.19374999999999998
v 0.058333125000000034 0.006250000000000089 0.06178874999999997
v 0.058333125000000034 0.006250000000000089 0.19374999999999998
v 0.03833312500000004 0.006250000000000089 0.026171874999999966
v 3.367778697655222e-17 0.006250000000000089 -0.03785562500000003
v 3.367778697655222e-17 0.006250000000000089 0.06178874999999997
v 3.367778697655222e-17 0.006250000000000089 0.19374999999999998
v 3.367778697655222e-17 0.006250000000000089 -0.13750000000000004
v 0.03833312500000004 0.006250000000000089 -0.13750000000000004
v 0.2583750000000001 0.36193937500000006 0.020168749999999923
v 0.2583750000000001 0.36193937500000006 -0.030970625000000078
v 0.2966250000000001 0.16095000000000004 -0.03729750000000005
v 0.2966250000000001 0.16095000000000004 0.041168124999999944
v 0.2966250000000001 0.16095000000000004 -0.13592687500000006
v 0.2583750000000001 0.36193937500000006 -0.11810062500000008
v 0.21772937500000009 0.36193937500000006 -0.11810062500000008
v 0.25810437500000005 0.16095000000000004 -0.13592687500000006
v 0.08227062500000008 0.36193937500000006 -0.11810062500000008
v 0.041895625000000054 0.1609500000000001 -0.13592687500000006
v 0.0033750000000000524 0.1609500000000001 -0.13592687500000006
v 0.04162500000000008 0.36193937500000006 -0.11810062500000008
v 0.0033750000000000524 0.1609500000000001 -0.03729750000000005
v 0.04162500000000008 0.36193937500000006 -0.030970625000000078
v 0.0033750000000000524 0.1609500000000001 0.041866249999999945
v 0.04162500000000008 0.36193937500000006 0.036693124999999924
v 0.30246500000000004 0.36193937500000006 0.020168749999999923
v 0.29743625000000007 0.36193937500000006 -0.030970625000000078
v 0.33324375000000006 0.16095000000000004 -0.03729750000000005
v 0.33949375000000004 0.16095000000000004 0.041168124999999944
v 0.3211843750000001 0.16095000000000004 -0.16082937500000005
v 0.28293437500000007 0.36193937500000006 -0.1430031250000001
v 0.21772937500000009 0.36193937500000006 -0.1429050000000001
v 0.25810437500000005 0.16095000000000004 -0.16073187500000005
v 0.08227062500000008 0.36193937500000006 -0.1429050000000001
v 0.041895625000000054 0.1609500000000001 -0.16073187500000005
v -0.021184374999999946 0.1609500000000001 -0.16082937500000005
v 0.017065625000000077 0.36193937500000006 -0.1430031250000001
v -0.03324374999999995 0.1609500000000001 -0.03729750000000005
v 0.0025637500000000773 0.36193937500000006 -0.030970625000000078
v -0.039493749999999946 0.1609500000000001 0.041866249999999945
v -0.002464999999999923 0.36193937500000006 0.036693124999999924
v 0.30000000000000004 0.05364812499999999 -0.03785562500000004
v 0.30000000000000004 0.05364812499999999 -0.13750000000000004
v 0.2616668750000001 0.05364812499999999 -0.13750000000000004
v 0.2616668750000001 0.05364812499999999 0.026171874999999963
v 0.038333125000000044 0.053648125000000046 0.026171874999999963
v 0.038333125000000044 0.053648125000000046 -0.13750000000000004
v 3.9482383183235825e-17 0.053648125000000046 -0.13750000000000004
v 3.9482383183235825e-17 0.053648125000000046 -0.03785562500000004
v 3.9482383183235825e-17 0.053648125000000046 0.06178874999999996
v 3.9482383183235825e-17 0.053648125000000046 0.19374999999999998
v 0.05833312500000004 0.053648125000000046 0.19374999999999998
v 0.24166687500000003 0.05364812499999999 0.19374999999999998
v 0.30000000000000004 0.05364812499999999 0.19374999999999998
v 0.30000000000000004 0.05364812499999999 0.06178874999999996
v -0.028124999999999966 0.006250000000000089 -0.16562500000000002
v -0.028124999999999963 0.053648125000000046 -0.16562500000000002
v -0.028124999999999963 0.053648125000000046 -0.03785562500000004
v -0.028124999999999966 0.006250000000000089 -0.03785562500000003
v -0.028124999999999963 0.053648125000000046 0.06178874999999996
v -0.028124999999999966 0.006250000000000089 0.06178874999999997
v -0.028124999999999963 0.053648125000000046 0.21562499999999998
v -0.028124999999999966 0.006250000000000089 0.21562499999999998
v 0.05833312500000004 0.053648125000000046 0.21562499999999998
v 0.058333125000000034 0.006250000000000089 0.21562499999999998
v 0.24166687500000003 0.05364812499999999 0.21562499999999998
v 0.24166687500000003 0.006250000000000033 0.21562499999999998
v 0.32812500000000006 0.05364812499999999 0.21562499999999998
v 0.32812500000000006 0.006250000000000033 0.21562499999999998
v 0.32812500000000006 0.05364812499999999 0.06178874999999996
v 0.32812500000000006 0.006250000000000033 0.06178874999999997
v 0.32812500000000006 0.05364812499999999 -0.03785562500000004
v 0.32812500000000006 0.006250000000000033 -0.03785562500000003
v 0.32812500000000006 0.05364812499999999 -0.16562500000000002
v 0.32812500000000006 0.006250000000000033 -0.16562500000000002
v 0.2616668750000001 0.05364812499999999 -0.16562500000000002
v 0.2616668750000001 0.006250000000000033 -0.16562500000000002
v 0.03833312500000004 0.006250000000000089 -0.16562500000000002
v 0.038333125000000044 0.053648125000000046 -0.16562500000000002
vt 0.06082734375 0.71085859375
vt 0.060475 0.6853296875
vt 0.04496015625 0.6853296875
vt 0.04671328125 0.7109375
vt 0.21305078125 0.693097109375
vt 0.21261484375 0.7186246875
vt 0.226735390625 0.71875
vt 0.22855875 0.69314796875
vt 0.0025 0.7241500000000001
vt 0.00760390625 0.7241500000000001
vt 0.00760390625 0.7133859375
vt 0.0025 0.7133859375
vt 0.00947890625 0.91430625
vt 0.0046875 0.92231015625
vt 0.0046875 0.934765625
vt 0.00947890625 0.934765625
vt 0.218095703125 1
vt 0.213048828125 0.97477734375
vt 0.205164453125 0.97477609375
vt 0.209944921875 0.99999875
vt 0.19505234375 0.88286484375
vt 0.19161484375 0.9140625
vt 0.19671875 0.9140625
vt 0.20234375 0.88286484375
vt 0.0421875 0.92231015625
vt 0.03739609375 0.91430625
vt 0.03739609375 0.934765625
vt 0.0421875 0.934765625
vt 0.109375 0.71875
vt 0.078125 0.71875
vt 0.078125 0.7421875
vt 0.109375 0.7421875
vt 0.17557265625 0.9140625
vt 0.17213515625 0.88286484375
vt 0.16484375 0.88286484375
vt 0.17046875 0.9140625
vt 0.19161484375 0.9140625
vt 0.19505234375 0.88286484375
vt 0.17213515625 0.88286484375
vt 0.17557265625 0.9140625
vt 0.02364609375 0.7241500000000001
vt 0.02875 0.7241500000000001
vt 0.02875 0.7133859375
vt 0.02364609375 0.7133859375
vt 0.00760390625 0.7241500000000001
vt 0.02364609375 0.7241500000000001
vt 0.02364609375 0.7133859375
vt 0.00760390625 0.7133859375
vt 0.240075390625 0.9747775
vt 0.235028515625 1
vt 0.243179296875 0.999998984375
vt 0.247960546875 0.974776484375
vt 0.213048828125 0.97477734375
vt 0.218095703125 1
vt 0.235028515625 1
vt 0.240075390625 0.97477734375
vt 0.0823328125 0.860480625
vt 0.07924453125 0.890568125
vt 0.0888453125 0.890568125
vt 0.098828125 0.860480625
vt 0.060475 0.6853297656249999
vt 0.06082734375 0.71085859375
vt 0.06725 0.7108578125
vt 0.0703125 0.6853605468749999
vt 0.03489609375 0.9098546875
vt 0.0421875 0.9098546875
vt 0.0421875 0.893359375
vt 0.03489609375 0.893359375
vt 0.03739609375 0.91430625
vt 0.0421875 0.92231015625
vt 0.0421875 0.9098546875
vt 0.03489609375 0.9098546875
vt 0.01197890625 0.9098546875
vt 0.03489609375 0.9098546875
vt 0.03489609375 0.893359375
vt 0.01197890625 0.893359375
vt 0.00947890625 0.91430625
vt 0.03739609375 0.91430625
vt 0.03489609375 0.9098546875
vt 0.01197890625 0.9098546875
vt 0.0046875 0.9098546875
vt 0.01197890625 0.9098546875
vt 0.01197890625 0.893359375
vt 0.0046875 0.893359375
vt 0.0046875 0.92231015625
vt 0.00947890625 0.91430625
vt 0.01197890625 0.9098546875
vt 0.0046875 0.9098546875
vt 0.129365625 0.906211171875
vt 0.1286046875 0.876123671875
vt 0.112109375 0.876123671875
vt 0.1220921875 0.906211171875
vt 0.21261484375 0.718624453125
vt 0.21305078125 0.693097109375
vt 0.203125 0.693097109375
vt 0.20413359375 0.718631484375
vt 0.00760390625 0.7349140625
vt 0.0025 0.7349140625
vt 0.0025 0.7421875
vt 0.00760390625 0.7421875
vt 0.00760390625 0.7241500000000001
vt 0.0025 0.7241500000000001
vt 0.0025 0.7349140625
vt 0.00760390625 0.7349140625
vt 0.02364609375 0.7349140625
vt 0.00760390625 0.7349140625
vt 0.00760390625 0.7421875
vt 0.02364609375 0.7421875
vt 0.02364609375 0.7241500000000001
vt 0.00760390625 0.7241500000000001
vt 0.00760390625 0.7349140625
vt 0.02364609375 0.7349140625
vt 0.02875 0.7325867187499999
vt 0.02364609375 0.7349140625
vt 0.02364609375 0.7421875
vt 0.02875 0.7421875
vt 0.02875 0.7241500000000001
vt 0.02364609375 0.7241500000000001
vt 0.02364609375 0.7349140625
vt 0.02875 0.7325867187499999
vt 0.320971875 0.64563828125
vt 0.3005125 0.64563828125
vt 0.3005125 0.65625
vt 0.320971875 0.65625
vt 0.06987734375 0.84986890625
vt 0.057421875 0.84986890625
vt 0.057421875 0.860480625
vt 0.06987734375 0.860480625
vt 0.06171875 0.6584554687499999
vt 0.05692734375 0.6584554687499999
vt 0.05692734375 0.6690671875
vt 0.06171875 0.6690671875
vt 0.0823328125 0.84986890625
vt 0.06987734375 0.84986890625
vt 0.06987734375 0.860480625
vt 0.0823328125 0.860480625
vt 0.098828125 0.84986890625
vt 0.0823328125 0.84986890625
vt 0.0823328125 0.860480625
vt 0.098828125 0.860480625
vt 0.34401015625 0.69251328125
vt 0.33671875 0.69251328125
vt 0.33671875 0.703125
vt 0.34401015625 0.703125
vt 0.36692734375 0.69251328125
vt 0.34401015625 0.69251328125
vt 0.34401015625 0.703125
vt 0.36692734375 0.703125
vt 0.36552109375 0.86438828125
vt 0.33760390625 0.86438828125
vt 0.33760390625 0.875
vt 0.36552109375 0.875
vt 0.14106015625 0.865511953125
vt 0.1286046875 0.865511953125
vt 0.1286046875 0.876123671875
vt 0.14106015625 0.876123671875
vt 0.1286046875 0.865511953125
vt 0.112109375 0.865511953125
vt 0.112109375 0.876123671875
vt 0.1286046875 0.876123671875
vt 0.37421875 0.69251328125
vt 0.36692734375 0.69251328125
vt 0.36692734375 0.703125
vt 0.37421875 0.703125
vt 0.153515625 0.865511953125
vt 0.14106015625 0.865511953125
vt 0.14106015625 0.876123671875
vt 0.153515625 0.876123671875
vt 0.3713625 0.66907578125
vt 0.350903125 0.66907578125
vt 0.350903125 0.6796875
vt 0.3713625 0.6796875
vt 0.02901015625 0.6584554687499999
vt 0.02421875 0.6584554687499999
vt 0.02421875 0.6690671875
vt 0.02901015625 0.6690671875
vt 0.079281796875 0.8905721875
vt 0.077163125 0.888892109375
vt 0.0707709375 0.8889096875
vt 0.070845078125 0.890595390625
vt 0.06987734375 0.860480625
vt 0.069946875 0.8633134375
vt 0.07975546875 0.8633134375
vt 0.0823328125 0.860480625
vt 0.082332734375 0.860480703125
vt 0.07975546875 0.8633134375
vt 0.077163125 0.888892109375
vt 0.079281875 0.890572265625
vt 0.057421875 0.860480625
vt 0.05761875 0.8633134375
vt 0.069946875 0.8633134375
vt 0.06987734375 0.860480625
vt 0.070845078125 0.890595390625
vt 0.0707709375 0.8889096875
vt 0.05987953125 0.8889396093749999
vt 0.06008109375 0.890625
vt 0.52875 1
vt 0.529171875 0.99835546875
vt 0.52409140625 0.99835546875
vt 0.52364609375 1
vt 0.05692734375 0.6690671875
vt 0.05648203125 0.671875
vt 0.061296875 0.671875
vt 0.06171875 0.6690671875
vt 0.52364609375 1
vt 0.52409140625 0.99835546875
vt 0.50715859375 0.99835546875
vt 0.50760390625 1
vt 0.02901015625 0.6690671875
vt 0.02945546875 0.671875
vt 0.05648203125 0.671875
vt 0.05692734375 0.6690671875
vt 0.02421875 0.6690671875
vt 0.024640625 0.671875
vt 0.02945546875 0.671875
vt 0.02901015625 0.6690671875
vt 0.50760390625 1
vt 0.50715859375 0.99835546875
vt 0.502078125 0.99835546875
vt 0.5025 1
vt 0.1508934375 0.90625
vt 0.151093359375 0.904563671875
vt 0.140201953125 0.904544140625
vt 0.140129453125 0.906230703125
vt 0.14106015625 0.876123671875
vt 0.140990625 0.878956484375
vt 0.15331875 0.878956484375
vt 0.153515625 0.876123671875
vt 0.1286046875 0.876123671875
vt 0.13109453125 0.878956484375
vt 0.140990625 0.878956484375
vt 0.14106015625 0.876123671875
vt 0.140129453125 0.906230703125
vt 0.140201953125 0.904544140625
vt 0.13174421875 0.904528984375
vt 0.129365390625 0.90621140625
vt 0.129365625 0.90621125
vt 0.13174421875 0.904528984375
vt 0.131097890625 0.87895390625
vt 0.1286046875 0.876123671875
vt 0.251828125 0.826059375
vt 0.2573390625 0.826059375
vt 0.2567109375 0.8196671875
vt 0.251828125 0.8196671875
vt 0.209734375 0.93177109375
vt 0.21431171875 0.93177109375
vt 0.21509296875 0.9219625
vt 0.209734375 0.9219625
vt 0.4407534375 0.8619166406250001
vt 0.439787578125 0.8671875
vt 0.465469140625 0.8671875
vt 0.466462421875 0.861766796875
vt 0.209734375 0.94409921875
vt 0.21280390625 0.9472125
vt 0.21431171875 0.93177109375
vt 0.209734375 0.93177109375
vt 0.251828125 0.8196671875
vt 0.2567109375 0.8196671875
vt 0.25489765625 0.80566328125
vt 0.251828125 0.80877578125
vt 0.251828125 0.80877578125
vt 0.25489765625 0.80566328125
vt 0.24674765625 0.805675
vt 0.24674765625 0.80877578125
vt 0.20491953125 0.94409921875
vt 0.20491953125 0.9472
vt 0.21280390625 0.9472125
vt 0.209734375 0.94409921875
vt 0.24674765625 0.80877578125
vt 0.24674765625 0.805675
vt 0.22981484375 0.805675
vt 0.22981484375 0.80877578125
vt 0.17789296875 0.94409921875
vt 0.17789296875 0.9472
vt 0.20491953125 0.9472
vt 0.20491953125 0.94409921875
vt 0.173078125 0.94409921875
vt 0.17000859375 0.9472125
vt 0.17789296875 0.9472
vt 0.17789296875 0.94409921875
vt 0.22981484375 0.80877578125
vt 0.22981484375 0.805675
vt 0.22166484375 0.80566328125
vt 0.224734375 0.80877578125
vt 0.224734375 0.80877578125
vt 0.22166484375 0.80566328125
vt 0.2198515625 0.8196671875
vt 0.224734375 0.8196671875
vt 0.173078125 0.93177109375
vt 0.16850078125 0.93177109375
vt 0.17000859375 0.9472125
vt 0.173078125 0.94409921875
vt 0.173078125 0.921875
vt 0.16771953125 0.921875
vt 0.16850078125 0.93177109375
vt 0.173078125 0.93177109375
vt 0.224734375 0.8196671875
vt 0.2198515625 0.8196671875
vt 0.2192234375 0.828125
vt 0.224734375 0.828125
vt 0.109375 0.6015625
vt 0.1171875 0.600564296875
vt 0.1171875 0.57500953125
vt 0.10952484375 0.57598015625
vt 0.378515625 0.859375
vt 0.39448671875 0.859375
vt 0.39448671875 0.85345
vt 0.378515625 0.85345
vt 0.46875 0.703125
vt 0.4765625 0.703125
vt 0.4765625 0.6953125
vt 0.46875 0.6953125
vt 0.3005125 0.64563828125
vt 0.320971875 0.64563828125
vt 0.320971875 0.6397132812499999
vt 0.3005125 0.6397132812499999
vt 0.33760390625 0.86438828125
vt 0.36552109375 0.86438828125
vt 0.36552109375 0.8584632812499999
vt 0.33760390625 0.8584632812499999
vt 0.350903125 0.66907578125
vt 0.3713625 0.66907578125
vt 0.3713625 0.6631507812499999
vt 0.350903125 0.6631507812499999
vt 0.46875 0.6875
vt 0.4765625 0.6875
vt 0.4765625 0.6796875
vt 0.46875 0.6796875
vt 0.41020078125 0.8046875
vt 0.426171875 0.8046875
vt 0.426171875 0.7987625
vt 0.41020078125 0.7987625
vt 0.3977453125 0.8046875
vt 0.41020078125 0.8046875
vt 0.41020078125 0.7987625
vt 0.3977453125 0.7987625
vt 0.378515625 0.8046875
vt 0.3977453125 0.8046875
vt 0.3977453125 0.7987625
vt 0.378515625 0.7987625
vt 0.41770859375 0.828125
vt 0.428515625 0.828125
vt 0.428515625 0.8222
vt 0.41770859375 0.8222
vt 0.39479140625 0.828125
vt 0.41770859375 0.828125
vt 0.41770859375 0.8222
vt 0.39479140625 0.8222
vt 0.383984375 0.828125
vt 0.39479140625 0.828125
vt 0.39479140625 0.8222
vt 0.383984375 0.8222
vt 0.4069421875 0.859375
vt 0.426171875 0.859375
vt 0.426171875 0.85345
vt 0.4069421875 0.85345
vt 0.39448671875 0.859375
vt 0.4069421875 0.859375
vt 0.4069421875 0.85345
vt 0.39448671875 0.85345
vt 0.059375 0.908984375
vt 0.055859375 0.90546875
vt 0.055859375 0.92143984375
vt 0.059375 0.92143984375
vt 0.0046875 0.92231015625
vt 0.001171875 0.92231015625
vt 0.001171875 0.93828125
vt 0.0046875 0.934765625
vt 0.059375 0.92143984375
vt 0.055859375 0.92143984375
vt 0.055859375 0.9338953125
vt 0.059375 0.9338953125
vt 0.0046875 0.9098546875
vt 0.001171875 0.9098546875
vt 0.001171875 0.92231015625
vt 0.0046875 0.92231015625
vt 0.059375 0.9338953125
vt 0.055859375 0.9338953125
vt 0.055859375 0.953125
vt 0.059375 0.950390625
vt 0.0046875 0.893359375
vt 0.001171875 0.890625
vt 0.001171875 0.9098546875
vt 0.0046875 0.9098546875
vt 0.059375 0.950390625
vt 0.055859375 0.953125
vt 0.06666640625 0.953125
vt 0.06666640625 0.950390625
vt 0.01197890625 0.893359375
vt 0.01197890625 0.890625
vt 0.001171875 0.890625
vt 0.0046875 0.893359375
vt 0.06666640625 0.950390625
vt 0.06666640625 0.953125
vt 0.08958359375 0.953125
vt 0.08958359375 0.950390625
vt 0.03489609375 0.893359375
vt 0.03489609375 0.890625
vt 0.01197890625 0.890625
vt 0.01197890625 0.893359375
vt 0.08958359375 0.950390625
vt 0.08958359375 0.953125
vt 0.100390625 0.953125
vt 0.096875 0.950390625
vt 0.0421875 0.893359375
vt 0.045703125 0.890625
vt 0.03489609375 0.890625
vt 0.03489609375 0.893359375
vt 0.096875 0.950390625
vt 0.100390625 0.953125
vt 0.100390625 0.9338953125
vt 0.096875 0.9338953125
vt 0.0421875 0.9098546875
vt 0.045703125 0.9098546875
vt 0.045703125 0.890625
vt 0.0421875 0.893359375
vt 0.096875 0.9338953125
vt 0.100390625 0.9338953125
vt 0.100390625 0.92143984375
vt 0.096875 0.92143984375
vt 0.0421875 0.92231015625
vt 0.045703125 0.92231015625
vt 0.045703125 0.9098546875
vt 0.0421875 0.9098546875
vt 0.096875 0.92143984375
vt 0.100390625 0.92143984375
vt 0.100390625 0.90546875
vt 0.096875 0.908984375
vt 0.0421875 0.934765625
vt 0.045703125 0.93828125
vt 0.045703125 0.92231015625
vt 0.0421875 0.92231015625
vt 0.096875 0.908984375
vt 0.100390625 0.90546875
vt 0.09208359375 0.90546875
vt 0.09208359375 0.908984375
vt 0.320971875 0.64563828125
vt 0.3244875 0.64563828125
vt 0.3244875 0.6397132812499999
vt 0.320971875 0.6397132812499999
vt 0.03739609375 0.934765625
vt 0.03739609375 0.93828125
vt 0.045703125 0.93828125
vt 0.0421875 0.934765625
vt 0.350903125 0.6631507812499999
vt 0.3473875 0.6631507812499999
vt 0.3473875 0.66907578125
vt 0.350903125 0.66907578125
vt 0.06416640625 0.908984375
vt 0.06416640625 0.90546875
vt 0.055859375 0.90546875
vt 0.059375 0.908984375
vt 0.0046875 0.934765625
vt 0.001171875 0.93828125
vt 0.00947890625 0.93828125
vt 0.00947890625 0.934765625
vn 0.9794634130056841 0.1775073503062069 -0.09561675151628202
vn -0.9759169388894815 0.17784221203034103 -0.12632607018640035
vn 1.2246467991473532e-16 1 -1.2246467991473532e-16
vn -1.2246467991473532e-16 -1 1.2246467991473532e-16
vn 0.0015396523495342825 0.08804179165411978 -0.9961155918832789
vn 3.91865355060376e-17 0.31998234538579456 0.9474235054300723
vn -1.2246467991473532e-16 -1 1.2246467991473532e-16
vn -1.2246467991473532e-16 -1 1.2246467991473532e-16
vn 3.918653550603761e-17 0.3199823453857946 0.9474235054300724
vn 3.918653550603761e-17 0.3199823453857946 0.9474235054300724
vn 1.2246467991473532e-16 1 -1.2246467991473532e-16
vn 1.2246467991473532e-16 1 -1.2246467991473532e-16
vn -0.0014990227474820433 0.08804989534574123 -0.9961149375751811
vn 1.0819604295950988e-17 0.0883487737320181 -0.9960896014817385
vn 0.9823688260712603 0.18695317478816456 -2.2895160709476137e-17
vn 0.9793939907051751 0.17751673977510782 -0.09630793357874676
vn -1.2246467991473532e-16 -1 1.2246467991473532e-16
vn -1.2246467991473532e-16 -1 1.2246467991473532e-16
vn -1.2246467991473532e-16 -1 1.2246467991473532e-16
vn -1.2246467991473532e-16 -1 1.2246467991473532e-16
vn -1.2246467991473532e-16 -1 1.2246467991473532e-16
vn -1.2246467991473532e-16 -1 1.2246467991473532e-16
vn -0.9823688260712603 0.18695317478816484 -2.2895160709476174e-17
vn -0.9811164392668993 0.1772302786345103 -0.07745941476266749
vn 1.2246467991473532e-16 1 -1.2246467991473532e-16
vn 1.2246467991473532e-16 1 -1.2246467991473532e-16
vn 1.2246467991473532e-16 1 -1.2246467991473532e-16
vn 1.2246467991473532e-16 1 -1.2246467991473532e-16
vn 1.2246467991473532e-16 1 -1.2246467991473532e-16
vn 1.2246467991473532e-16 1 -1.2246467991473532e-16
vn -1 1.2246467991473532e-16 -1.4997597826618576e-32
vn 1 -1.2246467991473532e-16 1.4997597826618576e-32
vn 0 -1.2246467991473532e-16 -1
vn 1 -1.2246467991473532e-16 1.4997597826618576e-32
vn 1 -1.2246467991473532e-16 1.4997597826618576e-32
vn 0 1.2246467991473532e-16 1
vn 0 1.2246467991473532e-16 1
vn 0 -1.2246467991473532e-16 -1
vn -1 1.2246467991473532e-16 -1.4997597826618576e-32
vn -1 1.2246467991473532e-16 -1.4997597826618576e-32
vn 0 1.2246467991473532e-16 1
vn -1 1.2246467991473532e-16 -1.4997597826618576e-32
vn 1 -1.2246467991473532e-16 1.4997597826618576e-32
vn 0 -1.2246467991473532e-16 -1
vn 0.9681962712337475 0.25019188709681967 -3.063966937057562e-17
vn 0.9888469585543781 0.1489351958328055 -1.8239301085702948e-17
vn 0.9803234170902768 0.19154780319659903 0.047701540803207786
vn 0.9888469585543781 0.1489351958328055 -1.8239301085702948e-17
vn 0.9681962712337475 0.25019188709681967 -3.063966937057562e-17
vn 1.4644766477082888e-17 0.11958359330444605 -0.9928241355911916
vn 8.576320116609358e-18 0.0700309682969858 -0.9975448177798263
vn 1.4644766477082888e-17 0.11958359330444607 -0.9928241355911918
vn 8.576320116609358e-18 0.0700309682969858 -0.9975448177798263
vn 8.576320116609358e-18 0.0700309682969858 -0.9975448177798263
vn 1.4644766477082888e-17 0.11958359330444605 -0.9928241355911916
vn -0.9681962712337479 0.25019188709681844 -3.0639669370575465e-17
vn -0.9888469585543779 0.14893519583280745 -1.8239301085703188e-17
vn -0.9888469585543778 0.14893519583280743 -1.8239301085703185e-17
vn -0.9681962712337479 0.25019188709681844 -3.0639669370575465e-17
vn -0.9811549592056852 0.18788322835404433 0.045109184534331194
vn 1.2246467991473532e-16 1 -1.2246467991473532e-16
vn -1.2246467991473532e-16 -1 1.2246467991473532e-16
vn 1.2725843255773733e-17 0.10391439609064405 0.9945862447697116
vn -1.2246467991473532e-16 -1 1.2246467991473532e-16
vn 1.2246467991473532e-16 1 -1.2246467991473532e-16
vn 1.2246467991473532e-16 1 -1.2246467991473532e-16
vn -1.2246467991473532e-16 -1 1.2246467991473532e-16
vn 1.2246467991473532e-16 1 -1.2246467991473532e-16
vn -1.2246467991473532e-16 -1 1.2246467991473532e-16
vn -1.2246467991473532e-16 -1 1.2246467991473532e-16
vn 1.2246467991473532e-16 1 -1.2246467991473532e-16
vn 1.2246467991473532e-16 1 -1.2246467991473532e-16
vn -1.2246467991473532e-16 -1 1.2246467991473532e-16
vn -1.2246467991473532e-16 -1 1.2246467991473532e-16
vn 1.2246467991473532e-16 1 -1.2246467991473532e-16
vn 3.1509892447120464e-18 0.025729779777368487 0.9996689344140931
vn 1 -1.2246467991473532e-16 1.4997597826618576e-32
vn 0 -1.2246467991473532e-16 -1
vn -1 1.2246467991473532e-16 -1.4997597826618576e-32
vn 0 -1.2246467991473532e-16 -1
vn 1 -1.2246467991473532e-16 1.4997597826618576e-32
vn 0 -1.2246467991473532e-16 -1
vn -1 1.2246467991473532e-16 -1.4997597826618576e-32
vn -1 1.2246467991473532e-16 -1.4997597826618576e-32
vn -1 1.2246467991473532e-16 -1.4997597826618576e-32
vn 0 1.2246467991473532e-16 1
vn 0 1.2246467991473532e-16 1
vn 0 1.2246467991473532e-16 1
vn 1 -1.2246467991473532e-16 1.4997597826618576e-32
vn 1 -1.2246467991473532e-16 1.4997597826618576e-32
vn 1.2246467991473532e-16 1 -1.2246467991473532e-16
vn -1.2246467991473532e-16 -1 1.2246467991473532e-16
vn 1.2246467991473532e-16 1 -1.2246467991473532e-16
vn -1.2246467991473532e-16 -1 1.2246467991473532e-16
vn 1.2246467991473532e-16 1 -1.2246467991473532e-16
vn -1.2246467991473532e-16 -1 1.2246467991473532e-16
vn 1.2246467991473532e-16 1 -1.2246467991473532e-16
vn -1.2246467991473532e-16 -1 1.2246467991473532e-16
vn 1.2246467991473532e-16 1 -1.2246467991473532e-16
vn -1.2246467991473532e-16 -1 1.2246467991473532e-16
vn 1.2246467991473532e-16 1 -1.2246467991473532e-16
vn -1.2246467991473532e-16 -1 1.2246467991473532e-16
vn 1.2246467991473532e-16 1 -1.2246467991473532e-16
vn -1.2246467991473532e-16 -1 1.2246467991473532e-16
vn 1.2246467991473532e-16 1 -1.2246467991473532e-16
vn -1.2246467991473532e-16 -1 1.2246467991473532e-16
vn 1.2246467991473532e-16 1 -1.2246467991473532e-16
vn -1.2246467991473532e-16 -1 1.2246467991473532e-16
vn 1.2246467991473532e-16 1 -1.2246467991473532e-16
vn -1 1.2246467991473532e-16 -1.4997597826618576e-32
vn -1.2246467991473532e-16 -1 1.2246467991473532e-16
vn 1 -1.2246467991473532e-16 1.4997597826618576e-32
vn 1.2246467991473532e-16 1 -1.2246467991473532e-16
vn -1.2246467991473532e-16 -1 1.2246467991473532e-16
usemtl m_5a10c0e1-a80d-0a53-8c8d-6dd2cd0dfae8
f 278/825/207 279/826/207 281/827/207 282/828/207
f 289/829/208 290/830/208 288/831/208 287/832/208
f 240/833/209 242/834/209 231/835/209 220/836/209
f 255/837/210 256/838/210 259/839/210 260/840/210
f 285/841/211 286/842/211 287/843/211 288/844/211
f 227/845/212 229/846/212 221/847/212 223/848/212
f 246/849/213 247/850/213 245/851/213 248/852/213
f 236/853/214 237/854/214 226/855/214 224/856/214
f 228/857/215 225/858/215 219/859/215 217/860/215
f 229/861/216 227/862/216 225/863/216 228/864/216
f 244/865/217 234/866/217 216/867/217 230/868/217
f 242/869/218 244/870/218 230/871/218 231/872/218
f 284/873/219 283/874/219 282/875/219 281/876/219
f 286/877/220 285/878/220 283/879/220 284/880/220
f 233/881/221 232/882/221 217/883/221 219/884/221
f 279/885/222 278/886/222 277/887/222 280/888/222
f 250/889/223 249/890/223 251/891/223 252/892/223
f 247/893/224 246/894/224 249/895/224 250/896/224
f 253/897/225 250/898/225 252/899/225 254/900/225
f 255/901/226 247/902/226 250/903/226 253/904/226
f 257/905/227 253/906/227 254/907/227 258/908/227
f 256/909/228 255/910/228 253/911/228 257/912/228
f 215/913/229 238/914/229 223/915/229 221/916/229
f 290/917/230 289/918/230 291/919/230 292/920/230
f 241/921/231 215/922/231 221/923/231 229/924/231
f 242/925/232 240/926/232 215/927/232 241/928/232
f 243/929/233 241/930/233 229/931/233 228/932/233
f 244/933/234 242/934/234 241/935/234 243/936/234
f 232/937/235 243/938/235 228/939/235 217/940/235
f 234/941/236 244/942/236 243/943/236 232/944/236
f 295/945/237 296/946/237 236/947/237 224/948/237
f 293/949/238 294/950/238 218/951/238 235/952/238
f 294/953/239 295/954/239 224/955/239 218/956/239
f 306/957/240 293/958/240 235/959/240 233/960/240
f 305/961/241 306/962/241 233/963/241 219/964/241
f 304/965/242 305/966/242 219/967/242 225/968/242
f 303/969/243 304/970/243 225/971/243 227/972/243
f 296/973/244 297/974/244 237/975/244 236/976/244
f 300/977/245 301/978/245 238/979/245 239/980/245
f 301/981/246 302/982/246 223/983/246 238/984/246
f 302/985/247 303/986/247 227/987/247 223/988/247
f 299/989/248 300/990/248 239/991/248 222/992/248
f 297/993/249 298/994/249 226/995/249 237/996/249
f 298/997/250 299/998/250 222/999/250 226/1000/250
f 232/1001/251 261/1002/251 262/1003/251 234/1004/251
f 235/1005/252 263/1006/252 264/1007/252 233/1008/252
f 233/1009/253 264/1010/253 261/1011/253 232/1012/253
f 218/1013/254 265/1014/254 263/1015/254 235/1016/254
f 234/1017/255 262/1018/255 266/1019/255 216/1020/255
f 216/1021/256 266/1022/256 267/1023/256 230/1024/256
f 224/1025/257 268/1026/257 265/1027/257 218/1028/257
f 230/1029/258 267/1030/258 269/1031/258 231/1032/258
f 226/1033/259 270/1034/259 268/1035/259 224/1036/259
f 222/1037/260 271/1038/260 270/1039/260 226/1040/260
f 231/1041/261 269/1042/261 272/1043/261 220/1044/261
f 220/1045/262 272/1046/262 274/1047/262 240/1048/262
f 239/1049/263 273/1050/263 271/1051/263 222/1052/263
f 238/1053/264 275/1054/264 273/1055/264 239/1056/264
f 240/1057/265 274/1058/265 276/1059/265 215/1060/265
f 215/1061/266 276/1062/266 275/1063/266 238/1064/266
f 261/1065/267 277/1066/267 278/1067/267 262/1068/267
f 263/1069/268 279/1070/268 280/1071/268 264/1072/268
f 264/1073/269 280/1074/269 277/1075/269 261/1076/269
f 265/1077/270 281/1078/270 279/1079/270 263/1080/270
f 262/1081/271 278/1082/271 282/1083/271 266/1084/271
f 266/1085/272 282/1086/272 283/1087/272 267/1088/272
f 268/1089/273 284/1090/273 281/1091/273 265/1092/273
f 267/1093/274 283/1094/274 285/1095/274 269/1096/274
f 270/1097/275 286/1098/275 284/1099/275 268/1100/275
f 271/1101/276 287/1102/276 286/1103/276 270/1104/276
f 269/1105/277 285/1106/277 288/1107/277 272/1108/277
f 272/1109/278 288/1110/278 290/1111/278 274/1112/278
f 273/1113/279 289/1114/279 287/1115/279 271/1116/279
f 275/1117/280 291/1118/280 289/1119/280 273/1120/280
f 274/1121/281 290/1122/281 292/1123/281 276/1124/281
f 276/1125/282 292/1126/282 291/1127/282 275/1128/282
f 325/1129/283 323/1130/283 324/1131/283 326/1132/283
f 327/1133/284 325/1134/284 326/1135/284 328/1136/284
f 296/1137/285 295/1138/285 245/1139/285 247/1140/285
f 297/1141/286 296/1142/286 247/1143/286 255/1144/286
f 298/1145/287 297/1146/287 255/1147/287 260/1148/287
f 308/1149/288 330/1150/288 329/1151/288 307/1152/288
f 309/1153/289 308/1154/289 307/1155/289 310/1156/289
f 311/1157/290 309/1158/290 310/1159/290 312/1160/290
f 313/1161/291 311/1162/291 312/1163/291 314/1164/291
f 315/1165/292 313/1166/292 314/1167/292 316/1168/292
f 317/1169/293 315/1170/293 316/1171/293 318/1172/293
f 319/1173/294 317/1174/294 318/1175/294 320/1176/294
f 321/1177/295 319/1178/295 320/1179/295 322/1180/295
f 323/1181/296 321/1182/296 322/1183/296 324/1184/296
f 299/1185/297 308/1186/297 309/1187/297 300/1188/297
f 256/1189/298 310/1190/298 307/1191/298 259/1192/298
f 300/1193/299 309/1194/299 311/1195/299 301/1196/299
f 257/1197/300 312/1198/300 310/1199/300 256/1200/300
f 301/1201/301 311/1202/301 313/1203/301 302/1204/301
f 258/1205/302 314/1206/302 312/1207/302 257/1208/302
f 302/1209/303 313/1210/303 315/1211/303 303/1212/303
f 254/1213/304 316/1214/304 314/1215/304 258/1216/304
f 303/1217/305 315/1218/305 317/1219/305 304/1220/305
f 252/1221/306 318/1222/306 316/1223/306 254/1224/306
f 304/1225/307 317/1226/307 319/1227/307 305/1228/307
f 251/1229/308 320/1230/308 318/1231/308 252/1232/308
f 305/1233/309 319/1234/309 321/1235/309 306/1236/309
f 249/1237/310 322/1238/310 320/1239/310 251/1240/310
f 306/1241/311 321/1242/311 323/1243/311 293/1244/311
f 246/1245/312 324/1246/312 322/1247/312 249/1248/312
f 293/1249/313 323/1250/313 325/1251/313 294/1252/313
f 248/1253/314 326/1254/314 324/1255/314 246/1256/314
f 294/1257/315 325/1258/315 327/1259/315 295/1260/315
f 295/1261/316 327/1262/316 328/1263/316 245/1264/316
f 245/1265/317 328/1266/317 326/1267/317 248/1268/317
f 260/1269/318 329/1270/318 330/1271/318 298/1272/318
f 298/1273/319 330/1274/319 308/1275/319 299/1276/319
f 259/1277/320 307/1278/320 329/1279/320 260/1280/320
o Thigh
v 0.2500000000000001 0.7062499999999999 -0.09000000000000012
v 0.2500000000000001 0.7062499999999999 0.08999999999999987
v 0.24375000000000008 0.38125 -0.09000000000000008
v 0.24375000000000008 0.38125 0.08999999999999991
v 0.05625000000000011 0.66125 -0.09000000000000011
v 0.05625000000000011 0.66125 0.08999999999999989
v 0.05625000000000008 0.38125 -0.09000000000000008
v 0.05625000000000008 0.38125 0.08999999999999991
v 0.056250000000000105 0.56975 0.1124999999999999
v 0.056250000000000105 0.56975 -0.1125000000000001
v 0.13750000000000012 0.56975 -0.1125000000000001
v 0.13750000000000012 0.70875 -0.09000000000000012
v 0.13750000000000012 0.70875 0.08999999999999987
v 0.13750000000000012 0.56975 0.1124999999999999
v 0.1375000000000001 0.38125 0.08999999999999991
v 0.1375000000000001 0.38125 -0.09000000000000008
v 0.2545000000000001 0.6875975 -0.0940500000000001
v 0.16225000000000012 0.56975 -0.1125000000000001
v 0.16000000000000011 0.6875975 -0.0940500000000001
v 0.1594375000000001 0.4107725 -0.09405000000000008
v 0.2493750000000001 0.4107725 -0.09405000000000008
v 0.2545000000000001 0.6875975 0.09404999999999988
v 0.2493750000000001 0.4107725 0.09404999999999991
v 0.16000000000000011 0.6875975 0.09404999999999988
v 0.16225000000000012 0.56975 0.1124999999999999
v 0.1594375000000001 0.4107725 0.09404999999999991
v 0.2853356250000001 0.6875975 -0.12489625000000011
v 0.1623468750000001 0.57105125 -0.1556262500000001
v 0.1601931250000001 0.6875975 -0.1389962500000001
v 0.3058325000000001 0.57066 -0.1434381250000001
v 0.1594375000000001 0.4107725 -0.13932375000000008
v 0.28020437500000006 0.4107725 -0.12508000000000008
v 0.30578375000000013 0.57065875 0.1434381249999999
v 0.2852387500000001 0.6875975 0.1248968749999999
v 0.28020437500000006 0.4107725 0.1250799999999999
v 0.16000000000000011 0.6875975 0.13899749999999989
v 0.16225000000000012 0.571049375 0.1556268749999999
v 0.1594375000000001 0.4107725 0.1393237499999999
vt 0.2203515625 0.796875
vt 0.2562109375 0.796875
vt 0.25391640625 0.7734375
vt 0.222646875 0.7734375
vt 0.18125 0.777625
vt 0.209375 0.777625
vt 0.2065625 0.7540625
vt 0.1840625 0.7540625
vt 0.140625 0.8125
vt 0.1640625 0.8125
vt 0.1640625 0.796875
vt 0.140625 0.796875
vt 0.25234375 0.671875
vt 0.25234375 0.694375
vt 0.265625 0.694375
vt 0.265625 0.671875
vt 0.083371875 0.67192578125
vt 0.08356171875 0.6920664062499999
vt 0.1015625 0.6920171875000001
vt 0.0985640625 0.671875
vt 0.127371015625 0.69615859375
vt 0.12755015625 0.6760184375
vt 0.112349453125 0.675966953125
vt 0.109375 0.696109375
vt 0.3343359375 0.7421875
vt 0.2984765625 0.7421875
vt 0.30079453125 0.7578125
vt 0.33201875 0.7578125
vt 0.12748515625 0.71087734375
vt 0.12738125 0.69615859375
vt 0.109375 0.696109375
vt 0.1117375 0.7109375
vt 0.209375 0.777625
vt 0.18125 0.777625
vt 0.1840625 0.7890625
vt 0.2065625 0.7890625
vt 0.0835684375 0.6920664062499999
vt 0.0834771875 0.706784140625
vt 0.0992184375 0.7068449218749999
vt 0.1015625 0.6920171875000001
vt 0.3571403125 0.820312265625
vt 0.3571403125 0.8027114843750001
vt 0.3469840625 0.8027114843750001
vt 0.3469840625 0.814451328125
vt 0.265625 0.7890625
vt 0.2890625 0.7890625
vt 0.2890625 0.7734375
vt 0.265625 0.7734375
vt 0.34596234375 0.716773125
vt 0.34596234375 0.734374296875
vt 0.35616265625 0.7285130468750001
vt 0.356074453125 0.7167728906249999
vt 0.314414296875 0.687502421875
vt 0.314414296875 0.711232109375
vt 0.324570546875 0.711232109375
vt 0.324570546875 0.687502421875
vt 0.25234375 0.694375
vt 0.25234375 0.671875
vt 0.2421875 0.671875
vt 0.2421875 0.694375
vt 0.3183984375 0.992483359375
vt 0.3183984375 0.968753671875
vt 0.3082421875 0.968753671875
vt 0.3082421875 0.992483359375
vt 0.371202890625 0.82001
vt 0.3717659375 0.817624140625
vt 0.3599534375 0.81762171875
vt 0.3571403125 0.8203125
vt 0.3571403125 0.8203125
vt 0.3599534375 0.81762171875
vt 0.360232578125 0.80271140625
vt 0.3571403125 0.8027114843750001
vt 0.3183984375 0.992483359375
vt 0.3214921875 0.992483359375
vt 0.321140625 0.972477109375
vt 0.3183984375 0.968753671875
vt 0.31839765625 0.96875265625
vt 0.321140625 0.972477109375
vt 0.3323828125 0.97247484375
vt 0.33167890625 0.96875
vt 0.026875 0.5859375
vt 0.02738125 0.578125
vt 0.00386875 0.578125
vt 0.004375 0.5859375
vt 0.3403125 0.5859375
vt 0.33980625 0.59375
vt 0.36331875 0.59375
vt 0.3628125 0.5859375
vt 0.34596234375 0.716773125
vt 0.34286859375 0.716773125
vt 0.34314984375 0.7316840625000001
vt 0.34596234375 0.73437390625
vt 0.345963515625 0.734375
vt 0.34314984375 0.7316840625000001
vt 0.33133734375 0.731689140625
vt 0.331900859375 0.7340740625
vt 0.301133203125 0.6875
vt 0.300429453125 0.691224921875
vt 0.311671640625 0.691226640625
vt 0.314414453125 0.687502109375
vt 0.314414296875 0.6875023437500001
vt 0.311671640625 0.691226640625
vt 0.31132203125 0.71123265625
vt 0.314414296875 0.711232109375
vt 0.32038515625 0.83805625
vt 0.32423984375 0.83420078125
vt 0.308596875 0.83243828125
vt 0.30857265625 0.83805625
vt 0.04693203125 0.6171875
vt 0.05255 0.6171875
vt 0.05463046875 0.6026171874999999
vt 0.0492390625 0.6024539062500001
vt 0.04923984375 0.6024539062500001
vt 0.05463046875 0.6026171874999999
vt 0.0525921875 0.58257890625
vt 0.0469328125 0.58257890625
vt 0.273701953125 0.6854218750000001
vt 0.273701953125 0.69108125
vt 0.288798046875 0.68930078125
vt 0.284944140625 0.6854218750000001
vt 0.32038515625 0.86156875
vt 0.32422734375 0.865425
vt 0.32423984375 0.83420078125
vt 0.32038515625 0.83805625
vt 0.284944140625 0.6854218750000001
vt 0.288798046875 0.68930078125
vt 0.288798046875 0.65803046875
vt 0.284944140625 0.661909375
vt 0.3882609375 0.688390625
vt 0.3828703125 0.688553125
vt 0.38494921875 0.703125
vt 0.3905671875 0.70312421875
vt 0.30857265625 0.86156875
vt 0.30857265625 0.8671875
vt 0.32422734375 0.865425
vt 0.32038515625 0.86156875
vt 0.284944140625 0.661909375
vt 0.288798046875 0.65803046875
vt 0.273701953125 0.65625
vt 0.273701953125 0.661909375
vt 0.3905671875 0.6685148437499999
vt 0.3849078125 0.6685148437499999
vt 0.3828703125 0.688553125
vt 0.3882609375 0.688390625
vn 0.9874399611552652 -0.15799460493184503 0.0001671110970327933
vn -1 1.2246467991473532e-16 -1.4997597826618576e-32
vn 0.022216737285147527 0.9997531778316101 -1.2243445291688758e-16
vn -1.2246467991473532e-16 -1 1.2246467991473532e-16
vn 0.08391690139271621 -0.10234194081491148 -0.9912033498787636
vn 0.1165149862031296 -0.10253050923272944 0.9878824589325198
vn 0.9849880199180483 0.17262262988535856 0.00016813502079148705
vn 0.08413752266969812 0.14234274986209072 0.9862349714143706
vn -1 1.2246467991473532e-16 -1.4997597826618576e-32
vn 0.11082218632301963 0.14239601726739992 -0.9835862022644322
vn 1.95687069045307e-17 0.15979061814520876 -0.9871509298748457
vn -0.5046965873311554 0.8632967941190823 -1.0572336556321058e-16
vn -0.09301110178732776 0.15909793726779775 0.9828717013432829
vn -1.451476526097007e-17 -0.11852205281617362 0.9929514202599441
vn -1.2246467991473532e-16 -1 1.2246467991473532e-16
vn -1.451476526097007e-17 -0.11852205281617387 -0.9929514202599441
vn 2.5985160739731878e-17 0.21218493983590817 -0.9772295284664869
vn -0.033000716520017265 0.15397490099643613 -0.987523509883336
vn -1.4117780233905915e-17 -0.11528042406786412 -0.9933329873847608
vn -1.6644247265376586e-17 -0.13591059297231636 -0.9907211064259778
vn 0.972109870601221 0.23452590364323847 -2.872113972138326e-17
vn 0.9823283716510609 -0.18716562250951774 2.2921178051670272e-17
vn 1.8942122616360637e-17 0.15467416915268056 0.9879655365431166
vn 2.3029584550741498e-17 0.18805082875140494 0.9821592975713818
vn -1.6644247265376586e-17 -0.13591059297231614 0.9907211064259777
vn -0.02892380923073595 -0.1147272818777865 0.9929758627743773
vn 1.2246467991473532e-16 1 -1.2246467991473532e-16
vn -0.9998312024299547 -0.01786366139779845 -0.004296073665083814
vn -0.9998369721209942 0.017975735123314407 -0.0017035629424075687
vn -1.2246467991473532e-16 -1 1.2246467991473532e-16
vn 1.2246467991473532e-16 1 -1.2246467991473532e-16
vn -1.2246467991473532e-16 -1 1.2246467991473532e-16
vn -0.9998151275922059 -0.01921913973340203 0.0005790558599733776
vn 1.2246467991473532e-16 1 -1.2246467991473532e-16
vn -1.2246467991473532e-16 -1 1.2246467991473532e-16
vn -0.999846073621677 0.01754505808814267 -2.14864992284983e-18
usemtl m_5a10c0e1-a80d-0a53-8c8d-6dd2cd0dfae8
f 360/1281/321 363/1282/321 365/1283/321 362/1284/321
f 339/1285/322 340/1286/322 337/1287/322 338/1288/322
f 342/1289/323 343/1290/323 332/1291/323 331/1292/323
f 345/1293/324 346/1294/324 333/1295/324 334/1296/324
f 361/1297/325 358/1298/325 360/1299/325 362/1300/325
f 367/1301/326 368/1302/326 365/1303/326 363/1304/326
f 363/1305/327 360/1306/327 357/1307/327 364/1308/327
f 366/1309/328 367/1310/328 363/1311/328 364/1312/328
f 340/1313/329 339/1314/329 336/1315/329 335/1316/329
f 358/1317/330 359/1318/330 357/1319/330 360/1320/330
f 342/1321/331 341/1322/331 340/1323/331 335/1324/331
f 343/1325/332 342/1326/332 335/1327/332 336/1328/332
f 344/1329/333 343/1330/333 336/1331/333 339/1332/333
f 345/1333/334 344/1334/334 339/1335/334 338/1336/334
f 346/1337/335 345/1338/335 338/1339/335 337/1340/335
f 341/1341/336 346/1342/336 337/1343/336 340/1344/336
f 331/1345/337 347/1346/337 349/1347/337 342/1348/337
f 342/1349/338 349/1350/338 348/1351/338 341/1352/338
f 341/1353/339 348/1354/339 350/1355/339 346/1356/339
f 346/1357/340 350/1358/340 351/1359/340 333/1360/340
f 332/1361/341 352/1362/341 347/1363/341 331/1364/341
f 333/1365/342 351/1366/342 353/1367/342 334/1368/342
f 344/1369/343 355/1370/343 354/1371/343 343/1372/343
f 343/1373/344 354/1374/344 352/1375/344 332/1376/344
f 334/1377/345 353/1378/345 356/1379/345 345/1380/345
f 345/1381/346 356/1382/346 355/1383/346 344/1384/346
f 347/1385/347 357/1386/347 359/1387/347 349/1388/347
f 349/1389/348 359/1390/348 358/1391/348 348/1392/348
f 348/1393/349 358/1394/349 361/1395/349 350/1396/349
f 350/1397/350 361/1398/350 362/1399/350 351/1400/350
f 352/1401/351 364/1402/351 357/1403/351 347/1404/351
f 351/1405/352 362/1406/352 365/1407/352 353/1408/352
f 355/1409/353 367/1410/353 366/1411/353 354/1412/353
f 354/1413/354 366/1414/354 364/1415/354 352/1416/354
f 353/1417/355 365/1418/355 368/1419/355 356/1420/355
f 356/1421/356 368/1422/356 367/1423/356 355/1424/356
o Pelvis
v -0.13750000000000015 0.79375 -0.10036750000000012
v -0.13750000000000015 0.79375 0.10036749999999987
v -0.13750000000000012 0.67254125 -0.10036750000000011
v -0.13750000000000012 0.67254125 0.10036749999999989
v 0.13749999999999987 0.79375 -0.10036750000000012
v 0.13749999999999987 0.79375 0.10036749999999987
v 0.1374999999999999 0.67254125 -0.10036750000000011
v 0.1374999999999999 0.67254125 0.10036749999999989
v -0.04583312500000011 0.6124999999999999 -0.13125000000000012
v -0.04583312500000011 0.6124999999999999 0.1312499999999999
v 0.04583312499999989 0.6124999999999999 -0.13125000000000012
v 0.04583312499999989 0.6124999999999999 0.1312499999999999
v -0.045833125000000134 0.79375 0.13124999999999987
v 0.04583312499999987 0.79375 0.13124999999999987
v -0.045833125000000134 0.79375 -0.13125000000000014
v 0.04583312499999987 0.79375 -0.13125000000000014
v -0.13750000000000012 0.7243875 -0.10036750000000012
v -0.13750000000000012 0.7243875 0.10036749999999987
v -0.04583312500000013 0.7243875 0.1312499999999999
v 0.04583312499999988 0.7243875 0.1312499999999999
v 0.1374999999999999 0.7243875 0.10036749999999987
v 0.1374999999999999 0.7243875 -0.10036750000000012
v 0.04583312499999988 0.7243875 -0.13125000000000012
v -0.04583312500000013 0.7243875 -0.13125000000000012
v -0.16223625000000014 0.79375 -0.11813625000000012
v -0.1622362500000001 0.7243875 -0.11813625000000012
v -0.1622362500000001 0.7243875 0.11813624999999987
v -0.16223625000000014 0.79375 0.11813624999999987
v 0.16223624999999986 0.79375 0.11813624999999987
v 0.1622362499999999 0.7243875 0.11813624999999987
v 0.1622362499999999 0.7243875 -0.11813625000000012
v 0.16223624999999986 0.79375 -0.11813625000000012
v 0.04530562499999988 0.7243875 -0.16678750000000012
v 0.04530562499999987 0.79375 -0.16678750000000014
v -0.045305625000000134 0.79375 -0.16678750000000014
v -0.04530562500000013 0.7243875 -0.16678750000000012
v -0.04530562500000013 0.7243875 0.1667874999999999
v -0.045305625000000134 0.79375 0.16678749999999987
v 0.04530562499999987 0.79375 0.16678749999999987
v 0.04530562499999988 0.7243875 0.1667874999999999
vt 0.4375 0.9765625
vt 0.4375 0.984375
vt 0.4140625 0.984375
vt 0.4140625 0.9765625
vt 0.0859375 0.5703125
vt 0.0859375 0.578125
vt 0.0625 0.578125
vt 0.0625 0.5703125
vt 0.115625 0.92754296875
vt 0.12708359375 0.9236828125000001
vt 0.12708359375 0.9564953125
vt 0.115625 0.95263515625
vt 0.32729765625 0.8984375
vt 0.3234375 0.8828125
vt 0.35625 0.8828125
vt 0.35238984375 0.8984375
vt 0.1953125 0.9860140625
vt 0.1953125 1
vt 0.1796875 1
vt 0.1796875 0.99351953125
vt 0.125 0.84508203125
vt 0.125 0.8515625
vt 0.109375 0.8515625
vt 0.109375 0.8375765625
vt 0.30386015625 0.6796875
vt 0.3 0.6640625
vt 0.3328125 0.6640625
vt 0.32895234375 0.6796875
vt 0.1484375 1
vt 0.140625 1
vt 0.140625 0.96875
vt 0.1484375 0.96875
vt 0.2734375 0.7360140625
vt 0.2734375 0.75
vt 0.2578125 0.75
vt 0.2578125 0.74351953125
vt 0.39635390625 0.74296875
vt 0.39635390625 0.7569546875
vt 0.38489609375 0.7569546875
vt 0.38489609375 0.74296875
vt 0.15 0.95263515625
vt 0.13854140625 0.9564953125
vt 0.13854140625 0.9236828125000001
vt 0.15 0.92754296875
vt 0.13854140625 0.9564953125
vt 0.12708359375 0.9564953125
vt 0.12708359375 0.9236828125000001
vt 0.13854140625 0.9236828125000001
vt 0.1015625 0.59508203125
vt 0.1015625 0.6015625
vt 0.0859375 0.6015625
vt 0.0859375 0.5875765625
vt 0.07604140625 0.58671875
vt 0.07604140625 0.6007046875
vt 0.06458359375 0.6007046875
vt 0.06458359375 0.58671875
vt 0 0.6015625
vt 0 0.59375
vt 0.03125 0.59375
vt 0.03125 0.6015625
vt 0.34375 0.9765625
vt 0.34375 0.96875
vt 0.359375 0.96875
vt 0.359375 0.9765625
vt 0.38489609375 0.765625
vt 0.38489609375 0.7569546875
vt 0.39635390625 0.7569546875
vt 0.39635390625 0.765625
vt 0.1640625 0.875
vt 0.1640625 0.8671875
vt 0.1796875 0.8671875
vt 0.1796875 0.875
vt 0.3984375 0.9453125
vt 0.3984375 0.9375
vt 0.4296875 0.9375
vt 0.4296875 0.9453125
vt 0.3046875 0.734375
vt 0.3046875 0.7265625
vt 0.3203125 0.7265625
vt 0.3203125 0.734375
vt 0.06458359375 0.609375
vt 0.06458359375 0.6007046875
vt 0.07604140625 0.6007046875
vt 0.07604140625 0.609375
vt 0.4375 0.75
vt 0.4375 0.7421875
vt 0.453125 0.7421875
vt 0.453125 0.75
vt 0.015120703125 0.66233125
vt 0.015120703125 0.6918656249999999
vt 0.012028515625 0.68964453125
vt 0.012028515625 0.66455234375
vt 0.1530921875 0.925321875
vt 0.1530921875 0.95485625
vt 0.15 0.95263515625
vt 0.15 0.92754296875
vt 0.180191796875 0.6918656249999999
vt 0.180191796875 0.66233125
vt 0.183283984375 0.66455234375
vt 0.183283984375 0.68964453125
vt 0.1125328125 0.95485625
vt 0.1125328125 0.925321875
vt 0.115625 0.92754296875
vt 0.115625 0.95263515625
vt 0.194808203125 0.697946875
vt 0.180191796875 0.6918656249999999
vt 0.183283984375 0.68964453125
vt 0.194742578125 0.6935046874999999
vt 0.1875 0.9296875
vt 0.1875 0.921875
vt 0.1953125 0.921875
vt 0.1953125 0.9296875
vt 0.1125328125 0.925321875
vt 0.12714921875 0.919240625
vt 0.12708359375 0.9236828125000001
vt 0.115625 0.92754296875
vt 0.234375 0.9140625
vt 0.234375 0.921875
vt 0.2265625 0.921875
vt 0.2265625 0.9140625
vt 0.015120703125 0.6918656249999999
vt 0.000504296875 0.697946875
vt 0.000569921875 0.6935046874999999
vt 0.012028515625 0.68964453125
vt 0.13847578125 0.919240625
vt 0.1530921875 0.925321875
vt 0.15 0.92754296875
vt 0.13854140625 0.9236828125000001
vt 0.000504296875 0.65625
vt 0.015120703125 0.66233125
vt 0.012028515625 0.66455234375
vt 0.000569921875 0.6606921875
vt 0.46875 0.734375
vt 0.46875 0.7265625
vt 0.4765625 0.7265625
vt 0.4765625 0.734375
vt 0.1530921875 0.95485625
vt 0.13847578125 0.9609375
vt 0.13854140625 0.9564953125
vt 0.15 0.95263515625
vt 0.4765625 0.7109375
vt 0.4765625 0.71875
vt 0.46875 0.71875
vt 0.46875 0.7109375
vt 0.180191796875 0.66233125
vt 0.194808203125 0.65625
vt 0.194742578125 0.6606921875
vt 0.183283984375 0.66455234375
vt 0.12714921875 0.9609375
vt 0.1125328125 0.95485625
vt 0.115625 0.95263515625
vt 0.12708359375 0.9564953125
vn -1 -1.2246467991473532e-16 1.4997597826618576e-32
vn 1 1.2246467991473532e-16 -1.4997597826618576e-32
vn -1.2246467991473532e-16 1 -1.2246467991473532e-16
vn 0.5479218088729881 -0.8365295519952374 1.0244532382431369e-16
vn 0.3192674914318233 -7.695645559466948e-17 -0.9476646394768724
vn 0.31926749143182326 1.5515443788542697e-16 0.9476646394768724
vn -0.5479218088729879 -0.8365295519952376 1.0244532382431371e-16
vn 1.2246467991473532e-16 -1 1.2246467991473532e-16
vn -0.3192674914318233 7.695645559466948e-17 0.9476646394768724
vn 0 1.2246467991473532e-16 1
vn -1.2246467991473532e-16 1 -1.2246467991473532e-16
vn -1.2246467991473532e-16 1 -1.2246467991473532e-16
vn -0.31926749143182326 -1.5515443788542697e-16 -0.9476646394768724
vn 0 -1.2246467991473532e-16 -1
vn -1 -1.2246467991473532e-16 1.4997597826618576e-32
vn -0.38414543525103095 6.602403504521736e-17 0.9232725949446329
vn 0 1.2246467991473532e-16 1
vn 0.38414543525103095 1.6011253058266572e-16 0.9232725949446329
vn 1 1.2246467991473532e-16 -1.4997597826618576e-32
vn 0.38414543525103095 -6.602403504521736e-17 -0.9232725949446329
vn 0 -1.2246467991473532e-16 -1
vn -0.38414543525103095 -1.6011253058266572e-16 -0.9232725949446329
vn 1.2246467991473532e-16 -1 1.2246467991473532e-16
vn -1.2246467991473532e-16 1 -1.2246467991473532e-16
vn 1.2246467991473532e-16 -1 1.2246467991473532e-16
vn -1.2246467991473532e-16 1 -1.2246467991473532e-16
vn 1.2246467991473532e-16 -1 1.2246467991473532e-16
vn -0.9998898538229035 -1.2063358968282666e-16 0.014841840250202796
vn -1.2246467991473532e-16 1 -1.2246467991473532e-16
vn 0.9998898538229035 1.242687921140001e-16 0.014841840250202796
vn 1.2246467991473532e-16 -1 1.2246467991473532e-16
vn -1.2246467991473532e-16 1 -1.2246467991473532e-16
vn 1.2246467991473532e-16 -1 1.2246467991473532e-16
vn 0.9998898538229035 1.2063358968282666e-16 -0.014841840250202796
vn -1.2246467991473532e-16 1 -1.2246467991473532e-16
vn -0.9998898538229035 -1.242687921140001e-16 -0.014841840250202796
vn 1.2246467991473532e-16 -1 1.2246467991473532e-16
vn -1.2246467991473532e-16 1 -1.2246467991473532e-16
usemtl m_5a10c0e1-a80d-0a53-8c8d-6dd2cd0dfae8
f 372/1425/357 386/1426/357 385/1427/357 371/1428/357
f 375/1429/358 390/1430/358 389/1431/358 376/1432/358
f 373/1433/359 384/1434/359 382/1435/359 374/1436/359
f 376/1437/360 380/1438/360 379/1439/360 375/1440/360
f 379/1441/361 391/1442/361 390/1443/361 375/1444/361
f 376/1445/362 389/1446/362 388/1447/362 380/1448/362
f 371/1449/363 377/1450/363 378/1451/363 372/1452/363
f 377/1453/364 379/1454/364 380/1455/364 378/1456/364
f 378/1457/365 387/1458/365 386/1459/365 372/1460/365
f 380/1461/366 388/1462/366 387/1463/366 378/1464/366
f 370/1465/367 381/1466/367 383/1467/367 369/1468/367
f 381/1469/368 382/1470/368 384/1471/368 383/1472/368
f 371/1473/369 385/1474/369 392/1475/369 377/1476/369
f 377/1477/370 392/1478/370 391/1479/370 379/1480/370
f 393/1481/371 394/1482/371 395/1483/371 396/1484/371
f 396/1485/372 395/1486/372 405/1487/372 406/1488/372
f 381/1489/373 387/1490/373 388/1491/373 382/1492/373
f 407/1493/374 408/1494/374 398/1495/374 397/1496/374
f 397/1497/375 398/1498/375 399/1499/375 400/1500/375
f 400/1501/376 399/1502/376 401/1503/376 402/1504/376
f 384/1505/377 391/1506/377 392/1507/377 383/1508/377
f 403/1509/378 404/1510/378 394/1511/378 393/1512/378
f 395/1513/379 394/1514/379 385/1515/379 386/1516/379
f 393/1517/380 396/1518/380 370/1519/380 369/1520/380
f 399/1521/381 398/1522/381 389/1523/381 390/1524/381
f 397/1525/382 400/1526/382 373/1527/382 374/1528/382
f 401/1529/383 399/1530/383 390/1531/383 391/1532/383
f 402/1533/384 401/1534/384 391/1535/384 384/1536/384
f 400/1537/385 402/1538/385 384/1539/385 373/1540/385
f 404/1541/386 403/1542/386 383/1543/386 392/1544/386
f 394/1545/387 404/1546/387 392/1547/387 385/1548/387
f 403/1549/388 393/1550/388 369/1551/388 383/1552/388
f 405/1553/389 395/1554/389 386/1555/389 387/1556/389
f 406/1557/390 405/1558/390 387/1559/390 381/1560/390
f 396/1561/391 406/1562/391 381/1563/391 370/1564/391
f 408/1565/392 407/1566/392 382/1567/392 388/1568/392
f 398/1569/393 408/1570/393 388/1571/393 389/1572/393
f 407/1573/394 397/1574/394 374/1575/394 382/1576/394
o Body
v -0.16875000000000015 0.9210875000000001 -0.16473187500000014
v -0.16875000000000015 0.9210875000000001 0.11160687499999986
v -0.13400000000000015 0.8 -0.09821437500000013
v -0.13400000000000015 0.8 0.09821437499999988
v 0.16874999999999987 0.9210875000000001 -0.16473187500000014
v 0.16874999999999987 0.9210875000000001 0.11160687499999986
v 0.13399999999999987 0.8 -0.09821437500000013
v 0.13399999999999987 0.8 0.09821437499999988
v -1.457130685880489e-16 0.9210875000000001 0.15624999999999986
v -1.3088412665887338e-16 0.8 0.13749999999999987
v -1.3088412665887338e-16 0.8 -0.13750000000000015
v -1.457130685880489e-16 0.9210875000000001 -0.20937500000000014
v -1.3906400187292823e-16 0.86679375 0.14374999999999985
v -1.3906400187292823e-16 0.86679375 -0.14375000000000013
v 0.18749999999999983 1.0736575 -0.12429875000000017
v -1.6439750480264004e-16 1.0736575 -0.17401812500000016
v -1.742615755272223e-16 1.15420375 0.17401812499999983
v 0.18749999999999983 1.15420375 0.12429874999999982
v -0.18750000000000017 1.15420375 0.12429874999999982
v -0.18750000000000017 1.0736575 -0.12429875000000017
v -0.11812500000000017 1.15669625 0.08376624999999982
v -1.675365807105545e-16 1.0992899999999999 -0.11727312500000017
v -1.745668187419098e-16 1.15669625 0.11727312499999983
v -0.11812500000000016 1.0992899999999999 -0.08376625000000017
v 0.11812499999999983 1.0992899999999999 -0.08376625000000017
v 0.11812499999999981 1.15669625 0.08376624999999982
v -0.09095500000000017 1.1888993749999999 0.06065624999999982
v -1.7810153210637379e-16 1.185559375 -0.08491875000000018
v -1.7810153210637379e-16 1.185559375 0.08491874999999982
v -0.09095500000000017 1.1888993749999999 -0.06065625000000018
v 0.09095499999999981 1.1888993749999999 -0.06065625000000018
v 0.09095499999999981 1.1888993749999999 0.06065624999999982
v -0.14760812500000017 1.053675 -0.17450312500000018
v -1.6195035433624384e-16 1.053675 -0.21664500000000017
v -1.4868436788448014e-16 0.9453499999999999 -0.24174812500000015
v -0.14760812500000015 0.9453499999999999 -0.20321062500000014
v 0.14760874999999984 1.053675 -0.17450312500000018
v 0.14760874999999987 0.9453499999999999 -0.20321062500000014
v -0.12260812500000016 1.041175 -0.14775562500000017
v 6.249999998395805e-7 1.041175 -0.14775562500000017
v 6.249999998497849e-7 0.9578499999999999 -0.14775562500000014
v -0.12260812500000015 0.9578499999999999 -0.14775562500000014
v 0.12260874999999984 1.041175 -0.14775562500000017
v 0.12260874999999985 0.9578499999999999 -0.14775562500000014
v -1.7026287410673136e-16 1.121551875 0.17010062499999984
v -0.14684312500000016 1.121551875 0.13190374999999982
v -0.14684312500000013 0.9537393750000001 0.12480937499999985
v -1.4971177000853984e-16 0.9537393750000001 0.16016812499999986
v 0.14684312499999982 1.121551875 0.13190374999999982
v 0.14684312499999985 0.9537393750000001 0.12480937499999985
v -1.6982697638665984e-16 1.1179925 0.2554156249999998
v -0.14684312500000016 1.118003125 0.21721937499999983
v -0.14684312500000013 0.95019125 0.21012499999999987
v -1.4927594882889329e-16 0.950180625 0.24548312499999986
v 0.14684312499999982 1.117981875 0.21721812499999985
v 0.14684312499999985 0.95017 0.21012374999999986
v 0.14024999999999987 0.86679375 0.10267874999999986
v 0.14024999999999987 0.86679375 -0.10267875000000014
v -0.14025000000000015 0.86679375 -0.10267875000000014
v -0.14025000000000015 0.86679375 0.10267874999999986
vt 0.4263390625 0.6640625
vt 0.42689765625 0.671875
vt 0.40122734375 0.671875
vt 0.4017859375 0.6640625
vt 0.4263390625 0.6484375
vt 0.42689765625 0.65625
vt 0.40122734375 0.65625
vt 0.4017859375 0.6484375
vt 0.07444921875 0.6640625
vt 0.07141640625 0.65268515625
vt 0.09264609375 0.65268515625
vt 0.08961328125 0.6640625
vt 0.13003125 0.8185265625
vt 0.11328125 0.8234375
vt 0.11328125 0.7890625
vt 0.13003125 0.7939734375
vt 0.4603453125 0.8203125
vt 0.4609375 0.828125
vt 0.4426703125 0.828125
vt 0.44288984375 0.8203125
vt 0.388340625 0.63281328125
vt 0.38856015625 0.64119609375
vt 0.37029296875 0.64119609375
vt 0.37088515625 0.6328125
vt 0.261798046875 0.640625
vt 0.262459296875 0.6490034375
vt 0.244192734375 0.64915390625
vt 0.244343203125 0.6407696093749999
vt 0.09653125 0.7939734375
vt 0.11328125 0.7890625
vt 0.11328125 0.8234375
vt 0.09653125 0.8185265625
vt 0.18211015625 0.5546875
vt 0.1823296875 0.5625
vt 0.1640625 0.5625
vt 0.1646546875 0.5546875
vt 0.08961328125 0.6413078125
vt 0.09264609375 0.65268515625
vt 0.07141640625 0.65268515625
vt 0.07444921875 0.6413078125
vt 0.38507265625 0.84375
vt 0.39282890625 0.8359375
vt 0.41849921875 0.8359375
vt 0.41961484375 0.84375
vt 0.3671875 0.6482921875000001
vt 0.37029296875 0.64119609375
vt 0.38856015625 0.64119609375
vt 0.38899921875 0.6481250000000001
vt 0.2438109375 0.656108046875
vt 0.244192734375 0.64915390625
vt 0.262459296875 0.6490034375
vt 0.26562296875 0.6560517968749999
vt 0.38507265625 0.9609375
vt 0.38618828125 0.953125
vt 0.41185859375 0.953125
vt 0.41961484375 0.9609375
vt 0.3671875 0.92486546875
vt 0.368675703125 0.9140625
vt 0.386938046875 0.914483125
vt 0.389003671875 0.92492171875
vt 0.36880546875 0.893665546875
vt 0.370876953125 0.88322265625
vt 0.389139609375 0.8828125
vt 0.39062140625 0.893609296875
vt 0.109375 0.625
vt 0.09404921875 0.625
vt 0.09404921875 0.614584375
vt 0.109375 0.614584375
vt 0.2265625 0.653804921875
vt 0.207598203125 0.654087734375
vt 0.207598203125 0.6330753124999999
vt 0.22647375 0.6328125
vt 0.067082578125 0.76284484375
vt 0.077116640625 0.79393
vt 0.047883359375 0.792343046875
vt 0.047883359375 0.7578125
vt 0.359375 0.765625
vt 0.359375 0.78459140625
vt 0.33595078125 0.784813125
vt 0.3359375 0.7659357812500001
vt 0.12470078125 0.625
vt 0.109375 0.625
vt 0.109375 0.614584375
vt 0.12470078125 0.614584375
vt 0.209487265625 0.828125
vt 0.178384375 0.818146484375
vt 0.173325234375 0.796875
vt 0.207835234375 0.796875
vt 0.288819921875 0.882572421875
vt 0.273472265625 0.882572421875
vt 0.266512109375 0.8753247656250001
vt 0.290755859375 0.875741171875
vt 0.16039296875 0.83873046875
vt 0.14526390625 0.84131140625
vt 0.1420878125 0.834206015625
vt 0.165922890625 0.829757109375
vt 0.16966796875 0.85883046875
vt 0.16039296875 0.83873046875
vt 0.1659234375 0.82975625
vt 0.1796875 0.859375
vt 0.18714453125 0.976398203125
vt 0.171796875 0.976398203125
vt 0.16483671875 0.968480234375
vt 0.18908046875 0.968861484375
vt 0.301885390625 0.890625
vt 0.288819921875 0.882572421875
vt 0.290755703125 0.875741875
vt 0.311612890625 0.888107578125
vt 0.171796875 0.976398203125
vt 0.16604921875 0.9977759375
vt 0.15625 1
vt 0.164845703125 0.96849046875
vt 0.0234375 0.52489546875
vt 0.0234375 0.5366696093750001
vt 0.015625 0.5390625
vt 0.015870078125 0.523725625
vt 0.443173515625 0.7890625
vt 0.43139953125 0.7890625
vt 0.429975546875 0.777633046875
vt 0.4453125 0.7772046875
vt 0.45118796875 0.8390250781249999
vt 0.436778828125 0.84375
vt 0.4303865625 0.8359375
vt 0.4524259375 0.8359375
vt 0.0859375 0.923588203125
vt 0.0859375 0.93536203125
vt 0.0703125 0.9375
vt 0.070755 0.922163671875
vt 0.27885703125 0.5390625
vt 0.26708296875 0.5390625
vt 0.26591375 0.53377046875
vt 0.28125 0.53358171875
vt 0.411084453125 0.89793265625
vt 0.4072428125 0.9126020312500001
vt 0.401415546875 0.9140625
vt 0.401415546875 0.8924140625
vt 0.13969421875 0.828834296875
vt 0.158612734375 0.82562828125
vt 0.16592328125 0.82975703125
vt 0.1420878125 0.834206015625
vt 0.386853125 0.898617890625
vt 0.36778359375 0.898617890625
vt 0.36880546875 0.893665546875
vt 0.390625 0.893609296875
vt 0.15186640625 0.5625
vt 0.1378775 0.561771796875
vt 0.136493515625 0.5546875
vt 0.15625 0.5546875
vt 0.171348046875 0.963183828125
vt 0.190536328125 0.9631596875
vt 0.189081015625 0.968861484375
vt 0.16483671875 0.968480234375
vt 0.2793384375 0.551749375
vt 0.280461484375 0.5657128124999999
vt 0.2734375 0.5703125
vt 0.2734375 0.55051875
vt 0.39002890625 0.9298740625
vt 0.370959375 0.9298740625
vt 0.3671875 0.92486546875
vt 0.38900703125 0.92492171875
vt 0.38671875 0.96875
vt 0.40204453125 0.96875
vt 0.40516953125 0.972440625
vt 0.38671875 0.9772125
vt 0.37079453125 0.84375
vt 0.35546875 0.84375
vt 0.35546875 0.831896875
vt 0.37391953125 0.83667265625
vt 0.08057078125 0.53856109375
vt 0.078125 0.52843671875
vt 0.0859375 0.52513234375
vt 0.0859375 0.5390625
vt 0.37139296875 0.96875
vt 0.38671875 0.96875
vt 0.38671875 0.9775015625
vt 0.36826796875 0.97231875
vt 0.246922421875 0.53229296875
vt 0.257148203125 0.534272421875
vt 0.2578125 0.5390625
vt 0.244020546875 0.5390625
vt 0.35546875 0.84375
vt 0.34014296875 0.84375
vt 0.33701796875 0.83664375
vt 0.35546875 0.83194453125
vt 0.1692296875 0.7361185156250001
vt 0.188195234375 0.736158203125
vt 0.188310078125 0.7402670312499999
vt 0.16406328125 0.74020296875
vt 0.16903828125 0.715123984375
vt 0.1692296875 0.7361185156250001
vt 0.1640625 0.740203671875
vt 0.16600859375 0.7110044531249999
vt 0.18791765625 0.7150188281250001
vt 0.16903828125 0.715123984375
vt 0.1659665625 0.710947265625
vt 0.187780859375 0.7109375
vt 0.2649390625 0.759540546875
vt 0.2839046875 0.759540546875
vt 0.2890625 0.763638203125
vt 0.264815625 0.763648359375
vt 0.2625765625 0.660217421875
vt 0.243696875 0.660217421875
vt 0.2438109375 0.656108046875
vt 0.265625 0.6560517968749999
vt 0.2839046875 0.759540546875
vt 0.28374953125 0.7385454687499999
vt 0.28683 0.734375
vt 0.288940625 0.763541328125
vt 0.2609040625 0.980489140625
vt 0.2798696875 0.980457890625
vt 0.27720171875 0.990793046875
vt 0.25823609375 0.990823515625
vt 0.062507890625 0.9609375
vt 0.0859375 0.9609375
vt 0.0859375 0.96875
vt 0.0625 0.96875
vt 0.134453203125 0.71875
vt 0.153332890625 0.7187812499999999
vt 0.155812578125 0.7291624999999999
vt 0.136932890625 0.72913125
vt 0.2798696875 0.980457890625
vt 0.29645140625 0.98966515625
vt 0.2937825 1
vt 0.277201875 0.990792421875
vt 0.117624921875 0.7273105468750001
vt 0.134453203125 0.71875
vt 0.13693296875 0.7291317187499999
vt 0.120105390625 0.737691875
vt 0.0234375 0.703125
vt 0.0234375 0.6796875
vt 0.03125 0.6796875
vt 0.03125 0.703125
vn -0.9956507149795926 -0.09316465939736081 1.1409380192463129e-17
vn 0.9956507149795926 -0.09316465939736056 1.1409380192463098e-17
vn 0.036696721872097375 0.9993264484660868 -1.2238219364172855e-16
vn 1.2246467991473532e-16 -1 1.2246467991473532e-16
vn -0.2798979605561938 -0.0900741290634797 -0.9557948435464271
vn -0.27991401118981213 -0.08944040920831518 0.9558496532092686
vn 0.2798979605561938 -0.09007412906347942 0.9557948435464271
vn 1.2246467991473532e-16 -1 1.2246467991473532e-16
vn 0.27991401118981213 -0.08944040920831535 -0.9558496532092686
vn -0.03669672187209762 0.9993264484660865 -1.2238219364172852e-16
vn -0.8854262165892732 -0.4647799640436382 5.691912952738634e-17
vn -0.2687897503788423 -0.29202807903066297 0.9178625556960807
vn 0.27442171003218757 -0.2157464158375957 0.9370945571905972
vn 0.8854262165892733 -0.46477996404363786 5.69191295273863e-17
vn 0.1760471625366906 -0.7794918570168428 -0.601165402703128
vn -0.18350357002202694 -0.7574063545676211 -0.6266275240122784
vn 0 -1.2246467991473532e-16 -1
vn 0.2513308624922187 -0.057188345768243276 0.9662102724910399
vn 0.9963167166068967 -0.08157470810629135 0.0264304219986379
vn -0.25153136094643846 -0.04088004598184593 0.9669854167984927
vn 0 -1.2246467991473532e-16 -1
vn -0.9901616771294942 -0.13311529358544552 0.043129708528672615
vn -0.011731370113253621 0.9990755294797855 0.04135772418729186
vn -0.11598268507191911 0.9051857096597961 -0.4088848832999327
vn -0.15812404667147334 0.9341024697005406 -0.3200771187754422
vn 0.11042691269317859 0.9144684290993046 -0.38929858609260737
vn 0.012446506640873644 0.998959323398003 0.04387886357510836
vn 0.2180037222735847 0.9232505584022699 -0.31635863112100887
vn -0.16959113942594597 0.6650260164017185 0.7273095922212705
vn -0.23049234820927564 0.3417002447759676 -0.9111060422020139
vn -0.9569780233077675 0.29016040892230344 -3.55344016025986e-17
vn 0.23453783056021918 0.3088288085069774 -0.921746588316044
vn 0.14850936096024342 0.7379458873005613 0.6583166693342707
vn 0.7643077047445349 0.6448517135498214 -7.897155869234746e-17
vn -0.12957561273854853 0.881602730822381 -0.453857671070954
vn -0.15469150281210042 -0.7905735137504307 -0.5925065892579015
vn -0.8990439749334747 0.11216604248640766 -0.4232478116290213
vn 0.12030031722614974 0.898873742677209 -0.42137136637502376
vn 0.7363210699794361 0.17333269776427976 -0.6540543232714658
vn 0.15295432258353764 -0.7958508725771931 -0.5858552413532985
vn 1.1094706476971064e-16 -0.905951535144307 -0.4233814072082921
vn -1.213958713966058e-16 0.9912725161338464 -0.13182867198630788
vn 0.9116429204596254 6.131313317309006e-17 -0.41098319378758696
vn 1.2049710713950547e-16 -0.9839335490314451 -0.17853506963727006
vn -0.7305691482120026 -1.7309254236230843e-16 -0.6828387215739813
vn -1.1946728914948278e-16 0.9755244469888016 -0.21989100328843172
vn -0.2500628053968847 -0.11533888901738472 0.9613352870030701
vn -0.21561419335651297 -0.04124438508327435 0.9756072059606381
vn -0.22784046664449498 -0.2297284958135082 0.9462100929341654
vn 0.25077266362286577 -0.08771086587469 0.964064248474657
vn 0.2325245728240036 -0.11587659681942047 0.9656629522470892
vn 0.47458449353878696 -0.037178200302801355 0.8794244367282376
vn -0.01076979165658558 0.9990728935603733 0.04168170990466478
vn -1 -1.2246467991473532e-16 1.4997597826618576e-32
vn 0.009932529725017913 -0.9990870439618449 -0.041550251994955475
vn 0.010947091628113269 0.9990657674849122 0.04180614099231457
vn -0.010107427782357525 -0.9990801068820944 -0.04167469179354975
vn 1 1.2246467991473532e-16 -1.4997597826618576e-32
usemtl m_5a10c0e1-a80d-0a53-8c8d-6dd2cd0dfae8
f 412/1577/395 468/1578/395 467/1579/395 411/1580/395
f 415/1581/396 466/1582/396 465/1583/396 416/1584/396
f 435/1585/397 437/1586/397 436/1587/397 438/1588/397
f 411/1589/398 419/1590/398 418/1591/398 412/1592/398
f 411/1593/399 467/1594/399 422/1595/399 419/1596/399
f 418/1597/400 421/1598/400 468/1599/400 412/1600/400
f 416/1601/401 465/1602/401 421/1603/401 418/1604/401
f 416/1605/402 418/1606/402 419/1607/402 415/1608/402
f 419/1609/403 422/1610/403 466/1611/403 415/1612/403
f 439/1613/404 436/1614/404 437/1615/404 440/1616/404
f 409/1617/405 467/1618/405 468/1619/405 410/1620/405
f 410/1621/406 468/1622/406 421/1623/406 417/1624/406
f 417/1625/407 421/1626/407 465/1627/407 414/1628/407
f 414/1629/408 465/1630/408 466/1631/408 413/1632/408
f 413/1633/409 466/1634/409 422/1635/409 420/1636/409
f 420/1637/410 422/1638/410 467/1639/410 409/1640/410
f 448/1641/411 451/1642/411 452/1643/411 449/1644/411
f 463/1645/412 459/1646/412 462/1647/412 464/1648/412
f 423/1649/413 426/1650/413 414/1651/413 413/1652/413
f 459/1653/414 460/1654/414 461/1655/414 462/1656/414
f 447/1657/415 448/1658/415 449/1659/415 450/1660/415
f 427/1661/416 428/1662/416 409/1663/416 410/1664/416
f 431/1665/417 429/1666/417 427/1667/417 425/1668/417
f 432/1669/418 430/1670/418 424/1671/418 428/1672/418
f 429/1673/419 432/1674/419 428/1675/419 427/1676/419
f 430/1677/420 433/1678/420 423/1679/420 424/1680/420
f 434/1681/421 431/1682/421 425/1683/421 426/1684/421
f 433/1685/422 434/1686/422 426/1687/422 423/1688/422
f 437/1689/423 435/1690/423 429/1691/423 431/1692/423
f 438/1693/424 436/1694/424 430/1695/424 432/1696/424
f 435/1697/425 438/1698/425 432/1699/425 429/1700/425
f 436/1701/426 439/1702/426 433/1703/426 430/1704/426
f 440/1705/427 437/1706/427 431/1707/427 434/1708/427
f 439/1709/428 440/1710/428 434/1711/428 433/1712/428
f 442/1713/429 441/1714/429 428/1715/429 424/1716/429
f 444/1717/430 443/1718/430 420/1719/430 409/1720/430
f 441/1721/431 444/1722/431 409/1723/431 428/1724/431
f 445/1725/432 442/1726/432 424/1727/432 423/1728/432
f 446/1729/433 445/1730/433 423/1731/433 413/1732/433
f 443/1733/434 446/1734/434 413/1735/434 420/1736/434
f 448/1737/435 447/1738/435 441/1739/435 442/1740/435
f 450/1741/436 449/1742/436 443/1743/436 444/1744/436
f 447/1745/437 450/1746/437 444/1747/437 441/1748/437
f 451/1749/438 448/1750/438 442/1751/438 445/1752/438
f 452/1753/439 451/1754/439 445/1755/439 446/1756/439
f 449/1757/440 452/1758/440 446/1759/440 443/1760/440
f 454/1761/441 453/1762/441 425/1763/441 427/1764/441
f 455/1765/442 454/1766/442 427/1767/442 410/1768/442
f 456/1769/443 455/1770/443 410/1771/443 417/1772/443
f 453/1773/444 457/1774/444 426/1775/444 425/1776/444
f 458/1777/445 456/1778/445 417/1779/445 414/1780/445
f 457/1781/446 458/1782/446 414/1783/446 426/1784/446
f 460/1785/447 459/1786/447 453/1787/447 454/1788/447
f 461/1789/448 460/1790/448 454/1791/448 455/1792/448
f 462/1793/449 461/1794/449 455/1795/449 456/1796/449
f 459/1797/450 463/1798/450 457/1799/450 453/1800/450
f 464/1801/451 462/1802/451 456/1803/451 458/1804/451
f 463/1805/452 464/1806/452 458/1807/452 457/1808/452
o cylinder
v -0.094705 0.80625 0.375728125
v -0.094705 1.49375 0.375728125
v -0.043021875 0.80625 0.324045
v -0.043021875 1.49375 0.324045
v -0.043021875 0.80625 0.250955
v -0.043021875 1.49375 0.250955
v -0.094705 0.80625 0.199271875
v -0.094705 1.49375 0.199271875
v -0.167795 0.80625 0.199271875
v -0.167795 1.49375 0.199271875
v -0.219478125 0.80625 0.250955
v -0.219478125 1.49375 0.250955
v -0.219478125 0.80625 0.324045
v -0.219478125 1.49375 0.324045
v -0.167795 0.80625 0.375728125
v -0.167795 1.49375 0.375728125
v -0.167795 1.10625 0.375728125
v -0.219478125 1.10625 0.324045
v -0.219478125 1.10625 0.250955
v -0.167795 1.10625 0.199271875
v -0.094705 1.10625 0.199271875
v -0.043021875 1.10625 0.250955
v -0.043021875 1.10625 0.324045
v -0.094705 1.10625 0.375728125
v -0.177248125 0.80625 0.39854875
v -0.177248125 1.10625 0.39854875
v -0.24229875 1.10625 0.333498125
v -0.24229875 0.80625 0.333498125
v -0.24229875 1.10625 0.241501875
v -0.24229875 0.80625 0.241501875
v -0.177248125 1.10625 0.17645125
v -0.177248125 0.80625 0.17645125
v -0.085251875 1.10625 0.17645125
v -0.085251875 0.80625 0.17645125
v -0.02020125 1.10625 0.241501875
v -0.02020125 0.80625 0.241501875
v -0.02020125 1.10625 0.333498125
v -0.02020125 0.80625 0.333498125
v -0.085251875 1.10625 0.39854875
v -0.085251875 0.80625 0.39854875
v -0.219478125 0.75625 0.324045
v -0.219478125 0.75625 0.250955
v -0.167795 0.75625 0.375728125
v -0.094705 0.75625 0.375728125
v -0.043021875 0.75625 0.324045
v -0.043021875 0.75625 0.250955
v -0.094705 0.75625 0.199271875
v -0.167795 0.75625 0.199271875
v -0.194478125 0.725 0.31369
v -0.194478125 0.725 0.26131
v -0.13125 0.725 0.2875
v -0.15744 0.725 0.350728125
v -0.10506 0.725 0.350728125
v -0.068021875 0.725 0.31369
v -0.068021875 0.725 0.26131
v -0.10506 0.725 0.224271875
v -0.15744 0.725 0.224271875
v -0.219478125 1.458333125 0.324045
v -0.167795 1.458333125 0.375728125
v -0.219478125 1.40970125 0.324045
v -0.167795 1.40970125 0.375728125
v -0.094705 1.458333125 0.375728125
v -0.094705 1.40970125 0.375728125
v -0.043021875 1.458333125 0.324045
v -0.043021875 1.40970125 0.324045
v -0.043021875 1.458333125 0.250955
v -0.043021875 1.40970125 0.250955
v -0.094705 1.458333125 0.199271875
v -0.094705 1.40970125 0.199271875
v -0.167795 1.458333125 0.199271875
v -0.167795 1.40970125 0.199271875
v -0.219478125 1.458333125 0.250955
v -0.219478125 1.40970125 0.250955
v -0.2354825 1.458333125 0.330674375
v -0.2354825 1.40970125 0.330674375
v -0.174424375 1.40970125 0.3917325
v -0.174424375 1.458333125 0.3917325
v -0.088075625 1.40970125 0.3917325
v -0.088075625 1.458333125 0.3917325
v -0.0270175 1.40970125 0.330674375
v -0.0270175 1.458333125 0.330674375
v -0.0270175 1.40970125 0.244325625
v -0.0270175 1.458333125 0.244325625
v -0.088075625 1.40970125 0.1832675
v -0.088075625 1.458333125 0.1832675
v -0.174424375 1.40970125 0.1832675
v -0.174424375 1.458333125 0.1832675
v -0.2354825 1.40970125 0.244325625
v -0.2354825 1.458333125 0.244325625
v -0.159499375 1.49375 0.355700625
v -0.103000625 1.49375 0.355700625
v -0.199450625 1.49375 0.315749375
v -0.199450625 1.49375 0.259250625
v -0.159499375 1.49375 0.219299375
v -0.103000625 1.49375 0.219299375
v -0.063049375 1.49375 0.259250625
v -0.063049375 1.49375 0.315749375
v -0.159499375 1.30625 0.355700625
v -0.103000625 1.30625 0.355700625
v -0.13125 1.30625 0.2875
v -0.199450625 1.30625 0.315749375
v -0.199450625 1.30625 0.259250625
v -0.159499375 1.30625 0.219299375
v -0.103000625 1.30625 0.219299375
v -0.063049375 1.30625 0.259250625
v -0.063049375 1.30625 0.315749375
v -0.02020125 0.98125 0.333498125
v -0.085251875 0.98125 0.39854875
v -0.02020125 1.05625 0.333498125
v -0.085251875 1.05625 0.39854875
v -0.177248125 0.98125 0.39854875
v -0.177248125 1.05625 0.39854875
v -0.24229875 0.98125 0.333498125
v -0.24229875 1.05625 0.333498125
v -0.24229875 0.98125 0.241501875
v -0.24229875 1.05625 0.241501875
v -0.177248125 0.98125 0.17645125
v -0.177248125 1.05625 0.17645125
v -0.085251875 0.98125 0.17645125
v -0.085251875 1.05625 0.17645125
v -0.02020125 0.98125 0.241501875
v -0.02020125 1.05625 0.241501875
v -0.0041975 0.98125 0.340126875
v -0.0041975 1.05625 0.340126875
v -0.078623125 1.05625 0.4145525
v -0.078623125 0.98125 0.4145525
v -0.183876875 1.05625 0.4145525
v -0.183876875 0.98125 0.4145525
v -0.2583025 1.05625 0.340126875
v -0.2583025 0.98125 0.340126875
v -0.2583025 1.05625 0.234873125
v -0.2583025 0.98125 0.234873125
v -0.183876875 1.05625 0.1604475
v -0.183876875 0.98125 0.1604475
v -0.078623125 1.05625 0.1604475
v -0.078623125 0.98125 0.1604475
v -0.0041975 1.05625 0.234873125
v -0.0041975 0.98125 0.234873125
vt 0.246184375 0.5971140625
vt 0.2415546875 0.60174375
vt 0.23828125 0.593840625
vt 0.1875 0.5859375
vt 0.1875 0.625
vt 0.1796875 0.625
vt 0.1796875 0.5859375
vt 0.3824375 0.60795
vt 0.38743125 0.61294375
vt 0.37890625 0.616475
vt 0.246184375 0.5905671875
vt 0.246184375 0.5971140625
vt 0.23828125 0.593840625
vt 0.28125 0.609375
vt 0.28125 0.6484375
vt 0.2734375 0.6484375
vt 0.2734375 0.609375
vt 0.38743125 0.61294375
vt 0.38743125 0.62000625
vt 0.37890625 0.616475
vt 0.2415546875 0.5859375
vt 0.246184375 0.5905671875
vt 0.23828125 0.593840625
vt 0.21875 0.5859375
vt 0.21875 0.625
vt 0.2109375 0.625
vt 0.2109375 0.5859375
vt 0.38743125 0.62000625
vt 0.3824375 0.625
vt 0.37890625 0.616475
vt 0.2350078125 0.5859375
vt 0.2415546875 0.5859375
vt 0.23828125 0.593840625
vt 0.140625 0.5859375
vt 0.140625 0.625
vt 0.1328125 0.625
vt 0.1328125 0.5859375
vt 0.3824375 0.625
vt 0.375375 0.625
vt 0.37890625 0.616475
vt 0.230378125 0.5905671875
vt 0.2350078125 0.5859375
vt 0.23828125 0.593840625
vt 0.296875 0.5859375
vt 0.296875 0.625
vt 0.2890625 0.625
vt 0.2890625 0.5859375
vt 0.375375 0.625
vt 0.37038125 0.62000625
vt 0.37890625 0.616475
vt 0.230378125 0.5971140625
vt 0.230378125 0.5905671875
vt 0.23828125 0.593840625
vt 0.15625 0.5859375
vt 0.15625 0.625
vt 0.1484375 0.625
vt 0.1484375 0.5859375
vt 0.37038125 0.62000625
vt 0.37038125 0.61294375
vt 0.37890625 0.616475
vt 0.2350078125 0.60174375
vt 0.230378125 0.5971140625
vt 0.23828125 0.593840625
vt 0.203125 0.5859375
vt 0.203125 0.625
vt 0.1953125 0.625
vt 0.1953125 0.5859375
vt 0.37038125 0.61294375
vt 0.375375 0.60795
vt 0.37890625 0.616475
vt 0.2415546875 0.60174375
vt 0.2350078125 0.60174375
vt 0.23828125 0.593840625
vt 0.171875 0.5859375
vt 0.171875 0.625
vt 0.1640625 0.625
vt 0.1640625 0.5859375
vt 0.375375 0.60795
vt 0.3824375 0.60795
vt 0.37890625 0.616475
vt 0.484375 0.71875
vt 0.484375 0.7109375
vt 0.4921875 0.7109375
vt 0.4921875 0.71875
vt 0.4765625 0.578125
vt 0.4765625 0.5703125
vt 0.484375 0.5703125
vt 0.484375 0.578125
vt 0.421875 0.515625
vt 0.421875 0.5078125
vt 0.4296875 0.5078125
vt 0.4296875 0.515625
vt 0.4765625 0.5625
vt 0.4765625 0.5546875
vt 0.484375 0.5546875
vt 0.484375 0.5625
vt 0.4375 0.515625
vt 0.4375 0.5078125
vt 0.4453125 0.5078125
vt 0.4453125 0.515625
vt 0.21875 0.515625
vt 0.21875 0.5078125
vt 0.2265625 0.5078125
vt 0.2265625 0.515625
vt 0.484375 0.6875
vt 0.484375 0.6796875
vt 0.4921875 0.6796875
vt 0.4921875 0.6875
vt 0.4765625 0.546875
vt 0.4765625 0.5390625
vt 0.484375 0.5390625
vt 0.484375 0.546875
vt 0.22830625 0.94130625
vt 0.2364375 0.933175
vt 0.23761953125 0.936028125
vt 0.231159375 0.94248828125
vt 0.2364375 0.8715125
vt 0.22830625 0.86338125
vt 0.231159375 0.86219921875
vt 0.23761953125 0.868659375
vt 0.22830625 0.95280625
vt 0.22830625 0.94130625
vt 0.231159375 0.94248828125
vt 0.231159375 0.95162421875
vt 0.22830625 0.86338125
vt 0.22830625 0.85188125
vt 0.231159375 0.85306328125
vt 0.231159375 0.86219921875
vt 0.2364375 0.9609375
vt 0.22830625 0.95280625
vt 0.231159375 0.95162421875
vt 0.23761953125 0.958084375
vt 0.22830625 0.85188125
vt 0.2364375 0.84375
vt 0.23761953125 0.846603125
vt 0.231159375 0.85306328125
vt 0.2479375 0.9609375
vt 0.2364375 0.9609375
vt 0.23761953125 0.958084375
vt 0.24675546875 0.958084375
vt 0.2364375 0.84375
vt 0.2479375 0.84375
vt 0.24675546875 0.846603125
vt 0.23761953125 0.846603125
vt 0.25606875 0.95280625
vt 0.2479375 0.9609375
vt 0.24675546875 0.958084375
vt 0.253215625 0.95162421875
vt 0.2479375 0.84375
vt 0.25606875 0.85188125
vt 0.253215625 0.85306328125
vt 0.24675546875 0.846603125
vt 0.25606875 0.94130625
vt 0.25606875 0.95280625
vt 0.253215625 0.95162421875
vt 0.253215625 0.94248828125
vt 0.25606875 0.85188125
vt 0.25606875 0.86338125
vt 0.253215625 0.86219921875
vt 0.253215625 0.85306328125
vt 0.2479375 0.933175
vt 0.25606875 0.94130625
vt 0.253215625 0.94248828125
vt 0.24675546875 0.936028125
vt 0.25606875 0.86338125
vt 0.2479375 0.8715125
vt 0.24675546875 0.868659375
vt 0.253215625 0.86219921875
vt 0.2364375 0.933175
vt 0.2479375 0.933175
vt 0.24675546875 0.936028125
vt 0.23761953125 0.936028125
vt 0.2479375 0.8715125
vt 0.2364375 0.8715125
vt 0.23761953125 0.868659375
vt 0.24675546875 0.868659375
vt 0 0.5078125
vt 0.0078125 0.5078125
vt 0.0078125 0.515625
vt 0 0.515625
vt 0.484375 0.6640625
vt 0.4921875 0.6640625
vt 0.4921875 0.671875
vt 0.484375 0.671875
vt 0.015625 0.5078125
vt 0.0234375 0.5078125
vt 0.0234375 0.515625
vt 0.015625 0.515625
vt 0.484375 0.6484375
vt 0.4921875 0.6484375
vt 0.4921875 0.65625
vt 0.484375 0.65625
vt 0.03125 0.5078125
vt 0.0390625 0.5078125
vt 0.0390625 0.515625
vt 0.03125 0.515625
vt 0.453125 0.5078125
vt 0.4609375 0.5078125
vt 0.4609375 0.515625
vt 0.453125 0.515625
vt 0.046875 0.5078125
vt 0.0546875 0.5078125
vt 0.0546875 0.515625
vt 0.046875 0.515625
vt 0.484375 0.5078125
vt 0.4921875 0.5078125
vt 0.4921875 0.515625
vt 0.484375 0.515625
vt 0.1998515625 0.5234375
vt 0.2063984375 0.5234375
vt 0.20769296875 0.53125
vt 0.19855703125 0.53125
vt 0.47004453125 0.875
vt 0.4765921875 0.875
vt 0.47788671875 0.8828125
vt 0.46875 0.8828125
vt 0.2232890625 0.5234375
vt 0.2298359375 0.5234375
vt 0.23113046875 0.53125
vt 0.22199453125 0.53125
vt 0.4765328125 0.796875
vt 0.48308046875 0.796875
vt 0.484375 0.8046875
vt 0.4752390625 0.8046875
vt 0.4732890625 0.8125
vt 0.4798359375 0.8125
vt 0.48113046875 0.8203125
vt 0.47199453125 0.8203125
vt 0.47004453125 0.828125
vt 0.4765921875 0.828125
vt 0.47788671875 0.8359375
vt 0.46875 0.8359375
vt 0.4732890625 0.765625
vt 0.4798359375 0.765625
vt 0.48113046875 0.7734375
vt 0.47199453125 0.7734375
vt 0.47653359375 0.78125
vt 0.48308125 0.78125
vt 0.484375 0.7890625
vt 0.4752390625 0.7890625
vt 0.375 0.515625
vt 0.375 0.5078125
vt 0.3828125 0.5078125
vt 0.3828125 0.515625
vt 0.484375 0.734375
vt 0.484375 0.7265625
vt 0.4921875 0.7265625
vt 0.4921875 0.734375
vt 0.0625 0.515625
vt 0.0625 0.5078125
vt 0.0703125 0.5078125
vt 0.0703125 0.515625
vt 0.484375 0.9296875
vt 0.484375 0.921875
vt 0.4921875 0.921875
vt 0.4921875 0.9296875
vt 0.390625 0.515625
vt 0.390625 0.5078125
vt 0.3984375 0.5078125
vt 0.3984375 0.515625
vt 0.484375 0.703125
vt 0.484375 0.6953125
vt 0.4921875 0.6953125
vt 0.4921875 0.703125
vt 0.078125 0.515625
vt 0.078125 0.5078125
vt 0.0859375 0.5078125
vt 0.0859375 0.515625
vt 0.203125 0.515625
vt 0.203125 0.5078125
vt 0.2109375 0.5078125
vt 0.2109375 0.515625
vt 0.46875 0.515625
vt 0.46875 0.5078125
vt 0.4765625 0.5078125
vt 0.4765625 0.515625
vt 0.40625 0.515625
vt 0.40625 0.5078125
vt 0.4140625 0.5078125
vt 0.4140625 0.515625
vt 0.484375 0.9140625
vt 0.484375 0.90625
vt 0.4921875 0.90625
vt 0.4921875 0.9140625
vt 0.484375 0.8984375
vt 0.484375 0.890625
vt 0.4921875 0.890625
vt 0.4921875 0.8984375
vt 0.484375 0.53125
vt 0.484375 0.5234375
vt 0.4921875 0.5234375
vt 0.4921875 0.53125
vt 0.4921875 0.96875
vt 0.4921875 0.9609375
vt 0.5 0.9609375
vt 0.5 0.96875
vt 0.109375 0.515625
vt 0.109375 0.5078125
vt 0.1171875 0.5078125
vt 0.1171875 0.515625
vt 0.1875 0.515625
vt 0.1875 0.5078125
vt 0.1953125 0.5078125
vt 0.1953125 0.515625
vt 0.275853125 0.8619953124999999
vt 0.26822109375 0.8543632812499999
vt 0.270221875 0.853534375
vt 0.27668203125 0.85999453125
vt 0.26822109375 0.8096992187500001
vt 0.275853125 0.8020671875000001
vt 0.27668203125 0.80406796875
vt 0.270221875 0.810528125
vt 0.286646875 0.8619953124999999
vt 0.275853125 0.8619953124999999
vt 0.27668203125 0.85999453125
vt 0.28581796875 0.85999453125
vt 0.275853125 0.8020671875000001
vt 0.286646875 0.8020671875000001
vt 0.28581796875 0.80406796875
vt 0.27668203125 0.80406796875
vt 0.29427890625 0.8543632812499999
vt 0.286646875 0.8619953124999999
vt 0.28581796875 0.85999453125
vt 0.292278125 0.853534375
vt 0.286646875 0.8020671875000001
vt 0.29427890625 0.8096992187500001
vt 0.292278125 0.810528125
vt 0.28581796875 0.80406796875
vt 0.29427890625 0.84356953125
vt 0.29427890625 0.8543632812499999
vt 0.292278125 0.853534375
vt 0.292278125 0.8443984375
vt 0.29427890625 0.8096992187500001
vt 0.29427890625 0.82049296875
vt 0.292278125 0.8196640625
vt 0.292278125 0.810528125
vt 0.286646875 0.8359375
vt 0.29427890625 0.84356953125
vt 0.292278125 0.8443984375
vt 0.28581796875 0.83793828125
vt 0.29427890625 0.82049296875
vt 0.286646875 0.828125
vt 0.28581796875 0.82612421875
vt 0.292278125 0.8196640625
vt 0.275853125 0.8359375
vt 0.286646875 0.8359375
vt 0.28581796875 0.83793828125
vt 0.27668203125 0.83793828125
vt 0.286646875 0.828125
vt 0.275853125 0.828125
vt 0.27668203125 0.82612421875
vt 0.28581796875 0.82612421875
vt 0.26822109375 0.84356953125
vt 0.275853125 0.8359375
vt 0.27668203125 0.83793828125
vt 0.270221875 0.8443984375
vt 0.275853125 0.828125
vt 0.26822109375 0.82049296875
vt 0.270221875 0.8196640625
vt 0.27668203125 0.82612421875
vt 0.26822109375 0.8543632812499999
vt 0.26822109375 0.84356953125
vt 0.270221875 0.8443984375
vt 0.270221875 0.853534375
vt 0.26822109375 0.82049296875
vt 0.26822109375 0.8096992187500001
vt 0.270221875 0.810528125
vt 0.270221875 0.8196640625
vt 0.3511875 0.9179468749999999
vt 0.344125 0.9179468749999999
vt 0.34308828125 0.91544375
vt 0.35222421875 0.91544375
vt 0.344125 0.9179468749999999
vt 0.33913125 0.922940625
vt 0.336628125 0.92190390625
vt 0.34308828125 0.91544375
vt 0.33913125 0.922940625
vt 0.33913125 0.930003125
vt 0.336628125 0.93103984375
vt 0.336628125 0.92190390625
vt 0.33913125 0.930003125
vt 0.344125 0.934996875
vt 0.34308828125 0.9375
vt 0.336628125 0.93103984375
vt 0.344125 0.934996875
vt 0.3511875 0.934996875
vt 0.35222421875 0.9375
vt 0.34308828125 0.9375
vt 0.3511875 0.934996875
vt 0.35618125 0.930003125
vt 0.358684375 0.93103984375
vt 0.35222421875 0.9375
vt 0.35618125 0.922940625
vt 0.3511875 0.9179468749999999
vt 0.35222421875 0.91544375
vt 0.358684375 0.92190390625
vt 0.35618125 0.930003125
vt 0.35618125 0.922940625
vt 0.358684375 0.92190390625
vt 0.358684375 0.93103984375
vt 0.2734375 0.578125
vt 0.28125 0.578125
vt 0.28125 0.6015625
vt 0.2734375 0.6015625
vt 0.421875 0.5703125
vt 0.4296875 0.5703125
vt 0.4296875 0.59375
vt 0.421875 0.59375
vt 0.375 0.5703125
vt 0.3828125 0.5703125
vt 0.3828125 0.59375
vt 0.375 0.59375
vt 0.046875 0.546875
vt 0.0546875 0.546875
vt 0.0546875 0.5703125
vt 0.046875 0.5703125
vt 0.09375 0.5546875
vt 0.1015625 0.5546875
vt 0.1015625 0.578125
vt 0.09375 0.578125
vt 0.015625 0.546875
vt 0.0234375 0.546875
vt 0.0234375 0.5703125
vt 0.015625 0.5703125
vt 0.390625 0.5546875
vt 0.3984375 0.5546875
vt 0.3984375 0.578125
vt 0.390625 0.578125
vt 0.421875 0.71875
vt 0.4296875 0.71875
vt 0.4296875 0.7421875
vt 0.421875 0.7421875
vt 0.4140625 0.5546875
vt 0.4140625 0.578125
vt 0.40625 0.578125
vt 0.40625 0.5546875
vt 0.421875 0.5390625
vt 0.421875 0.546875
vt 0.40625 0.546875
vt 0.40625 0.5390625
vt 0.296875 0.5546875
vt 0.296875 0.578125
vt 0.2890625 0.578125
vt 0.2890625 0.5546875
vt 0.46875 0.6328125
vt 0.46875 0.640625
vt 0.453125 0.640625
vt 0.453125 0.6328125
vt 0.4296875 0.6015625
vt 0.4296875 0.625
vt 0.421875 0.625
vt 0.421875 0.6015625
vt 0.46875 0.5859375
vt 0.46875 0.59375
vt 0.453125 0.59375
vt 0.453125 0.5859375
vt 0.4296875 0.6875
vt 0.4296875 0.7109375
vt 0.421875 0.7109375
vt 0.421875 0.6875
vt 0.46875 0.6171875
vt 0.46875 0.625
vt 0.453125 0.625
vt 0.453125 0.6171875
vt 0.0390625 0.546875
vt 0.0390625 0.5703125
vt 0.03125 0.5703125
vt 0.03125 0.546875
vt 0.46875 0.5390625
vt 0.46875 0.546875
vt 0.453125 0.546875
vt 0.453125 0.5390625
vt 0.34375 0.5546875
vt 0.34375 0.578125
vt 0.3359375 0.578125
vt 0.3359375 0.5546875
vt 0.3984375 0.5390625
vt 0.3984375 0.546875
vt 0.3828125 0.546875
vt 0.3828125 0.5390625
vt 0.0078125 0.546875
vt 0.0078125 0.5703125
vt 0 0.5703125
vt 0 0.546875
vt 0.4453125 0.5390625
vt 0.4453125 0.546875
vt 0.4296875 0.546875
vt 0.4296875 0.5390625
vt 0.359375 0.5546875
vt 0.359375 0.578125
vt 0.3515625 0.578125
vt 0.3515625 0.5546875
vt 0.46875 0.6015625
vt 0.46875 0.609375
vt 0.453125 0.609375
vt 0.453125 0.6015625
vt 0.026109375 0.7573
vt 0.0354125 0.766603125
vt 0.0334125 0.76743125
vt 0.02528125 0.7593
vt 0.168225 0.772459375
vt 0.158921875 0.7817625
vt 0.15809375 0.7797625
vt 0.166225 0.77163125
vt 0.012953125 0.7573
vt 0.026109375 0.7573
vt 0.02528125 0.7593
vt 0.01378125 0.7593
vt 0.158921875 0.7817625
vt 0.145765625 0.7817625
vt 0.14659375 0.7797625
vt 0.15809375 0.7797625
vt 0.00365 0.766603125
vt 0.012953125 0.7573
vt 0.01378125 0.7593
vt 0.00565 0.76743125
vt 0.145765625 0.7817625
vt 0.1364625 0.772459375
vt 0.1384625 0.77163125
vt 0.14659375 0.7797625
vt 0.00365 0.779759375
vt 0.00365 0.766603125
vt 0.00565 0.76743125
vt 0.00565 0.77893125
vt 0.1364625 0.772459375
vt 0.1364625 0.759303125
vt 0.1384625 0.76013125
vt 0.1384625 0.77163125
vt 0.012953125 0.7890625
vt 0.00365 0.779759375
vt 0.00565 0.77893125
vt 0.01378125 0.7870625
vt 0.1364625 0.759303125
vt 0.145765625 0.75
vt 0.14659375 0.752
vt 0.1384625 0.76013125
vt 0.026109375 0.7890625
vt 0.012953125 0.7890625
vt 0.01378125 0.7870625
vt 0.02528125 0.7870625
vt 0.145765625 0.75
vt 0.158921875 0.75
vt 0.15809375 0.752
vt 0.14659375 0.752
vt 0.0354125 0.779759375
vt 0.026109375 0.7890625
vt 0.02528125 0.7870625
vt 0.0334125 0.77893125
vt 0.158921875 0.75
vt 0.168225 0.759303125
vt 0.166225 0.76013125
vt 0.15809375 0.752
vt 0.0354125 0.766603125
vt 0.0354125 0.779759375
vt 0.0334125 0.77893125
vt 0.0334125 0.76743125
vt 0.168225 0.759303125
vt 0.168225 0.772459375
vt 0.166225 0.77163125
vt 0.166225 0.76013125
vn 0 -1 0
vn 0.7071067811865476 0 0.7071067811865476
vn 0 1 0
vn 0 -1 0
vn 1 0 0
vn 0 1 0
vn 0 -1 0
vn 0.7071067811865476 0 -0.7071067811865476
vn 0 1 0
vn 0 -1 0
vn 0 0 -1
vn 0 1 0
vn 0 -1 0
vn -0.7071067811865476 0 -0.7071067811865476
vn 0 1 0
vn 0 -1 0
vn -1 0 0
vn 0 1 0
vn 0 -1 0
vn -0.7071067811865476 0 0.7071067811865476
vn 0 1 0
vn 0 -1 0
vn 0 0 1
vn 0 1 0
vn -0.7071067811865477 0 0.7071067811865474
vn -1 0 0
vn -0.7071067811865476 0 -0.7071067811865476
vn 0 0 -1
vn 0.7071067811865476 0 -0.7071067811865476
vn 1 0 0
vn 0.7071067811865477 0 0.7071067811865474
vn 0 0 1
vn 0 1 0
vn 0 -1 0
vn 0 1 0
vn 0 -1 0
vn 0 1 0
vn 0 -1 0
vn 0 1 0
vn 0 -1 0
vn 0 1 0
vn 0 -1 0
vn 0 1 0
vn 0 -1 0
vn 0 1 0
vn 0 -1 0
vn 0 1 0
vn 0 -1 0
vn -1 0 0
vn -0.7071067811865476 0 0.7071067811865476
vn 0 0 1
vn 0.7071067811865476 0 0.7071067811865476
vn 1 0 0
vn 0.7071067811865476 0 -0.7071067811865476
vn 0 0 -1
vn -0.7071067811865476 0 -0.7071067811865476
vn -0.7808688094430304 -0.6246950475544242 0
vn -0.5521596968020962 -0.6246913945740202 0.5521596968020965
vn 0 -0.6246950475544246 0.7808688094430302
vn 0.5521596968020964 -0.6246913945740198 0.5521596968020968
vn 0.7808688094430304 -0.6246950475544242 0
vn 0.5521596968020962 -0.6246913945740202 -0.5521596968020965
vn 0 -0.6246950475544246 -0.7808688094430302
vn -0.5521596968020964 -0.6246913945740198 -0.5521596968020968
vn -0.7071067811865476 0 0.7071067811865476
vn -0.7071067811865472 0 0.7071067811865479
vn 0 0 1
vn 0 0 1
vn 0.7071067811865476 0 0.7071067811865476
vn 0.7071067811865474 0 0.7071067811865478
vn 1 0 0
vn 1 0 0
vn 0.7071067811865476 0 -0.7071067811865476
vn 0.7071067811865475 0 -0.7071067811865477
vn 0 0 -1
vn 0 0 -1
vn -0.7071067811865476 0 -0.7071067811865476
vn -0.7071067811865474 0 -0.7071067811865477
vn -1 0 0
vn -1 0 0
vn 0 -1 0
vn 0 1 0
vn 0 -1 0
vn 0 1 0
vn 0 -1 0
vn 0 1 0
vn 0 -1 0
vn 0 1 0
vn 0 -1 0
vn 0 1 0
vn 0 -1 0
vn 0 1 0
vn 0 -1 0
vn 0 1 0
vn 0 -1 0
vn 0 1 0
vn 0 1 0
vn 0 1 0
vn 0 1 0
vn 0 1 0
vn 0 1 0
vn 0 1 0
vn 0 1 0
vn 0 1 0
vn 0 0 -1
vn 0.7071067811865476 0 -0.7071067811865476
vn 1 0 0
vn 0.7071067811865478 0 0.7071067811865474
vn 0 0 1
vn -0.7071067811865478 0 0.7071067811865474
vn -0.7071067811865476 0 -0.7071067811865476
vn -1 0 0
vn 0.7071067811865477 0 0.7071067811865474
vn 0.7071067811865476 0 0.7071067811865476
vn 0 0 1
vn 0 0 1
vn -0.7071067811865477 0 0.7071067811865474
vn -0.7071067811865476 0 0.7071067811865476
vn -1 0 0
vn -1 0 0
vn -0.7071067811865476 0 -0.7071067811865476
vn -0.7071067811865476 0 -0.7071067811865476
vn 0 0 -1
vn 0 0 -1
vn 0.7071067811865476 0 -0.7071067811865476
vn 0.7071067811865476 0 -0.7071067811865476
vn 1 0 0
vn 1 0 0
vn 0 1 0
vn 0 -1 0
vn 0 1 0
vn 0 -1 0
vn 0 1 0
vn 0 -1 0
vn 0 1 0
vn 0 -1 0
vn 0 1 0
vn 0 -1 0
vn 0 1 0
vn 0 -1 0
vn 0 1 0
vn 0 -1 0
vn 0 1 0
vn 0 -1 0
usemtl m_5a10c0e1-a80d-0a53-8c8d-6dd2cd0dfae8
f 522/1809/453 521/1810/453 519/1811/453
f 491/1812/454 533/1813/454 531/1814/454 492/1815/454
f 567/1816/455 574/1817/455 568/1818/455
f 523/1819/456 522/1820/456 519/1821/456
f 490/1822/457 535/1823/457 533/1824/457 491/1825/457
f 574/1826/458 573/1827/458 568/1828/458
f 524/1829/459 523/1830/459 519/1831/459
f 489/1832/460 537/1833/460 535/1834/460 490/1835/460
f 573/1836/461 572/1837/461 568/1838/461
f 525/1839/462 524/1840/462 519/1841/462
f 488/1842/463 539/1843/463 537/1844/463 489/1845/463
f 572/1846/464 571/1847/464 568/1848/464
f 518/1849/465 525/1850/465 519/1851/465
f 487/1852/466 541/1853/466 539/1854/466 488/1855/466
f 571/1856/467 570/1857/467 568/1858/467
f 517/1859/468 518/1860/468 519/1861/468
f 486/1862/469 528/1863/469 541/1864/469 487/1865/469
f 570/1866/470 569/1867/470 568/1868/470
f 520/1869/471 517/1870/471 519/1871/471
f 485/1872/472 529/1873/472 528/1874/472 486/1875/472
f 569/1876/473 566/1877/473 568/1878/473
f 521/1879/474 520/1880/474 519/1881/474
f 492/1882/475 531/1883/475 529/1884/475 485/1885/475
f 566/1886/476 567/1887/476 568/1888/476
f 495/1889/477 582/1890/477 580/1891/477 494/1892/477
f 497/1893/478 584/1894/478 582/1895/478 495/1896/478
f 499/1897/479 586/1898/479 584/1899/479 497/1900/479
f 501/1901/480 588/1902/480 586/1903/480 499/1904/480
f 503/1905/481 590/1906/481 588/1907/481 501/1908/481
f 505/1909/482 577/1910/482 590/1911/482 503/1912/482
f 507/1913/483 578/1914/483 577/1915/483 505/1916/483
f 494/1917/484 580/1918/484 578/1919/484 507/1920/484
f 495/1921/485 494/1922/485 485/1923/485 486/1924/485
f 493/1925/486 496/1926/486 481/1927/486 483/1928/486
f 497/1929/487 495/1930/487 486/1931/487 487/1932/487
f 496/1933/488 498/1934/488 479/1935/488 481/1936/488
f 499/1937/489 497/1938/489 487/1939/489 488/1940/489
f 498/1941/490 500/1942/490 477/1943/490 479/1944/490
f 501/1945/491 499/1946/491 488/1947/491 489/1948/491
f 500/1949/492 502/1950/492 475/1951/492 477/1952/492
f 503/1953/493 501/1954/493 489/1955/493 490/1956/493
f 502/1957/494 504/1958/494 473/1959/494 475/1960/494
f 505/1961/495 503/1962/495 490/1963/495 491/1964/495
f 504/1965/496 506/1966/496 471/1967/496 473/1968/496
f 507/1969/497 505/1970/497 491/1971/497 492/1972/497
f 506/1973/498 508/1974/498 469/1975/498 471/1976/498
f 494/1977/499 507/1978/499 492/1979/499 485/1980/499
f 508/1981/500 493/1982/500 483/1983/500 469/1984/500
f 510/1985/501 509/1986/501 481/1987/501 479/1988/501
f 509/1989/502 511/1990/502 483/1991/502 481/1992/502
f 511/1993/503 512/1994/503 469/1995/503 483/1996/503
f 512/1997/504 513/1998/504 471/1999/504 469/2000/504
f 513/2001/505 514/2002/505 473/2003/505 471/2004/505
f 514/2005/506 515/2006/506 475/2007/506 473/2008/506
f 515/2009/507 516/2010/507 477/2011/507 475/2012/507
f 516/2013/508 510/2014/508 479/2015/508 477/2016/508
f 518/2017/509 517/2018/509 509/2019/509 510/2020/509
f 517/2021/510 520/2022/510 511/2023/510 509/2024/510
f 520/2025/511 521/2026/511 512/2027/511 511/2028/511
f 521/2029/512 522/2030/512 513/2031/512 512/2032/512
f 522/2033/513 523/2034/513 514/2035/513 513/2036/513
f 523/2037/514 524/2038/514 515/2039/514 514/2040/514
f 524/2041/515 525/2042/515 516/2043/515 515/2044/515
f 525/2045/516 518/2046/516 510/2047/516 516/2048/516
f 482/2049/517 526/2050/517 527/2051/517 484/2052/517
f 542/2053/518 543/2054/518 544/2055/518 545/2056/518
f 484/2057/519 527/2058/519 530/2059/519 470/2060/519
f 545/2061/520 544/2062/520 546/2063/520 547/2064/520
f 470/2065/521 530/2066/521 532/2067/521 472/2068/521
f 547/2069/522 546/2070/522 548/2071/522 549/2072/522
f 472/2073/523 532/2074/523 534/2075/523 474/2076/523
f 549/2077/524 548/2078/524 550/2079/524 551/2080/524
f 474/2081/525 534/2082/525 536/2083/525 476/2084/525
f 551/2085/526 550/2086/526 552/2087/526 553/2088/526
f 476/2089/527 536/2090/527 538/2091/527 478/2092/527
f 553/2093/528 552/2094/528 554/2095/528 555/2096/528
f 478/2097/529 538/2098/529 540/2099/529 480/2100/529
f 555/2101/530 554/2102/530 556/2103/530 557/2104/530
f 480/2105/531 540/2106/531 526/2107/531 482/2108/531
f 557/2109/532 556/2110/532 543/2111/532 542/2112/532
f 544/2113/533 543/2114/533 528/2115/533 529/2116/533
f 542/2117/534 545/2118/534 527/2119/534 526/2120/534
f 546/2121/535 544/2122/535 529/2123/535 531/2124/535
f 545/2125/536 547/2126/536 530/2127/536 527/2128/536
f 548/2129/537 546/2130/537 531/2131/537 533/2132/537
f 547/2133/538 549/2134/538 532/2135/538 530/2136/538
f 550/2137/539 548/2138/539 533/2139/539 535/2140/539
f 549/2141/540 551/2142/540 534/2143/540 532/2144/540
f 552/2145/541 550/2146/541 535/2147/541 537/2148/541
f 551/2149/542 553/2150/542 536/2151/542 534/2152/542
f 554/2153/543 552/2154/543 537/2155/543 539/2156/543
f 553/2157/544 555/2158/544 538/2159/544 536/2160/544
f 556/2161/545 554/2162/545 539/2163/545 541/2164/545
f 555/2165/546 557/2166/546 540/2167/546 538/2168/546
f 543/2169/547 556/2170/547 541/2171/547 528/2172/547
f 557/2173/548 542/2174/548 526/2175/548 540/2176/548
f 559/2177/549 558/2178/549 484/2179/549 470/2180/549
f 558/2181/550 560/2182/550 482/2183/550 484/2184/550
f 560/2185/551 561/2186/551 480/2187/551 482/2188/551
f 561/2189/552 562/2190/552 478/2191/552 480/2192/552
f 562/2193/553 563/2194/553 476/2195/553 478/2196/553
f 563/2197/554 564/2198/554 474/2199/554 476/2200/554
f 565/2201/555 559/2202/555 470/2203/555 472/2204/555
f 564/2205/556 565/2206/556 472/2207/556 474/2208/556
f 567/2209/557 566/2210/557 558/2211/557 559/2212/557
f 566/2213/558 569/2214/558 560/2215/558 558/2216/558
f 569/2217/559 570/2218/559 561/2219/559 560/2220/559
f 570/2221/560 571/2222/560 562/2223/560 561/2224/560
f 571/2225/561 572/2226/561 563/2227/561 562/2228/561
f 572/2229/562 573/2230/562 564/2231/562 563/2232/562
f 574/2233/563 567/2234/563 559/2235/563 565/2236/563
f 573/2237/564 574/2238/564 565/2239/564 564/2240/564
f 506/2241/565 575/2242/565 576/2243/565 508/2244/565
f 591/2245/566 592/2246/566 593/2247/566 594/2248/566
f 508/2249/567 576/2250/567 579/2251/567 493/2252/567
f 594/2253/568 593/2254/568 595/2255/568 596/2256/568
f 493/2257/569 579/2258/569 581/2259/569 496/2260/569
f 596/2261/570 595/2262/570 597/2263/570 598/2264/570
f 496/2265/571 581/2266/571 583/2267/571 498/2268/571
f 598/2269/572 597/2270/572 599/2271/572 600/2272/572
f 498/2273/573 583/2274/573 585/2275/573 500/2276/573
f 600/2277/574 599/2278/574 601/2279/574 602/2280/574
f 500/2281/575 585/2282/575 587/2283/575 502/2284/575
f 602/2285/576 601/2286/576 603/2287/576 604/2288/576
f 502/2289/577 587/2290/577 589/2291/577 504/2292/577
f 604/2293/578 603/2294/578 605/2295/578 606/2296/578
f 504/2297/579 589/2298/579 575/2299/579 506/2300/579
f 606/2301/580 605/2302/580 592/2303/580 591/2304/580
f 593/2305/581 592/2306/581 577/2307/581 578/2308/581
f 591/2309/582 594/2310/582 576/2311/582 575/2312/582
f 595/2313/583 593/2314/583 578/2315/583 580/2316/583
f 594/2317/584 596/2318/584 579/2319/584 576/2320/584
f 597/2321/585 595/2322/585 580/2323/585 582/2324/585
f 596/2325/586 598/2326/586 581/2327/586 579/2328/586
f 599/2329/587 597/2330/587 582/2331/587 584/2332/587
f 598/2333/588 600/2334/588 583/2335/588 581/2336/588
f 601/2337/589 599/2338/589 584/2339/589 586/2340/589
f 600/2341/590 602/2342/590 585/2343/590 583/2344/590
f 603/2345/591 601/2346/591 586/2347/591 588/2348/591
f 602/2349/592 604/2350/592 587/2351/592 585/2352/592
f 605/2353/593 603/2354/593 588/2355/593 590/2356/593
f 604/2357/594 606/2358/594 589/2359/594 587/2360/594
f 592/2361/595 605/2362/595 590/2363/595 577/2364/595
f 606/2365/596 591/2366/596 575/2367/596 589/2368/596
o cylinder
v 0.094705 0.80625 0.375728125
v 0.094705 1.49375 0.375728125
v 0.043021875 0.80625 0.324045
v 0.043021875 1.49375 0.324045
v 0.043021875 0.80625 0.250955
v 0.043021875 1.49375 0.250955
v 0.094705 0.80625 0.199271875
v 0.094705 1.49375 0.199271875
v 0.167795 0.80625 0.199271875
v 0.167795 1.49375 0.199271875
v 0.219478125 0.80625 0.250955
v 0.219478125 1.49375 0.250955
v 0.219478125 0.80625 0.324045
v 0.219478125 1.49375 0.324045
v 0.167795 0.80625 0.375728125
v 0.167795 1.49375 0.375728125
v 0.167795 1.10625 0.375728125
v 0.219478125 1.10625 0.324045
v 0.219478125 1.10625 0.250955
v 0.167795 1.10625 0.199271875
v 0.094705 1.10625 0.199271875
v 0.043021875 1.10625 0.250955
v 0.043021875 1.10625 0.324045
v 0.094705 1.10625 0.375728125
v 0.177248125 0.80625 0.39854875
v 0.177248125 1.10625 0.39854875
v 0.24229875 1.10625 0.333498125
v 0.24229875 0.80625 0.333498125
v 0.24229875 1.10625 0.241501875
v 0.24229875 0.80625 0.241501875
v 0.177248125 1.10625 0.17645125
v 0.177248125 0.80625 0.17645125
v 0.085251875 1.10625 0.17645125
v 0.085251875 0.80625 0.17645125
v 0.02020125 1.10625 0.241501875
v 0.02020125 0.80625 0.241501875
v 0.02020125 1.10625 0.333498125
v 0.02020125 0.80625 0.333498125
v 0.085251875 1.10625 0.39854875
v 0.085251875 0.80625 0.39854875
v 0.219478125 0.75625 0.324045
v 0.219478125 0.75625 0.250955
v 0.167795 0.75625 0.375728125
v 0.094705 0.75625 0.375728125
v 0.043021875 0.75625 0.324045
v 0.043021875 0.75625 0.250955
v 0.094705 0.75625 0.199271875
v 0.167795 0.75625 0.199271875
v 0.194478125 0.725 0.31369
v 0.194478125 0.725 0.26131
v 0.13125 0.725 0.2875
v 0.15744 0.725 0.350728125
v 0.10506 0.725 0.350728125
v 0.068021875 0.725 0.31369
v 0.068021875 0.725 0.26131
v 0.10506 0.725 0.224271875
v 0.15744 0.725 0.224271875
v 0.219478125 1.458333125 0.324045
v 0.167795 1.458333125 0.375728125
v 0.219478125 1.40970125 0.324045
v 0.167795 1.40970125 0.375728125
v 0.094705 1.458333125 0.375728125
v 0.094705 1.40970125 0.375728125
v 0.043021875 1.458333125 0.324045
v 0.043021875 1.40970125 0.324045
v 0.043021875 1.458333125 0.250955
v 0.043021875 1.40970125 0.250955
v 0.094705 1.458333125 0.199271875
v 0.094705 1.40970125 0.199271875
v 0.167795 1.458333125 0.199271875
v 0.167795 1.40970125 0.199271875
v 0.219478125 1.458333125 0.250955
v 0.219478125 1.40970125 0.250955
v 0.2354825 1.458333125 0.330674375
v 0.2354825 1.40970125 0.330674375
v 0.174424375 1.40970125 0.3917325
v 0.174424375 1.458333125 0.3917325
v 0.088075625 1.40970125 0.3917325
v 0.088075625 1.458333125 0.3917325
v 0.0270175 1.40970125 0.330674375
v 0.0270175 1.458333125 0.330674375
v 0.0270175 1.40970125 0.244325625
v 0.0270175 1.458333125 0.244325625
v 0.088075625 1.40970125 0.1832675
v 0.088075625 1.458333125 0.1832675
v 0.174424375 1.40970125 0.1832675
v 0.174424375 1.458333125 0.1832675
v 0.2354825 1.40970125 0.244325625
v 0.2354825 1.458333125 0.244325625
v 0.159499375 1.49375 0.355700625
v 0.103000625 1.49375 0.355700625
v 0.199450625 1.49375 0.315749375
v 0.199450625 1.49375 0.259250625
v 0.159499375 1.49375 0.219299375
v 0.103000625 1.49375 0.219299375
v 0.063049375 1.49375 0.259250625
v 0.063049375 1.49375 0.315749375
v 0.159499375 1.30625 0.355700625
v 0.103000625 1.30625 0.355700625
v 0.13125 1.30625 0.2875
v 0.199450625 1.30625 0.315749375
v 0.199450625 1.30625 0.259250625
v 0.159499375 1.30625 0.219299375
v 0.103000625 1.30625 0.219299375
v 0.063049375 1.30625 0.259250625
v 0.063049375 1.30625 0.315749375
v 0.02020125 0.98125 0.333498125
v 0.085251875 0.98125 0.39854875
v 0.02020125 1.05625 0.333498125
v 0.085251875 1.05625 0.39854875
v 0.177248125 0.98125 0.39854875
v 0.177248125 1.05625 0.39854875
v 0.24229875 0.98125 0.333498125
v 0.24229875 1.05625 0.333498125
v 0.24229875 0.98125 0.241501875
v 0.24229875 1.05625 0.241501875
v 0.177248125 0.98125 0.17645125
v 0.177248125 1.05625 0.17645125
v 0.085251875 0.98125 0.17645125
v 0.085251875 1.05625 0.17645125
v 0.02020125 0.98125 0.241501875
v 0.02020125 1.05625 0.241501875
v 0.0041975 0.98125 0.340126875
v 0.0041975 1.05625 0.340126875
v 0.078623125 1.05625 0.4145525
v 0.078623125 0.98125 0.4145525
v 0.183876875 1.05625 0.4145525
v 0.183876875 0.98125 0.4145525
v 0.2583025 1.05625 0.340126875
v 0.2583025 0.98125 0.340126875
v 0.2583025 1.05625 0.234873125
v 0.2583025 0.98125 0.234873125
v 0.183876875 1.05625 0.1604475
v 0.183876875 0.98125 0.1604475
v 0.078623125 1.05625 0.1604475
v 0.078623125 0.98125 0.1604475
v 0.0041975 1.05625 0.234873125
v 0.0041975 0.98125 0.234873125
vt 0.2415546875 0.60174375
vt 0.246184375 0.5971140625
vt 0.23828125 0.593840625
vt 0.1796875 0.625
vt 0.1875 0.625
vt 0.1875 0.5859375
vt 0.1796875 0.5859375
vt 0.38743125 0.61294375
vt 0.3824375 0.60795
vt 0.37890625 0.616475
vt 0.246184375 0.5971140625
vt 0.246184375 0.5905671875
vt 0.23828125 0.593840625
vt 0.2734375 0.6484375
vt 0.28125 0.6484375
vt 0.28125 0.609375
vt 0.2734375 0.609375
vt 0.38743125 0.62000625
vt 0.38743125 0.61294375
vt 0.37890625 0.616475
vt 0.246184375 0.5905671875
vt 0.2415546875 0.5859375
vt 0.23828125 0.593840625
vt 0.2109375 0.625
vt 0.21875 0.625
vt 0.21875 0.5859375
vt 0.2109375 0.5859375
vt 0.3824375 0.625
vt 0.38743125 0.62000625
vt 0.37890625 0.616475
vt 0.2415546875 0.5859375
vt 0.2350078125 0.5859375
vt 0.23828125 0.593840625
vt 0.1328125 0.625
vt 0.140625 0.625
vt 0.140625 0.5859375
vt 0.1328125 0.5859375
vt 0.375375 0.625
vt 0.3824375 0.625
vt 0.37890625 0.616475
vt 0.2350078125 0.5859375
vt 0.230378125 0.5905671875
vt 0.23828125 0.593840625
vt 0.2890625 0.625
vt 0.296875 0.625
vt 0.296875 0.5859375
vt 0.2890625 0.5859375
vt 0.37038125 0.62000625
vt 0.375375 0.625
vt 0.37890625 0.616475
vt 0.230378125 0.5905671875
vt 0.230378125 0.5971140625
vt 0.23828125 0.593840625
vt 0.1484375 0.625
vt 0.15625 0.625
vt 0.15625 0.5859375
vt 0.1484375 0.5859375
vt 0.37038125 0.61294375
vt 0.37038125 0.62000625
vt 0.37890625 0.616475
vt 0.230378125 0.5971140625
vt 0.2350078125 0.60174375
vt 0.23828125 0.593840625
vt 0.1953125 0.625
vt 0.203125 0.625
vt 0.203125 0.5859375
vt 0.1953125 0.5859375
vt 0.375375 0.60795
vt 0.37038125 0.61294375
vt 0.37890625 0.616475
vt 0.2350078125 0.60174375
vt 0.2415546875 0.60174375
vt 0.23828125 0.593840625
vt 0.1640625 0.625
vt 0.171875 0.625
vt 0.171875 0.5859375
vt 0.1640625 0.5859375
vt 0.3824375 0.60795
vt 0.375375 0.60795
vt 0.37890625 0.616475
vt 0.4921875 0.7109375
vt 0.484375 0.7109375
vt 0.484375 0.71875
vt 0.4921875 0.71875
vt 0.484375 0.5703125
vt 0.4765625 0.5703125
vt 0.4765625 0.578125
vt 0.484375 0.578125
vt 0.4296875 0.5078125
vt 0.421875 0.5078125
vt 0.421875 0.515625
vt 0.4296875 0.515625
vt 0.484375 0.5546875
vt 0.4765625 0.5546875
vt 0.4765625 0.5625
vt 0.484375 0.5625
vt 0.4453125 0.5078125
vt 0.4375 0.5078125
vt 0.4375 0.515625
vt 0.4453125 0.515625
vt 0.2265625 0.5078125
vt 0.21875 0.5078125
vt 0.21875 0.515625
vt 0.2265625 0.515625
vt 0.4921875 0.6796875
vt 0.484375 0.6796875
vt 0.484375 0.6875
vt 0.4921875 0.6875
vt 0.484375 0.5390625
vt 0.4765625 0.5390625
vt 0.4765625 0.546875
vt 0.484375 0.546875
vt 0.23761953125 0.936028125
vt 0.2364375 0.933175
vt 0.22830625 0.94130625
vt 0.231159375 0.94248828125
vt 0.231159375 0.86219921875
vt 0.22830625 0.86338125
vt 0.2364375 0.8715125
vt 0.23761953125 0.868659375
vt 0.231159375 0.94248828125
vt 0.22830625 0.94130625
vt 0.22830625 0.95280625
vt 0.231159375 0.95162421875
vt 0.231159375 0.85306328125
vt 0.22830625 0.85188125
vt 0.22830625 0.86338125
vt 0.231159375 0.86219921875
vt 0.231159375 0.95162421875
vt 0.22830625 0.95280625
vt 0.2364375 0.9609375
vt 0.23761953125 0.958084375
vt 0.23761953125 0.846603125
vt 0.2364375 0.84375
vt 0.22830625 0.85188125
vt 0.231159375 0.85306328125
vt 0.23761953125 0.958084375
vt 0.2364375 0.9609375
vt 0.2479375 0.9609375
vt 0.24675546875 0.958084375
vt 0.24675546875 0.846603125
vt 0.2479375 0.84375
vt 0.2364375 0.84375
vt 0.23761953125 0.846603125
vt 0.24675546875 0.958084375
vt 0.2479375 0.9609375
vt 0.25606875 0.95280625
vt 0.253215625 0.95162421875
vt 0.253215625 0.85306328125
vt 0.25606875 0.85188125
vt 0.2479375 0.84375
vt 0.24675546875 0.846603125
vt 0.253215625 0.95162421875
vt 0.25606875 0.95280625
vt 0.25606875 0.94130625
vt 0.253215625 0.94248828125
vt 0.253215625 0.86219921875
vt 0.25606875 0.86338125
vt 0.25606875 0.85188125
vt 0.253215625 0.85306328125
vt 0.253215625 0.94248828125
vt 0.25606875 0.94130625
vt 0.2479375 0.933175
vt 0.24675546875 0.936028125
vt 0.24675546875 0.868659375
vt 0.2479375 0.8715125
vt 0.25606875 0.86338125
vt 0.253215625 0.86219921875
vt 0.24675546875 0.936028125
vt 0.2479375 0.933175
vt 0.2364375 0.933175
vt 0.23761953125 0.936028125
vt 0.23761953125 0.868659375
vt 0.2364375 0.8715125
vt 0.2479375 0.8715125
vt 0.24675546875 0.868659375
vt 0.0078125 0.515625
vt 0.0078125 0.5078125
vt 0 0.5078125
vt 0 0.515625
vt 0.4921875 0.671875
vt 0.4921875 0.6640625
vt 0.484375 0.6640625
vt 0.484375 0.671875
vt 0.0234375 0.515625
vt 0.0234375 0.5078125
vt 0.015625 0.5078125
vt 0.015625 0.515625
vt 0.4921875 0.65625
vt 0.4921875 0.6484375
vt 0.484375 0.6484375
vt 0.484375 0.65625
vt 0.0390625 0.515625
vt 0.0390625 0.5078125
vt 0.03125 0.5078125
vt 0.03125 0.515625
vt 0.4609375 0.515625
vt 0.4609375 0.5078125
vt 0.453125 0.5078125
vt 0.453125 0.515625
vt 0.0546875 0.515625
vt 0.0546875 0.5078125
vt 0.046875 0.5078125
vt 0.046875 0.515625
vt 0.4921875 0.515625
vt 0.4921875 0.5078125
vt 0.484375 0.5078125
vt 0.484375 0.515625
vt 0.20769296875 0.53125
vt 0.2063984375 0.5234375
vt 0.1998515625 0.5234375
vt 0.19855703125 0.53125
vt 0.47788671875 0.8828125
vt 0.4765921875 0.875
vt 0.47004453125 0.875
vt 0.46875 0.8828125
vt 0.23113046875 0.53125
vt 0.2298359375 0.5234375
vt 0.2232890625 0.5234375
vt 0.22199453125 0.53125
vt 0.484375 0.8046875
vt 0.48308046875 0.796875
vt 0.4765328125 0.796875
vt 0.4752390625 0.8046875
vt 0.48113046875 0.8203125
vt 0.4798359375 0.8125
vt 0.4732890625 0.8125
vt 0.47199453125 0.8203125
vt 0.47788671875 0.8359375
vt 0.4765921875 0.828125
vt 0.47004453125 0.828125
vt 0.46875 0.8359375
vt 0.48113046875 0.7734375
vt 0.4798359375 0.765625
vt 0.4732890625 0.765625
vt 0.47199453125 0.7734375
vt 0.484375 0.7890625
vt 0.48308125 0.78125
vt 0.47653359375 0.78125
vt 0.4752390625 0.7890625
vt 0.3828125 0.5078125
vt 0.375 0.5078125
vt 0.375 0.515625
vt 0.3828125 0.515625
vt 0.4921875 0.7265625
vt 0.484375 0.7265625
vt 0.484375 0.734375
vt 0.4921875 0.734375
vt 0.0703125 0.5078125
vt 0.0625 0.5078125
vt 0.0625 0.515625
vt 0.0703125 0.515625
vt 0.4921875 0.921875
vt 0.484375 0.921875
vt 0.484375 0.9296875
vt 0.4921875 0.9296875
vt 0.3984375 0.5078125
vt 0.390625 0.5078125
vt 0.390625 0.515625
vt 0.3984375 0.515625
vt 0.4921875 0.6953125
vt 0.484375 0.6953125
vt 0.484375 0.703125
vt 0.4921875 0.703125
vt 0.0859375 0.5078125
vt 0.078125 0.5078125
vt 0.078125 0.515625
vt 0.0859375 0.515625
vt 0.2109375 0.5078125
vt 0.203125 0.5078125
vt 0.203125 0.515625
vt 0.2109375 0.515625
vt 0.4765625 0.5078125
vt 0.46875 0.5078125
vt 0.46875 0.515625
vt 0.4765625 0.515625
vt 0.4140625 0.5078125
vt 0.40625 0.5078125
vt 0.40625 0.515625
vt 0.4140625 0.515625
vt 0.4921875 0.90625
vt 0.484375 0.90625
vt 0.484375 0.9140625
vt 0.4921875 0.9140625
vt 0.4921875 0.890625
vt 0.484375 0.890625
vt 0.484375 0.8984375
vt 0.4921875 0.8984375
vt 0.4921875 0.5234375
vt 0.484375 0.5234375
vt 0.484375 0.53125
vt 0.4921875 0.53125
vt 0.5 0.9609375
vt 0.4921875 0.9609375
vt 0.4921875 0.96875
vt 0.5 0.96875
vt 0.1171875 0.5078125
vt 0.109375 0.5078125
vt 0.109375 0.515625
vt 0.1171875 0.515625
vt 0.1953125 0.5078125
vt 0.1875 0.5078125
vt 0.1875 0.515625
vt 0.1953125 0.515625
vt 0.270221875 0.853534375
vt 0.26822109375 0.8543632812499999
vt 0.275853125 0.8619953124999999
vt 0.27668203125 0.85999453125
vt 0.27668203125 0.80406796875
vt 0.275853125 0.8020671875000001
vt 0.26822109375 0.8096992187500001
vt 0.270221875 0.810528125
vt 0.27668203125 0.85999453125
vt 0.275853125 0.8619953124999999
vt 0.286646875 0.8619953124999999
vt 0.28581796875 0.85999453125
vt 0.28581796875 0.80406796875
vt 0.286646875 0.8020671875000001
vt 0.275853125 0.8020671875000001
vt 0.27668203125 0.80406796875
vt 0.28581796875 0.85999453125
vt 0.286646875 0.8619953124999999
vt 0.29427890625 0.8543632812499999
vt 0.292278125 0.853534375
vt 0.292278125 0.810528125
vt 0.29427890625 0.8096992187500001
vt 0.286646875 0.8020671875000001
vt 0.28581796875 0.80406796875
vt 0.292278125 0.853534375
vt 0.29427890625 0.8543632812499999
vt 0.29427890625 0.84356953125
vt 0.292278125 0.8443984375
vt 0.292278125 0.8196640625
vt 0.29427890625 0.82049296875
vt 0.29427890625 0.8096992187500001
vt 0.292278125 0.810528125
vt 0.292278125 0.8443984375
vt 0.29427890625 0.84356953125
vt 0.286646875 0.8359375
vt 0.28581796875 0.83793828125
vt 0.28581796875 0.82612421875
vt 0.286646875 0.828125
vt 0.29427890625 0.82049296875
vt 0.292278125 0.8196640625
vt 0.28581796875 0.83793828125
vt 0.286646875 0.8359375
vt 0.275853125 0.8359375
vt 0.27668203125 0.83793828125
vt 0.27668203125 0.82612421875
vt 0.275853125 0.828125
vt 0.286646875 0.828125
vt 0.28581796875 0.82612421875
vt 0.27668203125 0.83793828125
vt 0.275853125 0.8359375
vt 0.26822109375 0.84356953125
vt 0.270221875 0.8443984375
vt 0.270221875 0.8196640625
vt 0.26822109375 0.82049296875
vt 0.275853125 0.828125
vt 0.27668203125 0.82612421875
vt 0.270221875 0.8443984375
vt 0.26822109375 0.84356953125
vt 0.26822109375 0.8543632812499999
vt 0.270221875 0.853534375
vt 0.270221875 0.810528125
vt 0.26822109375 0.8096992187500001
vt 0.26822109375 0.82049296875
vt 0.270221875 0.8196640625
vt 0.34308828125 0.91544375
vt 0.344125 0.9179468749999999
vt 0.3511875 0.9179468749999999
vt 0.35222421875 0.91544375
vt 0.336628125 0.92190390625
vt 0.33913125 0.922940625
vt 0.344125 0.9179468749999999
vt 0.34308828125 0.91544375
vt 0.336628125 0.93103984375
vt 0.33913125 0.930003125
vt 0.33913125 0.922940625
vt 0.336628125 0.92190390625
vt 0.34308828125 0.9375
vt 0.344125 0.934996875
vt 0.33913125 0.930003125
vt 0.336628125 0.93103984375
vt 0.35222421875 0.9375
vt 0.3511875 0.934996875
vt 0.344125 0.934996875
vt 0.34308828125 0.9375
vt 0.358684375 0.93103984375
vt 0.35618125 0.930003125
vt 0.3511875 0.934996875
vt 0.35222421875 0.9375
vt 0.35222421875 0.91544375
vt 0.3511875 0.9179468749999999
vt 0.35618125 0.922940625
vt 0.358684375 0.92190390625
vt 0.358684375 0.92190390625
vt 0.35618125 0.922940625
vt 0.35618125 0.930003125
vt 0.358684375 0.93103984375
vt 0.28125 0.6015625
vt 0.28125 0.578125
vt 0.2734375 0.578125
vt 0.2734375 0.6015625
vt 0.4296875 0.59375
vt 0.4296875 0.5703125
vt 0.421875 0.5703125
vt 0.421875 0.59375
vt 0.3828125 0.59375
vt 0.3828125 0.5703125
vt 0.375 0.5703125
vt 0.375 0.59375
vt 0.0546875 0.5703125
vt 0.0546875 0.546875
vt 0.046875 0.546875
vt 0.046875 0.5703125
vt 0.1015625 0.578125
vt 0.1015625 0.5546875
vt 0.09375 0.5546875
vt 0.09375 0.578125
vt 0.0234375 0.5703125
vt 0.0234375 0.546875
vt 0.015625 0.546875
vt 0.015625 0.5703125
vt 0.3984375 0.578125
vt 0.3984375 0.5546875
vt 0.390625 0.5546875
vt 0.390625 0.578125
vt 0.4296875 0.7421875
vt 0.4296875 0.71875
vt 0.421875 0.71875
vt 0.421875 0.7421875
vt 0.40625 0.578125
vt 0.4140625 0.578125
vt 0.4140625 0.5546875
vt 0.40625 0.5546875
vt 0.40625 0.546875
vt 0.421875 0.546875
vt 0.421875 0.5390625
vt 0.40625 0.5390625
vt 0.2890625 0.578125
vt 0.296875 0.578125
vt 0.296875 0.5546875
vt 0.2890625 0.5546875
vt 0.453125 0.640625
vt 0.46875 0.640625
vt 0.46875 0.6328125
vt 0.453125 0.6328125
vt 0.421875 0.625
vt 0.4296875 0.625
vt 0.4296875 0.6015625
vt 0.421875 0.6015625
vt 0.453125 0.59375
vt 0.46875 0.59375
vt 0.46875 0.5859375
vt 0.453125 0.5859375
vt 0.421875 0.7109375
vt 0.4296875 0.7109375
vt 0.4296875 0.6875
vt 0.421875 0.6875
vt 0.453125 0.625
vt 0.46875 0.625
vt 0.46875 0.6171875
vt 0.453125 0.6171875
vt 0.03125 0.5703125
vt 0.0390625 0.5703125
vt 0.0390625 0.546875
vt 0.03125 0.546875
vt 0.453125 0.546875
vt 0.46875 0.546875
vt 0.46875 0.5390625
vt 0.453125 0.5390625
vt 0.3359375 0.578125
vt 0.34375 0.578125
vt 0.34375 0.5546875
vt 0.3359375 0.5546875
vt 0.3828125 0.546875
vt 0.3984375 0.546875
vt 0.3984375 0.5390625
vt 0.3828125 0.5390625
vt 0 0.5703125
vt 0.0078125 0.5703125
vt 0.0078125 0.546875
vt 0 0.546875
vt 0.4296875 0.546875
vt 0.4453125 0.546875
vt 0.4453125 0.5390625
vt 0.4296875 0.5390625
vt 0.3515625 0.578125
vt 0.359375 0.578125
vt 0.359375 0.5546875
vt 0.3515625 0.5546875
vt 0.453125 0.609375
vt 0.46875 0.609375
vt 0.46875 0.6015625
vt 0.453125 0.6015625
vt 0.0334125 0.76743125
vt 0.0354125 0.766603125
vt 0.026109375 0.7573
vt 0.02528125 0.7593
vt 0.15809375 0.7797625
vt 0.158921875 0.7817625
vt 0.168225 0.772459375
vt 0.166225 0.77163125
vt 0.02528125 0.7593
vt 0.026109375 0.7573
vt 0.012953125 0.7573
vt 0.01378125 0.7593
vt 0.14659375 0.7797625
vt 0.145765625 0.7817625
vt 0.158921875 0.7817625
vt 0.15809375 0.7797625
vt 0.01378125 0.7593
vt 0.012953125 0.7573
vt 0.00365 0.766603125
vt 0.00565 0.76743125
vt 0.1384625 0.77163125
vt 0.1364625 0.772459375
vt 0.145765625 0.7817625
vt 0.14659375 0.7797625
vt 0.00565 0.76743125
vt 0.00365 0.766603125
vt 0.00365 0.779759375
vt 0.00565 0.77893125
vt 0.1384625 0.76013125
vt 0.1364625 0.759303125
vt 0.1364625 0.772459375
vt 0.1384625 0.77163125
vt 0.00565 0.77893125
vt 0.00365 0.779759375
vt 0.012953125 0.7890625
vt 0.01378125 0.7870625
vt 0.14659375 0.752
vt 0.145765625 0.75
vt 0.1364625 0.759303125
vt 0.1384625 0.76013125
vt 0.01378125 0.7870625
vt 0.012953125 0.7890625
vt 0.026109375 0.7890625
vt 0.02528125 0.7870625
vt 0.15809375 0.752
vt 0.158921875 0.75
vt 0.145765625 0.75
vt 0.14659375 0.752
vt 0.02528125 0.7870625
vt 0.026109375 0.7890625
vt 0.0354125 0.779759375
vt 0.0334125 0.77893125
vt 0.166225 0.76013125
vt 0.168225 0.759303125
vt 0.158921875 0.75
vt 0.15809375 0.752
vt 0.0334125 0.77893125
vt 0.0354125 0.779759375
vt 0.0354125 0.766603125
vt 0.0334125 0.76743125
vt 0.166225 0.77163125
vt 0.168225 0.772459375
vt 0.168225 0.759303125
vt 0.166225 0.76013125
vn 0 -1 0
vn -0.7071067811865476 0 0.7071067811865476
vn 0 1 0
vn 0 -1 0
vn -1 0 0
vn 0 1 0
vn 0 -1 0
vn -0.7071067811865476 0 -0.7071067811865476
vn 0 1 0
vn 0 -1 0
vn 0 0 -1
vn 0 1 0
vn 0 -1 0
vn 0.7071067811865476 0 -0.7071067811865476
vn 0 1 0
vn 0 -1 0
vn 1 0 0
vn 0 1 0
vn 0 -1 0
vn 0.7071067811865476 0 0.7071067811865476
vn 0 1 0
vn 0 -1 0
vn 0 0 1
vn 0 1 0
vn 0.7071067811865477 0 0.7071067811865474
vn 1 0 0
vn 0.7071067811865476 0 -0.7071067811865476
vn 0 0 -1
vn -0.7071067811865476 0 -0.7071067811865476
vn -1 0 0
vn -0.7071067811865477 0 0.7071067811865474
vn 0 0 1
vn 0 1 0
vn 0 -1 0
vn 0 1 0
vn 0 -1 0
vn 0 1 0
vn 0 -1 0
vn 0 1 0
vn 0 -1 0
vn 0 1 0
vn 0 -1 0
vn 0 1 0
vn 0 -1 0
vn 0 1 0
vn 0 -1 0
vn 0 1 0
vn 0 -1 0
vn 1 0 0
vn 0.7071067811865476 0 0.7071067811865476
vn 0 0 1
vn -0.7071067811865476 0 0.7071067811865476
vn -1 0 0
vn -0.7071067811865476 0 -0.7071067811865476
vn 0 0 -1
vn 0.7071067811865476 0 -0.7071067811865476
vn 0.7808688094430304 -0.6246950475544243 0
vn 0.5521596968020962 -0.6246913945740203 0.5521596968020965
vn 0 -0.6246950475544246 0.7808688094430299
vn -0.5521596968020964 -0.6246913945740198 0.5521596968020968
vn -0.7808688094430304 -0.6246950475544243 0
vn -0.5521596968020962 -0.6246913945740203 -0.5521596968020965
vn 0 -0.6246950475544246 -0.7808688094430299
vn 0.5521596968020964 -0.6246913945740198 -0.5521596968020968
vn 0.7071067811865476 0 0.7071067811865476
vn 0.7071067811865472 0 0.7071067811865479
vn 0 0 1
vn 0 0 1
vn -0.7071067811865476 0 0.7071067811865476
vn -0.7071067811865474 0 0.7071067811865478
vn -1 0 0
vn -1 0 0
vn -0.7071067811865476 0 -0.7071067811865476
vn -0.7071067811865475 0 -0.7071067811865477
vn 0 0 -1
vn 0 0 -1
vn 0.7071067811865476 0 -0.7071067811865476
vn 0.7071067811865474 0 -0.7071067811865477
vn 1 0 0
vn 1 0 0
vn 0 -1 0
vn 0 1 0
vn 0 -1 0
vn 0 1 0
vn 0 -1 0
vn 0 1 0
vn 0 -1 0
vn 0 1 0
vn 0 -1 0
vn 0 1 0
vn 0 -1 0
vn 0 1 0
vn 0 -1 0
vn 0 1 0
vn 0 -1 0
vn 0 1 0
vn 0 1 0
vn 0 1 0
vn 0 1 0
vn 0 1 0
vn 0 1 0
vn 0 1 0
vn 0 1 0
vn 0 1 0
vn 0 0 -1
vn -0.7071067811865476 0 -0.7071067811865476
vn -1 0 0
vn -0.7071067811865478 0 0.7071067811865474
vn 0 0 1
vn 0.7071067811865478 0 0.7071067811865474
vn 0.7071067811865476 0 -0.7071067811865476
vn 1 0 0
vn -0.7071067811865477 0 0.7071067811865474
vn -0.7071067811865476 0 0.7071067811865476
vn 0 0 1
vn 0 0 1
vn 0.7071067811865477 0 0.7071067811865474
vn 0.7071067811865476 0 0.7071067811865476
vn 1 0 0
vn 1 0 0
vn 0.7071067811865476 0 -0.7071067811865476
vn 0.7071067811865476 0 -0.7071067811865476
vn 0 0 -1
vn 0 0 -1
vn -0.7071067811865476 0 -0.7071067811865476
vn -0.7071067811865476 0 -0.7071067811865476
vn -1 0 0
vn -1 0 0
vn 0 1 0
vn 0 -1 0
vn 0 1 0
vn 0 -1 0
vn 0 1 0
vn 0 -1 0
vn 0 1 0
vn 0 -1 0
vn 0 1 0
vn 0 -1 0
vn 0 1 0
vn 0 -1 0
vn 0 1 0
vn 0 -1 0
vn 0 1 0
vn 0 -1 0
usemtl m_5a10c0e1-a80d-0a53-8c8d-6dd2cd0dfae8
f 659/2369/597 660/2370/597 657/2371/597
f 669/2372/598 671/2373/598 629/2374/598 630/2375/598
f 712/2376/599 705/2377/599 706/2378/599
f 660/2379/600 661/2380/600 657/2381/600
f 671/2382/601 673/2383/601 628/2384/601 629/2385/601
f 711/2386/602 712/2387/602 706/2388/602
f 661/2389/603 662/2390/603 657/2391/603
f 673/2392/604 675/2393/604 627/2394/604 628/2395/604
f 710/2396/605 711/2397/605 706/2398/605
f 662/2399/606 663/2400/606 657/2401/606
f 675/2402/607 677/2403/607 626/2404/607 627/2405/607
f 709/2406/608 710/2407/608 706/2408/608
f 663/2409/609 656/2410/609 657/2411/609
f 677/2412/610 679/2413/610 625/2414/610 626/2415/610
f 708/2416/611 709/2417/611 706/2418/611
f 656/2419/612 655/2420/612 657/2421/612
f 679/2422/613 666/2423/613 624/2424/613 625/2425/613
f 707/2426/614 708/2427/614 706/2428/614
f 655/2429/615 658/2430/615 657/2431/615
f 666/2432/616 667/2433/616 623/2434/616 624/2435/616
f 704/2436/617 707/2437/617 706/2438/617
f 658/2439/618 659/2440/618 657/2441/618
f 667/2442/619 669/2443/619 630/2444/619 623/2445/619
f 705/2446/620 704/2447/620 706/2448/620
f 718/2449/621 720/2450/621 633/2451/621 632/2452/621
f 720/2453/622 722/2454/622 635/2455/622 633/2456/622
f 722/2457/623 724/2458/623 637/2459/623 635/2460/623
f 724/2461/624 726/2462/624 639/2463/624 637/2464/624
f 726/2465/625 728/2466/625 641/2467/625 639/2468/625
f 728/2469/626 715/2470/626 643/2471/626 641/2472/626
f 715/2473/627 716/2474/627 645/2475/627 643/2476/627
f 716/2477/628 718/2478/628 632/2479/628 645/2480/628
f 623/2481/629 632/2482/629 633/2483/629 624/2484/629
f 619/2485/630 634/2486/630 631/2487/630 621/2488/630
f 624/2489/631 633/2490/631 635/2491/631 625/2492/631
f 617/2493/632 636/2494/632 634/2495/632 619/2496/632
f 625/2497/633 635/2498/633 637/2499/633 626/2500/633
f 615/2501/634 638/2502/634 636/2503/634 617/2504/634
f 626/2505/635 637/2506/635 639/2507/635 627/2508/635
f 613/2509/636 640/2510/636 638/2511/636 615/2512/636
f 627/2513/637 639/2514/637 641/2515/637 628/2516/637
f 611/2517/638 642/2518/638 640/2519/638 613/2520/638
f 628/2521/639 641/2522/639 643/2523/639 629/2524/639
f 609/2525/640 644/2526/640 642/2527/640 611/2528/640
f 629/2529/641 643/2530/641 645/2531/641 630/2532/641
f 607/2533/642 646/2534/642 644/2535/642 609/2536/642
f 630/2537/643 645/2538/643 632/2539/643 623/2540/643
f 621/2541/644 631/2542/644 646/2543/644 607/2544/644
f 619/2545/645 647/2546/645 648/2547/645 617/2548/645
f 621/2549/646 649/2550/646 647/2551/646 619/2552/646
f 607/2553/647 650/2554/647 649/2555/647 621/2556/647
f 609/2557/648 651/2558/648 650/2559/648 607/2560/648
f 611/2561/649 652/2562/649 651/2563/649 609/2564/649
f 613/2565/650 653/2566/650 652/2567/650 611/2568/650
f 615/2569/651 654/2570/651 653/2571/651 613/2572/651
f 617/2573/652 648/2574/652 654/2575/652 615/2576/652
f 647/2577/653 655/2578/653 656/2579/653 648/2580/653
f 649/2581/654 658/2582/654 655/2583/654 647/2584/654
f 650/2585/655 659/2586/655 658/2587/655 649/2588/655
f 651/2589/656 660/2590/656 659/2591/656 650/2592/656
f 652/2593/657 661/2594/657 660/2595/657 651/2596/657
f 653/2597/658 662/2598/658 661/2599/658 652/2600/658
f 654/2601/659 663/2602/659 662/2603/659 653/2604/659
f 648/2605/660 656/2606/660 663/2607/660 654/2608/660
f 665/2609/661 664/2610/661 620/2611/661 622/2612/661
f 682/2613/662 681/2614/662 680/2615/662 683/2616/662
f 668/2617/663 665/2618/663 622/2619/663 608/2620/663
f 684/2621/664 682/2622/664 683/2623/664 685/2624/664
f 670/2625/665 668/2626/665 608/2627/665 610/2628/665
f 686/2629/666 684/2630/666 685/2631/666 687/2632/666
f 672/2633/667 670/2634/667 610/2635/667 612/2636/667
f 688/2637/668 686/2638/668 687/2639/668 689/2640/668
f 674/2641/669 672/2642/669 612/2643/669 614/2644/669
f 690/2645/670 688/2646/670 689/2647/670 691/2648/670
f 676/2649/671 674/2650/671 614/2651/671 616/2652/671
f 692/2653/672 690/2654/672 691/2655/672 693/2656/672
f 678/2657/673 676/2658/673 616/2659/673 618/2660/673
f 694/2661/674 692/2662/674 693/2663/674 695/2664/674
f 664/2665/675 678/2666/675 618/2667/675 620/2668/675
f 681/2669/676 694/2670/676 695/2671/676 680/2672/676
f 666/2673/677 681/2674/677 682/2675/677 667/2676/677
f 665/2677/678 683/2678/678 680/2679/678 664/2680/678
f 667/2681/679 682/2682/679 684/2683/679 669/2684/679
f 668/2685/680 685/2686/680 683/2687/680 665/2688/680
f 669/2689/681 684/2690/681 686/2691/681 671/2692/681
f 670/2693/682 687/2694/682 685/2695/682 668/2696/682
f 671/2697/683 686/2698/683 688/2699/683 673/2700/683
f 672/2701/684 689/2702/684 687/2703/684 670/2704/684
f 673/2705/685 688/2706/685 690/2707/685 675/2708/685
f 674/2709/686 691/2710/686 689/2711/686 672/2712/686
f 675/2713/687 690/2714/687 692/2715/687 677/2716/687
f 676/2717/688 693/2718/688 691/2719/688 674/2720/688
f 677/2721/689 692/2722/689 694/2723/689 679/2724/689
f 678/2725/690 695/2726/690 693/2727/690 676/2728/690
f 679/2729/691 694/2730/691 681/2731/691 666/2732/691
f 664/2733/692 680/2734/692 695/2735/692 678/2736/692
f 622/2737/693 696/2738/693 697/2739/693 608/2740/693
f 620/2741/694 698/2742/694 696/2743/694 622/2744/694
f 618/2745/695 699/2746/695 698/2747/695 620/2748/695
f 616/2749/696 700/2750/696 699/2751/696 618/2752/696
f 614/2753/697 701/2754/697 700/2755/697 616/2756/697
f 612/2757/698 702/2758/698 701/2759/698 614/2760/698
f 608/2761/699 697/2762/699 703/2763/699 610/2764/699
f 610/2765/700 703/2766/700 702/2767/700 612/2768/700
f 696/2769/701 704/2770/701 705/2771/701 697/2772/701
f 698/2773/702 707/2774/702 704/2775/702 696/2776/702
f 699/2777/703 708/2778/703 707/2779/703 698/2780/703
f 700/2781/704 709/2782/704 708/2783/704 699/2784/704
f 701/2785/705 710/2786/705 709/2787/705 700/2788/705
f 702/2789/706 711/2790/706 710/2791/706 701/2792/706
f 697/2793/707 705/2794/707 712/2795/707 703/2796/707
f 703/2797/708 712/2798/708 711/2799/708 702/2800/708
f 714/2801/709 713/2802/709 644/2803/709 646/2804/709
f 731/2805/710 730/2806/710 729/2807/710 732/2808/710
f 717/2809/711 714/2810/711 646/2811/711 631/2812/711
f 733/2813/712 731/2814/712 732/2815/712 734/2816/712
f 719/2817/713 717/2818/713 631/2819/713 634/2820/713
f 735/2821/714 733/2822/714 734/2823/714 736/2824/714
f 721/2825/715 719/2826/715 634/2827/715 636/2828/715
f 737/2829/716 735/2830/716 736/2831/716 738/2832/716
f 723/2833/717 721/2834/717 636/2835/717 638/2836/717
f 739/2837/718 737/2838/718 738/2839/718 740/2840/718
f 725/2841/719 723/2842/719 638/2843/719 640/2844/719
f 741/2845/720 739/2846/720 740/2847/720 742/2848/720
f 727/2849/721 725/2850/721 640/2851/721 642/2852/721
f 743/2853/722 741/2854/722 742/2855/722 744/2856/722
f 713/2857/723 727/2858/723 642/2859/723 644/2860/723
f 730/2861/724 743/2862/724 744/2863/724 729/2864/724
f 715/2865/725 730/2866/725 731/2867/725 716/2868/725
f 714/2869/726 732/2870/726 729/2871/726 713/2872/726
f 716/2873/727 731/2874/727 733/2875/727 718/2876/727
f 717/2877/728 734/2878/728 732/2879/728 714/2880/728
f 718/2881/729 733/2882/729 735/2883/729 720/2884/729
f 719/2885/730 736/2886/730 734/2887/730 717/2888/730
f 720/2889/731 735/2890/731 737/2891/731 722/2892/731
f 721/2893/732 738/2894/732 736/2895/732 719/2896/732
f 722/2897/733 737/2898/733 739/2899/733 724/2900/733
f 723/2901/734 740/2902/734 738/2903/734 721/2904/734
f 724/2905/735 739/2906/735 741/2907/735 726/2908/735
f 725/2909/736 742/2910/736 740/2911/736 723/2912/736
f 726/2913/737 741/2914/737 743/2915/737 728/2916/737
f 727/2917/738 744/2918/738 742/2919/738 725/2920/738
f 728/2921/739 743/2922/739 730/2923/739 715/2924/739
f 713/2925/740 729/2926/740 744/2927/740 727/2928/740