# Made in Blockbench 5.1.5
mtllib SeriphBody.mtl

o cylinder
v -0.15 -1.3877787807814457e-17 -0.01875
v -0.11650625 -1.3877787807814457e-17 0.10625
v -0.11650625 0.12499999999999999 0.10625
v -0.05849375 -1.3877787807814457e-17 0.07275625
v -0.05849375 0.12499999999999999 0.07275625
v -0.025 -1.3877787807814457e-17 0.01474375
v -0.025 0.12499999999999999 0.01474375
v -0.025 -1.3877787807814457e-17 -0.05224375
v -0.025 0.12499999999999999 -0.05224375
v -0.05849375 -1.3877787807814457e-17 -0.11025625
v -0.05849375 0.12499999999999999 -0.11025625
v -0.11650625 -1.3877787807814457e-17 -0.14375
v -0.11650625 0.12499999999999999 -0.14375
v -0.18349375 -1.3877787807814457e-17 -0.14375
v -0.18349375 0.12499999999999999 -0.14375
v -0.24150625 -1.3877787807814457e-17 -0.11025625
v -0.24150625 0.12499999999999999 -0.11025625
v -0.275 -1.3877787807814457e-17 -0.05224375
v -0.275 0.12499999999999999 -0.05224375
v -0.275 -1.3877787807814457e-17 0.01474375
v -0.275 0.12499999999999999 0.01474375
v -0.24150625 -1.3877787807814457e-17 0.07275625
v -0.24150625 0.12499999999999999 0.07275625
v -0.18349375 -1.3877787807814457e-17 0.10625
v -0.18349375 0.12499999999999999 0.10625
v -0.2280075 -1.3877787807814457e-17 -0.240264375
v -0.254126875 -1.3877787807814457e-17 -0.21474375
v -0.254126875 0.07499999999999998 -0.21474375
v -0.2280075 0.07499999999999998 -0.240264375
v -0.1785525 -1.3877787807814457e-17 -0.258313125
v -0.1785525 0.07499999999999998 -0.258313125
v -0.1214475 -1.3877787807814457e-17 -0.258313125
v -0.1214475 0.07499999999999998 -0.258313125
v -0.0719925 -1.3877787807814457e-17 -0.240264375
v -0.0719925 0.07499999999999998 -0.240264375
v -0.045873125 -1.3877787807814457e-17 -0.21474375
v -0.045873125 0.07499999999999998 -0.21474375
v -0.21650625 -1.3877787807814457e-17 0.164383125
v -0.17661125 -1.3877787807814457e-17 0.202063125
v -0.17661125 0.04999999999999999 0.202063125
v -0.21650625 0.04999999999999999 0.164383125
v -0.12338875 -1.3877787807814457e-17 0.202063125
v -0.12338875 0.04999999999999999 0.202063125
v -0.08349375 -1.3877787807814457e-17 0.164383125
v -0.08349375 0.04999999999999999 0.164383125
v -0.12518125 0.12499999999999999 0.073875
v -0.08219375 0.12499999999999999 0.04905625
v -0.057375 0.12499999999999999 0.00606875
v -0.057375 0.12499999999999999 -0.04356875
v -0.08219375 0.12499999999999999 -0.08655625
v -0.12518125 0.12499999999999999 -0.111375
v -0.17481875 0.12499999999999999 -0.111375
v -0.21780625 0.12499999999999999 -0.08655625
v -0.242625 0.12499999999999999 -0.04356875
v -0.242625 0.12499999999999999 0.00606875
v -0.21780625 0.12499999999999999 0.04905625
v -0.17481875 0.12499999999999999 0.073875
v -0.15 0.09999999999999999 -0.01875
v -0.12518125 0.09999999999999999 0.073875
v -0.08219375 0.09999999999999999 0.04905625
v -0.057375 0.09999999999999999 0.00606875
v -0.057375 0.09999999999999999 -0.04356875
v -0.08219375 0.09999999999999999 -0.08655625
v -0.12518125 0.09999999999999999 -0.111375
v -0.17481875 0.09999999999999999 -0.111375
v -0.21780625 0.09999999999999999 -0.08655625
v -0.242625 0.09999999999999999 -0.04356875
v -0.242625 0.09999999999999999 0.00606875
v -0.21780625 0.09999999999999999 0.04905625
v -0.17481875 0.09999999999999999 0.073875
vt 0.03097 0.830446171875
vt 0.0237184375 0.834632890625
vt 0.01953171875 0.819007890625
vt 0.5859375 0.8984375
vt 0.59375 0.8984375
vt 0.59375 0.90625
vt 0.5859375 0.90625
vt 0.37419609375 0.97684375
vt 0.37956953125 0.97994609375
vt 0.37109375 0.988421875
vt 0.03515671875 0.823194609375
vt 0.03097 0.830446171875
vt 0.01953171875 0.819007890625
vt 0.4760015625 0.953125
vt 0.484375 0.953125
vt 0.484375 0.96875
vt 0.4760015625 0.96875
vt 0.37956953125 0.97994609375
vt 0.382671875 0.98531953125
vt 0.37109375 0.988421875
vt 0.03515671875 0.814821171875
vt 0.03515671875 0.823194609375
vt 0.01953171875 0.819007890625
vt 0.3840109375 0.8125
vt 0.392384375 0.8125
vt 0.392384375 0.828125
vt 0.3840109375 0.828125
vt 0.382671875 0.98531953125
vt 0.382671875 0.99152421875
vt 0.37109375 0.988421875
vt 0.03097 0.807569609375
vt 0.03515671875 0.814821171875
vt 0.01953171875 0.819007890625
vt 0.5859375 0.9609375
vt 0.59375 0.9609375
vt 0.59375 0.96875
vt 0.5859375 0.96875
vt 0.382671875 0.99152421875
vt 0.37956953125 0.99689765625
vt 0.37109375 0.988421875
vt 0.0237184375 0.803382890625
vt 0.03097 0.807569609375
vt 0.01953171875 0.819007890625
vt 0.578125 0.5703125
vt 0.5859375 0.5703125
vt 0.5859375 0.578125
vt 0.578125 0.578125
vt 0.37956953125 0.99689765625
vt 0.37419609375 1
vt 0.37109375 0.988421875
vt 0.015345 0.803382890625
vt 0.0237184375 0.803382890625
vt 0.01953171875 0.819007890625
vt 0.421875 0.4140625
vt 0.4296875 0.4140625
vt 0.4296875 0.421875
vt 0.421875 0.421875
vt 0.37419609375 1
vt 0.36799140625 1
vt 0.37109375 0.988421875
vt 0.0080934375 0.807569609375
vt 0.015345 0.803382890625
vt 0.01953171875 0.819007890625
vt 0.4375 0.4140625
vt 0.4453125 0.4140625
vt 0.4453125 0.421875
vt 0.4375 0.421875
vt 0.36799140625 1
vt 0.36261796875 0.99689765625
vt 0.37109375 0.988421875
vt 0.00390671875 0.814821171875
vt 0.0080934375 0.807569609375
vt 0.01953171875 0.819007890625
vt 0.5859375 0.9296875
vt 0.59375 0.9296875
vt 0.59375 0.9375
vt 0.5859375 0.9375
vt 0.36261796875 0.99689765625
vt 0.359515625 0.99152421875
vt 0.37109375 0.988421875
vt 0.003906015625 0.82319578125
vt 0.003905703125 0.81482234375
vt 0.019530859375 0.819008515625
vt 0.404490625 0.7890625
vt 0.4128640625 0.7890625
vt 0.4128640625 0.8046875
vt 0.404490625 0.8046875
vt 0.359515625 0.99152421875
vt 0.359515625 0.98531953125
vt 0.37109375 0.988421875
vt 0.00809296875 0.8304471875
vt 0.003906015625 0.82319578125
vt 0.019530859375 0.819008515625
vt 0.453125 0.65625
vt 0.4614984375 0.65625
vt 0.4614984375 0.671875
vt 0.453125 0.671875
vt 0.359515625 0.98531953125
vt 0.36261796875 0.97994609375
vt 0.37109375 0.988421875
vt 0.0153446875 0.834633671875
vt 0.00809296875 0.8304471875
vt 0.019530859375 0.819008515625
vt 0.5859375 0.9140625
vt 0.59375 0.9140625
vt 0.59375 0.921875
vt 0.5859375 0.921875
vt 0.36261796875 0.97994609375
vt 0.36799140625 0.97684375
vt 0.37109375 0.988421875
vt 0.023718125 0.8346333593749999
vt 0.0153446875 0.834633671875
vt 0.019530859375 0.819008515625
vt 0.40625 0.4140625
vt 0.4140625 0.4140625
vt 0.4140625 0.421875
vt 0.40625 0.421875
vt 0.36799140625 0.97684375
vt 0.37419609375 0.97684375
vt 0.37109375 0.988421875
vt 0.006516484375 0.79450921875
vt 0.0097815625 0.7913190625
vt 0.008093515625 0.80756953125
vt 0.00390671875 0.814821171875
vt 0.3840109375 0.7984375
vt 0.3840109375 0.7890625
vt 0.404490625 0.7890625
vt 0.404490625 0.8046875
vt 0.49078890625 0.5538959375
vt 0.494213203125 0.546875
vt 0.515625 0.546875
vt 0.508235859375 0.5546875
vt 0.00978046875 0.791318828125
vt 0.015962890625 0.7890625
vt 0.01534515625 0.8033828125
vt 0.0080934375 0.807569609375
vt 0.32779171875 0.613344140625
vt 0.33404 0.6154109375
vt 0.335821640625 0.6328125
vt 0.328409296875 0.6289585156249999
vt 0.01596296875 0.789062578125
vt 0.02310046875 0.789062578125
vt 0.0237184375 0.803382890625
vt 0.015345 0.803382890625
vt 0.32065421875 0.613344140625
vt 0.32779171875 0.613344140625
vt 0.3284096875 0.628969140625
vt 0.32003625 0.628969140625
vt 0.02310078125 0.789062578125
vt 0.029283125 0.79131890625
vt 0.03097015625 0.807569765625
vt 0.0237184375 0.803382890625
vt 0.314405390625 0.615409375
vt 0.32065421875 0.613344140625
vt 0.32003625 0.6289687500000001
vt 0.312615859375 0.632799375
vt 0.0292825 0.79131859375
vt 0.032547578125 0.79450875
vt 0.035156796875 0.81482125
vt 0.03097 0.807569609375
vt 0 0.42393218749999995
vt 0.00301296875 0.420502890625
vt 0.00386421875 0.4379753125
vt 0 0.4453125
vt 0.4128640625 0.8125
vt 0.4128640625 0.821875
vt 0.392384375 0.828125
vt 0.392384375 0.8125
vt 0.0162053125 0.84661015625
vt 0.0112184375 0.841900390625
vt 0.008093046875 0.83044640625
vt 0.0153446875 0.8346333593749999
vt 0.0486590625 0.46942421874999996
vt 0.0546875 0.465439765625
vt 0.0546875 0.48067421875000005
vt 0.046875 0.484375
vt 0.4733703125 0.65625
vt 0.4733703125 0.6625
vt 0.4614984375 0.671875
vt 0.4614984375 0.65625
vt 0.0228584375 0.8466099218750001
vt 0.0162053125 0.84661015625
vt 0.0153446875 0.834633671875
vt 0.023718125 0.8346333593749999
vt 0.3203203125 0.45921992187500005
vt 0.320696015625 0.453125
vt 0.3359296875 0.453125
vt 0.335456875 0.4609375
vt 0.02784546875 0.841899296875
vt 0.0228584375 0.8466099218750001
vt 0.023718125 0.8346330468750001
vt 0.03097 0.830446171875
vt 0.4641296875 0.959375
vt 0.4641296875 0.953125
vt 0.4760015625 0.953125
vt 0.4760015625 0.96875
vt 0.512206953125 0.6796875
vt 0.51621453125 0.6741196093749999
vt 0.53125 0.6724532812499999
vt 0.527355 0.6796875
vt 0.05535078125 0.73371171875
vt 0.04997734375 0.730609375
vt 0.05106171875 0.7265625
vt 0.05831328125 0.73074921875
vt 0.058453125 0.73908515625
vt 0.05535078125 0.73371171875
vt 0.05831328125 0.73074921875
vt 0.0625 0.73800078125
vt 0.058453125 0.74528984375
vt 0.058453125 0.73908515625
vt 0.0625 0.73800078125
vt 0.0625 0.74637421875
vt 0.05535078125 0.75066328125
vt 0.058453125 0.74528984375
vt 0.0625 0.74637421875
vt 0.05831328125 0.75362578125
vt 0.04997734375 0.753765625
vt 0.05535078125 0.75066328125
vt 0.05831328125 0.75362578125
vt 0.05106171875 0.7578125
vt 0.04377265625 0.753765625
vt 0.04997734375 0.753765625
vt 0.05106171875 0.7578125
vt 0.04268828125 0.7578125
vt 0.03839921875 0.75066328125
vt 0.04377265625 0.753765625
vt 0.04268828125 0.7578125
vt 0.03543671875 0.75362578125
vt 0.035296875 0.74528984375
vt 0.03839921875 0.75066328125
vt 0.03543671875 0.75362578125
vt 0.03125 0.74637421875
vt 0.035296875 0.73908515625
vt 0.035296875 0.74528984375
vt 0.03125 0.74637421875
vt 0.03125 0.73800078125
vt 0.03839921875 0.73371171875
vt 0.035296875 0.73908515625
vt 0.03125 0.73800078125
vt 0.03543671875 0.73074921875
vt 0.04377265625 0.730609375
vt 0.03839921875 0.73371171875
vt 0.03543671875 0.73074921875
vt 0.04268828125 0.7265625
vt 0.04997734375 0.730609375
vt 0.04377265625 0.730609375
vt 0.04268828125 0.7265625
vt 0.05106171875 0.7265625
vt 0.5859375 0.8515625
vt 0.59375 0.8515625
vt 0.59375 0.859375
vt 0.5859375 0.859375
vt 0.578125 0.484375
vt 0.5859375 0.484375
vt 0.5859375 0.4921875
vt 0.578125 0.4921875
vt 0.578125 0.6328125
vt 0.5859375 0.6328125
vt 0.5859375 0.640625
vt 0.578125 0.640625
vt 0.578125 0.5546875
vt 0.5859375 0.5546875
vt 0.5859375 0.5625
vt 0.578125 0.5625
vt 0.5859375 0.8359375
vt 0.59375 0.8359375
vt 0.59375 0.84375
vt 0.5859375 0.84375
vt 0.578125 0.6015625
vt 0.5859375 0.6015625
vt 0.5859375 0.609375
vt 0.578125 0.609375
vt 0.5859375 0.8828125
vt 0.59375 0.8828125
vt 0.59375 0.890625
vt 0.5859375 0.890625
vt 0.578125 0.5
vt 0.5859375 0.5
vt 0.5859375 0.5078125
vt 0.578125 0.5078125
vt 0.578125 0.6171875
vt 0.5859375 0.6171875
vt 0.5859375 0.625
vt 0.578125 0.625
vt 0.578125 0.5390625
vt 0.5859375 0.5390625
vt 0.5859375 0.546875
vt 0.578125 0.546875
vt 0.5859375 0.8671875
vt 0.59375 0.8671875
vt 0.59375 0.875
vt 0.5859375 0.875
vt 0.390625 0.4140625
vt 0.3984375 0.4140625
vt 0.3984375 0.421875
vt 0.390625 0.421875
vn 0 -1 0
vn 0.6866369101420488 0 0.7270005183152074
vn 0 1 0
vn 0 -1 0
vn 0.8660239977804738 0 0.5000024352623959
vn 0 1 0
vn 0 -1 0
vn 1 0 0
vn 0 1 0
vn 0 -1 0
vn 0.6988611196152713 0 -0.7152573910768694
vn 0 1 0
vn 0 -1 0
vn 0.3428352155157787 0 -0.9393955583258043
vn 0 1 0
vn 0 -1 0
vn 0 0 -1
vn 0 1 0
vn 0 -1 0
vn -0.3428352155157787 0 -0.9393955583258043
vn 0 1 0
vn 0 -1 0
vn -0.6988611196152715 0 -0.715257391076869
vn 0 1 0
vn 0 -1 0
vn -1 0 0
vn 0 1 0
vn 0 -1 0
vn -0.8660239977804737 0 0.5000024352623961
vn 0 1 0
vn 0 -1 0
vn -0.6866369101420485 0 0.7270005183152075
vn 0 1 0
vn 0 -1 0
vn 0 0 1
vn 0 1 0
vn 0 -1 0
vn -0.9918510014373441 0 -0.1274032611346271
vn -0.3084816334031243 0.8973073964584883 -0.3157190493363201
vn 0 -1 0
vn -0.13423773028204125 0.9201560863367596 -0.3678219794223068
vn 0 -1 0
vn 0 0.916513516729969 -0.40000371704681115
vn 0 -1 0
vn 0.14634340679825397 0.904316665316512 -0.40099248885422323
vn 0 -1 0
vn 0.3588573002808268 0.8580963446021973 -0.3672766006915004
vn 0.9918510014373441 0 -0.12740326113462683
vn 0 -1 0
vn -0.5191223267408716 0.6545298604673233 0.5496386737082555
vn -0.9647348101425571 0 0.2632237567150896
vn 0 -1 0
vn 0 0.7874419127696374 0.6163888659066572
vn 0 -1 0
vn 0.9647348101425569 0 0.2632237567150897
vn 0.5732602778673067 0.550430111865584 0.6069590972801536
vn 0 1 0
vn 0 1 0
vn 0 1 0
vn 0 1 0
vn 0 1 0
vn 0 1 0
vn 0 1 0
vn 0 1 0
vn 0 1 0
vn 0 1 0
vn 0 1 0
vn 0 1 0
vn -0.49999856917809293 0 -0.8660262298682759
vn -0.8660262298682759 0 -0.4999985691780928
vn -1 0 0
vn -0.8660262298682759 0 0.49999856917809293
vn -0.4999985691780931 0 0.8660262298682759
vn 0 0 1
vn 0.49999856917809293 0 0.8660262298682759
vn 0.8660262298682759 0 0.4999985691780931
vn 1 0 0
vn 0.866026229868276 0 -0.49999856917809304
vn 0.49999856917809277 0 -0.8660262298682759
vn 0 0 -1
usemtl m_760b25d0-8ffc-19f6-35fe-305143ee9831
f 4/1/1 2/2/1 1/3/1
f 42/4/2 44/5/2 45/6/2 43/7/2
f 59/8/3 60/9/3 58/10/3
f 6/11/4 4/12/4 1/13/4
f 4/14/5 6/15/5 7/16/5 5/17/5
f 60/18/6 61/19/6 58/20/6
f 8/21/7 6/22/7 1/23/7
f 6/24/8 8/25/8 9/26/8 7/27/8
f 61/28/9 62/29/9 58/30/9
f 10/31/10 8/32/10 1/33/10
f 36/34/11 34/35/11 35/36/11 37/37/11
f 62/38/12 63/39/12 58/40/12
f 12/41/13 10/42/13 1/43/13
f 34/44/14 32/45/14 33/46/14 35/47/14
f 63/48/15 64/49/15 58/50/15
f 14/51/16 12/52/16 1/53/16
f 32/54/17 30/55/17 31/56/17 33/57/17
f 64/58/18 65/59/18 58/60/18
f 16/61/19 14/62/19 1/63/19
f 30/64/20 26/65/20 29/66/20 31/67/20
f 65/68/21 66/69/21 58/70/21
f 18/71/22 16/72/22 1/73/22
f 26/74/23 27/75/23 28/76/23 29/77/23
f 66/78/24 67/79/24 58/80/24
f 20/81/25 18/82/25 1/83/25
f 18/84/26 20/85/26 21/86/26 19/87/26
f 67/88/27 68/89/27 58/90/27
f 22/91/28 20/92/28 1/93/28
f 20/94/29 22/95/29 23/96/29 21/97/29
f 68/98/30 69/99/30 58/100/30
f 24/101/31 22/102/31 1/103/31
f 38/104/32 39/105/32 40/106/32 41/107/32
f 69/108/33 70/109/33 58/110/33
f 2/111/34 24/112/34 1/113/34
f 39/114/35 42/115/35 43/116/35 40/117/35
f 70/118/36 59/119/36 58/120/36
f 27/121/37 26/122/37 16/123/37 18/124/37
f 28/125/38 27/126/38 18/127/38 19/128/38
f 29/129/39 28/130/39 19/131/39 17/132/39
f 26/133/40 30/134/40 14/135/40 16/136/40
f 31/137/41 29/138/41 17/139/41 15/140/41
f 30/141/42 32/142/42 12/143/42 14/144/42
f 33/145/43 31/146/43 15/147/43 13/148/43
f 32/149/44 34/150/44 10/151/44 12/152/44
f 35/153/45 33/154/45 13/155/45 11/156/45
f 34/157/46 36/158/46 8/159/46 10/160/46
f 37/161/47 35/162/47 11/163/47 9/164/47
f 36/165/48 37/166/48 9/167/48 8/168/48
f 39/169/49 38/170/49 22/171/49 24/172/49
f 41/173/50 40/174/50 25/175/50 23/176/50
f 38/177/51 41/178/51 23/179/51 22/180/51
f 42/181/52 39/182/52 24/183/52 2/184/52
f 40/185/53 43/186/53 3/187/53 25/188/53
f 44/189/54 42/190/54 2/191/54 4/192/54
f 45/193/55 44/194/55 4/195/55 5/196/55
f 43/197/56 45/198/56 5/199/56 3/200/56
f 47/201/57 46/202/57 3/203/57 5/204/57
f 48/205/58 47/206/58 5/207/58 7/208/58
f 49/209/59 48/210/59 7/211/59 9/212/59
f 50/213/60 49/214/60 9/215/60 11/216/60
f 51/217/61 50/218/61 11/219/61 13/220/61
f 52/221/62 51/222/62 13/223/62 15/224/62
f 53/225/63 52/226/63 15/227/63 17/228/63
f 54/229/64 53/230/64 17/231/64 19/232/64
f 55/233/65 54/234/65 19/235/65 21/236/65
f 56/237/66 55/238/66 21/239/66 23/240/66
f 57/241/67 56/242/67 23/243/67 25/244/67
f 46/245/68 57/246/68 25/247/68 3/248/68
f 60/249/69 59/250/69 46/251/69 47/252/69
f 61/253/70 60/254/70 47/255/70 48/256/70
f 62/257/71 61/258/71 48/259/71 49/260/71
f 63/261/72 62/262/72 49/263/72 50/264/72
f 64/265/73 63/266/73 50/267/73 51/268/73
f 65/269/74 64/270/74 51/271/74 52/272/74
f 66/273/75 65/274/75 52/275/75 53/276/75
f 67/277/76 66/278/76 53/279/76 54/280/76
f 68/281/77 67/282/77 54/283/77 55/284/77
f 69/285/78 68/286/78 55/287/78 56/288/78
f 70/289/79 69/290/79 56/291/79 57/292/79
f 59/293/80 70/294/80 57/295/80 46/296/80
o cylinder
v -0.1035575 0.2335506249999999 0.128125
v -0.11025625 0.43355062499999997 0.103125
v -0.0339425 0.2335506249999999 0.0879325
v -0.05224375 0.43355062499999997 0.06963125
v 0.00625 0.2335506249999999 0.0183175
v -0.01875 0.43355062499999997 0.01161875
v 0.00625 0.2335506249999999 -0.0620675
v -0.01875 0.43355062499999997 -0.05536875
v -0.0339425 0.2335506249999999 -0.1316825
v -0.05224375 0.43355062499999997 -0.11338125
v -0.1035575 0.2335506249999999 -0.171875
v -0.11025625 0.43355062499999997 -0.146875
v -0.1839425 0.2335506249999999 -0.171875
v -0.17724375 0.43355062499999997 -0.146875
v -0.2535575 0.2335506249999999 -0.1316825
v -0.23525625 0.43355062499999997 -0.11338125
v -0.29375 0.2335506249999999 -0.0620675
v -0.26875 0.43355062499999997 -0.05536875
v -0.29375 0.2335506249999999 0.0183175
v -0.26875 0.43355062499999997 0.01161875
v -0.2535575 0.2335506249999999 0.0879325
v -0.23525625 0.43355062499999997 0.06963125
v -0.1839425 0.2335506249999999 0.128125
v -0.17724375 0.43355062499999997 0.103125
v -0.1035575 0.1710506249999999 0.128125
v -0.0339425 0.1710506249999999 0.0879325
v 0.00625 0.1710506249999999 0.0183175
v 0.00625 0.1710506249999999 -0.0620675
v -0.0339425 0.1710506249999999 -0.1316825
v -0.1035575 0.1710506249999999 -0.171875
v -0.1839425 0.1710506249999999 -0.171875
v -0.2535575 0.1710506249999999 -0.1316825
v -0.29375 0.1710506249999999 -0.0620675
v -0.29375 0.1710506249999999 0.0183175
v -0.2535575 0.1710506249999999 0.0879325
v -0.1839425 0.1710506249999999 0.128125
v -0.113605625 0.1710506249999999 0.090625
v -0.061394375 0.1710506249999999 0.060480625
v -0.03125 0.1710506249999999 0.008269375
v -0.03125 0.1710506249999999 -0.052019375
v -0.061394375 0.1710506249999999 -0.104230625
v -0.113605625 0.1710506249999999 -0.134375
v -0.173894375 0.1710506249999999 -0.134375
v -0.226105625 0.1710506249999999 -0.104230625
v -0.25625 0.1710506249999999 -0.052019375
v -0.25625 0.1710506249999999 0.008269375
v -0.226105625 0.1710506249999999 0.060480625
v -0.173894375 0.1710506249999999 0.090625
v -0.14375 0.208550625 -0.021875
v -0.113605625 0.208550625 0.090625
v -0.061394375 0.208550625 0.060480625
v -0.03125 0.208550625 0.008269375
v -0.03125 0.208550625 -0.052019375
v -0.061394375 0.208550625 -0.104230625
v -0.113605625 0.208550625 -0.134375
v -0.173894375 0.208550625 -0.134375
v -0.226105625 0.208550625 -0.104230625
v -0.25625 0.208550625 -0.052019375
v -0.25625 0.208550625 0.008269375
v -0.226105625 0.208550625 0.060480625
v -0.173894375 0.208550625 0.090625
v -0.121610625 0.43355062499999997 0.06075
v -0.083264375 0.43355062499999997 0.038610625
v -0.061125 0.43355062499999997 0.000264375
v -0.061125 0.43355062499999997 -0.044014375
v -0.083264375 0.43355062499999997 -0.082360625
v -0.121610625 0.43355062499999997 -0.1045
v -0.165889375 0.43355062499999997 -0.1045
v -0.204235625 0.43355062499999997 -0.082360625
v -0.226375 0.43355062499999997 -0.044014375
v -0.226375 0.43355062499999997 0.000264375
v -0.204235625 0.43355062499999997 0.038610625
v -0.165889375 0.43355062499999997 0.06075
v -0.14375 0.40230062499999997 -0.021875
v -0.121610625 0.40230062499999997 0.06075
v -0.083264375 0.40230062499999997 0.038610625
v -0.061125 0.40230062499999997 0.000264375
v -0.061125 0.40230062499999997 -0.044014375
v -0.083264375 0.40230062499999997 -0.082360625
v -0.121610625 0.40230062499999997 -0.1045
v -0.165889375 0.40230062499999997 -0.1045
v -0.204235625 0.40230062499999997 -0.082360625
v -0.226375 0.40230062499999997 -0.044014375
v -0.226375 0.40230062499999997 0.000264375
v -0.204235625 0.40230062499999997 0.038610625
v -0.165889375 0.40230062499999997 0.06075
vt 0.33060703125 0.79779453125
vt 0.32408046875 0.8015625
vt 0.3203125 0.7875
vt 0.45870234375 0.81074296875
vt 0.46875 0.81074296875
vt 0.4679125 0.8359375
vt 0.4595390625 0.8359375
vt 0.4051109375 0.83871875
vt 0.4099046875 0.8414859375
vt 0.40234375 0.849046875
vt 0.334375 0.7912679687499999
vt 0.33060703125 0.79779453125
vt 0.3203125 0.7875
vt 0.0524515625 0.5373054687500001
vt 0.0625 0.5373054687500001
vt 0.0616625 0.5625
vt 0.0532890625 0.5625
vt 0.4099046875 0.8414859375
vt 0.412671875 0.8462796875
vt 0.40234375 0.849046875
vt 0.334375 0.78373203125
vt 0.334375 0.7912679687499999
vt 0.3203125 0.7875
vt 0.36216328125 0.5451179687500001
vt 0.37221171875 0.5451179687500001
vt 0.37137421875 0.5703125
vt 0.36300078125 0.5703125
vt 0.412671875 0.8462796875
vt 0.412671875 0.8518140625
vt 0.40234375 0.849046875
vt 0.33060703125 0.77720546875
vt 0.334375 0.78373203125
vt 0.3203125 0.7875
vt 0.0703125 0.5373054687500001
vt 0.0803609375 0.5373054687500001
vt 0.0795234375 0.5625
vt 0.07115 0.5625
vt 0.412671875 0.8518140625
vt 0.4099046875 0.8566078125000001
vt 0.40234375 0.849046875
vt 0.32408046875 0.7734375
vt 0.33060703125 0.77720546875
vt 0.3203125 0.7875
vt 0.453125 0.5763679687500001
vt 0.46317265625 0.5763679687500001
vt 0.4623359375 0.6015625
vt 0.4539625 0.6015625
vt 0.4099046875 0.8566078125000001
vt 0.4051109375 0.859375
vt 0.40234375 0.849046875
vt 0.31654453125 0.7734375
vt 0.32408046875 0.7734375
vt 0.3203125 0.7875
vt 0.44810078125 0.90449296875
vt 0.45814921875 0.90449296875
vt 0.45731171875 0.9296875
vt 0.44893828125 0.9296875
vt 0.4051109375 0.859375
vt 0.3995765625 0.859375
vt 0.40234375 0.849046875
vt 0.31001796875 0.77720546875
vt 0.31654453125 0.7734375
vt 0.3203125 0.7875
vt 0.45088984375 0.6232429687500001
vt 0.4609375 0.6232429687500001
vt 0.46010078125 0.6484375
vt 0.45172734375 0.6484375
vt 0.3995765625 0.859375
vt 0.3947828125 0.8566078125000001
vt 0.40234375 0.849046875
vt 0.30625 0.78373203125
vt 0.31001796875 0.77720546875
vt 0.3203125 0.7875
vt 0.4118265625 0.5451179687500001
vt 0.421875 0.5451179687500001
vt 0.4210375 0.5703125
vt 0.4126640625 0.5703125
vt 0.3947828125 0.8566078125000001
vt 0.392015625 0.8518140625
vt 0.40234375 0.849046875
vt 0.30625 0.7912679687499999
vt 0.30625 0.78373203125
vt 0.3203125 0.7875
vt 0.44028828125 0.95136796875
vt 0.45033671875 0.95136796875
vt 0.44949921875 0.9765625
vt 0.44112578125 0.9765625
vt 0.392015625 0.8518140625
vt 0.392015625 0.8462796875
vt 0.40234375 0.849046875
vt 0.31001796875 0.79779453125
vt 0.30625 0.7912679687499999
vt 0.3203125 0.7875
vt 0.3828125 0.5451179687500001
vt 0.3928609375 0.5451179687500001
vt 0.3920234375 0.5703125
vt 0.38365 0.5703125
vt 0.392015625 0.8462796875
vt 0.3947828125 0.8414859375
vt 0.40234375 0.849046875
vt 0.31654453125 0.8015625
vt 0.31001796875 0.79779453125
vt 0.3203125 0.7875
vt 0.453125 0.85761796875
vt 0.46317265625 0.85761796875
vt 0.46233515625 0.8828125
vt 0.45396171875 0.8828125
vt 0.3947828125 0.8414859375
vt 0.3995765625 0.83871875
vt 0.40234375 0.849046875
vt 0.32408046875 0.8015625
vt 0.31654453125 0.8015625
vt 0.3203125 0.7875
vt 0.19810078125 0.5373054687500001
vt 0.20814921875 0.5373054687500001
vt 0.20731171875 0.5625
vt 0.19893828125 0.5625
vt 0.3995765625 0.83871875
vt 0.4051109375 0.83871875
vt 0.40234375 0.849046875
vt 0.45870234375 0.80293046875
vt 0.46875 0.80293046875
vt 0.46875 0.81074296875
vt 0.45870234375 0.81074296875
vt 0.0524515625 0.5294929687500001
vt 0.0625 0.5294929687500001
vt 0.0625 0.5373054687500001
vt 0.0524515625 0.5373054687500001
vt 0.36216328125 0.5373054687500001
vt 0.37221171875 0.5373054687500001
vt 0.37221171875 0.5451179687500001
vt 0.36216328125 0.5451179687500001
vt 0.0703125 0.5294929687500001
vt 0.0803609375 0.5294929687500001
vt 0.0803609375 0.5373054687500001
vt 0.0703125 0.5373054687500001
vt 0.453125 0.5685554687500001
vt 0.46317265625 0.5685554687500001
vt 0.46317265625 0.5763679687500001
vt 0.453125 0.5763679687500001
vt 0.44810078125 0.89668046875
vt 0.45814921875 0.89668046875
vt 0.45814921875 0.90449296875
vt 0.44810078125 0.90449296875
vt 0.45088984375 0.6154304687500001
vt 0.4609375 0.6154304687500001
vt 0.4609375 0.6232429687500001
vt 0.45088984375 0.6232429687500001
vt 0.4118265625 0.5373054687500001
vt 0.421875 0.5373054687500001
vt 0.421875 0.5451179687500001
vt 0.4118265625 0.5451179687500001
vt 0.44028828125 0.94355546875
vt 0.45033671875 0.94355546875
vt 0.45033671875 0.95136796875
vt 0.44028828125 0.95136796875
vt 0.3828125 0.5373054687500001
vt 0.3928609375 0.5373054687500001
vt 0.3928609375 0.5451179687500001
vt 0.3828125 0.5451179687500001
vt 0.453125 0.84980546875
vt 0.46317265625 0.84980546875
vt 0.46317265625 0.85761796875
vt 0.453125 0.85761796875
vt 0.19810078125 0.5294929687500001
vt 0.20814921875 0.5294929687500001
vt 0.20814921875 0.5373054687500001
vt 0.19810078125 0.5373054687500001
vt 0.22642421875 0.9546875
vt 0.23295078125 0.95091953125
vt 0.23638203125 0.9543507812500001
vt 0.22768046875 0.959375
vt 0.23295078125 0.95091953125
vt 0.23671875 0.94439296875
vt 0.24140625 0.94564921875
vt 0.23638203125 0.9543507812500001
vt 0.23671875 0.94439296875
vt 0.23671875 0.93685703125
vt 0.24140625 0.93560078125
vt 0.24140625 0.94564921875
vt 0.23671875 0.93685703125
vt 0.23295078125 0.93033046875
vt 0.23638203125 0.92689921875
vt 0.24140625 0.93560078125
vt 0.23295078125 0.93033046875
vt 0.22642421875 0.9265625
vt 0.22768046875 0.921875
vt 0.23638203125 0.92689921875
vt 0.22642421875 0.9265625
vt 0.21888828125 0.9265625
vt 0.21763203125 0.921875
vt 0.22768046875 0.921875
vt 0.21888828125 0.9265625
vt 0.21236171875 0.93033046875
vt 0.20893046875 0.92689921875
vt 0.21763203125 0.921875
vt 0.21236171875 0.93033046875
vt 0.20859375 0.93685703125
vt 0.20390625 0.93560078125
vt 0.20893046875 0.92689921875
vt 0.20859375 0.93685703125
vt 0.20859375 0.94439296875
vt 0.20390625 0.94564921875
vt 0.20390625 0.93560078125
vt 0.20859375 0.94439296875
vt 0.21236171875 0.95091953125
vt 0.20893046875 0.9543507812500001
vt 0.20390625 0.94564921875
vt 0.21236171875 0.95091953125
vt 0.21888828125 0.9546875
vt 0.21763203125 0.959375
vt 0.20893046875 0.9543507812500001
vt 0.21888828125 0.9546875
vt 0.22642421875 0.9546875
vt 0.22768046875 0.959375
vt 0.21763203125 0.959375
vt 0.1171875 0.40625
vt 0.109375 0.40625
vt 0.109375 0.3984375
vt 0.1171875 0.3984375
vt 0.6015625 0.984375
vt 0.59375 0.984375
vt 0.59375 0.9765625
vt 0.6015625 0.9765625
vt 0.5078125 0.4140625
vt 0.5 0.4140625
vt 0.5 0.40625
vt 0.5078125 0.40625
vt 0.0546875 0.40625
vt 0.046875 0.40625
vt 0.046875 0.3984375
vt 0.0546875 0.3984375
vt 0.1328125 0.40625
vt 0.125 0.40625
vt 0.125 0.3984375
vt 0.1328125 0.3984375
vt 0.5703125 0.4140625
vt 0.5625 0.4140625
vt 0.5625 0.40625
vt 0.5703125 0.40625
vt 0.0703125 0.40625
vt 0.0625 0.40625
vt 0.0625 0.3984375
vt 0.0703125 0.3984375
vt 0.6015625 1
vt 0.59375 1
vt 0.59375 0.9921875
vt 0.6015625 0.9921875
vt 0.5234375 0.4140625
vt 0.515625 0.4140625
vt 0.515625 0.40625
vt 0.5234375 0.40625
vt 0.5859375 0.4140625
vt 0.578125 0.4140625
vt 0.578125 0.40625
vt 0.5859375 0.40625
vt 0.0859375 0.40625
vt 0.078125 0.40625
vt 0.078125 0.3984375
vt 0.0859375 0.3984375
vt 0.59375 0.4765625
vt 0.5859375 0.4765625
vt 0.5859375 0.46875
vt 0.59375 0.46875
vt 0.2575609375 0.7111890625
vt 0.2527671875 0.708421875
vt 0.25418671875 0.703125
vt 0.26143828125 0.70731171875
vt 0.260328125 0.7159828125000001
vt 0.2575609375 0.7111890625
vt 0.26143828125 0.70731171875
vt 0.265625 0.71456328125
vt 0.260328125 0.7215171874999999
vt 0.260328125 0.7159828125000001
vt 0.265625 0.71456328125
vt 0.265625 0.72293671875
vt 0.2575609375 0.7263109375
vt 0.260328125 0.7215171874999999
vt 0.265625 0.72293671875
vt 0.26143828125 0.73018828125
vt 0.2527671875 0.729078125
vt 0.2575609375 0.7263109375
vt 0.26143828125 0.73018828125
vt 0.25418671875 0.734375
vt 0.2472328125 0.729078125
vt 0.2527671875 0.729078125
vt 0.25418671875 0.734375
vt 0.24581328125 0.734375
vt 0.2424390625 0.7263109375
vt 0.2472328125 0.729078125
vt 0.24581328125 0.734375
vt 0.23856171875 0.73018828125
vt 0.239671875 0.7215171874999999
vt 0.2424390625 0.7263109375
vt 0.23856171875 0.73018828125
vt 0.234375 0.72293671875
vt 0.239671875 0.7159828125000001
vt 0.239671875 0.7215171874999999
vt 0.234375 0.72293671875
vt 0.234375 0.71456328125
vt 0.2424390625 0.7111890625
vt 0.239671875 0.7159828125000001
vt 0.234375 0.71456328125
vt 0.23856171875 0.70731171875
vt 0.2472328125 0.708421875
vt 0.2424390625 0.7111890625
vt 0.23856171875 0.70731171875
vt 0.24581328125 0.703125
vt 0.2527671875 0.708421875
vt 0.2472328125 0.708421875
vt 0.24581328125 0.703125
vt 0.25418671875 0.703125
vt 0.140625 0.3984375
vt 0.1484375 0.3984375
vt 0.1484375 0.40625
vt 0.140625 0.40625
vt 0.015625 0.3984375
vt 0.0234375 0.3984375
vt 0.0234375 0.40625
vt 0.015625 0.40625
vt 0.53125 0.40625
vt 0.5390625 0.40625
vt 0.5390625 0.4140625
vt 0.53125 0.4140625
vt 0.03125 0.3984375
vt 0.0390625 0.3984375
vt 0.0390625 0.40625
vt 0.03125 0.40625
vt 0.15625 0.3984375
vt 0.1640625 0.3984375
vt 0.1640625 0.40625
vt 0.15625 0.40625
vt 0.5859375 0.453125
vt 0.59375 0.453125
vt 0.59375 0.4609375
vt 0.5859375 0.4609375
vt 0.59375 0.9453125
vt 0.6015625 0.9453125
vt 0.6015625 0.953125
vt 0.59375 0.953125
vt 0 0.3984375
vt 0.0078125 0.3984375
vt 0.0078125 0.40625
vt 0 0.40625
vt 0.546875 0.40625
vt 0.5546875 0.40625
vt 0.5546875 0.4140625
vt 0.546875 0.4140625
vt 0.5859375 0.421875
vt 0.59375 0.421875
vt 0.59375 0.4296875
vt 0.5859375 0.4296875
vt 0.09375 0.3984375
vt 0.1015625 0.3984375
vt 0.1015625 0.40625
vt 0.09375 0.40625
vt 0.5859375 0.4375
vt 0.59375 0.4375
vt 0.59375 0.4453125
vt 0.5859375 0.4453125
vn 0 -1 0
vn 0.4961413574830043 0.12403469188267136 0.8593364583238005
vn 0 1 0
vn 0 -1 0
vn 0.8593364583238002 0.12403469188267138 0.4961413574830043
vn 0 1 0
vn 0 -1 0
vn 0.9922778767136676 0.12403473458920843 0
vn 0 1 0
vn 0 -1 0
vn 0.8593364583238003 0.12403469188267138 -0.4961413574830042
vn 0 1 0
vn 0 -1 0
vn 0.4961413574830043 0.12403469188267138 -0.8593364583238005
vn 0 1 0
vn 0 -1 0
vn 0 0.12403473458920837 -0.9922778767136676
vn 0 1 0
vn 0 -1 0
vn -0.4961413574830043 0.12403469188267138 -0.8593364583238003
vn 0 1 0
vn 0 -1 0
vn -0.8593364583238001 0.12403469188267145 -0.4961413574830044
vn 0 1 0
vn 0 -1 0
vn -0.9922778767136676 0.12403473458920852 0
vn 0 1 0
vn 0 -1 0
vn -0.8593364583238001 0.1240346918826713 0.49614135748300453
vn 0 1 0
vn 0 -1 0
vn -0.4961413574830043 0.12403469188267136 0.8593364583238003
vn 0 1 0
vn 0 -1 0
vn 0 0.12403473458920837 0.9922778767136676
vn 0 1 0
vn 0.5000024352623959 0 0.8660239977804738
vn 0.8660239977804738 0 0.5000024352623959
vn 1 0 0
vn 0.8660239977804737 0 -0.5000024352623957
vn 0.5000024352623959 0 -0.8660239977804738
vn 0 0 -1
vn -0.5000024352623959 0 -0.8660239977804737
vn -0.8660239977804736 0 -0.500002435262396
vn -1 0 0
vn -0.8660239977804736 0 0.5000024352623961
vn -0.5000024352623959 0 0.8660239977804737
vn 0 0 1
vn 0 -1 0
vn 0 -1 0
vn 0 -1 0
vn 0 -1 0
vn 0 -1 0
vn 0 -1 0
vn 0 -1 0
vn 0 -1 0
vn 0 -1 0
vn 0 -1 0
vn 0 -1 0
vn 0 -1 0
vn -0.5000024352623957 0 -0.8660239977804737
vn -0.8660239977804737 0 -0.5000024352623959
vn -1 0 0
vn -0.8660239977804737 0 0.500002435262396
vn -0.5000024352623959 0 0.8660239977804737
vn 0 0 1
vn 0.5000024352623957 0 0.8660239977804737
vn 0.8660239977804738 0 0.5000024352623955
vn 1 0 0
vn 0.8660239977804738 0 -0.5000024352623954
vn 0.5000024352623956 0 -0.8660239977804737
vn 0 0 -1
vn 0 1 0
vn 0 1 0
vn 0 1 0
vn 0 1 0
vn 0 1 0
vn 0 1 0
vn 0 1 0
vn 0 1 0
vn 0 1 0
vn 0 1 0
vn 0 1 0
vn 0 1 0
vn -0.5000026633676192 0 -0.8660238660829662
vn -0.8660238660829661 0 -0.5000026633676192
vn -1 0 0
vn -0.8660238660829661 0 0.5000026633676192
vn -0.5000026633676191 0 0.8660238660829663
vn 0 0 1
vn 0.5000026633676191 0 0.8660238660829663
vn 0.8660238660829662 0 0.500002663367619
vn 1 0 0
vn 0.8660238660829662 0 -0.500002663367619
vn 0.5000026633676192 0 -0.8660238660829662
vn 0 0 -1
usemtl m_760b25d0-8ffc-19f6-35fe-305143ee9831
f 121/297/81 120/298/81 119/299/81
f 71/300/82 73/301/82 74/302/82 72/303/82
f 145/304/83 146/305/83 144/306/83
f 122/307/84 121/308/84 119/309/84
f 73/310/85 75/311/85 76/312/85 74/313/85
f 146/314/86 147/315/86 144/316/86
f 123/317/87 122/318/87 119/319/87
f 75/320/88 77/321/88 78/322/88 76/323/88
f 147/324/89 148/325/89 144/326/89
f 124/327/90 123/328/90 119/329/90
f 77/330/91 79/331/91 80/332/91 78/333/91
f 148/334/92 149/335/92 144/336/92
f 125/337/93 124/338/93 119/339/93
f 79/340/94 81/341/94 82/342/94 80/343/94
f 149/344/95 150/345/95 144/346/95
f 126/347/96 125/348/96 119/349/96
f 81/350/97 83/351/97 84/352/97 82/353/97
f 150/354/98 151/355/98 144/356/98
f 127/357/99 126/358/99 119/359/99
f 83/360/100 85/361/100 86/362/100 84/363/100
f 151/364/101 152/365/101 144/366/101
f 128/367/102 127/368/102 119/369/102
f 85/370/103 87/371/103 88/372/103 86/373/103
f 152/374/104 153/375/104 144/376/104
f 129/377/105 128/378/105 119/379/105
f 87/380/106 89/381/106 90/382/106 88/383/106
f 153/384/107 154/385/107 144/386/107
f 130/387/108 129/388/108 119/389/108
f 89/390/109 91/391/109 92/392/109 90/393/109
f 154/394/110 155/395/110 144/396/110
f 131/397/111 130/398/111 119/399/111
f 91/400/112 93/401/112 94/402/112 92/403/112
f 155/404/113 156/405/113 144/406/113
f 120/407/114 131/408/114 119/409/114
f 93/410/115 71/411/115 72/412/115 94/413/115
f 156/414/116 145/415/116 144/416/116
f 95/417/117 96/418/117 73/419/117 71/420/117
f 96/421/118 97/422/118 75/423/118 73/424/118
f 97/425/119 98/426/119 77/427/119 75/428/119
f 98/429/120 99/430/120 79/431/120 77/432/120
f 99/433/121 100/434/121 81/435/121 79/436/121
f 100/437/122 101/438/122 83/439/122 81/440/122
f 101/441/123 102/442/123 85/443/123 83/444/123
f 102/445/124 103/446/124 87/447/124 85/448/124
f 103/449/125 104/450/125 89/451/125 87/452/125
f 104/453/126 105/454/126 91/455/126 89/456/126
f 105/457/127 106/458/127 93/459/127 91/460/127
f 106/461/128 95/462/128 71/463/128 93/464/128
f 107/465/129 108/466/129 96/467/129 95/468/129
f 108/469/130 109/470/130 97/471/130 96/472/130
f 109/473/131 110/474/131 98/475/131 97/476/131
f 110/477/132 111/478/132 99/479/132 98/480/132
f 111/481/133 112/482/133 100/483/133 99/484/133
f 112/485/134 113/486/134 101/487/134 100/488/134
f 113/489/135 114/490/135 102/491/135 101/492/135
f 114/493/136 115/494/136 103/495/136 102/496/136
f 115/497/137 116/498/137 104/499/137 103/500/137
f 116/501/138 117/502/138 105/503/138 104/504/138
f 117/505/139 118/506/139 106/507/139 105/508/139
f 118/509/140 107/510/140 95/511/140 106/512/140
f 120/513/141 121/514/141 108/515/141 107/516/141
f 121/517/142 122/518/142 109/519/142 108/520/142
f 122/521/143 123/522/143 110/523/143 109/524/143
f 123/525/144 124/526/144 111/527/144 110/528/144
f 124/529/145 125/530/145 112/531/145 111/532/145
f 125/533/146 126/534/146 113/535/146 112/536/146
f 126/537/147 127/538/147 114/539/147 113/540/147
f 127/541/148 128/542/148 115/543/148 114/544/148
f 128/545/149 129/546/149 116/547/149 115/548/149
f 129/549/150 130/550/150 117/551/150 116/552/150
f 130/553/151 131/554/151 118/555/151 117/556/151
f 131/557/152 120/558/152 107/559/152 118/560/152
f 133/561/153 132/562/153 72/563/153 74/564/153
f 134/565/154 133/566/154 74/567/154 76/568/154
f 135/569/155 134/570/155 76/571/155 78/572/155
f 136/573/156 135/574/156 78/575/156 80/576/156
f 137/577/157 136/578/157 80/579/157 82/580/157
f 138/581/158 137/582/158 82/583/158 84/584/158
f 139/585/159 138/586/159 84/587/159 86/588/159
f 140/589/160 139/590/160 86/591/160 88/592/160
f 141/593/161 140/594/161 88/595/161 90/596/161
f 142/597/162 141/598/162 90/599/162 92/600/162
f 143/601/163 142/602/163 92/603/163 94/604/163
f 132/605/164 143/606/164 94/607/164 72/608/164
f 146/609/165 145/610/165 132/611/165 133/612/165
f 147/613/166 146/614/166 133/615/166 134/616/166
f 148/617/167 147/618/167 134/619/167 135/620/167
f 149/621/168 148/622/168 135/623/168 136/624/168
f 150/625/169 149/626/169 136/627/169 137/628/169
f 151/629/170 150/630/170 137/631/170 138/632/170
f 152/633/171 151/634/171 138/635/171 139/636/171
f 153/637/172 152/638/172 139/639/172 140/640/172
f 154/641/173 153/642/173 140/643/173 141/644/173
f 155/645/174 154/646/174 141/647/174 142/648/174
f 156/649/175 155/650/175 142/651/175 143/652/175
f 145/653/176 156/654/176 143/655/176 132/656/176
o tube
v -0.106906875 0.3625 0.11875
v -0.106906875 0.45625 0.11875
v -0.1164925 0.3625 0.082975625
v -0.1164925 0.45625 0.082975625
v -0.043093125 0.3890625 0.081906875
v -0.043093125 0.45625 0.081906875
v -0.069281875 0.3890625 0.055718125
v -0.069281875 0.45625 0.055718125
v -0.00625 0.425 0.018093125
v -0.00625 0.45625 0.018093125
v -0.042024375 0.425 0.0085075
v -0.042024375 0.45625 0.0085075
v -0.00625 0.425 -0.055593125
v -0.00625 0.45625 -0.055593125
v -0.042024375 0.425 -0.0460075
v -0.042024375 0.45625 -0.0460075
v -0.043093125 0.425 -0.119406875
v -0.043093125 0.48125 -0.119406875
v -0.069281875 0.425 -0.093218125
v -0.069281875 0.48125 -0.093218125
v -0.106906875 0.425 -0.15625
v -0.106906875 0.51875 -0.15625
v -0.1164925 0.425 -0.120475625
v -0.1164925 0.51875 -0.120475625
v -0.180593125 0.425 -0.15625
v -0.180593125 0.51875 -0.15625
v -0.1710075 0.425 -0.120475625
v -0.1710075 0.51875 -0.120475625
v -0.244406875 0.425 -0.119406875
v -0.244406875 0.48125 -0.119406875
v -0.218218125 0.425 -0.093218125
v -0.218218125 0.48125 -0.093218125
v -0.28125 0.425 -0.055593125
v -0.28125 0.45625 -0.055593125
v -0.245475625 0.425 -0.0460075
v -0.245475625 0.45625 -0.0460075
v -0.28125 0.425 0.018093125
v -0.28125 0.45625 0.018093125
v -0.245475625 0.425 0.0085075
v -0.245475625 0.45625 0.0085075
v -0.244406875 0.3890625 0.081906875
v -0.244406875 0.45625 0.081906875
v -0.218218125 0.3890625 0.055718125
v -0.218218125 0.45625 0.055718125
v -0.180593125 0.3625 0.11875
v -0.180593125 0.45625 0.11875
v -0.1710075 0.3625 0.082975625
v -0.1710075 0.45625 0.082975625
vt 0.5546875 0.83203125
vt 0.5625 0.8353515625
vt 0.5625 0.84375
vt 0.5546875 0.84375
vt 0.1875 0.4453125
vt 0.1796875 0.4453125
vt 0.1796875 0.4369140625
vt 0.1875 0.43359375
vt 0.5625 0.45420281250000005
vt 0.5625 0.461782578125
vt 0.5546875 0.46285960937500004
vt 0.554809921875 0.453125
vt 0.29757421875 0.67351953125
vt 0.30555078125 0.678125
vt 0.30227734375 0.6813984375
vt 0.29637578125 0.67799140625
vt 0.25 0.4291015625
vt 0.2578125 0.43359375
vt 0.2578125 0.4375
vt 0.25 0.4375
vt 0.2734375 0.4375
vt 0.265625 0.4375
vt 0.265625 0.43359375
vt 0.2734375 0.4291015625
vt 0.5625 0.57912609375
vt 0.5625 0.587287578125
vt 0.5546875 0.588287890625
vt 0.55488 0.578125
vt 0.30555078125 0.678125
vt 0.31015625 0.6861015625
vt 0.305684375 0.6873
vt 0.30227734375 0.6813984375
vt 0.5703125 0.8125
vt 0.578125 0.8125
vt 0.578125 0.8203125
vt 0.5703125 0.8203125
vt 0.578125 0.75
vt 0.5703125 0.75
vt 0.5703125 0.7421875
vt 0.578125 0.7421875
vt 0.258809375 0.69246953125
vt 0.258809375 0.68565546875
vt 0.26328125 0.68445703125
vt 0.26328125 0.69366796875
vt 0.31015625 0.6861015625
vt 0.31015625 0.6953125
vt 0.305684375 0.6941140625
vt 0.305684375 0.6873
vt 0.453125 0.421875
vt 0.4609375 0.421875
vt 0.4609375 0.4296875
vt 0.453125 0.42656249999999996
vt 0.4765625 0.42656249999999996
vt 0.46875 0.4296875
vt 0.46875 0.421875
vt 0.4765625 0.421875
vt 0.258809375 0.68565546875
vt 0.25540234375 0.67975390625
vt 0.25867578125 0.67648046875
vt 0.26328125 0.68445703125
vt 0.09917890625 0.4649053125
vt 0.1015625 0.47433499999999995
vt 0.0969328125 0.47433499999999995
vt 0.09516953125 0.4670896875
vt 0.53125 0.46875
vt 0.5390625 0.46875
vt 0.5390625 0.484375
vt 0.53125 0.47968750000000004
vt 0.546875 0.8390625
vt 0.5390625 0.84375
vt 0.5390625 0.828125
vt 0.546875 0.828125
vt 0.25540234375 0.67975390625
vt 0.24950078125 0.676346875
vt 0.25069921875 0.671875
vt 0.25867578125 0.67648046875
vt 0.1015625 0.47433499999999995
vt 0.099111328125 0.484375
vt 0.09498828125 0.482269296875
vt 0.09706046875 0.47433499999999995
vt 0.53125 0.6015625
vt 0.5390625 0.6015625
vt 0.5390625 0.6171875
vt 0.53125 0.6171875
vt 0.5390625 0.53125
vt 0.53125 0.53125
vt 0.53125 0.515625
vt 0.5390625 0.515625
vt 0.24950078125 0.676346875
vt 0.24268671875 0.676346875
vt 0.24148828125 0.671875
vt 0.25069921875 0.671875
vt 0.04366796875 0.4375
vt 0.03445703125 0.4375
vt 0.03565546875 0.4296875
vt 0.04246953125 0.4296875
vt 0.5390625 0.8046875
vt 0.546875 0.8046875
vt 0.546875 0.815625
vt 0.5390625 0.8203125
vt 0.1171875 0.4609375
vt 0.109375 0.45625000000000004
vt 0.109375 0.4453125
vt 0.1171875 0.4453125
vt 0.24268671875 0.676346875
vt 0.23678515625 0.67975390625
vt 0.23351171875 0.67648046875
vt 0.24148828125 0.671875
vt 0.493664296875 1
vt 0.486759375 0.99231
vt 0.49082484375 0.990095078125
vt 0.4962046875 0.9962840625
vt 0.5703125 0.5859375
vt 0.578125 0.5859375
vt 0.578125 0.590625
vt 0.5703125 0.59375
vt 0.578125 0.703125
vt 0.5703125 0.7
vt 0.5703125 0.6953125
vt 0.578125 0.6953125
vt 0.23678515625 0.67975390625
vt 0.233378125 0.68565546875
vt 0.22890625 0.68445703125
vt 0.23351171875 0.67648046875
vt 0.486759375 0.99231
vt 0.484375 0.9828803125
vt 0.4890046875 0.9828803125
vt 0.49076875 0.990125625
vt 0.5703125 0.7265625
vt 0.578125 0.7265625
vt 0.578125 0.734375
vt 0.5703125 0.734375
vt 0.578125 0.71875
vt 0.5703125 0.71875
vt 0.5703125 0.7109375
vt 0.578125 0.7109375
vt 0.233378125 0.68565546875
vt 0.233378125 0.69246953125
vt 0.22890625 0.69366796875
vt 0.22890625 0.68445703125
vt 0.27578125 0.6953125
vt 0.27578125 0.6861015625
vt 0.280253125 0.6873
vt 0.280253125 0.6941140625
vt 0.234375 0.43359375
vt 0.2421875 0.4291015625
vt 0.2421875 0.4375
vt 0.234375 0.4375
vt 0.2265625 0.4375
vt 0.21875 0.4375
vt 0.21875 0.4291015625
vt 0.2265625 0.43359375
vt 0.315792109375 0.39978742187500005
vt 0.315792109375 0.39162515625000005
vt 0.3203125 0.390625
vt 0.32011984375 0.40078781249999995
vt 0.27578125 0.6861015625
vt 0.28038671875 0.678125
vt 0.28366015625 0.6813984375
vt 0.280253125 0.6873
vt 0.5546875 0.9134765625
vt 0.5625 0.91015625
vt 0.5625 0.921875
vt 0.5546875 0.921875
vt 0.15625 0.4453125
vt 0.1484375 0.4453125
vt 0.1484375 0.43359375
vt 0.15625 0.4369140625
vt 0.59705984375 0.664906796875
vt 0.59705984375 0.65732703125
vt 0.6015625 0.65625
vt 0.601440078125 0.6659846093749999
vt 0.28038671875 0.678125
vt 0.28836328125 0.67351953125
vt 0.28956171875 0.67799140625
vt 0.28366015625 0.6813984375
vt 0.53125 0.7578125
vt 0.5390625 0.7578125
vt 0.5390625 0.7734375
vt 0.53125 0.7734375
vt 0.5390625 0.640625
vt 0.53125 0.640625
vt 0.53125 0.625
vt 0.5390625 0.625
vt 0.05909296875 0.4296875
vt 0.06590703125 0.4296875
vt 0.06710546875 0.4375
vt 0.05789453125 0.4375
vt 0.28836328125 0.67351953125
vt 0.29757421875 0.67351953125
vt 0.29637578125 0.67799140625
vt 0.28956171875 0.67799140625
vn 0.5000024352623956 0 0.8660239977804737
vn -0.5000059564148062 0 -0.8660219648194352
vn 0.3184706070647187 -0.8928342202624512 -0.31847060706471864
vn 0 1 0
vn 0.8660239977804738 0 0.5000024352623959
vn -0.8660219648194353 0 -0.5000059564148062
vn 0.1458985955190199 -0.8259701759217205 -0.5445060773888749
vn 0 1 0
vn 1 0 0
vn -1 0 0
vn 0 -1 0
vn 0 1 0
vn 0.8660239977804737 0 -0.5000024352623959
vn -0.8660219648194352 0 0.500005956414806
vn 0 -1 0
vn 0.2343335166128445 0.9434911796003795 0.23433351661284443
vn 0.500002435262396 0 -0.8660239977804737
vn -0.5000059564148062 0 0.8660219648194352
vn 0 -1 0
vn 0.45024785100675296 0.8847159317830136 0.12064241672444594
vn 0 0 -1
vn 0 0 1
vn 0 -1 0
vn 0 1 0
vn -0.5000024352623959 0 -0.8660239977804737
vn 0.500005956414806 0 0.8660219648194353
vn 0 -1 0
vn -0.32960354504517375 0.8847163422178369 0.32960354504517353
vn -0.8660239977804736 0 -0.5000024352623959
vn 0.8660219648194354 0 0.500005956414806
vn 0 -1 0
vn -0.08577143260352423 0.9434909583605997 0.32010634614286565
vn -1 0 0
vn 1 0 0
vn 0 -1 0
vn 0 1 0
vn -0.8660239977804737 0 0.5000024352623959
vn 0.8660219648194353 0 -0.5000059564148059
vn -0.3986046901225643 -0.8259713082332761 -0.398604690122564
vn 0 1 0
vn -0.5000024352623959 0 0.8660239977804738
vn 0.500005956414806 0 -0.8660219648194353
vn -0.43504070897352765 -0.8928334389476875 -0.11656771350874381
vn 0 1 0
vn 0 0 1
vn 0 0 -1
vn 0 -1 0
vn 0 1 0
usemtl m_760b25d0-8ffc-19f6-35fe-305143ee9831
f 157/657/177 161/658/177 162/659/177 158/660/177
f 160/661/178 164/662/178 163/663/178 159/664/178
f 159/665/179 163/666/179 161/667/179 157/668/179
f 158/669/180 162/670/180 164/671/180 160/672/180
f 161/673/181 165/674/181 166/675/181 162/676/181
f 164/677/182 168/678/182 167/679/182 163/680/182
f 163/681/183 167/682/183 165/683/183 161/684/183
f 162/685/184 166/686/184 168/687/184 164/688/184
f 165/689/185 169/690/185 170/691/185 166/692/185
f 168/693/186 172/694/186 171/695/186 167/696/186
f 167/697/187 171/698/187 169/699/187 165/700/187
f 166/701/188 170/702/188 172/703/188 168/704/188
f 169/705/189 173/706/189 174/707/189 170/708/189
f 172/709/190 176/710/190 175/711/190 171/712/190
f 171/713/191 175/714/191 173/715/191 169/716/191
f 170/717/192 174/718/192 176/719/192 172/720/192
f 173/721/193 177/722/193 178/723/193 174/724/193
f 176/725/194 180/726/194 179/727/194 175/728/194
f 175/729/195 179/730/195 177/731/195 173/732/195
f 174/733/196 178/734/196 180/735/196 176/736/196
f 177/737/197 181/738/197 182/739/197 178/740/197
f 180/741/198 184/742/198 183/743/198 179/744/198
f 179/745/199 183/746/199 181/747/199 177/748/199
f 178/749/200 182/750/200 184/751/200 180/752/200
f 181/753/201 185/754/201 186/755/201 182/756/201
f 184/757/202 188/758/202 187/759/202 183/760/202
f 183/761/203 187/762/203 185/763/203 181/764/203
f 182/765/204 186/766/204 188/767/204 184/768/204
f 185/769/205 189/770/205 190/771/205 186/772/205
f 188/773/206 192/774/206 191/775/206 187/776/206
f 187/777/207 191/778/207 189/779/207 185/780/207
f 186/781/208 190/782/208 192/783/208 188/784/208
f 189/785/209 193/786/209 194/787/209 190/788/209
f 192/789/210 196/790/210 195/791/210 191/792/210
f 191/793/211 195/794/211 193/795/211 189/796/211
f 190/797/212 194/798/212 196/799/212 192/800/212
f 193/801/213 197/802/213 198/803/213 194/804/213
f 196/805/214 200/806/214 199/807/214 195/808/214
f 195/809/215 199/810/215 197/811/215 193/812/215
f 194/813/216 198/814/216 200/815/216 196/816/216
f 197/817/217 201/818/217 202/819/217 198/820/217
f 200/821/218 204/822/218 203/823/218 199/824/218
f 199/825/219 203/826/219 201/827/219 197/828/219
f 198/829/220 202/830/220 204/831/220 200/832/220
f 201/833/221 157/834/221 158/835/221 202/836/221
f 204/837/222 160/838/222 159/839/222 203/840/222
f 203/841/223 159/842/223 157/843/223 201/844/223
f 202/845/224 158/846/224 160/847/224 204/848/224
o cylinder
v 0.15 -1.3877787807814457e-17 -0.01875
v 0.11650625 -1.3877787807814457e-17 0.10625
v 0.11650625 0.12499999999999999 0.10625
v 0.05849375 -1.3877787807814457e-17 0.07275625
v 0.05849375 0.12499999999999999 0.07275625
v 0.025 -1.3877787807814457e-17 0.01474375
v 0.025 0.12499999999999999 0.01474375
v 0.025 -1.3877787807814457e-17 -0.05224375
v 0.025 0.12499999999999999 -0.05224375
v 0.05849375 -1.3877787807814457e-17 -0.11025625
v 0.05849375 0.12499999999999999 -0.11025625
v 0.11650625 -1.3877787807814457e-17 -0.14375
v 0.11650625 0.12499999999999999 -0.14375
v 0.18349375 -1.3877787807814457e-17 -0.14375
v 0.18349375 0.12499999999999999 -0.14375
v 0.24150625 -1.3877787807814457e-17 -0.11025625
v 0.24150625 0.12499999999999999 -0.11025625
v 0.275 -1.3877787807814457e-17 -0.05224375
v 0.275 0.12499999999999999 -0.05224375
v 0.275 -1.3877787807814457e-17 0.01474375
v 0.275 0.12499999999999999 0.01474375
v 0.24150625 -1.3877787807814457e-17 0.07275625
v 0.24150625 0.12499999999999999 0.07275625
v 0.18349375 -1.3877787807814457e-17 0.10625
v 0.18349375 0.12499999999999999 0.10625
v 0.2280075 -1.3877787807814457e-17 -0.240264375
v 0.254126875 -1.3877787807814457e-17 -0.21474375
v 0.254126875 0.07499999999999998 -0.21474375
v 0.2280075 0.07499999999999998 -0.240264375
v 0.1785525 -1.3877787807814457e-17 -0.258313125
v 0.1785525 0.07499999999999998 -0.258313125
v 0.1214475 -1.3877787807814457e-17 -0.258313125
v 0.1214475 0.07499999999999998 -0.258313125
v 0.0719925 -1.3877787807814457e-17 -0.240264375
v 0.0719925 0.07499999999999998 -0.240264375
v 0.045873125 -1.3877787807814457e-17 -0.21474375
v 0.045873125 0.07499999999999998 -0.21474375
v 0.21650625 -1.3877787807814457e-17 0.164383125
v 0.17661125 -1.3877787807814457e-17 0.202063125
v 0.17661125 0.04999999999999999 0.202063125
v 0.21650625 0.04999999999999999 0.164383125
v 0.12338875 -1.3877787807814457e-17 0.202063125
v 0.12338875 0.04999999999999999 0.202063125
v 0.08349375 -1.3877787807814457e-17 0.164383125
v 0.08349375 0.04999999999999999 0.164383125
v 0.12518125 0.12499999999999999 0.073875
v 0.08219375 0.12499999999999999 0.04905625
v 0.057375 0.12499999999999999 0.00606875
v 0.057375 0.12499999999999999 -0.04356875
v 0.08219375 0.12499999999999999 -0.08655625
v 0.12518125 0.12499999999999999 -0.111375
v 0.17481875 0.12499999999999999 -0.111375
v 0.21780625 0.12499999999999999 -0.08655625
v 0.242625 0.12499999999999999 -0.04356875
v 0.242625 0.12499999999999999 0.00606875
v 0.21780625 0.12499999999999999 0.04905625
v 0.17481875 0.12499999999999999 0.073875
v 0.15 0.09999999999999999 -0.01875
v 0.12518125 0.09999999999999999 0.073875
v 0.08219375 0.09999999999999999 0.04905625
v 0.057375 0.09999999999999999 0.00606875
v 0.057375 0.09999999999999999 -0.04356875
v 0.08219375 0.09999999999999999 -0.08655625
v 0.12518125 0.09999999999999999 -0.111375
v 0.17481875 0.09999999999999999 -0.111375
v 0.21780625 0.09999999999999999 -0.08655625
v 0.242625 0.09999999999999999 -0.04356875
v 0.242625 0.09999999999999999 0.00606875
v 0.21780625 0.09999999999999999 0.04905625
v 0.17481875 0.09999999999999999 0.073875
vt 0.17159453125 0.951820390625
vt 0.16434296875 0.947633671875
vt 0.17578125 0.936195390625
vt 0.5859375 0.59375
vt 0.5859375 0.5859375
vt 0.59375 0.5859375
vt 0.59375 0.59375
vt 0.03449296875 0.62057109375
vt 0.03986640625 0.61746875
vt 0.04296875 0.629046875
vt 0.16434296875 0.947633671875
vt 0.16015625 0.940382109375
vt 0.17578125 0.936195390625
vt 0.4609375 0.765625
vt 0.4609375 0.75
vt 0.4693109375 0.75
vt 0.4693109375 0.765625
vt 0.031390625 0.62594453125
vt 0.03449296875 0.62057109375
vt 0.04296875 0.629046875
vt 0.16015625 0.940382109375
vt 0.16015625 0.932008671875
vt 0.17578125 0.936195390625
vt 0.404490625 0.78125
vt 0.404490625 0.765625
vt 0.4128640625 0.765625
vt 0.4128640625 0.78125
vt 0.031390625 0.63214921875
vt 0.031390625 0.62594453125
vt 0.04296875 0.629046875
vt 0.16015625 0.932008671875
vt 0.16434296875 0.924757109375
vt 0.17578125 0.936195390625
vt 0.34375 0.4140625
vt 0.34375 0.40625
vt 0.3515625 0.40625
vt 0.3515625 0.4140625
vt 0.03449296875 0.63752265625
vt 0.031390625 0.63214921875
vt 0.04296875 0.629046875
vt 0.16434296875 0.924757109375
vt 0.17159453125 0.920570390625
vt 0.17578125 0.936195390625
vt 0.5859375 0.75
vt 0.5859375 0.7421875
vt 0.59375 0.7421875
vt 0.59375 0.75
vt 0.03986640625 0.640625
vt 0.03449296875 0.63752265625
vt 0.04296875 0.629046875
vt 0.17159453125 0.920570390625
vt 0.17996796875 0.920570390625
vt 0.17578125 0.936195390625
vt 0.25 0.4140625
vt 0.25 0.40625
vt 0.2578125 0.40625
vt 0.2578125 0.4140625
vt 0.04607109375 0.640625
vt 0.03986640625 0.640625
vt 0.04296875 0.629046875
vt 0.17996796875 0.920570390625
vt 0.18721953125 0.924757109375
vt 0.17578125 0.936195390625
vt 0.265625 0.4140625
vt 0.265625 0.40625
vt 0.2734375 0.40625
vt 0.2734375 0.4140625
vt 0.05144453125 0.63752265625
vt 0.04607109375 0.640625
vt 0.04296875 0.629046875
vt 0.18721953125 0.924757109375
vt 0.19140625 0.932008671875
vt 0.17578125 0.936195390625
vt 0.359375 0.4140625
vt 0.359375 0.40625
vt 0.3671875 0.40625
vt 0.3671875 0.4140625
vt 0.054546875 0.63214921875
vt 0.05144453125 0.63752265625
vt 0.04296875 0.629046875
vt 0.19140625 0.932008671875
vt 0.19140625 0.940382109375
vt 0.17578125 0.936195390625
vt 0.3840109375 0.7578125
vt 0.3840109375 0.7421875
vt 0.392384375 0.7421875
vt 0.392384375 0.7578125
vt 0.054546875 0.62594453125
vt 0.054546875 0.63214921875
vt 0.04296875 0.629046875
vt 0.19140625 0.940382109375
vt 0.18721953125 0.947633671875
vt 0.17578125 0.936195390625
vt 0.4760015625 0.7890625
vt 0.4760015625 0.7734375
vt 0.484375 0.7734375
vt 0.484375 0.7890625
vt 0.05144453125 0.62057109375
vt 0.054546875 0.62594453125
vt 0.04296875 0.629046875
vt 0.18721953125 0.947633671875
vt 0.17996796875 0.951820390625
vt 0.17578125 0.936195390625
vt 0.375 0.4140625
vt 0.375 0.40625
vt 0.3828125 0.40625
vt 0.3828125 0.4140625
vt 0.04607109375 0.61746875
vt 0.05144453125 0.62057109375
vt 0.04296875 0.629046875
vt 0.17996796875 0.951820390625
vt 0.17159453125 0.951820390625
vt 0.17578125 0.936195390625
vt 0.234375 0.4140625
vt 0.234375 0.40625
vt 0.2421875 0.40625
vt 0.2421875 0.4140625
vt 0.03986640625 0.61746875
vt 0.04607109375 0.61746875
vt 0.04296875 0.629046875
vt 0.18721953125 0.924757109375
vt 0.185531484375 0.908506640625
vt 0.1887965625 0.911696796875
vt 0.19140625 0.93200875
vt 0.392384375 0.7421875
vt 0.4128640625 0.7421875
vt 0.4128640625 0.7515625
vt 0.392384375 0.7578125
vt 0.015625 0.4453125
vt 0.015625 0.42390070312499994
vt 0.018643671875 0.42047640625000005
vt 0.019435234375 0.43792335937500004
vt 0.17996796875 0.920570390625
vt 0.179350234375 0.906250078125
vt 0.18553265625 0.90850640625
vt 0.1872196875 0.924757265625
vt 0.375115859375 0.6484375
vt 0.3768975 0.6310359375
vt 0.38314578125 0.628969140625
vt 0.382528203125 0.6445835156249999
vt 0.17159453125 0.920570390625
vt 0.1722125 0.906250078125
vt 0.17935 0.906250078125
vt 0.17996796875 0.920570390625
vt 0.3825278125 0.644594140625
vt 0.38314578125 0.628969140625
vt 0.39028328125 0.628969140625
vt 0.39090125 0.644594140625
vt 0.16434296875 0.924757109375
vt 0.16603 0.908506328125
vt 0.17221234375 0.90625
vt 0.1715946875 0.9205703125
vt 0.39090125 0.6445937500000001
vt 0.39028328125 0.628969140625
vt 0.396532109375 0.631034375
vt 0.398321640625 0.648424375
vt 0.16015625 0.932008671875
vt 0.162765390625 0.91169609375
vt 0.16603046875 0.908506015625
vt 0.16434296875 0.92475703125
vt 0.5082878125 0.5390625
vt 0.490815390625 0.53821125
vt 0.4942446875 0.53125
vt 0.515625 0.53125
vt 0.404490625 0.78125
vt 0.3840109375 0.775
vt 0.3840109375 0.765625
vt 0.404490625 0.765625
vt 0.18721953125 0.947633671875
vt 0.18409390625 0.959087578125
vt 0.179106953125 0.963797265625
vt 0.1799678125 0.95182046875
vt 0.52754921875 0.8125
vt 0.512314765625 0.8125
vt 0.51629921875 0.806916484375
vt 0.53125 0.805132421875
vt 0.4760015625 0.7890625
vt 0.4641296875 0.7796875
vt 0.4641296875 0.7734375
vt 0.4760015625 0.7734375
vt 0.17996796875 0.951820390625
vt 0.1791078125 0.963796953125
vt 0.1724546875 0.963796953125
vt 0.17159453125 0.951820390625
vt 0.511444921875 0.5234375
vt 0.511444921875 0.508203828125
vt 0.5180875 0.5078281250000001
vt 0.519805078125 0.5229646875
vt 0.17159453125 0.951820390625
vt 0.17245421875 0.963797265625
vt 0.1674671875 0.9590865625
vt 0.16434265625 0.947633515625
vt 0.4693109375 0.75
vt 0.4811828125 0.75
vt 0.4811828125 0.75625
vt 0.4693109375 0.765625
vt 0.03125 0.484375
vt 0.03291640625 0.46933953125000005
vt 0.0390625 0.465331953125
vt 0.0390625 0.48048
vt 0.16768828125 0.703125
vt 0.16877265625 0.707171875
vt 0.16339921875 0.71027421875
vt 0.16043671875 0.70731171875
vt 0.16043671875 0.70731171875
vt 0.16339921875 0.71027421875
vt 0.160296875 0.71564765625
vt 0.15625 0.71456328125
vt 0.15625 0.71456328125
vt 0.160296875 0.71564765625
vt 0.160296875 0.72185234375
vt 0.15625 0.72293671875
vt 0.15625 0.72293671875
vt 0.160296875 0.72185234375
vt 0.16339921875 0.72722578125
vt 0.16043671875 0.73018828125
vt 0.16043671875 0.73018828125
vt 0.16339921875 0.72722578125
vt 0.16877265625 0.730328125
vt 0.16768828125 0.734375
vt 0.16768828125 0.734375
vt 0.16877265625 0.730328125
vt 0.17497734375 0.730328125
vt 0.17606171875 0.734375
vt 0.17606171875 0.734375
vt 0.17497734375 0.730328125
vt 0.18035078125 0.72722578125
vt 0.18331328125 0.73018828125
vt 0.18331328125 0.73018828125
vt 0.18035078125 0.72722578125
vt 0.183453125 0.72185234375
vt 0.1875 0.72293671875
vt 0.1875 0.72293671875
vt 0.183453125 0.72185234375
vt 0.183453125 0.71564765625
vt 0.1875 0.71456328125
vt 0.1875 0.71456328125
vt 0.183453125 0.71564765625
vt 0.18035078125 0.71027421875
vt 0.18331328125 0.70731171875
vt 0.18331328125 0.70731171875
vt 0.18035078125 0.71027421875
vt 0.17497734375 0.707171875
vt 0.17606171875 0.703125
vt 0.17606171875 0.703125
vt 0.17497734375 0.707171875
vt 0.16877265625 0.707171875
vt 0.16768828125 0.703125
vt 0.5859375 0.53125
vt 0.5859375 0.5234375
vt 0.59375 0.5234375
vt 0.59375 0.53125
vt 0.5859375 0.703125
vt 0.5859375 0.6953125
vt 0.59375 0.6953125
vt 0.59375 0.703125
vt 0.5859375 0.828125
vt 0.5859375 0.8203125
vt 0.59375 0.8203125
vt 0.59375 0.828125
vt 0.5859375 0.734375
vt 0.5859375 0.7265625
vt 0.59375 0.7265625
vt 0.59375 0.734375
vt 0.484375 0.4140625
vt 0.484375 0.40625
vt 0.4921875 0.40625
vt 0.4921875 0.4140625
vt 0.21875 0.4140625
vt 0.21875 0.40625
vt 0.2265625 0.40625
vt 0.2265625 0.4140625
vt 0.453125 0.4140625
vt 0.453125 0.40625
vt 0.4609375 0.40625
vt 0.4609375 0.4140625
vt 0.5859375 0.71875
vt 0.5859375 0.7109375
vt 0.59375 0.7109375
vt 0.59375 0.71875
vt 0.5859375 0.8125
vt 0.5859375 0.8046875
vt 0.59375 0.8046875
vt 0.59375 0.8125
vt 0.28125 0.4140625
vt 0.28125 0.40625
vt 0.2890625 0.40625
vt 0.2890625 0.4140625
vt 0.46875 0.4140625
vt 0.46875 0.40625
vt 0.4765625 0.40625
vt 0.4765625 0.4140625
vt 0.5859375 0.796875
vt 0.5859375 0.7890625
vt 0.59375 0.7890625
vt 0.59375 0.796875
vn 0 -1 0
vn -0.6866369101420488 0 0.7270005183152074
vn 0 1 0
vn 0 -1 0
vn -0.8660239977804738 0 0.5000024352623959
vn 0 1 0
vn 0 -1 0
vn -1 0 0
vn 0 1 0
vn 0 -1 0
vn -0.6988611196152713 0 -0.7152573910768694
vn 0 1 0
vn 0 -1 0
vn -0.3428352155157787 0 -0.9393955583258043
vn 0 1 0
vn 0 -1 0
vn 0 0 -1
vn 0 1 0
vn 0 -1 0
vn 0.3428352155157787 0 -0.9393955583258043
vn 0 1 0
vn 0 -1 0
vn 0.6988611196152715 0 -0.715257391076869
vn 0 1 0
vn 0 -1 0
vn 1 0 0
vn 0 1 0
vn 0 -1 0
vn 0.8660239977804737 0 0.5000024352623961
vn 0 1 0
vn 0 -1 0
vn 0.6866369101420485 0 0.7270005183152075
vn 0 1 0
vn 0 -1 0
vn 0 0 1
vn 0 1 0
vn 0 -1 0
vn 0.9918510014373441 0 -0.1274032611346271
vn 0.3084816334031245 0.8973073964584883 -0.3157190493363201
vn 0 -1 0
vn 0.13423773028204125 0.9201560863367597 -0.36782197942230677
vn 0 -1 0
vn 0 0.9165135167299687 -0.4000037170468111
vn 0 -1 0
vn -0.14634340679825397 0.904316665316512 -0.40099248885422323
vn 0 -1 0
vn -0.35885730028082674 0.8580963446021973 -0.3672766006915004
vn -0.9918510014373441 0 -0.12740326113462683
vn 0 -1 0
vn 0.5191223267408716 0.6545298604673233 0.5496386737082555
vn 0.9647348101425571 0 0.2632237567150896
vn 0 -1 0
vn 0 0.7874419127696374 0.6163888659066572
vn 0 -1 0
vn -0.9647348101425569 0 0.2632237567150897
vn -0.5732602778673067 0.550430111865584 0.6069590972801536
vn 0 1 0
vn 0 1 0
vn 0 1 0
vn 0 1 0
vn 0 1 0
vn 0 1 0
vn 0 1 0
vn 0 1 0
vn 0 1 0
vn 0 1 0
vn 0 1 0
vn 0 1 0
vn 0.49999856917809293 0 -0.8660262298682759
vn 0.8660262298682759 0 -0.4999985691780928
vn 1 0 0
vn 0.8660262298682759 0 0.49999856917809293
vn 0.4999985691780931 0 0.8660262298682759
vn 0 0 1
vn -0.49999856917809293 0 0.8660262298682759
vn -0.8660262298682759 0 0.4999985691780931
vn -1 0 0
vn -0.866026229868276 0 -0.49999856917809304
vn -0.49999856917809277 0 -0.8660262298682759
vn 0 0 -1
usemtl m_760b25d0-8ffc-19f6-35fe-305143ee9831
f 206/849/225 208/850/225 205/851/225
f 249/852/226 248/853/226 246/854/226 247/855/226
f 264/856/227 263/857/227 262/858/227
f 208/859/228 210/860/228 205/861/228
f 211/862/229 210/863/229 208/864/229 209/865/229
f 265/866/230 264/867/230 262/868/230
f 210/869/231 212/870/231 205/871/231
f 213/872/232 212/873/232 210/874/232 211/875/232
f 266/876/233 265/877/233 262/878/233
f 212/879/234 214/880/234 205/881/234
f 239/882/235 238/883/235 240/884/235 241/885/235
f 267/886/236 266/887/236 262/888/236
f 214/889/237 216/890/237 205/891/237
f 237/892/238 236/893/238 238/894/238 239/895/238
f 268/896/239 267/897/239 262/898/239
f 216/899/240 218/900/240 205/901/240
f 235/902/241 234/903/241 236/904/241 237/905/241
f 269/906/242 268/907/242 262/908/242
f 218/909/243 220/910/243 205/911/243
f 233/912/244 230/913/244 234/914/244 235/915/244
f 270/916/245 269/917/245 262/918/245
f 220/919/246 222/920/246 205/921/246
f 232/922/247 231/923/247 230/924/247 233/925/247
f 271/926/248 270/927/248 262/928/248
f 222/929/249 224/930/249 205/931/249
f 225/932/250 224/933/250 222/934/250 223/935/250
f 272/936/251 271/937/251 262/938/251
f 224/939/252 226/940/252 205/941/252
f 227/942/253 226/943/253 224/944/253 225/945/253
f 273/946/254 272/947/254 262/948/254
f 226/949/255 228/950/255 205/951/255
f 244/952/256 243/953/256 242/954/256 245/955/256
f 274/956/257 273/957/257 262/958/257
f 228/959/258 206/960/258 205/961/258
f 247/962/259 246/963/259 243/964/259 244/965/259
f 263/966/260 274/967/260 262/968/260
f 220/969/261 230/970/261 231/971/261 222/972/261
f 222/973/262 231/974/262 232/975/262 223/976/262
f 223/977/263 232/978/263 233/979/263 221/980/263
f 218/981/264 234/982/264 230/983/264 220/984/264
f 221/985/265 233/986/265 235/987/265 219/988/265
f 216/989/266 236/990/266 234/991/266 218/992/266
f 219/993/267 235/994/267 237/995/267 217/996/267
f 214/997/268 238/998/268 236/999/268 216/1000/268
f 217/1001/269 237/1002/269 239/1003/269 215/1004/269
f 212/1005/270 240/1006/270 238/1007/270 214/1008/270
f 215/1009/271 239/1010/271 241/1011/271 213/1012/271
f 213/1013/272 241/1014/272 240/1015/272 212/1016/272
f 226/1017/273 242/1018/273 243/1019/273 228/1020/273
f 229/1021/274 244/1022/274 245/1023/274 227/1024/274
f 227/1025/275 245/1026/275 242/1027/275 226/1028/275
f 228/1029/276 243/1030/276 246/1031/276 206/1032/276
f 207/1033/277 247/1034/277 244/1035/277 229/1036/277
f 206/1037/278 246/1038/278 248/1039/278 208/1040/278
f 208/1041/279 248/1042/279 249/1043/279 209/1044/279
f 209/1045/280 249/1046/280 247/1047/280 207/1048/280
f 207/1049/281 250/1050/281 251/1051/281 209/1052/281
f 209/1053/282 251/1054/282 252/1055/282 211/1056/282
f 211/1057/283 252/1058/283 253/1059/283 213/1060/283
f 213/1061/284 253/1062/284 254/1063/284 215/1064/284
f 215/1065/285 254/1066/285 255/1067/285 217/1068/285
f 217/1069/286 255/1070/286 256/1071/286 219/1072/286
f 219/1073/287 256/1074/287 257/1075/287 221/1076/287
f 221/1077/288 257/1078/288 258/1079/288 223/1080/288
f 223/1081/289 258/1082/289 259/1083/289 225/1084/289
f 225/1085/290 259/1086/290 260/1087/290 227/1088/290
f 227/1089/291 260/1090/291 261/1091/291 229/1092/291
f 229/1093/292 261/1094/292 250/1095/292 207/1096/292
f 250/1097/293 263/1098/293 264/1099/293 251/1100/293
f 251/1101/294 264/1102/294 265/1103/294 252/1104/294
f 252/1105/295 265/1106/295 266/1107/295 253/1108/295
f 253/1109/296 266/1110/296 267/1111/296 254/1112/296
f 254/1113/297 267/1114/297 268/1115/297 255/1116/297
f 255/1117/298 268/1118/298 269/1119/298 256/1120/298
f 256/1121/299 269/1122/299 270/1123/299 257/1124/299
f 257/1125/300 270/1126/300 271/1127/300 258/1128/300
f 258/1129/301 271/1130/301 272/1131/301 259/1132/301
f 259/1133/302 272/1134/302 273/1135/302 260/1136/302
f 260/1137/303 273/1138/303 274/1139/303 261/1140/303
f 261/1141/304 274/1142/304 263/1143/304 250/1144/304
o cylinder
v 0.1035575 0.2335506249999999 0.128125
v 0.11025625 0.43355062499999997 0.103125
v 0.0339425 0.2335506249999999 0.0879325
v 0.05224375 0.43355062499999997 0.06963125
v -0.00625 0.2335506249999999 0.0183175
v 0.01875 0.43355062499999997 0.01161875
v -0.00625 0.2335506249999999 -0.0620675
v 0.01875 0.43355062499999997 -0.05536875
v 0.0339425 0.2335506249999999 -0.1316825
v 0.05224375 0.43355062499999997 -0.11338125
v 0.1035575 0.2335506249999999 -0.171875
v 0.11025625 0.43355062499999997 -0.146875
v 0.1839425 0.2335506249999999 -0.171875
v 0.17724375 0.43355062499999997 -0.146875
v 0.2535575 0.2335506249999999 -0.1316825
v 0.23525625 0.43355062499999997 -0.11338125
v 0.29375 0.2335506249999999 -0.0620675
v 0.26875 0.43355062499999997 -0.05536875
v 0.29375 0.2335506249999999 0.0183175
v 0.26875 0.43355062499999997 0.01161875
v 0.2535575 0.2335506249999999 0.0879325
v 0.23525625 0.43355062499999997 0.06963125
v 0.1839425 0.2335506249999999 0.128125
v 0.17724375 0.43355062499999997 0.103125
v 0.1035575 0.1710506249999999 0.128125
v 0.0339425 0.1710506249999999 0.0879325
v -0.00625 0.1710506249999999 0.0183175
v -0.00625 0.1710506249999999 -0.0620675
v 0.0339425 0.1710506249999999 -0.1316825
v 0.1035575 0.1710506249999999 -0.171875
v 0.1839425 0.1710506249999999 -0.171875
v 0.2535575 0.1710506249999999 -0.1316825
v 0.29375 0.1710506249999999 -0.0620675
v 0.29375 0.1710506249999999 0.0183175
v 0.2535575 0.1710506249999999 0.0879325
v 0.1839425 0.1710506249999999 0.128125
v 0.113605625 0.1710506249999999 0.090625
v 0.061394375 0.1710506249999999 0.060480625
v 0.03125 0.1710506249999999 0.008269375
v 0.03125 0.1710506249999999 -0.052019375
v 0.061394375 0.1710506249999999 -0.104230625
v 0.113605625 0.1710506249999999 -0.134375
v 0.173894375 0.1710506249999999 -0.134375
v 0.226105625 0.1710506249999999 -0.104230625
v 0.25625 0.1710506249999999 -0.052019375
v 0.25625 0.1710506249999999 0.008269375
v 0.226105625 0.1710506249999999 0.060480625
v 0.173894375 0.1710506249999999 0.090625
v 0.14375 0.208550625 -0.021875
v 0.113605625 0.208550625 0.090625
v 0.061394375 0.208550625 0.060480625
v 0.03125 0.208550625 0.008269375
v 0.03125 0.208550625 -0.052019375
v 0.061394375 0.208550625 -0.104230625
v 0.113605625 0.208550625 -0.134375
v 0.173894375 0.208550625 -0.134375
v 0.226105625 0.208550625 -0.104230625
v 0.25625 0.208550625 -0.052019375
v 0.25625 0.208550625 0.008269375
v 0.226105625 0.208550625 0.060480625
v 0.173894375 0.208550625 0.090625
v 0.121610625 0.43355062499999997 0.06075
v 0.083264375 0.43355062499999997 0.038610625
v 0.061125 0.43355062499999997 0.000264375
v 0.061125 0.43355062499999997 -0.044014375
v 0.083264375 0.43355062499999997 -0.082360625
v 0.121610625 0.43355062499999997 -0.1045
v 0.165889375 0.43355062499999997 -0.1045
v 0.204235625 0.43355062499999997 -0.082360625
v 0.226375 0.43355062499999997 -0.044014375
v 0.226375 0.43355062499999997 0.000264375
v 0.204235625 0.43355062499999997 0.038610625
v 0.165889375 0.43355062499999997 0.06075
v 0.14375 0.40230062499999997 -0.021875
v 0.121610625 0.40230062499999997 0.06075
v 0.083264375 0.40230062499999997 0.038610625
v 0.061125 0.40230062499999997 0.000264375
v 0.061125 0.40230062499999997 -0.044014375
v 0.083264375 0.40230062499999997 -0.082360625
v 0.121610625 0.40230062499999997 -0.1045
v 0.165889375 0.40230062499999997 -0.1045
v 0.204235625 0.40230062499999997 -0.082360625
v 0.226375 0.40230062499999997 -0.044014375
v 0.226375 0.40230062499999997 0.000264375
v 0.204235625 0.40230062499999997 0.038610625
v 0.165889375 0.40230062499999997 0.06075
vt 0.15248203125 0.6921875
vt 0.14595546875 0.68841953125
vt 0.15625 0.678125
vt 0.2977125 0.5546875
vt 0.296875 0.5294929687500001
vt 0.30692265625 0.5294929687500001
vt 0.3060859375 0.5546875
vt 0.3947828125 0.9821109375
vt 0.3995765625 0.97934375
vt 0.40234375 0.989671875
vt 0.14595546875 0.68841953125
vt 0.1421875 0.6818929687499999
vt 0.15625 0.678125
vt 0.0008375 0.5625
vt 0 0.5373054687500001
vt 0.0100484375 0.5373054687500001
vt 0.0092109375 0.5625
vt 0.392015625 0.9869046875
vt 0.3947828125 0.9821109375
vt 0.40234375 0.989671875
vt 0.1421875 0.6818929687499999
vt 0.1421875 0.67435703125
vt 0.15625 0.678125
vt 0.25362578125 0.5703125
vt 0.25278828125 0.5451179687500001
vt 0.26283671875 0.5451179687500001
vt 0.26199921875 0.5703125
vt 0.392015625 0.9924390625
vt 0.392015625 0.9869046875
vt 0.40234375 0.989671875
vt 0.1421875 0.67435703125
vt 0.14595546875 0.6678304687500001
vt 0.15625 0.678125
vt 0.0298515625 0.5625
vt 0.0290140625 0.5373054687500001
vt 0.0390625 0.5373054687500001
vt 0.038225 0.5625
vt 0.3947828125 0.9972328125
vt 0.392015625 0.9924390625
vt 0.40234375 0.989671875
vt 0.14595546875 0.6678304687500001
vt 0.15248203125 0.6640625
vt 0.15625 0.678125
vt 0.4595390625 0.71875
vt 0.45870234375 0.6935554687500001
vt 0.46875 0.6935554687500001
vt 0.4679125 0.71875
vt 0.3995765625 1
vt 0.3947828125 0.9972328125
vt 0.40234375 0.989671875
vt 0.15248203125 0.6640625
vt 0.16001796875 0.6640625
vt 0.15625 0.678125
vt 0.17550078125 0.5625
vt 0.17466328125 0.5373054687500001
vt 0.18471171875 0.5373054687500001
vt 0.18387421875 0.5625
vt 0.4051109375 1
vt 0.3995765625 1
vt 0.40234375 0.989671875
vt 0.16001796875 0.6640625
vt 0.16654453125 0.6678304687500001
vt 0.15625 0.678125
vt 0.09458671875 0.5546875
vt 0.09375 0.5294929687500001
vt 0.10379765625 0.5294929687500001
vt 0.10296015625 0.5546875
vt 0.4099046875 0.9972328125
vt 0.4051109375 1
vt 0.40234375 0.989671875
vt 0.16654453125 0.6678304687500001
vt 0.1703125 0.67435703125
vt 0.15625 0.678125
vt 0.336775 0.5703125
vt 0.3359375 0.5451179687500001
vt 0.3459859375 0.5451179687500001
vt 0.3451484375 0.5703125
vt 0.412671875 0.9924390625
vt 0.4099046875 0.9972328125
vt 0.40234375 0.989671875
vt 0.1703125 0.67435703125
vt 0.1703125 0.6818929687499999
vt 0.15625 0.678125
vt 0.43331328125 0.5703125
vt 0.43247578125 0.5451179687500001
vt 0.44252421875 0.5451179687500001
vt 0.44168671875 0.5703125
vt 0.412671875 0.9869046875
vt 0.412671875 0.9924390625
vt 0.40234375 0.989671875
vt 0.1703125 0.6818929687499999
vt 0.16654453125 0.68841953125
vt 0.15625 0.678125
vt 0.4361015625 0.6953125
vt 0.4352640625 0.6701179687500001
vt 0.4453125 0.6701179687500001
vt 0.444475 0.6953125
vt 0.4099046875 0.9821109375
vt 0.412671875 0.9869046875
vt 0.40234375 0.989671875
vt 0.16654453125 0.68841953125
vt 0.16001796875 0.6921875
vt 0.15625 0.678125
vt 0.27985234375 0.5546875
vt 0.27901484375 0.5294929687500001
vt 0.2890625 0.5294929687500001
vt 0.28822578125 0.5546875
vt 0.4051109375 0.97934375
vt 0.4099046875 0.9821109375
vt 0.40234375 0.989671875
vt 0.16001796875 0.6921875
vt 0.15248203125 0.6921875
vt 0.15625 0.678125
vt 0.12081328125 0.5625
vt 0.11997578125 0.5373054687500001
vt 0.13002421875 0.5373054687500001
vt 0.12918671875 0.5625
vt 0.3995765625 0.97934375
vt 0.4051109375 0.97934375
vt 0.40234375 0.989671875
vt 0.296875 0.5294929687500001
vt 0.296875 0.5216804687500001
vt 0.30692265625 0.5216804687500001
vt 0.30692265625 0.5294929687500001
vt 0 0.5373054687500001
vt 0 0.5294929687500001
vt 0.0100484375 0.5294929687500001
vt 0.0100484375 0.5373054687500001
vt 0.25278828125 0.5451179687500001
vt 0.25278828125 0.5373054687500001
vt 0.26283671875 0.5373054687500001
vt 0.26283671875 0.5451179687500001
vt 0.0290140625 0.5373054687500001
vt 0.0290140625 0.5294929687500001
vt 0.0390625 0.5294929687500001
vt 0.0390625 0.5373054687500001
vt 0.45870234375 0.6935554687500001
vt 0.45870234375 0.6857429687500001
vt 0.46875 0.6857429687500001
vt 0.46875 0.6935554687500001
vt 0.17466328125 0.5373054687500001
vt 0.17466328125 0.5294929687500001
vt 0.18471171875 0.5294929687500001
vt 0.18471171875 0.5373054687500001
vt 0.09375 0.5294929687500001
vt 0.09375 0.5216804687500001
vt 0.10379765625 0.5216804687500001
vt 0.10379765625 0.5294929687500001
vt 0.3359375 0.5451179687500001
vt 0.3359375 0.5373054687500001
vt 0.3459859375 0.5373054687500001
vt 0.3459859375 0.5451179687500001
vt 0.43247578125 0.5451179687500001
vt 0.43247578125 0.5373054687500001
vt 0.44252421875 0.5373054687500001
vt 0.44252421875 0.5451179687500001
vt 0.4352640625 0.6701179687500001
vt 0.4352640625 0.6623054687500001
vt 0.4453125 0.6623054687500001
vt 0.4453125 0.6701179687500001
vt 0.27901484375 0.5294929687500001
vt 0.27901484375 0.5216804687500001
vt 0.2890625 0.5216804687500001
vt 0.2890625 0.5294929687500001
vt 0.11997578125 0.5373054687500001
vt 0.11997578125 0.5294929687500001
vt 0.13002421875 0.5294929687500001
vt 0.13002421875 0.5373054687500001
vt 0.05268046875 0.7981007812500001
vt 0.05611171875 0.7946695312500001
vt 0.06263828125 0.7984375
vt 0.06138203125 0.803125
vt 0.04765625 0.78939921875
vt 0.05234375 0.78814296875
vt 0.05611171875 0.7946695312500001
vt 0.05268046875 0.7981007812500001
vt 0.04765625 0.77935078125
vt 0.05234375 0.78060703125
vt 0.05234375 0.78814296875
vt 0.04765625 0.78939921875
vt 0.05268046875 0.77064921875
vt 0.05611171875 0.77408046875
vt 0.05234375 0.78060703125
vt 0.04765625 0.77935078125
vt 0.06138203125 0.765625
vt 0.06263828125 0.7703125
vt 0.05611171875 0.77408046875
vt 0.05268046875 0.77064921875
vt 0.07143046875 0.765625
vt 0.07017421875 0.7703125
vt 0.06263828125 0.7703125
vt 0.06138203125 0.765625
vt 0.08013203125 0.77064921875
vt 0.07670078125 0.77408046875
vt 0.07017421875 0.7703125
vt 0.07143046875 0.765625
vt 0.08515625 0.77935078125
vt 0.08046875 0.78060703125
vt 0.07670078125 0.77408046875
vt 0.08013203125 0.77064921875
vt 0.08515625 0.78939921875
vt 0.08046875 0.78814296875
vt 0.08046875 0.78060703125
vt 0.08515625 0.77935078125
vt 0.08013203125 0.7981007812500001
vt 0.07670078125 0.7946695312500001
vt 0.08046875 0.78814296875
vt 0.08515625 0.78939921875
vt 0.07143046875 0.803125
vt 0.07017421875 0.7984375
vt 0.07670078125 0.7946695312500001
vt 0.08013203125 0.7981007812500001
vt 0.06138203125 0.803125
vt 0.06263828125 0.7984375
vt 0.07017421875 0.7984375
vt 0.07143046875 0.803125
vt 0.5859375 0.6796875
vt 0.5859375 0.6875
vt 0.578125 0.6875
vt 0.578125 0.6796875
vt 0.1796875 0.4140625
vt 0.1796875 0.421875
vt 0.171875 0.421875
vt 0.171875 0.4140625
vt 0.578125 0.421875
vt 0.578125 0.4296875
vt 0.5703125 0.4296875
vt 0.5703125 0.421875
vt 0.2109375 0.4140625
vt 0.2109375 0.421875
vt 0.203125 0.421875
vt 0.203125 0.4140625
vt 0.3359375 0.4140625
vt 0.3359375 0.421875
vt 0.328125 0.421875
vt 0.328125 0.4140625
vt 0.0859375 0.4140625
vt 0.0859375 0.421875
vt 0.078125 0.421875
vt 0.078125 0.4140625
vt 0.5859375 0.7578125
vt 0.5859375 0.765625
vt 0.578125 0.765625
vt 0.578125 0.7578125
vt 0.1484375 0.4140625
vt 0.1484375 0.421875
vt 0.140625 0.421875
vt 0.140625 0.4140625
vt 0.5859375 0.9921875
vt 0.5859375 1
vt 0.578125 1
vt 0.578125 0.9921875
vt 0.1171875 0.4140625
vt 0.1171875 0.421875
vt 0.109375 0.421875
vt 0.109375 0.4140625
vt 0.3046875 0.4140625
vt 0.3046875 0.421875
vt 0.296875 0.421875
vt 0.296875 0.4140625
vt 0.5859375 0.9765625
vt 0.5859375 0.984375
vt 0.578125 0.984375
vt 0.578125 0.9765625
vt 0.16768828125 0.7421875
vt 0.1691078125 0.747484375
vt 0.1643140625 0.7502515625
vt 0.16043671875 0.74637421875
vt 0.16043671875 0.74637421875
vt 0.1643140625 0.7502515625
vt 0.161546875 0.7550453125000001
vt 0.15625 0.75362578125
vt 0.15625 0.75362578125
vt 0.161546875 0.7550453125000001
vt 0.161546875 0.7605796874999999
vt 0.15625 0.76199921875
vt 0.15625 0.76199921875
vt 0.161546875 0.7605796874999999
vt 0.1643140625 0.7653734375
vt 0.16043671875 0.76925078125
vt 0.16043671875 0.76925078125
vt 0.1643140625 0.7653734375
vt 0.1691078125 0.768140625
vt 0.16768828125 0.7734375
vt 0.16768828125 0.7734375
vt 0.1691078125 0.768140625
vt 0.1746421875 0.768140625
vt 0.17606171875 0.7734375
vt 0.17606171875 0.7734375
vt 0.1746421875 0.768140625
vt 0.1794359375 0.7653734375
vt 0.18331328125 0.76925078125
vt 0.18331328125 0.76925078125
vt 0.1794359375 0.7653734375
vt 0.182203125 0.7605796874999999
vt 0.1875 0.76199921875
vt 0.1875 0.76199921875
vt 0.182203125 0.7605796874999999
vt 0.182203125 0.7550453125000001
vt 0.1875 0.75362578125
vt 0.1875 0.75362578125
vt 0.182203125 0.7550453125000001
vt 0.1794359375 0.7502515625
vt 0.18331328125 0.74637421875
vt 0.18331328125 0.74637421875
vt 0.1794359375 0.7502515625
vt 0.1746421875 0.747484375
vt 0.17606171875 0.7421875
vt 0.17606171875 0.7421875
vt 0.1746421875 0.747484375
vt 0.1691078125 0.747484375
vt 0.16768828125 0.7421875
vt 0.578125 0.671875
vt 0.578125 0.6640625
vt 0.5859375 0.6640625
vt 0.5859375 0.671875
vt 0.15625 0.421875
vt 0.15625 0.4140625
vt 0.1640625 0.4140625
vt 0.1640625 0.421875
vt 0.03125 0.421875
vt 0.03125 0.4140625
vt 0.0390625 0.4140625
vt 0.0390625 0.421875
vt 0.1875 0.421875
vt 0.1875 0.4140625
vt 0.1953125 0.4140625
vt 0.1953125 0.421875
vt 0.578125 0.65625
vt 0.578125 0.6484375
vt 0.5859375 0.6484375
vt 0.5859375 0.65625
vt 0.046875 0.421875
vt 0.046875 0.4140625
vt 0.0546875 0.4140625
vt 0.0546875 0.421875
vt 0.578125 0.78125
vt 0.578125 0.7734375
vt 0.5859375 0.7734375
vt 0.5859375 0.78125
vt 0.125 0.421875
vt 0.125 0.4140625
vt 0.1328125 0.4140625
vt 0.1328125 0.421875
vt 0.578125 0.953125
vt 0.578125 0.9453125
vt 0.5859375 0.9453125
vt 0.5859375 0.953125
vt 0.09375 0.421875
vt 0.09375 0.4140625
vt 0.1015625 0.4140625
vt 0.1015625 0.421875
vt 0.3125 0.421875
vt 0.3125 0.4140625
vt 0.3203125 0.4140625
vt 0.3203125 0.421875
vt 0.0625 0.421875
vt 0.0625 0.4140625
vt 0.0703125 0.4140625
vt 0.0703125 0.421875
vn 0 -1 0
vn -0.4961413574830043 0.12403469188267136 0.8593364583238005
vn 0 1 0
vn 0 -1 0
vn -0.8593364583238002 0.12403469188267136 0.4961413574830043
vn 0 1 0
vn 0 -1 0
vn -0.9922778767136676 0.1240347345892084 0
vn 0 1 0
vn 0 -1 0
vn -0.8593364583238003 0.12403469188267138 -0.4961413574830042
vn 0 1 0
vn 0 -1 0
vn -0.4961413574830042 0.12403469188267136 -0.8593364583238003
vn 0 1 0
vn 0 -1 0
vn 0 0.12403473458920837 -0.9922778767136676
vn 0 1 0
vn 0 -1 0
vn 0.4961413574830043 0.12403469188267138 -0.8593364583238003
vn 0 1 0
vn 0 -1 0
vn 0.8593364583238002 0.12403469188267145 -0.4961413574830044
vn 0 1 0
vn 0 -1 0
vn 0.9922778767136676 0.12403473458920852 0
vn 0 1 0
vn 0 -1 0
vn 0.8593364583238002 0.12403469188267133 0.49614135748300453
vn 0 1 0
vn 0 -1 0
vn 0.4961413574830043 0.12403469188267136 0.8593364583238003
vn 0 1 0
vn 0 -1 0
vn 0 0.12403473458920837 0.9922778767136676
vn 0 1 0
vn -0.5000024352623959 0 0.8660239977804738
vn -0.8660239977804738 0 0.5000024352623959
vn -1 0 0
vn -0.8660239977804737 0 -0.5000024352623957
vn -0.5000024352623959 0 -0.8660239977804738
vn 0 0 -1
vn 0.5000024352623959 0 -0.8660239977804737
vn 0.8660239977804736 0 -0.500002435262396
vn 1 0 0
vn 0.8660239977804736 0 0.5000024352623961
vn 0.5000024352623959 0 0.8660239977804737
vn 0 0 1
vn 0 -1 0
vn 0 -1 0
vn 0 -1 0
vn 0 -1 0
vn 0 -1 0
vn 0 -1 0
vn 0 -1 0
vn 0 -1 0
vn 0 -1 0
vn 0 -1 0
vn 0 -1 0
vn 0 -1 0
vn 0.5000024352623957 0 -0.8660239977804737
vn 0.8660239977804737 0 -0.5000024352623959
vn 1 0 0
vn 0.8660239977804737 0 0.500002435262396
vn 0.5000024352623959 0 0.8660239977804737
vn 0 0 1
vn -0.5000024352623957 0 0.8660239977804737
vn -0.8660239977804738 0 0.5000024352623955
vn -1 0 0
vn -0.8660239977804738 0 -0.5000024352623954
vn -0.5000024352623956 0 -0.8660239977804737
vn 0 0 -1
vn 0 1 0
vn 0 1 0
vn 0 1 0
vn 0 1 0
vn 0 1 0
vn 0 1 0
vn 0 1 0
vn 0 1 0
vn 0 1 0
vn 0 1 0
vn 0 1 0
vn 0 1 0
vn 0.5000026633676192 0 -0.8660238660829662
vn 0.8660238660829661 0 -0.5000026633676192
vn 1 0 0
vn 0.8660238660829661 0 0.5000026633676192
vn 0.5000026633676191 0 0.8660238660829663
vn 0 0 1
vn -0.5000026633676191 0 0.8660238660829663
vn -0.8660238660829662 0 0.500002663367619
vn -1 0 0
vn -0.8660238660829662 0 -0.500002663367619
vn -0.5000026633676192 0 -0.8660238660829662
vn 0 0 -1
usemtl m_760b25d0-8ffc-19f6-35fe-305143ee9831
f 324/1145/305 325/1146/305 323/1147/305
f 278/1148/306 277/1149/306 275/1150/306 276/1151/306
f 350/1152/307 349/1153/307 348/1154/307
f 325/1155/308 326/1156/308 323/1157/308
f 280/1158/309 279/1159/309 277/1160/309 278/1161/309
f 351/1162/310 350/1163/310 348/1164/310
f 326/1165/311 327/1166/311 323/1167/311
f 282/1168/312 281/1169/312 279/1170/312 280/1171/312
f 352/1172/313 351/1173/313 348/1174/313
f 327/1175/314 328/1176/314 323/1177/314
f 284/1178/315 283/1179/315 281/1180/315 282/1181/315
f 353/1182/316 352/1183/316 348/1184/316
f 328/1185/317 329/1186/317 323/1187/317
f 286/1188/318 285/1189/318 283/1190/318 284/1191/318
f 354/1192/319 353/1193/319 348/1194/319
f 329/1195/320 330/1196/320 323/1197/320
f 288/1198/321 287/1199/321 285/1200/321 286/1201/321
f 355/1202/322 354/1203/322 348/1204/322
f 330/1205/323 331/1206/323 323/1207/323
f 290/1208/324 289/1209/324 287/1210/324 288/1211/324
f 356/1212/325 355/1213/325 348/1214/325
f 331/1215/326 332/1216/326 323/1217/326
f 292/1218/327 291/1219/327 289/1220/327 290/1221/327
f 357/1222/328 356/1223/328 348/1224/328
f 332/1225/329 333/1226/329 323/1227/329
f 294/1228/330 293/1229/330 291/1230/330 292/1231/330
f 358/1232/331 357/1233/331 348/1234/331
f 333/1235/332 334/1236/332 323/1237/332
f 296/1238/333 295/1239/333 293/1240/333 294/1241/333
f 359/1242/334 358/1243/334 348/1244/334
f 334/1245/335 335/1246/335 323/1247/335
f 298/1248/336 297/1249/336 295/1250/336 296/1251/336
f 360/1252/337 359/1253/337 348/1254/337
f 335/1255/338 324/1256/338 323/1257/338
f 276/1258/339 275/1259/339 297/1260/339 298/1261/339
f 349/1262/340 360/1263/340 348/1264/340
f 277/1265/341 300/1266/341 299/1267/341 275/1268/341
f 279/1269/342 301/1270/342 300/1271/342 277/1272/342
f 281/1273/343 302/1274/343 301/1275/343 279/1276/343
f 283/1277/344 303/1278/344 302/1279/344 281/1280/344
f 285/1281/345 304/1282/345 303/1283/345 283/1284/345
f 287/1285/346 305/1286/346 304/1287/346 285/1288/346
f 289/1289/347 306/1290/347 305/1291/347 287/1292/347
f 291/1293/348 307/1294/348 306/1295/348 289/1296/348
f 293/1297/349 308/1298/349 307/1299/349 291/1300/349
f 295/1301/350 309/1302/350 308/1303/350 293/1304/350
f 297/1305/351 310/1306/351 309/1307/351 295/1308/351
f 275/1309/352 299/1310/352 310/1311/352 297/1312/352
f 300/1313/353 312/1314/353 311/1315/353 299/1316/353
f 301/1317/354 313/1318/354 312/1319/354 300/1320/354
f 302/1321/355 314/1322/355 313/1323/355 301/1324/355
f 303/1325/356 315/1326/356 314/1327/356 302/1328/356
f 304/1329/357 316/1330/357 315/1331/357 303/1332/357
f 305/1333/358 317/1334/358 316/1335/358 304/1336/358
f 306/1337/359 318/1338/359 317/1339/359 305/1340/359
f 307/1341/360 319/1342/360 318/1343/360 306/1344/360
f 308/1345/361 320/1346/361 319/1347/361 307/1348/361
f 309/1349/362 321/1350/362 320/1351/362 308/1352/362
f 310/1353/363 322/1354/363 321/1355/363 309/1356/363
f 299/1357/364 311/1358/364 322/1359/364 310/1360/364
f 312/1361/365 325/1362/365 324/1363/365 311/1364/365
f 313/1365/366 326/1366/366 325/1367/366 312/1368/366
f 314/1369/367 327/1370/367 326/1371/367 313/1372/367
f 315/1373/368 328/1374/368 327/1375/368 314/1376/368
f 316/1377/369 329/1378/369 328/1379/369 315/1380/369
f 317/1381/370 330/1382/370 329/1383/370 316/1384/370
f 318/1385/371 331/1386/371 330/1387/371 317/1388/371
f 319/1389/372 332/1390/372 331/1391/372 318/1392/372
f 320/1393/373 333/1394/373 332/1395/373 319/1396/373
f 321/1397/374 334/1398/374 333/1399/374 320/1400/374
f 322/1401/375 335/1402/375 334/1403/375 321/1404/375
f 311/1405/376 324/1406/376 335/1407/376 322/1408/376
f 276/1409/377 336/1410/377 337/1411/377 278/1412/377
f 278/1413/378 337/1414/378 338/1415/378 280/1416/378
f 280/1417/379 338/1418/379 339/1419/379 282/1420/379
f 282/1421/380 339/1422/380 340/1423/380 284/1424/380
f 284/1425/381 340/1426/381 341/1427/381 286/1428/381
f 286/1429/382 341/1430/382 342/1431/382 288/1432/382
f 288/1433/383 342/1434/383 343/1435/383 290/1436/383
f 290/1437/384 343/1438/384 344/1439/384 292/1440/384
f 292/1441/385 344/1442/385 345/1443/385 294/1444/385
f 294/1445/386 345/1446/386 346/1447/386 296/1448/386
f 296/1449/387 346/1450/387 347/1451/387 298/1452/387
f 298/1453/388 347/1454/388 336/1455/388 276/1456/388
f 336/1457/389 349/1458/389 350/1459/389 337/1460/389
f 337/1461/390 350/1462/390 351/1463/390 338/1464/390
f 338/1465/391 351/1466/391 352/1467/391 339/1468/391
f 339/1469/392 352/1470/392 353/1471/392 340/1472/392
f 340/1473/393 353/1474/393 354/1475/393 341/1476/393
f 341/1477/394 354/1478/394 355/1479/394 342/1480/394
f 342/1481/395 355/1482/395 356/1483/395 343/1484/395
f 343/1485/396 356/1486/396 357/1487/396 344/1488/396
f 344/1489/397 357/1490/397 358/1491/397 345/1492/397
f 345/1493/398 358/1494/398 359/1495/398 346/1496/398
f 346/1497/399 359/1498/399 360/1499/399 347/1500/399
f 347/1501/400 360/1502/400 349/1503/400 336/1504/400
o tube
v 0.106906875 0.3625 0.11875
v 0.106906875 0.45625 0.11875
v 0.1164925 0.3625 0.082975625
v 0.1164925 0.45625 0.082975625
v 0.043093125 0.3890625 0.081906875
v 0.043093125 0.45625 0.081906875
v 0.069281875 0.3890625 0.055718125
v 0.069281875 0.45625 0.055718125
v 0.00625 0.425 0.018093125
v 0.00625 0.45625 0.018093125
v 0.042024375 0.425 0.0085075
v 0.042024375 0.45625 0.0085075
v 0.00625 0.425 -0.055593125
v 0.00625 0.45625 -0.055593125
v 0.042024375 0.425 -0.0460075
v 0.042024375 0.45625 -0.0460075
v 0.043093125 0.425 -0.119406875
v 0.043093125 0.48125 -0.119406875
v 0.069281875 0.425 -0.093218125
v 0.069281875 0.48125 -0.093218125
v 0.106906875 0.425 -0.15625
v 0.106906875 0.51875 -0.15625
v 0.1164925 0.425 -0.120475625
v 0.1164925 0.51875 -0.120475625
v 0.180593125 0.425 -0.15625
v 0.180593125 0.51875 -0.15625
v 0.1710075 0.425 -0.120475625
v 0.1710075 0.51875 -0.120475625
v 0.244406875 0.425 -0.119406875
v 0.244406875 0.48125 -0.119406875
v 0.218218125 0.425 -0.093218125
v 0.218218125 0.48125 -0.093218125
v 0.28125 0.425 -0.055593125
v 0.28125 0.45625 -0.055593125
v 0.245475625 0.425 -0.0460075
v 0.245475625 0.45625 -0.0460075
v 0.28125 0.425 0.018093125
v 0.28125 0.45625 0.018093125
v 0.245475625 0.425 0.0085075
v 0.245475625 0.45625 0.0085075
v 0.244406875 0.3890625 0.081906875
v 0.244406875 0.45625 0.081906875
v 0.218218125 0.3890625 0.055718125
v 0.218218125 0.45625 0.055718125
v 0.180593125 0.3625 0.11875
v 0.180593125 0.45625 0.11875
v 0.1710075 0.3625 0.082975625
v 0.1710075 0.45625 0.082975625
vt 0.5546875 0.8203125
vt 0.5546875 0.8119140625
vt 0.5625 0.80859375
vt 0.5625 0.8203125
vt 0.3046875 0.4369140625
vt 0.3046875 0.4453125
vt 0.296875 0.4453125
vt 0.296875 0.43359375
vt 0.609375 0.640625
vt 0.60829796875 0.64512765625
vt 0.600718203125 0.64512765625
vt 0.599640390625 0.640747421875
vt 0.32272265625 0.7204609375
vt 0.31944921875 0.7171875
vt 0.32742578125 0.71258203125
vt 0.32862421875 0.71705390625
vt 0.5625 0.65625
vt 0.5625 0.65234375
vt 0.5703125 0.6478515625
vt 0.5703125 0.65625
vt 0.3671875 0.43359375
vt 0.3671875 0.4375
vt 0.359375 0.4375
vt 0.359375 0.4291015625
vt 0.609375 0.6796875
vt 0.608374765625 0.6842078125
vt 0.60021328125 0.6842078125
vt 0.599212109375 0.67988
vt 0.319315625 0.7263625
vt 0.31484375 0.7251640625
vt 0.31944921875 0.7171875
vt 0.32272265625 0.7204609375
vt 0.5703125 0.5234375
vt 0.5703125 0.515625
vt 0.578125 0.515625
vt 0.578125 0.5234375
vt 0.4921875 0.421875
vt 0.4921875 0.4296875
vt 0.484375 0.4296875
vt 0.484375 0.421875
vt 0.30703125 0.75476953125
vt 0.311503125 0.75596796875
vt 0.311503125 0.76278203125
vt 0.30703125 0.76398046875
vt 0.319315625 0.7331765625
vt 0.31484375 0.734375
vt 0.31484375 0.7251640625
vt 0.319315625 0.7263625
vt 0.5703125 0.4453125
vt 0.5703125 0.4375
vt 0.578125 0.4375
vt 0.578125 0.44218749999999996
vt 0.5390625 0.421875
vt 0.5390625 0.4296875
vt 0.53125 0.42656249999999996
vt 0.53125 0.421875
vt 0.31163671875 0.74679296875
vt 0.31491015625 0.75006640625
vt 0.311503125 0.75596796875
vt 0.30703125 0.75476953125
vt 0.1374421875 0.47433499999999995
vt 0.1328125 0.47433499999999995
vt 0.13519609375 0.4649053125
vt 0.13920546875 0.4670896875
vt 0.265625 0.4609375
vt 0.265625 0.4453125
vt 0.2734375 0.4453125
vt 0.2734375 0.45625000000000004
vt 0.2890625 0.4453125
vt 0.2890625 0.4609375
vt 0.28125 0.45625000000000004
vt 0.28125 0.4453125
vt 0.31961328125 0.7421875
vt 0.32081171875 0.746659375
vt 0.31491015625 0.75006640625
vt 0.31163671875 0.74679296875
vt 0.13938671875 0.482269296875
vt 0.135263671875 0.484375
vt 0.1328125 0.47433499999999995
vt 0.13731453125 0.47433499999999995
vt 0.234375 0.4609375
vt 0.234375 0.4453125
vt 0.2421875 0.4453125
vt 0.2421875 0.4609375
vt 0.2578125 0.4453125
vt 0.2578125 0.4609375
vt 0.25 0.4609375
vt 0.25 0.4453125
vt 0.32882421875 0.7421875
vt 0.32762578125 0.746659375
vt 0.32081171875 0.746659375
vt 0.31961328125 0.7421875
vt 0.08934453125 0.4296875
vt 0.09054296875 0.4375
vt 0.08133203125 0.4375
vt 0.08253046875 0.4296875
vt 0.5390625 0.721875
vt 0.5390625 0.7109375
vt 0.546875 0.7109375
vt 0.546875 0.7265625
vt 0.546875 0.734375
vt 0.546875 0.7453125
vt 0.5390625 0.75
vt 0.5390625 0.734375
vt 0.33680078125 0.74679296875
vt 0.33352734375 0.75006640625
vt 0.32762578125 0.746659375
vt 0.32882421875 0.7421875
vt 0.04042515625 0.505720078125
vt 0.044490625 0.507935
vt 0.037585703125 0.515625
vt 0.0350453125 0.5119090625
vt 0.5703125 0.45781249999999996
vt 0.5703125 0.453125
vt 0.578125 0.453125
vt 0.578125 0.4609375
vt 0.578125 0.46875
vt 0.578125 0.47343749999999996
vt 0.5703125 0.4765625
vt 0.5703125 0.46875
vt 0.34140625 0.75476953125
vt 0.336934375 0.75596796875
vt 0.33352734375 0.75006640625
vt 0.33680078125 0.74679296875
vt 0.0422453125 0.49850531249999996
vt 0.046875 0.49850531249999996
vt 0.044490625 0.507935
vt 0.04048125 0.505750625
vt 0.5 0.4296875
vt 0.5 0.421875
vt 0.5078125 0.421875
vt 0.5078125 0.4296875
vt 0.5234375 0.421875
vt 0.5234375 0.4296875
vt 0.515625 0.4296875
vt 0.515625 0.421875
vt 0.34140625 0.76398046875
vt 0.336934375 0.76278203125
vt 0.336934375 0.75596796875
vt 0.34140625 0.75476953125
vt 0.344746875 0.7263625
vt 0.34921875 0.7251640625
vt 0.34921875 0.734375
vt 0.344746875 0.7331765625
vt 0.34375 0.4375
vt 0.34375 0.4291015625
vt 0.3515625 0.43359375
vt 0.3515625 0.4375
vt 0.2890625 0.4291015625
vt 0.2890625 0.4375
vt 0.28125 0.4375
vt 0.28125 0.43359375
vt 0.4609375 0.4453125
vt 0.46193765625 0.4375
vt 0.470099921875 0.4375
vt 0.4711003125 0.44511984375
vt 0.34133984375 0.7204609375
vt 0.34461328125 0.7171875
vt 0.34921875 0.7251640625
vt 0.344746875 0.7263625
vt 0.5546875 0.75
vt 0.5546875 0.73828125
vt 0.5625 0.7416015625
vt 0.5625 0.75
vt 0.5625 0.71484375
vt 0.5625 0.7265625
vt 0.5546875 0.7265625
vt 0.5546875 0.7181640625
vt 0.53125 0.4453125
vt 0.53232703125 0.4375
vt 0.539906796875 0.4375
vt 0.540984609375 0.445190078125
vt 0.33543828125 0.71705390625
vt 0.33663671875 0.71258203125
vt 0.34461328125 0.7171875
vt 0.34133984375 0.7204609375
vt 0.203125 0.4609375
vt 0.203125 0.4453125
vt 0.2109375 0.4453125
vt 0.2109375 0.4609375
vt 0.2265625 0.4453125
vt 0.2265625 0.4609375
vt 0.21875 0.4609375
vt 0.21875 0.4453125
vt 0.10476953125 0.4375
vt 0.10596796875 0.4296875
vt 0.11278203125 0.4296875
vt 0.11398046875 0.4375
vt 0.32862421875 0.71705390625
vt 0.32742578125 0.71258203125
vt 0.33663671875 0.71258203125
vt 0.33543828125 0.71705390625
vn -0.5000024352623956 0 0.8660239977804737
vn 0.5000059564148062 0 -0.8660219648194352
vn -0.3184706070647187 -0.8928342202624513 -0.3184706070647187
vn 0 1 0
vn -0.8660239977804736 0 0.5000024352623959
vn 0.8660219648194353 0 -0.5000059564148062
vn -0.14589859551901985 -0.8259701759217205 -0.544506077388875
vn 0 1 0
vn -1 0 0
vn 1 0 0
vn 0 -1 0
vn 0 1 0
vn -0.8660239977804737 0 -0.5000024352623959
vn 0.8660219648194352 0 0.500005956414806
vn 0 -1 0
vn -0.2343335166128444 0.9434911796003794 0.2343335166128445
vn -0.500002435262396 0 -0.8660239977804737
vn 0.5000059564148062 0 0.8660219648194352
vn 0 -1 0
vn -0.4502478510067531 0.8847159317830137 0.12064241672444614
vn 0 0 -1
vn 0 0 1
vn 0 -1 0
vn 0 1 0
vn 0.5000024352623959 0 -0.8660239977804737
vn -0.500005956414806 0 0.8660219648194353
vn 0 -1 0
vn 0.32960354504517364 0.8847163422178369 0.32960354504517353
vn 0.8660239977804736 0 -0.5000024352623959
vn -0.8660219648194354 0 0.500005956414806
vn 0 -1 0
vn 0.08577143260352436 0.9434909583605997 0.32010634614286565
vn 1 0 0
vn -1 0 0
vn 0 -1 0
vn 0 1 0
vn 0.8660239977804737 0 0.5000024352623959
vn -0.8660219648194353 0 -0.5000059564148059
vn 0.3986046901225643 -0.8259713082332759 -0.39860469012256394
vn 0 1 0
vn 0.5000024352623959 0 0.8660239977804738
vn -0.500005956414806 0 -0.8660219648194353
vn 0.43504070897352776 -0.8928334389476874 -0.1165677135087438
vn 0 1 0
vn 0 0 1
vn 0 0 -1
vn 0 -1 0
vn 0 1 0
usemtl m_760b25d0-8ffc-19f6-35fe-305143ee9831
f 366/1505/401 365/1506/401 361/1507/401 362/1508/401
f 367/1509/402 368/1510/402 364/1511/402 363/1512/402
f 365/1513/403 367/1514/403 363/1515/403 361/1516/403
f 368/1517/404 366/1518/404 362/1519/404 364/1520/404
f 370/1521/405 369/1522/405 365/1523/405 366/1524/405
f 371/1525/406 372/1526/406 368/1527/406 367/1528/406
f 369/1529/407 371/1530/407 367/1531/407 365/1532/407
f 372/1533/408 370/1534/408 366/1535/408 368/1536/408
f 374/1537/409 373/1538/409 369/1539/409 370/1540/409
f 375/1541/410 376/1542/410 372/1543/410 371/1544/410
f 373/1545/411 375/1546/411 371/1547/411 369/1548/411
f 376/1549/412 374/1550/412 370/1551/412 372/1552/412
f 378/1553/413 377/1554/413 373/1555/413 374/1556/413
f 379/1557/414 380/1558/414 376/1559/414 375/1560/414
f 377/1561/415 379/1562/415 375/1563/415 373/1564/415
f 380/1565/416 378/1566/416 374/1567/416 376/1568/416
f 382/1569/417 381/1570/417 377/1571/417 378/1572/417
f 383/1573/418 384/1574/418 380/1575/418 379/1576/418
f 381/1577/419 383/1578/419 379/1579/419 377/1580/419
f 384/1581/420 382/1582/420 378/1583/420 380/1584/420
f 386/1585/421 385/1586/421 381/1587/421 382/1588/421
f 387/1589/422 388/1590/422 384/1591/422 383/1592/422
f 385/1593/423 387/1594/423 383/1595/423 381/1596/423
f 388/1597/424 386/1598/424 382/1599/424 384/1600/424
f 390/1601/425 389/1602/425 385/1603/425 386/1604/425
f 391/1605/426 392/1606/426 388/1607/426 387/1608/426
f 389/1609/427 391/1610/427 387/1611/427 385/1612/427
f 392/1613/428 390/1614/428 386/1615/428 388/1616/428
f 394/1617/429 393/1618/429 389/1619/429 390/1620/429
f 395/1621/430 396/1622/430 392/1623/430 391/1624/430
f 393/1625/431 395/1626/431 391/1627/431 389/1628/431
f 396/1629/432 394/1630/432 390/1631/432 392/1632/432
f 398/1633/433 397/1634/433 393/1635/433 394/1636/433
f 399/1637/434 400/1638/434 396/1639/434 395/1640/434
f 397/1641/435 399/1642/435 395/1643/435 393/1644/435
f 400/1645/436 398/1646/436 394/1647/436 396/1648/436
f 402/1649/437 401/1650/437 397/1651/437 398/1652/437
f 403/1653/438 404/1654/438 400/1655/438 399/1656/438
f 401/1657/439 403/1658/439 399/1659/439 397/1660/439
f 404/1661/440 402/1662/440 398/1663/440 400/1664/440
f 406/1665/441 405/1666/441 401/1667/441 402/1668/441
f 407/1669/442 408/1670/442 404/1671/442 403/1672/442
f 405/1673/443 407/1674/443 403/1675/443 401/1676/443
f 408/1677/444 406/1678/444 402/1679/444 404/1680/444
f 362/1681/445 361/1682/445 405/1683/445 406/1684/445
f 363/1685/446 364/1686/446 408/1687/446 407/1688/446
f 361/1689/447 363/1690/447 407/1691/447 405/1692/447
f 364/1693/448 362/1694/448 406/1695/448 408/1696/448
o Pelvis
v -0.1375 0.7937500000000001 -0.10036750000000001
v -0.1375 0.7937500000000001 0.10036749999999998
v -0.1375 0.710041875 -0.1003675
v -0.1375 0.710041875 0.1003675
v 0.1375 0.7937500000000001 -0.10036750000000001
v 0.1375 0.7937500000000001 0.10036749999999998
v 0.1375 0.710041875 -0.1003675
v 0.1375 0.710041875 0.1003675
v -0.045833124999999995 0.65 -0.13125
v -0.045833124999999995 0.65 0.13125
v 0.04583312500000001 0.65 -0.13125
v 0.04583312500000001 0.65 0.13125
v -0.04583312500000001 0.7937500000000001 0.13125
v 0.045833124999999995 0.7937500000000001 0.13125
v -0.04583312500000001 0.7937500000000001 -0.13125
v 0.045833124999999995 0.7937500000000001 -0.13125
v -0.114583125 0.69503125 -0.064521875
v -0.045833124999999995 0.65 -0.08437499999999999
v -0.045833124999999995 0.65 0.08437500000000002
v -0.114583125 0.6950312500000001 0.064521875
v 0.04583312500000001 0.65 -0.08437499999999999
v 0.04583312500000001 0.65 0.08437500000000002
v 0.114583125 0.6950312500000001 0.064521875
v 0.114583125 0.6950312500000001 -0.064521875
v -0.06132874999999998 0.573998125 -0.031066249999999983
v -0.02594249999999998 0.56135875 -0.04062499999999998
v -0.02594249999999998 0.56135875 0.04062500000000002
v -0.06132874999999998 0.573998125 0.031066250000000017
v 0.02594250000000002 0.56135875 -0.04062499999999998
v 0.02594250000000002 0.56135875 0.04062500000000002
v 0.06132875000000002 0.573998125 0.031066250000000017
v 0.06132875000000002 0.573998125 -0.031066249999999983
v -0.175 0.79375 -0.08786750000000002
v -0.175 0.710041875 -0.0878675
v -0.175 0.7937500000000001 0.08786749999999999
v -0.175 0.710041875 0.0878675
v 0.175 0.710041875 -0.0878675
v 0.175 0.710041875 0.0878675
v 0.175 0.7937500000000001 -0.08786750000000002
v 0.175 0.7937500000000001 0.08786749999999999
v -0.175 0.6100418750000001 0.027680000000000014
v -0.175 0.6100418750000001 -0.027679999999999986
v -0.15 0.6100418750000001 -0.031617499999999986
v -0.15 0.6100418750000001 0.031617500000000014
v 0.175 0.6100418750000001 -0.027679999999999986
v 0.175 0.6100418750000001 0.027680000000000014
v 0.15 0.6100418750000001 0.031617500000000014
v 0.15 0.6100418750000001 -0.031617499999999986
vt 0.08520234375 0.640625
vt 0.06323515625 0.640625
vt 0.06323515625 0.6301617187499999
vt 0.08520234375 0.6301617187499999
vt 0.38207734375 0.8489117187499999
vt 0.38207734375 0.859375
vt 0.36011015625 0.859375
vt 0.36011015625 0.8489117187499999
vt 0.1625 0.79136015625
vt 0.17395859375 0.7875
vt 0.17395859375 0.8203125
vt 0.1625 0.81645234375
vt 0.48830390625 0.4453125
vt 0.487109375 0.4375
vt 0.497265625 0.4375
vt 0.49607109375 0.4453125
vt 0.145565625 0.5207867187499999
vt 0.15765703125 0.51328125
vt 0.15765703125 0.53125
vt 0.145565625 0.53125
vt 0.237246875 0.53125
vt 0.22515546875 0.53125
vt 0.22515546875 0.51328125
vt 0.237246875 0.5207867187499999
vt 0.51174140625 0.4453125
vt 0.510546875 0.4375
vt 0.520703125 0.4375
vt 0.51950859375 0.4453125
vt 0.578125 0.921875
vt 0.5703125 0.921875
vt 0.5703125 0.9140625
vt 0.578125 0.9140625
vt 0.473690625 0.90359921875
vt 0.48578203125 0.89609375
vt 0.48578203125 0.9140625
vt 0.473690625 0.9140625
vt 0.1875 0.453125
vt 0.1953125 0.453125
vt 0.1953125 0.46875
vt 0.1875 0.46875
vt 0.196875 0.81645234375
vt 0.18541640625 0.8203125
vt 0.18541640625 0.7875
vt 0.196875 0.79136015625
vt 0.18541640625 0.8203125
vt 0.17395859375 0.8203125
vt 0.17395859375 0.7875
vt 0.18541640625 0.7875
vt 0.487246875 0.9453125
vt 0.47515546875 0.9453125
vt 0.47515546875 0.92734375
vt 0.487246875 0.93484921875
vt 0.5390625 0.796875
vt 0.53125 0.796875
vt 0.53125 0.78125
vt 0.5390625 0.78125
vt 0.352734375 0.6015625
vt 0.355215625 0.6118359375
vt 0.35073515625 0.61526015625
vt 0.346875 0.6015625
vt 0.371346875 0.6118359375
vt 0.373828125 0.6015625
vt 0.3796875 0.6015625
vt 0.37582734375 0.61526015625
vt 0.355215625 0.6118359375
vt 0.371346875 0.6118359375
vt 0.37582734375 0.61526015625
vt 0.35073515625 0.61526015625
vt 0.5703125 0.84375
vt 0.578125 0.84375
vt 0.578125 0.8515625
vt 0.5703125 0.8515625
vt 0.578125 0.8359375
vt 0.5703125 0.8359375
vt 0.5703125 0.828125
vt 0.578125 0.828125
vt 0.008984375 0.59375
vt 0.011465625 0.6040234375
vt 0.00698515625 0.60744765625
vt 0.003125 0.59375
vt 0.027596875 0.6040234375
vt 0.030078125 0.59375
vt 0.0359375 0.59375
vt 0.03207734375 0.60744765625
vt 0.011465625 0.6040234375
vt 0.027596875 0.6040234375
vt 0.03207734375 0.60744765625
vt 0.00698515625 0.60744765625
vt 0.5113646875 0.8405775
vt 0.514200390625 0.8359375
vt 0.53125 0.8359375
vt 0.523508984375 0.84375
vt 0.0625 0.463782109375
vt 0.066424453125 0.4609375
vt 0.0696571875 0.47311992187499996
vt 0.0625 0.48077859375
vt 0.48439765625 0.7109375
vt 0.49216484375 0.7109375
vt 0.496346875 0.7265625
vt 0.480215625 0.7265625
vt 0.49675703125 0.75
vt 0.50324296875 0.75
vt 0.50572890625 0.765625
vt 0.49427109375 0.765625
vt 0.27800703125 0.4921875
vt 0.28449296875 0.4921875
vt 0.28697890625 0.5078125
vt 0.27552109375 0.5078125
vt 0.5113646875 0.8249525
vt 0.514200390625 0.8203125
vt 0.53125 0.8203125
vt 0.523508984375 0.828125
vt 0.078125 0.463782109375
vt 0.082049453125 0.4609375
vt 0.0852821875 0.47311992187499996
vt 0.078125 0.48077859375
vt 0.48439765625 0.6875
vt 0.49216484375 0.6875
vt 0.496346875 0.703125
vt 0.480215625 0.703125
vt 0.2015625 0.79292265625
vt 0.2015625 0.8148898437500001
vt 0.196875 0.81645234375
vt 0.196875 0.79136015625
vt 0.4921875 0.93484921875
vt 0.4921875 0.9453125
vt 0.487246875 0.9453125
vt 0.487246875 0.93484921875
vt 0.5703125 0.6176796875
vt 0.5703125 0.6246
vt 0.5625 0.6250921875
vt 0.5625 0.6171875
vt 0.46875 0.9140625
vt 0.46875 0.90359921875
vt 0.473690625 0.90359921875
vt 0.473690625 0.9140625
vt 0.140625 0.53125
vt 0.140625 0.5207867187499999
vt 0.145565625 0.5207867187499999
vt 0.145565625 0.53125
vt 0.1578125 0.8148898437500001
vt 0.1578125 0.79292265625
vt 0.1625 0.79136015625
vt 0.1625 0.81645234375
vt 0.2421875 0.5207867187499999
vt 0.2421875 0.53125
vt 0.237246875 0.53125
vt 0.237246875 0.5207867187499999
vt 0.375 0.42928750000000004
vt 0.375 0.4223671875
vt 0.3828125 0.421875
vt 0.3828125 0.42977968749999995
vt 0.07075859375 0.61766171875
vt 0.07767890625 0.61766171875
vt 0.08520234375 0.6301617187499999
vt 0.06323515625 0.6301617187499999
vt 0.5577925 0.42247328125000005
vt 0.560898671875 0.421875
vt 0.5625 0.43637609374999997
vt 0.5577925 0.43770687500000005
vt 0.40229765625 0.6015625
vt 0.41020234375 0.6015625
vt 0.41879609375 0.6171875
vt 0.39370390625 0.6171875
vt 0.1484375 0.482779609375
vt 0.14903515625 0.4765625
vt 0.16428484375 0.4765625
vt 0.162923515625 0.484375
vt 0.36763359375 0.83641171875
vt 0.37455390625 0.83641171875
vt 0.38207734375 0.8489117187499999
vt 0.36011015625 0.8489117187499999
vt 0.565605 0.97716078125
vt 0.568711171875 0.9765625
vt 0.5703125 0.99106359375
vt 0.565605 0.992394375
vt 0.41011015625 0.953125
vt 0.41801484375 0.953125
vt 0.42660859375 0.96875
vt 0.40151640625 0.96875
vt 0.1796875 0.482779609375
vt 0.18028515625 0.4765625
vt 0.19553484375 0.4765625
vt 0.194173515625 0.484375
vn -1 -1.2246467991473532e-16 1.4997597826618576e-32
vn 1 1.2246467991473532e-16 -1.4997597826618576e-32
vn -1.2246467991473532e-16 1 -1.2246467991473532e-16
vn 0.33637011445301823 -0.9417298689660766 1.1532864696907621e-16
vn 0.3192674914318233 -7.695645559466948e-17 -0.9476646394768724
vn 0.3192674914318233 1.5515443788542697e-16 0.9476646394768724
vn -0.336370114453018 -0.9417298689660766 1.1532864696907621e-16
vn 1.2246467991473532e-16 -1 1.2246467991473532e-16
vn -0.3192674914318233 7.695645559466948e-17 0.9476646394768724
vn 0 1.2246467991473532e-16 1
vn -1.2246467991473532e-16 1 -1.2246467991473532e-16
vn -1.2246467991473532e-16 1 -1.2246467991473532e-16
vn -0.3192674914318233 -1.5515443788542697e-16 -0.9476646394768724
vn 0 -1.2246467991473532e-16 -1
vn -0.5479256272619563 -0.836527050959852 -0.000001415934451265615
vn -0.5479253411351059 -0.8365272383742074 1.024450404874548e-16
vn -0.5479271770890619 -0.8365260358214871 1.0244489321722084e-16
vn 1.2246467991473532e-16 -1 1.2246467991473532e-16
vn 1.2246467991473532e-16 -1 1.2246467991473532e-16
vn 0.5479256272619566 -0.836527050959852 0.0000014159344514705052
vn 0.5479253411351062 -0.8365272383742072 1.0244504048745478e-16
vn 0.5479271770890621 -0.8365260358214869 1.0244489321722081e-16
vn -0.3683652535475202 -0.3947444703404101 -0.841714822914828
vn -0.3838568135087609 -0.4765143750950648 0.7909412096045194
vn -0.9153155899804319 -0.4027373470871233 4.932110030073421e-17
vn 5.420158497968141e-17 -0.44258952881286817 -0.8967243216201976
vn 5.420158497968141e-17 -0.44258952881286795 0.8967243216201976
vn 0.36836525354752037 -0.3947444703404099 0.8417148229148282
vn 0.3838568135087611 -0.476514375095065 -0.7909412096045194
vn 0.9153155899804319 -0.40273734708712305 4.932110030073419e-17
vn -1.2246467991473532e-16 1 -1.2246467991473532e-16
vn -0.31622776601683805 -1.549069285816155e-16 -0.9486832980505138
vn 1.2246467991473532e-16 -1 1.2246467991473532e-16
vn -0.31622776601683805 7.745346429080773e-17 0.9486832980505138
vn 0.31622776601683805 -7.745346429080773e-17 -0.9486832980505138
vn -1.2246467991473532e-16 1 -1.2246467991473532e-16
vn 0.31622776601683805 1.549069285816155e-16 0.9486832980505138
vn 1.2246467991473532e-16 -1 1.2246467991473532e-16
vn -1 -1.2246467991473532e-16 1.4997597826618576e-32
vn -0.13373127060856058 -0.5110444983969996 -0.8490874324353054
vn 0.9922778767136679 -0.12403473458920819 1.518987406977653e-17
vn -0.12986936948602124 -0.5506564337135463 0.8245674253080716
vn 1 1.2246467991473532e-16 -1.4997597826618576e-32
vn 0.13373127060856066 -0.5110444983969993 0.8490874324353054
vn -0.9922778767136679 -0.12403473458920844 1.5189874069776562e-17
vn 0.12986936948602135 -0.5506564337135466 -0.8245674253080714
usemtl m_760b25d0-8ffc-19f6-35fe-305143ee9831
f 443/1697/449 441/1698/449 442/1699/449 444/1700/449
f 445/1701/450 447/1702/450 448/1703/450 446/1704/450
f 413/1705/451 424/1706/451 422/1707/451 414/1708/451
f 439/1709/452 438/1710/452 437/1711/452 440/1712/452
f 415/1713/453 419/1714/453 424/1715/453 413/1716/453
f 414/1717/454 422/1718/454 420/1719/454 416/1720/454
f 433/1721/455 434/1722/455 435/1723/455 436/1724/455
f 434/1725/456 437/1726/456 438/1727/456 435/1728/456
f 412/1729/457 418/1730/457 421/1731/457 410/1732/457
f 418/1733/458 420/1734/458 422/1735/458 421/1736/458
f 410/1737/459 421/1738/459 423/1739/459 409/1740/459
f 421/1741/460 422/1742/460 424/1743/460 423/1744/460
f 409/1745/461 423/1746/461 417/1747/461 411/1748/461
f 423/1749/462 424/1750/462 419/1751/462 417/1752/462
f 426/1753/463 425/1754/463 411/1755/463 417/1756/463
f 428/1757/464 427/1758/464 418/1759/464 412/1760/464
f 425/1761/465 428/1762/465 412/1763/465 411/1764/465
f 429/1765/466 426/1766/466 417/1767/466 419/1768/466
f 427/1769/467 430/1770/467 420/1771/467 418/1772/467
f 430/1773/468 431/1774/468 416/1775/468 420/1776/468
f 432/1777/469 429/1778/469 419/1779/469 415/1780/469
f 431/1781/470 432/1782/470 415/1783/470 416/1784/470
f 434/1785/471 433/1786/471 425/1787/471 426/1788/471
f 436/1789/472 435/1790/472 427/1791/472 428/1792/472
f 433/1793/473 436/1794/473 428/1795/473 425/1796/473
f 437/1797/474 434/1798/474 426/1799/474 429/1800/474
f 435/1801/475 438/1802/475 430/1803/475 427/1804/475
f 438/1805/476 439/1806/476 431/1807/476 430/1808/476
f 440/1809/477 437/1810/477 429/1811/477 432/1812/477
f 439/1813/478 440/1814/478 432/1815/478 431/1816/478
f 441/1817/479 443/1818/479 410/1819/479 409/1820/479
f 442/1821/480 441/1822/480 409/1823/480 411/1824/480
f 449/1825/481 450/1826/481 451/1827/481 452/1828/481
f 443/1829/482 444/1830/482 412/1831/482 410/1832/482
f 447/1833/483 445/1834/483 415/1835/483 413/1836/483
f 448/1837/484 447/1838/484 413/1839/484 414/1840/484
f 446/1841/485 448/1842/485 414/1843/485 416/1844/485
f 453/1845/486 454/1846/486 455/1847/486 456/1848/486
f 450/1849/487 449/1850/487 444/1851/487 442/1852/487
f 451/1853/488 450/1854/488 442/1855/488 411/1856/488
f 452/1857/489 451/1858/489 411/1859/489 412/1860/489
f 449/1861/490 452/1862/490 412/1863/490 444/1864/490
f 454/1865/491 453/1866/491 445/1867/491 446/1868/491
f 455/1869/492 454/1870/492 446/1871/492 416/1872/492
f 456/1873/493 455/1874/493 416/1875/493 415/1876/493
f 453/1877/494 456/1878/494 415/1879/494 445/1880/494
o cuboid
v 0.16875 1.121050625 0.13125
v 0.16875 1.121050625 -0.13125
v 0.16875 0.908550625 0.13125
v 0.16875 0.908550625 -0.13125
v -0.16875 1.121050625 0.13125
v -0.16875 1.121050625 -0.13125
v -0.16875 0.908550625 0.13125
v -0.16875 0.908550625 -0.13125
v 0.115625 0.783550625 0.065625
v -0.115625 0.783550625 0.065625
v 0.115625 0.783550625 -0.065625
v -0.115625 0.783550625 -0.065625
v 0 0.783550625 0.08125
v 0 0.783550625 -0.08125
v 0 1.121050625 -0.1625
v -0.1265625 1.152300625 0.090625
v 0 1.152300625 -0.05625
v 0 1.152300625 0.10625
v -0.1265625 1.152300625 -0.040625
v 0.1265625 1.152300625 -0.040625
v 0.1265625 1.152300625 0.090625
v 0 1.121050625 0.1625
v 0 0.908550625 0.1625
v 0.1265625 0.908550625 -0.1703125
v 0 0.908550625 -0.19375
v 0 1.092925625 -0.19375
v 0.1265625 1.092925625 -0.1703125
v -0.1265625 1.092925625 -0.1703125
v -0.1265625 0.908550625 -0.1703125
v 0 0.814800625 -0.1328125
v -0.093359375 0.814800625 -0.119140625
v 0.093359375 0.814800625 -0.119140625
vt 0.09375 1
vt 0.0625 1
vt 0.0625 0.9765625
vt 0.09375 0.9765625
vt 0.3515625 0.9765625
vt 0.3515625 1
vt 0.3203125 1
vt 0.3203125 0.9765625
vt 0.1833984375 0.645703125
vt 0.19921875 0.64375
vt 0.19921875 0.6640625
vt 0.1833984375 0.662109375
vt 0.305859375 0.642578125
vt 0.3203125 0.640625
vt 0.3203125 0.6609375
vt 0.305859375 0.658984375
vt 0.3515625 0.7421875
vt 0.375 0.7421875
vt 0.375 0.765625
vt 0.3515625 0.765625
vt 0.0859375 0.7578125
vt 0.0703125 0.7578125
vt 0.0703125 0.734375
vt 0.0859375 0.734375
vt 0.370703125 0.890625
vt 0.387109375 0.890625
vt 0.3953125 0.90625
vt 0.3625 0.90625
vt 0.4273578125 0.703125
vt 0.4419421875 0.703125
vt 0.44330234375 0.71875
vt 0.421875 0.7181835937500001
vt 0.370703125 0.8671875
vt 0.387109375 0.8671875
vt 0.3953125 0.8828125
vt 0.3625 0.8828125
vt 0.5 0.5764078125000001
vt 0.48391015625 0.5764078125000001
vt 0.48529765625 0.5625
vt 0.49708359375 0.5627390624999999
vt 0.3671875 0.6484375
vt 0.34375 0.6484375
vt 0.34375 0.625
vt 0.3671875 0.625
vt 0.25 0.6044812500000001
vt 0.22854765625 0.6044812500000001
vt 0.230396875 0.5859375
vt 0.2449640625 0.5863203125
vt 0.334765625 0.658984375
vt 0.3203125 0.6609375
vt 0.3203125 0.640625
vt 0.334765625 0.642578125
vt 0.3234921875 0.5078125
vt 0.33528671875 0.5078125
vt 0.336390625 0.5234375
vt 0.3203125 0.523109375
vt 0.171875 0.5703125
vt 0.1875 0.5703125
vt 0.1875 0.59375
vt 0.171875 0.59375
vt 0.2150390625 0.662109375
vt 0.19921875 0.6640625
vt 0.19921875 0.64375
vt 0.2150390625 0.645703125
vt 0.227061953125 0.6294096874999999
vt 0.21148875 0.6328125
vt 0.205510703125 0.6270575
vt 0.226203671875 0.621445234375
vt 0.040565703125 0.675965078125
vt 0.024625078125 0.675965078125
vt 0.022997734375 0.662217421875
vt 0.044411796875 0.6634564843749999
vt 0.304296875 0.8515625
vt 0.287890625 0.8515625
vt 0.2765625 0.84375
vt 0.309375 0.84375
vt 0.024625078125 0.675965078125
vt 0.009125234375 0.6796875
vt 0.002463203125 0.668417578125
vt 0.0229984375 0.6622228125
vt 0.243002578125 0.6294096874999999
vt 0.227061953125 0.6294096874999999
vt 0.226200234375 0.6214128125
vt 0.247614296875 0.6225401562499999
vt 0.485546875 0.7421875
vt 0.469140625 0.7421875
vt 0.4640625 0.734375
vt 0.496875 0.734375
vt 0.40451171875 0.5
vt 0.4206015625 0.5
vt 0.41988984375 0.5078125
vt 0.3984375 0.5078125
vt 0.4375 0.6015625
vt 0.4375 0.621484375
vt 0.4296875 0.625
vt 0.4296875 0.6015625
vt 0.5012734375 0.9453125
vt 0.51736328125 0.9453125
vt 0.5234375 0.953125
vt 0.50198515625 0.953125
vt 0.3203125 0.551171875
vt 0.3203125 0.53125
vt 0.328125 0.53125
vt 0.328125 0.5546875
vt 0.4180984375 0.46060390625000003
vt 0.40630390625 0.46060390625000003
vt 0.4072375 0.453125
vt 0.42182109375 0.45326328125000004
vt 0.453125 0.48787882812500005
vt 0.453882578125 0.47391843749999996
vt 0.4609375 0.46875
vt 0.4609375 0.48759859375000003
vt 0.54671203125 0.578125
vt 0.546601484375 0.589918984375
vt 0.53922546875 0.59357265625
vt 0.53922546875 0.5789884375000001
vt 0.512971171875 0.5710941406250001
vt 0.526930234375 0.5703125
vt 0.526663046875 0.5774942187500001
vt 0.5078125 0.5774942187500001
vn 1 0 0
vn -1 0 0
vn 0 1 0
vn 0 -1 0
vn -0.18208926018230742 0 0.9832820049844602
vn -0.18208926018230748 0 -0.9832820049844602
vn 0.9203309184584746 -0.39114064034485174 0
vn -0.11258284836182839 -0.5415235006203946 0.8331130778775301
vn -0.9203309184584746 -0.39114064034485174 0
vn -0.15342892239356226 -0.5385355176014035 -0.8285161809252362
vn 0.18208926018230742 0 0.9832820049844602
vn 0.15342892239356223 -0.5385355176014035 0.8285161809252362
vn 0 -1 0
vn 0.12186941097074955 -0.5409260855515984 -0.8321939777716897
vn 0.18208926018230748 0 -0.9832820049844602
vn 0 1 0
vn -0.06938016640757956 0.8242363769220453 0.5619793479013945
vn -0.03481423148409158 0.9587839350718821 -0.2819952750211418
vn -0.5952275506257374 0.8035571933447458 0
vn 0.03824614479119864 0.9500342366133743 -0.30979377280870896
vn 0.059848444963274135 0.872590327564537 0.4847724042025205
vn 0.5952275506257374 0.8035571933447458 0
vn 0.12294255990122589 0.7376553594073549 -0.6638898234666197
vn 0.6794080314983049 0 -0.7337606740181696
vn -0.1229425599012259 0.7376553594073549 -0.6638898234666198
vn -0.6794080314983049 0 -0.7337606740181696
vn -0.07568422576721043 -0.8527449837514123 -0.5168151416675226
vn -0.6245253234527596 -0.5328539277602297 -0.5709945814425231
vn 0.0771009424493433 -0.8466784922972885 -0.5264892927255157
vn 0.5719511039367534 -0.5397311917483164 -0.6177071922516939
usemtl m_760b25d0-8ffc-19f6-35fe-305143ee9831
f 458/1881/495 457/1882/495 459/1883/495 460/1884/495
f 463/1885/496 461/1886/496 462/1887/496 464/1888/496
f 472/1889/497 474/1890/497 473/1891/497 475/1892/497
f 468/1893/498 470/1894/498 469/1895/498 466/1896/498
f 463/1897/499 479/1898/499 478/1899/499 461/1900/499
f 484/1901/500 482/1902/500 481/1903/500 485/1904/500
f 465/1905/501 467/1906/501 460/1907/501 459/1908/501
f 466/1909/502 469/1910/502 479/1911/502 463/1912/502
f 468/1913/503 466/1914/503 463/1915/503 464/1916/503
f 485/1917/504 481/1918/504 486/1919/504 487/1920/504
f 457/1921/505 478/1922/505 479/1923/505 459/1924/505
f 459/1925/506 479/1926/506 469/1927/506 465/1928/506
f 465/1929/507 469/1930/507 470/1931/507 467/1932/507
f 488/1933/508 486/1934/508 481/1935/508 480/1936/508
f 480/1937/509 481/1938/509 482/1939/509 483/1940/509
f 476/1941/510 473/1942/510 474/1943/510 477/1944/510
f 474/1945/511 472/1946/511 461/1947/511 478/1948/511
f 475/1949/512 473/1950/512 471/1951/512 462/1952/512
f 472/1953/513 475/1954/513 462/1955/513 461/1956/513
f 473/1957/514 476/1958/514 458/1959/514 471/1960/514
f 477/1961/515 474/1962/515 478/1963/515 457/1964/515
f 476/1965/516 477/1966/516 457/1967/516 458/1968/516
f 483/1969/517 482/1970/517 471/1971/517 458/1972/517
f 480/1973/518 483/1974/518 458/1975/518 460/1976/518
f 482/1977/519 484/1978/519 462/1979/519 471/1980/519
f 484/1981/520 485/1982/520 464/1983/520 462/1984/520
f 487/1985/521 486/1986/521 470/1987/521 468/1988/521
f 485/1989/522 487/1990/522 468/1991/522 464/1992/522
f 486/1993/523 488/1994/523 467/1995/523 470/1996/523
f 488/1997/524 480/1998/524 460/1999/524 467/2000/524
o cuboid
v 0.1875 1.018361388584431 0.23392627018922196
v 0.125 1.1266145640574856 0.17142627018922194
v 0.1875 0.9996113885844308 0.2014503175473055
v 0.125 1.1457531754730548 0.11707531754730548
v -0.1875 1.018361388584431 0.23392627018922196
v -0.125 1.1266145640574856 0.17142627018922194
v -0.1875 0.9996113885844308 0.2014503175473055
v -0.125 1.1457531754730548 0.11707531754730548
v 0.23125 0.8705449192431123 0.290400635094611
v -0.23125 0.8705449192431123 0.290400635094611
v 0.23125 0.8517949192431122 0.25792468245269456
v -0.23125 0.8517949192431122 0.25792468245269456
v 0.2625 0.7310417437700575 0.2987740473580836
v -0.2625 0.7310417437700575 0.2987740473580836
v 0.2625 0.6872917525122471 0.26629808966886165
v -0.2625 0.6872917525122471 0.26629808966886165
vt 0.0564625 0.90625
vt 0.03899375 0.90625
vt 0.03899375 0.9015625
vt 0.06135390625 0.9015625
vt 0.09387890625 0.9328125
vt 0.09387890625 0.9375
vt 0.07641015625 0.9375
vt 0.07151875 0.9328125
vt 0.0703125 0.9609375
vt 0.1171875 0.9609375
vt 0.109375 0.9765625
vt 0.078125 0.9765625
vt 0.046875 0.9296875
vt 0.0546875 0.95078125
vt 0.0078125 0.95078125
vt 0.015625 0.9296875
vt 0.0625 0.984375
vt 0.0625 0.9921875
vt 0 0.9921875
vt 0 0.984375
vt 0.03125 1
vt 0 1
vt 0 0.9921875
vt 0.03125 0.9921875
vt 0.01871171875 0.903125
vt 0.01871171875 0.8984375
vt 0.03899375 0.9015625
vt 0.03899375 0.90625
vt 0.06484375 0.9411578125
vt 0.12265625 0.9411578125
vt 0.1171875 0.9609375
vt 0.0703125 0.9609375
vt 0.1141609375 0.9296875
vt 0.1141609375 0.934375
vt 0.09387890625 0.9375
vt 0.09387890625 0.9328125
vt 0.06015625 0.9705609374999999
vt 0.00234375 0.9705609374999999
vt 0.0078125 0.95078125
vt 0.0546875 0.95078125
vt 0.00261015625 0.89532265625
vt 0 0.8890312499999999
vt 0.01871171875 0.89846796875
vt 0.01871171875 0.903125
vt 0.09609375 0.9765625
vt 0.16171875 0.9765625
vt 0.1578125 0.9921875
vt 0.1 0.9921875
vt 0.1328125 0.92015078125
vt 0.130234375 0.9264546875
vt 0.1141609375 0.9343343749999999
vt 0.1141609375 0.9296875
vt 0.00234375 0.90625
vt 0.06796875 0.90625
vt 0.0640625 0.9296875
vt 0.00625 0.9296875
vn 0.8944271909999159 0.38729833462074165 -0.22360679774997902
vn -0.8944271909999159 0.38729833462074165 -0.22360679774997902
vn 0 0.5000000000000001 0.8660254037844386
vn 0 -0.5000000000000001 -0.8660254037844386
vn 0 -0.5960396971932762 0.8029549672115789
vn 0 0.943230163159283 0.3321398189114225
vn 0.9629640197141819 0.23350636512080095 -0.1348149627599855
vn 0 0.35689652844334063 0.9341439225221625
vn -0.9629640197141819 0.23350636512080095 -0.1348149627599855
vn 0 -0.35689652844334063 -0.9341439225221625
vn 0.9582836328026176 0.17035944762916308 -0.2294997553508596
vn 0 0.05991526087921639 0.9982034669914623
vn -0.9445298594660329 0.1957546678082986 -0.2637109300130337
vn 0 -0.05083537876047617 -0.9987070462684635
usemtl m_760b25d0-8ffc-19f6-35fe-305143ee9831
f 490/2001/525 489/2002/525 491/2003/525 492/2004/525
f 495/2005/526 493/2006/526 494/2007/526 496/2008/526
f 493/2009/527 489/2010/527 490/2011/527 494/2012/527
f 492/2013/528 491/2014/528 495/2015/528 496/2016/528
f 503/2017/529 501/2018/529 502/2019/529 504/2020/529
f 494/2021/530 490/2022/530 492/2023/530 496/2024/530
f 497/2025/531 499/2026/531 491/2027/531 489/2028/531
f 498/2029/532 497/2030/532 489/2031/532 493/2032/532
f 500/2033/533 498/2034/533 493/2035/533 495/2036/533
f 499/2037/534 500/2038/534 495/2039/534 491/2040/534
f 501/2041/535 503/2042/535 499/2043/535 497/2044/535
f 502/2045/536 501/2046/536 497/2047/536 498/2048/536
f 504/2049/537 502/2050/537 498/2051/537 500/2052/537
f 503/2053/538 504/2054/538 500/2055/538 499/2056/538
o cylinder
v -0.10236115291788336 1.127138314552955 0.10472238629267644
v -0.11013884708211663 1.160361685447045 0.12027761370732357
v -0.08234231132943659 1.1046062583162861 0.16285662404114004
v -0.09012000549366986 1.1378296292103762 0.17841185145578717
v -0.051763799417829645 1.1207981648883816 0.14356282679335863
v -0.0595414935820629 1.1540215357824715 0.15911805420800573
v -0.04051165675129734 1.1394116419338953 0.10943367438641692
v -0.0482893509155306 1.1726350128279854 0.12498890180106403
v -0.05288422427416459 1.1533370645827596 0.07350494683768903
v -0.06066191843839784 1.1865604354768495 0.08906017425233614
v -0.08415520852914364 1.1572556437739145 0.04949986149616714
v -0.0919329026933769 1.1904790146680044 0.06505508891081425
v -0.12237999450633014 1.1496703707896239 0.04658814854421284
v -0.1301576886705634 1.182893741683714 0.06214337595885995
v -0.1529585064179371 1.1334784642175286 0.06588194579199426
v -0.16073620058217036 1.1667018351116185 0.08143717320664137
v -0.1642106490844694 1.1148649871720147 0.10001109819893597
v -0.17198834324870266 1.1480883580661048 0.11556632561358308
v -0.15183808156160217 1.1009395645231506 0.13593982574766386
v -0.1596157757258354 1.1341629354172404 0.151495053162311
v -0.1205670973066231 1.0970209853319957 0.15994491108918574
v -0.12834479147085637 1.1302443562260855 0.17550013850383286
vt 0.04155078125 0.895453125
vt 0.0375984375 0.8984375
vt 0.03515625 0.890625
vt 0.09375 0.9140625
vt 0.1015625 0.9140625
vt 0.1015625 0.921875
vt 0.09375 0.921875
vt 0.1235359375 0.8984375
vt 0.12748828125 0.901421875
vt 0.12109375 0.90625
vt 0.04306015625 0.890625
vt 0.04155078125 0.895453125
vt 0.03515625 0.890625
vt 0.0625 0.9296875
vt 0.0703125 0.9296875
vt 0.0703125 0.9375
vt 0.0625 0.9375
vt 0.12748828125 0.901421875
vt 0.12899765625 0.90625
vt 0.12109375 0.90625
vt 0.04155078125 0.885796875
vt 0.04306015625 0.890625
vt 0.03515625 0.890625
vt 0.0625 0.9609375
vt 0.0703125 0.9609375
vt 0.0703125 0.96875
vt 0.0625 0.96875
vt 0.12899765625 0.90625
vt 0.12748828125 0.911078125
vt 0.12109375 0.90625
vt 0.0375984375 0.8828125
vt 0.04155078125 0.885796875
vt 0.03515625 0.890625
vt 0.09375 0.9921875
vt 0.1015625 0.9921875
vt 0.1015625 1
vt 0.09375 1
vt 0.12748828125 0.911078125
vt 0.1235359375 0.9140625
vt 0.12109375 0.90625
vt 0.0327140625 0.8828125
vt 0.0375984375 0.8828125
vt 0.03515625 0.890625
vt 0 0.9296875
vt 0.0078125 0.9296875
vt 0.0078125 0.9375
vt 0 0.9375
vt 0.1235359375 0.9140625
vt 0.1186515625 0.9140625
vt 0.12109375 0.90625
vt 0.02876171875 0.885796875
vt 0.0327140625 0.8828125
vt 0.03515625 0.890625
vt 0.0625 0.8984375
vt 0.0703125 0.8984375
vt 0.0703125 0.90625
vt 0.0625 0.90625
vt 0.1186515625 0.9140625
vt 0.11469921875 0.911078125
vt 0.12109375 0.90625
vt 0.02725234375 0.890625
vt 0.02876171875 0.885796875
vt 0.03515625 0.890625
vt 0 0.8984375
vt 0.0078125 0.8984375
vt 0.0078125 0.90625
vt 0 0.90625
vt 0.11469921875 0.911078125
vt 0.11318984375 0.90625
vt 0.12109375 0.90625
vt 0.02876171875 0.895453125
vt 0.02725234375 0.890625
vt 0.03515625 0.890625
vt 0.0546875 0.9296875
vt 0.0625 0.9296875
vt 0.0625 0.9375
vt 0.0546875 0.9375
vt 0.11318984375 0.90625
vt 0.11469921875 0.901421875
vt 0.12109375 0.90625
vt 0.0327140625 0.8984375
vt 0.02876171875 0.895453125
vt 0.03515625 0.890625
vt 0.09375 0.921875
vt 0.1015625 0.921875
vt 0.1015625 0.9296875
vt 0.09375 0.9296875
vt 0.11469921875 0.901421875
vt 0.1186515625 0.8984375
vt 0.12109375 0.90625
vt 0.0375984375 0.8984375
vt 0.0327140625 0.8984375
vt 0.03515625 0.890625
vt 0.0625 0.96875
vt 0.0703125 0.96875
vt 0.0703125 0.9765625
vt 0.0625 0.9765625
vt 0.1186515625 0.8984375
vt 0.1235359375 0.8984375
vt 0.12109375 0.90625
vn 0.20740517771288688 -0.8859565571757319 -0.41480606439058976
vn 0.6010100811094926 -0.2191637325388922 0.7686053218293392
vn -0.20740517771288688 0.8859565571757319 0.41480606439058976
vn 0.20740517771288688 -0.8859565571757319 -0.41480606439058976
vn 0.937913161935989 0.05957669428248401 0.3417155515419327
vn -0.20740517771288688 0.8859565571757319 0.41480606439058976
vn 0.20740517771288688 -0.8859565571757319 -0.41480606439058976
vn 0.9292577972491015 0.31094209533772227 -0.1994867404083163
vn -0.20740517771288688 0.8859565571757319 0.41480606439058976
vn 0.20740517771288688 -0.8859565571757319 -0.41480606439058976
vn 0.5778618456308898 0.45309742632541183 -0.6788066069370198
vn -0.20740517771288688 0.8859565571757319 0.41480606439058976
vn 0.20740517771288688 -0.8859565571757319 -0.41480606439058976
vn -0.01450317759765632 0.4211950836610262 -0.9068541003597833
vn -0.20740517771288688 0.8859565571757319 0.41480606439058976
vn 0.20740517771288688 -0.8859565571757319 -0.41480606439058976
vn -0.6010100811094926 0.2191637325388922 -0.7686053218293392
vn -0.20740517771288688 0.8859565571757319 0.41480606439058976
vn 0.20740517771288688 -0.8859565571757319 -0.41480606439058976
vn -0.937913161935989 -0.05957669428248401 -0.3417155515419327
vn -0.20740517771288688 0.8859565571757319 0.41480606439058976
vn 0.20740517771288688 -0.8859565571757319 -0.41480606439058976
vn -0.9292577972491015 -0.31094209533772227 0.1994867404083163
vn -0.20740517771288688 0.8859565571757319 0.41480606439058976
vn 0.20740517771288688 -0.8859565571757319 -0.41480606439058976
vn -0.5778618456308898 -0.45309742632541183 0.6788066069370198
vn -0.20740517771288688 0.8859565571757319 0.41480606439058976
vn 0.20740517771288688 -0.8859565571757319 -0.41480606439058976
vn 0.01450317759765632 -0.4211950836610262 0.9068541003597833
vn -0.20740517771288688 0.8859565571757319 0.41480606439058976
usemtl m_760b25d0-8ffc-19f6-35fe-305143ee9831
f 509/2057/539 507/2058/539 505/2059/539
f 507/2060/540 509/2061/540 510/2062/540 508/2063/540
f 508/2064/541 510/2065/541 506/2066/541
f 511/2067/542 509/2068/542 505/2069/542
f 509/2070/543 511/2071/543 512/2072/543 510/2073/543
f 510/2074/544 512/2075/544 506/2076/544
f 513/2077/545 511/2078/545 505/2079/545
f 511/2080/546 513/2081/546 514/2082/546 512/2083/546
f 512/2084/547 514/2085/547 506/2086/547
f 515/2087/548 513/2088/548 505/2089/548
f 513/2090/549 515/2091/549 516/2092/549 514/2093/549
f 514/2094/550 516/2095/550 506/2096/550
f 517/2097/551 515/2098/551 505/2099/551
f 515/2100/552 517/2101/552 518/2102/552 516/2103/552
f 516/2104/553 518/2105/553 506/2106/553
f 519/2107/554 517/2108/554 505/2109/554
f 517/2110/555 519/2111/555 520/2112/555 518/2113/555
f 518/2114/556 520/2115/556 506/2116/556
f 521/2117/557 519/2118/557 505/2119/557
f 519/2120/558 521/2121/558 522/2122/558 520/2123/558
f 520/2124/559 522/2125/559 506/2126/559
f 523/2127/560 521/2128/560 505/2129/560
f 521/2130/561 523/2131/561 524/2132/561 522/2133/561
f 522/2134/562 524/2135/562 506/2136/562
f 525/2137/563 523/2138/563 505/2139/563
f 523/2140/564 525/2141/564 526/2142/564 524/2143/564
f 524/2144/565 526/2145/565 506/2146/565
f 507/2147/566 525/2148/566 505/2149/566
f 525/2150/567 507/2151/567 508/2152/567 526/2153/567
f 526/2154/568 508/2155/568 506/2156/568
o cylinder
v 0.10236115291788336 1.127138314552955 0.10472238629267644
v 0.11013884708211663 1.160361685447045 0.12027761370732357
v 0.08234231132943659 1.1046062583162861 0.16285662404114004
v 0.09012000549366986 1.1378296292103762 0.17841185145578717
v 0.051763799417829645 1.1207981648883816 0.14356282679335863
v 0.0595414935820629 1.1540215357824715 0.15911805420800573
v 0.04051165675129734 1.1394116419338953 0.10943367438641692
v 0.0482893509155306 1.1726350128279854 0.12498890180106403
v 0.05288422427416459 1.1533370645827596 0.07350494683768903
v 0.06066191843839784 1.1865604354768495 0.08906017425233614
v 0.08415520852914364 1.1572556437739145 0.04949986149616714
v 0.0919329026933769 1.1904790146680044 0.06505508891081425
v 0.12237999450633014 1.1496703707896239 0.04658814854421284
v 0.1301576886705634 1.182893741683714 0.06214337595885995
v 0.1529585064179371 1.1334784642175286 0.06588194579199426
v 0.16073620058217036 1.1667018351116185 0.08143717320664137
v 0.1642106490844694 1.1148649871720147 0.10001109819893597
v 0.17198834324870266 1.1480883580661048 0.11556632561358308
v 0.15183808156160217 1.1009395645231506 0.13593982574766386
v 0.1596157757258354 1.1341629354172404 0.151495053162311
v 0.1205670973066231 1.0970209853319957 0.15994491108918574
v 0.12834479147085637 1.1302443562260855 0.17550013850383286
vt 0.0795890625 0.9296875
vt 0.07563671875 0.926703125
vt 0.08203125 0.921875
vt 0.0546875 0.9453125
vt 0.0546875 0.9375
vt 0.0625 0.9375
vt 0.0625 0.9453125
vt 0.07563671875 0.901421875
vt 0.0795890625 0.8984375
vt 0.08203125 0.90625
vt 0.07563671875 0.926703125
vt 0.07412734375 0.921875
vt 0.08203125 0.921875
vt 0.0390625 0.984375
vt 0.0390625 0.9765625
vt 0.046875 0.9765625
vt 0.046875 0.984375
vt 0.07412734375 0.90625
vt 0.07563671875 0.901421875
vt 0.08203125 0.90625
vt 0.07412734375 0.921875
vt 0.07563671875 0.917046875
vt 0.08203125 0.921875
vt 0.03125 1
vt 0.03125 0.9921875
vt 0.0390625 0.9921875
vt 0.0390625 1
vt 0.07563671875 0.911078125
vt 0.07412734375 0.90625
vt 0.08203125 0.90625
vt 0.07563671875 0.917046875
vt 0.0795890625 0.9140625
vt 0.08203125 0.921875
vt 0 0.9453125
vt 0 0.9375
vt 0.0078125 0.9375
vt 0.0078125 0.9453125
vt 0.0795890625 0.9140625
vt 0.07563671875 0.911078125
vt 0.08203125 0.90625
vt 0.0795890625 0.9140625
vt 0.0844734375 0.9140625
vt 0.08203125 0.921875
vt 0 0.984375
vt 0 0.9765625
vt 0.0078125 0.9765625
vt 0.0078125 0.984375
vt 0.0844734375 0.9140625
vt 0.0795890625 0.9140625
vt 0.08203125 0.90625
vt 0.0844734375 0.9140625
vt 0.08842578125 0.917046875
vt 0.08203125 0.921875
vt 0.0546875 1
vt 0.0546875 0.9921875
vt 0.0625 0.9921875
vt 0.0625 1
vt 0.08842578125 0.911078125
vt 0.0844734375 0.9140625
vt 0.08203125 0.90625
vt 0.08842578125 0.917046875
vt 0.08993515625 0.921875
vt 0.08203125 0.921875
vt 0.046875 0.984375
vt 0.046875 0.9765625
vt 0.0546875 0.9765625
vt 0.0546875 0.984375
vt 0.08993515625 0.90625
vt 0.08842578125 0.911078125
vt 0.08203125 0.90625
vt 0.08993515625 0.921875
vt 0.08842578125 0.926703125
vt 0.08203125 0.921875
vt 0.03125 0.984375
vt 0.03125 0.9765625
vt 0.0390625 0.9765625
vt 0.0390625 0.984375
vt 0.08842578125 0.901421875
vt 0.08993515625 0.90625
vt 0.08203125 0.90625
vt 0.08842578125 0.926703125
vt 0.0844734375 0.9296875
vt 0.08203125 0.921875
vt 0.0546875 0.984375
vt 0.0546875 0.9765625
vt 0.0625 0.9765625
vt 0.0625 0.984375
vt 0.0844734375 0.8984375
vt 0.08842578125 0.901421875
vt 0.08203125 0.90625
vt 0.0844734375 0.9296875
vt 0.0795890625 0.9296875
vt 0.08203125 0.921875
vt 0.0234375 0.984375
vt 0.0234375 0.9765625
vt 0.03125 0.9765625
vt 0.03125 0.984375
vt 0.0795890625 0.8984375
vt 0.0844734375 0.8984375
vt 0.08203125 0.90625
vn -0.20740517771288688 -0.8859565571757319 -0.41480606439058976
vn -0.6010100811094926 -0.2191637325388922 0.7686053218293392
vn 0.20740517771288688 0.8859565571757319 0.41480606439058976
vn -0.20740517771288688 -0.8859565571757319 -0.41480606439058976
vn -0.937913161935989 0.05957669428248401 0.3417155515419327
vn 0.20740517771288688 0.8859565571757319 0.41480606439058976
vn -0.20740517771288688 -0.8859565571757319 -0.41480606439058976
vn -0.9292577972491015 0.31094209533772227 -0.1994867404083163
vn 0.20740517771288688 0.8859565571757319 0.41480606439058976
vn -0.20740517771288688 -0.8859565571757319 -0.41480606439058976
vn -0.5778618456308898 0.45309742632541183 -0.6788066069370198
vn 0.20740517771288688 0.8859565571757319 0.41480606439058976
vn -0.20740517771288688 -0.8859565571757319 -0.41480606439058976
vn 0.01450317759765632 0.4211950836610262 -0.9068541003597833
vn 0.20740517771288688 0.8859565571757319 0.41480606439058976
vn -0.20740517771288688 -0.8859565571757319 -0.41480606439058976
vn 0.6010100811094926 0.2191637325388922 -0.7686053218293392
vn 0.20740517771288688 0.8859565571757319 0.41480606439058976
vn -0.20740517771288688 -0.8859565571757319 -0.41480606439058976
vn 0.937913161935989 -0.05957669428248401 -0.3417155515419327
vn 0.20740517771288688 0.8859565571757319 0.41480606439058976
vn -0.20740517771288688 -0.8859565571757319 -0.41480606439058976
vn 0.9292577972491015 -0.31094209533772227 0.1994867404083163
vn 0.20740517771288688 0.8859565571757319 0.41480606439058976
vn -0.20740517771288688 -0.8859565571757319 -0.41480606439058976
vn 0.5778618456308898 -0.45309742632541183 0.6788066069370198
vn 0.20740517771288688 0.8859565571757319 0.41480606439058976
vn -0.20740517771288688 -0.8859565571757319 -0.41480606439058976
vn -0.01450317759765632 -0.4211950836610262 0.9068541003597833
vn 0.20740517771288688 0.8859565571757319 0.41480606439058976
usemtl m_760b25d0-8ffc-19f6-35fe-305143ee9831
f 529/2157/569 531/2158/569 527/2159/569
f 532/2160/570 531/2161/570 529/2162/570 530/2163/570
f 532/2164/571 530/2165/571 528/2166/571
f 531/2167/572 533/2168/572 527/2169/572
f 534/2170/573 533/2171/573 531/2172/573 532/2173/573
f 534/2174/574 532/2175/574 528/2176/574
f 533/2177/575 535/2178/575 527/2179/575
f 536/2180/576 535/2181/576 533/2182/576 534/2183/576
f 536/2184/577 534/2185/577 528/2186/577
f 535/2187/578 537/2188/578 527/2189/578
f 538/2190/579 537/2191/579 535/2192/579 536/2193/579
f 538/2194/580 536/2195/580 528/2196/580
f 537/2197/581 539/2198/581 527/2199/581
f 540/2200/582 539/2201/582 537/2202/582 538/2203/582
f 540/2204/583 538/2205/583 528/2206/583
f 539/2207/584 541/2208/584 527/2209/584
f 542/2210/585 541/2211/585 539/2212/585 540/2213/585
f 542/2214/586 540/2215/586 528/2216/586
f 541/2217/587 543/2218/587 527/2219/587
f 544/2220/588 543/2221/588 541/2222/588 542/2223/588
f 544/2224/589 542/2225/589 528/2226/589
f 543/2227/590 545/2228/590 527/2229/590
f 546/2230/591 545/2231/591 543/2232/591 544/2233/591
f 546/2234/592 544/2235/592 528/2236/592
f 545/2237/593 547/2238/593 527/2239/593
f 548/2240/594 547/2241/594 545/2242/594 546/2243/594
f 548/2244/595 546/2245/595 528/2246/595
f 547/2247/596 529/2248/596 527/2249/596
f 530/2250/597 529/2251/597 547/2252/597 548/2253/597
f 530/2254/598 548/2255/598 528/2256/598