# Made in Blockbench 5.1.5
mtllib BusterBomber Body.mtl

o Toe
v -0.20624999999999932 0.031249999999999778 -0.21250000000000072
v -0.19999999999999987 0.09374999999999967 -0.040625000000000674
v -0.20624999999999932 -2.220446049250313e-16 -0.21250000000000072
v -0.19999999999999984 -2.220446049250313e-16 -0.04062500000000066
v -0.06874999999999945 0.031249999999999778 -0.21250000000000033
v -0.07499999999999996 0.09374999999999967 -0.04062500000000031
v -0.06874999999999944 -2.220446049250313e-16 -0.21250000000000033
v -0.07499999999999994 -2.220446049250313e-16 -0.04062500000000029
v -0.2312499999999998 0.09374999999999961 -0.06875000000000066
v -0.23124999999999976 -2.7755575615628914e-16 -0.06875000000000064
v -0.04374999999999987 -2.220446049250313e-16 -0.06875000000000009
v -0.043749999999999886 0.09374999999999967 -0.0687500000000001
vt 0 0.640625
vt 0.015625 0.640625
vt 0.015625 0.65625
vt 0 0.6484375
vt 0.359375 0.9921875
vt 0.34375 1
vt 0.34375 0.984375
vt 0.359375 0.984375
vt 0.090625 0.7890625
vt 0.09375 0.8125
vt 0.0703125 0.8125
vt 0.0734375 0.7890625
vt 0.2140625 0.802734375
vt 0.2109375 0.784765625
vt 0.234375 0.784765625
vt 0.23125 0.802734375
vt 0.4609375 0.734375
vt 0.4609375 0.7421875
vt 0.4453125 0.7421875
vt 0.4453125 0.734375
vt 0.2265625 0.9453125
vt 0.2109375 0.9453125
vt 0.2109375 0.9296875
vt 0.2265625 0.9296875
vt 0.15625 0.6171875
vt 0.1484375 0.6171875
vt 0.1484375 0.6015625
vt 0.15625 0.6015625
vt 0.23046875 0.78125
vt 0.234375 0.784765625
vt 0.2109375 0.784765625
vt 0.21484375 0.78125
vt 0.171875 0.5390625
vt 0.1796875 0.5390625
vt 0.1796875 0.5546875
vt 0.171875 0.5546875
vt 0.40234375 0.640625
vt 0.3984375 0.6328125
vt 0.421875 0.6328125
vt 0.41796875 0.640625
vn -0.9852117548196742 -1.4163688432435278e-16 -0.17134117475125046
vn 0.985211754819675 9.967040008010024e-17 -0.1713411747512446
vn 1.0690799735937048e-15 0.9170700562532353 -0.39872611141444914
vn 1.224646799147353e-16 -1 1.224646799147357e-16
vn 2.9629076969683865e-15 -1.224646799147353e-16 -1
vn -2.9629076969683865e-15 1.224646799147353e-16 1
vn -0.6689647316224505 9.10272797026564e-18 0.7432941462471657
vn 1.224646799147353e-16 -1 1.224646799147357e-16
vn 0.6689647316224461 1.7295183143504603e-16 0.7432941462471697
vn -1.224646799147353e-16 1 -1.224646799147357e-16
usemtl m_349ca9e1-c03b-a562-42cd-191c9d89e767
f 3/1/1 10/2/1 9/3/1 1/4/1
f 5/5/2 12/6/2 11/7/2 7/8/2
f 1/9/3 9/10/3 12/11/3 5/12/3
f 7/13/4 11/14/4 10/15/4 3/16/4
f 3/17/5 1/18/5 5/19/5 7/20/5
f 6/21/6 2/22/6 4/23/6 8/24/6
f 2/25/7 9/26/7 10/27/7 4/28/7
f 4/29/8 10/30/8 11/31/8 8/32/8
f 8/33/9 11/34/9 12/35/9 6/36/9
f 6/37/10 12/38/10 9/39/10 2/40/10
o cylinder
v -0.1390625 0.38124999999999987 0.009374999999999998
v -0.09803277990898432 0.09128182320875006 0.20625000000000004
v -0.11394226320958224 0.3687499999999999 0.12187499999999996
v -0.02696722009101564 0.09128182320875006 0.16522027990898436
v -0.07043273679041775 0.3687499999999999 0.09173071585149868
v 0.014062500000000006 0.09128182320875006 0.09415472009101569
v -0.045312500000000006 0.3687499999999999 0.039519284148501296
v 0.014062500000000006 0.09128182320875006 0.012095279908984333
v -0.045312500000000006 0.38749999999999984 -0.020769284148501307
v -0.02696722009101564 0.09374999999999956 -0.05897027990898433
v -0.07043273679041775 0.41249999999999976 -0.07298071585149869
v -0.09803277990898429 0.09374999999999956 -0.09999999999999992
v -0.11394226320958223 0.4312499999999997 -0.10312499999999998
v -0.18009222009101564 0.09374999999999956 -0.09999999999999998
v -0.16418273679041773 0.4312499999999997 -0.10312500000000001
v -0.2511577799089843 0.09374999999999956 -0.05897027990898435
v -0.2076922632095822 0.41249999999999976 -0.07298071585149872
v -0.2921875 0.09128182320875006 0.012095279908984354
v -0.23281249999999998 0.38749999999999984 -0.020769284148501294
v -0.2921875 0.09128182320875006 0.09415472009101561
v -0.23281249999999998 0.3687499999999999 0.03951928414850124
v -0.25115777990898436 0.09128182320875006 0.16522027990898436
v -0.20769226320958223 0.3687499999999999 0.09173071585149867
v -0.18009222009101566 0.09128182320875006 0.20625000000000004
v -0.16418273679041773 0.3687499999999999 0.12187499999999996
v -0.0697670491107874 0.09374999999999956 -0.028852398585286987
v -0.11369860460785122 0.09374999999999956 -0.028852398585286987
v -0.1644263953921488 0.09374999999999956 -0.028852398585286987
v -0.2083579508892126 0.09374999999999956 -0.028852398585286987
v -0.054062270686124514 0.0037818232087498127 0.01311044312400346
v -0.03840551395927938 0.0037818232087498127 -0.06175873255090074
v -0.07683801348723768 0.0037818232087498127 -0.03576005905639301
v -0.0015625000000000222 0.0037818232087498127 -0.0004127744287389032
v -0.054062270686124514 0.0037818232087498127 0.05690021888957011
v -0.0015625000000000222 0.0037818232087498127 0.07042343644231254
v -0.07683801348723768 0.0037818232087498127 0.094823277128575
v -0.03840551395927938 0.0037818232087498127 0.13176939456447442
v -0.11628675719888681 0.0037818232087498127 0.11671816501135832
v -0.10221948604072062 0.0037818232087498127 0.1671875000000001
v -0.16183824280111322 0.0037818232087498127 0.11671816501135832
v -0.17590551395927936 0.0037818232087498127 0.1671875000000001
v -0.20128698651276236 0.0037818232087498127 0.094823277128575
v -0.23971948604072063 0.0037818232087498127 0.13176939456447442
v -0.22406216228356307 0.0037818232087498127 0.0569000728303745
v -0.27656249999999993 0.0037818232087498127 0.07042343644231247
v -0.2240627293138755 0.0037818232087498127 0.013110443124003474
v -0.27656249999999993 0.0037818232087498127 -0.00041277442873888237
v -0.2012869865127623 0.0037818232087498127 -0.03576005905639301
v -0.23971948604072058 0.0037818232087498127 -0.061758732550900766
v -0.16183824280111317 0.0037818232087498127 -0.03576005905639301
v -0.11628675719888681 0.0037818232087498127 -0.03576005905639301
v -0.24993081226589814 0.14493389838772563 -0.06844092433775857
v -0.17964311876402458 0.14493389838772563 -0.10995663520895141
v -0.09848188123597534 0.14493389838772563 -0.10995663520895135
v -0.028194187734101803 0.14493389838772563 -0.06844092433775856
v 0.01238643102992279 0.14493389838772563 0.003466396203487078
v 0.01238643102992279 0.14493389838772563 0.08649781794587286
v -0.028194187734101803 0.14493389838772563 0.15840513848711849
v -0.09848188123597537 0.14493389838772563 0.19992084935831136
v -0.1796431187640246 0.14493389838772563 0.19992084935831136
v -0.2499308122658982 0.14493389838772563 0.15840513848711849
v -0.29051143102992283 0.14493389838772563 0.08649781794587277
v -0.29051143102992283 0.14493389838772563 0.003466396203487092
v -0.21670969149603486 0.0037818232087498127 0.05500617766263416
v -0.19590456842940843 0.0037818232087498127 0.08964902478904031
v -0.15986814104881694 0.0037818232087498127 0.10965000486996287
v -0.11825685895118311 0.0037818232087498127 0.10965000486996287
v -0.08222043157059163 0.0037818232087498127 0.08964902478904031
v -0.061414790521774745 0.0037818232087498127 0.05500631108770935
v -0.061414790521774745 0.0037818232087498127 0.015004350925864217
v -0.08222043157059163 0.0037818232087498127 -0.02963885281592796
v -0.11825685895118311 0.0037818232087498127 -0.02963885281592796
v -0.1598681410488169 0.0037818232087498127 -0.02963885281592796
v -0.19590456842940837 0.0037818232087498127 -0.02963885281592796
v -0.21671020947822528 0.0037818232087498127 0.015004350925864229
v -0.20420977488262054 0.0874999999999993 0.05231382274551573
v -0.13906250000000003 0.0874999999999993 0.03590279062834291
v -0.18675393333479745 0.0874999999999993 0.08073886327526486
v -0.1565187761434279 0.0874999999999993 0.09715000486996288
v -0.12160622385657215 0.0874999999999993 0.09715000486996288
v -0.09137106666520259 0.0874999999999993 0.08073886327526486
v -0.07391479052177474 0.0874999999999993 0.05231393222304095
v -0.07391479052177474 0.0874999999999993 0.019491649033644903
v -0.09137106666520259 0.0874999999999993 -0.01713885281592796
v -0.12160622385657215 0.0874999999999993 -0.01713885281592796
v -0.15651877614342785 0.0874999999999993 -0.01713885281592796
v -0.1867539333347974 0.0874999999999993 -0.01713885281592796
v -0.20421020947822527 0.0874999999999993 0.019491649033644913
v -0.03481080967583593 0.328013588653405 0.048069772086785936
v -0.03481080967583593 0.3433509310865609 -0.016358186658323934
v -0.06274496590777517 0.36380072099743554 -0.07215443564556485
v -0.11112834376806072 0.3791380634305914 -0.10436841501811976
v -0.16699665623193924 0.3791380634305914 -0.10436841501811979
v -0.21538003409222478 0.36380072099743554 -0.07215443564556488
v -0.24331419032416407 0.3433509310865609 -0.01635818665832392
v -0.24331419032416407 0.328013588653405 0.048069772086785874
v -0.2153800340922248 0.328013588653405 0.10386602107402684
v -0.16699665623193924 0.328013588653405 0.13608000044658175
v -0.11112834376806074 0.328013588653405 0.13608000044658175
v -0.06274496590777517 0.328013588653405 0.10386602107402686
v -0.16771068180604967 0.437962456772116 -0.11452277523994978
v -0.17052460124757118 0.3858505202027077 -0.11576619025806956
v -0.22456388305877428 0.36652668777399666 -0.07982402659387515
v -0.2168761121761317 0.4152259667765609 -0.08065030679980899
v -0.2550328088545345 0.34567829442106224 -0.018526554262931826
v -0.24453111853037043 0.3898273633345012 -0.0229376517531092
v -0.25469277519936095 0.3298573830516036 0.05108280981529028
v -0.24419108487519683 0.3705937943981985 0.04253232187700565
v -0.2239626106590617 0.3304582119921241 0.11143377713354784
v -0.21627483977641912 0.371194623338719 0.09929847191101966
v -0.17026336250303217 0.3305870671357459 0.14688788179400356
v -0.16744944306151066 0.3713234784823408 0.13268288134742176
v -0.10783761145884659 0.33045974836597336 0.1469239673973207
v -0.11065153090036808 0.37119615971256825 0.1327189669507389
v -0.05410432863908761 0.3302093929554555 0.11148690204741322
v -0.06179209952173019 0.3709458043020504 0.09935159682488505
v -0.02344072223722732 0.32989222136278906 0.05113706617188892
v -0.0339424125613914 0.37062863270938395 0.04258657823360428
v -0.023137276663686646 0.3460868720049701 -0.0183956111627821
v -0.033638966987850724 0.3902359409184091 -0.022806708652959473
v -0.053534270896230356 0.36694030740848904 -0.07969762203615376
v -0.061222041778872936 0.41563958641105325 -0.0805239022420876
v -0.10757099928952997 0.3860119008313735 -0.11573351175444756
v -0.11038491873105148 0.43812383740078176 -0.11449009673632778
v -0.017700233981383248 0.09239158090579669 -0.0666894630100984
v -0.01962732627040798 0.1434914168397856 -0.07681644717924434
v 0.023245905945434686 0.14406025164585 -0.0010996065443117692
v 0.02533985167029249 0.09128182320875006 0.00791694445292784
v -0.09489565590304641 0.09155092016210903 -0.11144627307633281
v -0.09534475723003746 0.1427348185498351 -0.12140290828528424
v 0.009923790047682759 0.0037818232087498127 -0.003616026238924218
v -0.027738278557769842 0.0037818232087498127 -0.06816523617127136
v 0.009732357020989608 0.0037818232087498127 0.07351171784710166
v 0.025357357020989638 0.09128182320875006 0.09724300149580481
v -0.030444996530486858 0.0037818232087498127 0.13993555931494397
v -0.019006702662223117 0.09128182320875006 0.1733864446594539
v -0.09940115328598971 0.0037818232087498127 0.17797249511091498
v -0.09521444715425341 0.09128182320875006 0.21703499511091492
v -0.17870832422336153 0.0037818232087498127 0.17794452772607855
v -0.18289503035509783 0.09128182320875006 0.2170070277260785
v -0.24764159348733572 0.0037818232087498127 0.1398938462132633
v -0.25907988735559945 0.09128182320875006 0.17334473155777325
v -0.28783446952946085 0.0037818232087498127 0.07349797213025736
v -0.3034594695294609 0.09128182320875006 0.0972292557789605
v -0.28805629104342306 0.0037818232087498127 -0.0036205311696356863
v -0.3034733806044539 0.09128182320875006 0.007911950000043733
v -0.2504017234337108 0.0037818232087498127 -0.06817424603269437
v -0.260438337859304 0.09258727859922683 -0.0667029952974748
v -0.30138149075643833 0.1442556633685988 -0.0011055800415411608
v -0.2585105304948825 0.14368504124674258 -0.07683224067959743
v -0.1827878071297512 0.14283073709541766 -0.12141571503702267
v -0.18323690845674226 0.09164683870769158 -0.11145907982807124
vt 0.10050351562500001 0.89029921875
vt 0.10543476562500001 0.8875625
vt 0.110238671875 0.89218046875
vt 0.10226210937500001 0.8966078125
vt 0.1328125 0.6866725003103986
vt 0.13255997848719736 0.7109375
vt 0.12529552266743732 0.7108071608908277
vt 0.12262179761797243 0.6866725003103986
vt 0.20553360033380477 0.7549293069113594
vt 0.21098611640388143 0.7586772263569446
vt 0.2023935506037147 0.7690786725774285
vt 0.10543476562500001 0.8875625
vt 0.10828164062500001 0.882821875
vt 0.11484414062500001 0.8845125
vt 0.110238671875 0.89218046875
vt 0.18621456522875626 0.7181056273833764
vt 0.1875 0.7421875
vt 0.17970091384434558 0.7420681051228919
vt 0.17590476358722623 0.7181056273833764
vt 0.21098611640388143 0.7586772263569446
vt 0.21417407255561696 0.7651808816282584
vt 0.2023934727531482 0.7690787668168558
vt 0.10828164062500001 0.882821875
vt 0.10828164062500001 0.8773484375
vt 0.11484414062500001 0.8756578125
vt 0.11484414062500001 0.8845125
vt 0.04349039358216551 0.7401306884778915
vt 0.04597054391783449 0.765625
vt 0.03790451976454819 0.7637614556754876
vt 0.03312770999239782 0.7401306884778915
vt 0.21417407255561696 0.7651808816282584
vt 0.21406353559532407 0.7730718611353529
vt 0.20239404119307755 0.7690785787352965
vt 0.10828164062500001 0.8773484375
vt 0.10543476562500001 0.8712390624999999
vt 0.110238671875 0.86798984375
vt 0.11484414062500001 0.8756578125
vt 0.3681289849772751 0.921875
vt 0.39582984140626326 0.921875
vt 0.39264464486386297 0.9270189435375681
vt 0.3671875 0.9296875
vt 0.26095783737541695 0.9242007289275751
vt 0.2578162830585869 0.9314361282459055
vt 0.24920798598753457 0.9204486876629111
vt 0.32119507967071426 0.9557470346736577
vt 0.31570367342071426 0.9557470346736577
vt 0.3176622671707143 0.9468532846736578
vt 0.3265450796707143 0.9519821909236578
vt 0.34410003989730836 0.75
vt 0.37342664248166213 0.75
vt 0.3712827621303689 0.7548398211318431
vt 0.34375 0.7578125
vt 0.2578162830585869 0.9314361282459055
vt 0.2523480968253827 0.9358378593049397
vt 0.24920831701280652 0.9204491101762697
vt 0.31570367342071426 0.9557470346736577
vt 0.30936304842071427 0.9557470346736577
vt 0.30740445467071426 0.9468532846736578
vt 0.3176622671707143 0.9468532846736578
vt 0.3671875 0.7906097372100879
vt 0.3671875 0.8199359919057959
vt 0.3625328995066127 0.8203125
vt 0.359375 0.7911567649692437
vt 0.2523480968253827 0.9358378593049397
vt 0.24606840932538265 0.9358378593049397
vt 0.24920825307538266 0.9204487968049396
vt 0.30936304842071427 0.9557470346736577
vt 0.3038716421707143 0.9557470346736577
vt 0.29852164217071425 0.9519821909236578
vt 0.30740445467071426 0.9468532846736578
vt 0.109375 0.6578131568095443
vt 0.10640745209721116 0.6853554185545002
vt 0.0992049988907546 0.6875
vt 0.0992049988907546 0.6581830811795308
vt 0.24606820646040292 0.9358472967328976
vt 0.24064837123034502 0.9313861664864137
vt 0.24937569986129549 0.9204937204583076
vt 0.089878515625 0.8712390624999999
vt 0.087031640625 0.8773484375
vt 0.080469140625 0.8756578125
vt 0.085074609375 0.86798984375
vt 0.0390625 0.6510227774499622
vt 0.03641095386908236 0.6764991933211171
vt 0.02884712883285783 0.6796875
vt 0.02884712883285783 0.6520085715775831
vt 0.24064837123034502 0.9313861664864137
vt 0.23758594644895595 0.9241169215958063
vt 0.24937603547673798 0.9204933015817821
vt 0.087031640625 0.8773484375
vt 0.087031640625 0.882821875
vt 0.080469140625 0.8845125
vt 0.080469140625 0.8756578125
vt 0.24033667143594778 0.7479552013016357
vt 0.23552529140633405 0.7715862209835025
vt 0.2274562973140522 0.7734375
vt 0.22997739385698468 0.7479552013016357
vt 0.1907233415643088 0.7730711943413607
vt 0.1906136814563381 0.7651802026000334
vt 0.20239396534737505 0.7690783423771534
vt 0.087031640625 0.882821875
vt 0.089878515625 0.8875625
vt 0.085074609375 0.89218046875
vt 0.080469140625 0.8845125
vt 0.2694295339310365 0.8196739804378372
vt 0.265611691367281 0.8436376878611654
vt 0.2578125 0.84375
vt 0.25912065270043916 0.8196739804378372
vt 0.1906136814563381 0.7651802026000334
vt 0.19380147241968132 0.7586773364197108
vt 0.20239417415552777 0.7690784114725482
vt 0.089878515625 0.8875625
vt 0.094809765625 0.89029921875
vt 0.093051171875 0.8966078125
vt 0.085074609375 0.89218046875
vt 0.15082890625 0.6866784751236334
vt 0.14812752515885125 0.7108155135260967
vt 0.14086292427918762 0.7109375
vt 0.14063840735641311 0.6866784751236334
vt 0.19380147241968132 0.7586773364197108
vt 0.19925391283380478 0.7549293069113594
vt 0.2023938056211746 0.7690779653784576
vt 0.094809765625 0.89029921875
vt 0.10050351562500001 0.89029921875
vt 0.10226210937500001 0.8966078125
vt 0.093051171875 0.8966078125
vt 0.20819765625 0.6867015625
vt 0.20661640625 0.7109375
vt 0.19963359375 0.7109375
vt 0.19805234375 0.6867015625
vt 0.19925391283380478 0.7549293069113594
vt 0.20553360033380477 0.7549293069113594
vt 0.20239375658380476 0.7690777444113595
vt 0.1363875 0.63368125
vt 0.14453125 0.6316296875
vt 0.13856953125 0.637234375
vt 0.13856953125 0.637234375
vt 0.14453125 0.6316296875
vt 0.14234921875 0.6392859375
vt 0.14234921875 0.6392859375
vt 0.14453125 0.6316296875
vt 0.14671328125 0.6392859375
vt 0.14671328125 0.6392859375
vt 0.14453125 0.6316296875
vt 0.15049296875 0.637234375
vt 0.15049296875 0.637234375
vt 0.14453125 0.6316296875
vt 0.152675 0.63368125
vt 0.152675 0.63368125
vt 0.14453125 0.6316296875
vt 0.152675 0.62957890625
vt 0.152675 0.62957890625
vt 0.14453125 0.6316296875
vt 0.15049296875 0.625
vt 0.15049296875 0.625
vt 0.14453125 0.6316296875
vt 0.14671328125 0.625
vt 0.14671328125 0.625
vt 0.14453125 0.6316296875
vt 0.14234921875 0.625
vt 0.14234921875 0.625
vt 0.14453125 0.6316296875
vt 0.13856953125 0.625
vt 0.13856953125 0.625
vt 0.14453125 0.6316296875
vt 0.1363875 0.62957890625
vt 0.1363875 0.62957890625
vt 0.14453125 0.6316296875
vt 0.1363875 0.63368125
vt 0.478575 0.9496265625
vt 0.484375 0.9496265625
vt 0.4841265625 0.9609375
vt 0.4775859375 0.96092421875
vt 0.29908169221928566 0.6015713195610488
vt 0.30842309430585074 0.6015625
vt 0.30764140625 0.612683555476714
vt 0.2968756510662132 0.6125507510081527
vt 0.4321062258059019 0.8071706295351455
vt 0.44142238285638297 0.8046875
vt 0.4428937741940981 0.8157893107912086
vt 0.4321062258059019 0.8186702848140311
vt 0.43463412113962796 0.8304594823816969
vt 0.4440530376653402 0.828125
vt 0.4453125 0.8395553587673966
vt 0.43463412113962796 0.8422543171597431
vt 0.4344850732865309 0.6734351226025386
vt 0.4442044061611447 0.671875
vt 0.4453125 0.6836189070490079
vt 0.4344850732865309 0.6854233631225899
vt 0.0028542968750000014 0.5703125
vt 0.012767578125000002 0.5703125
vt 0.013292578125 0.5859375
vt 0.002332421875 0.5859375
vt 0 0.59375
vt 0.0098421875 0.59375
vt 0.01174375 0.609375
vt 0.0007687499999999986 0.6093078125
vt 0.4609375 0.5625
vt 0.4706390625 0.5625
vt 0.47347578125 0.5703125
vt 0.46246328125 0.57025859375
vt 0.462449609375 0.578125
vt 0.472089453125 0.578125
vt 0.475050390625 0.5859375
vt 0.463885546875 0.5859375
vt 0.23845095129398788 0.6015625
vt 0.2477931358192848 0.6015699552302861
vt 0.25 0.6125490635927245
vt 0.23923346375962548 0.6127076592575381
vt 0.46875 0.9261397381198476
vt 0.4745497557890803 0.9261929620527097
vt 0.4754350960789407 0.9375
vt 0.46889463893654126 0.9374516979486684
vt 0.334878125 0.60590859375
vt 0.339809375 0.60590859375
vt 0.34069296875 0.6171875
vt 0.3352015625 0.6171875
vt 0.324253125 0.60590859375
vt 0.329184375 0.60590859375
vt 0.3288609375 0.6171875
vt 0.32336953125 0.6171875
vt 0.329184375 0.60590859375
vt 0.334878125 0.60590859375
vt 0.3352015625 0.6171875
vt 0.3288609375 0.6171875
vt 0.4921875 0.7812702100640653
vt 0.49139938240005143 0.7877384129145077
vt 0.48041447831873235 0.7877384129145077
vt 0.4810328581395566 0.78125
vt 0.4296875 0.484375
vt 0.4296875 0.4908932114639275
vt 0.4219874958109188 0.4909750382442897
vt 0.421875 0.4844577976179968
vt 0.1015625 0.5162495158183014
vt 0.109375 0.515625
vt 0.109375 0.5266090140965782
vt 0.10158289101714156 0.5274032460507403
vt 0.30764140625 0.612683555476714
vt 0.30886171875 0.619084336726714
vt 0.29798515625 0.6191554304767142
vt 0.296875 0.6125507429767141
vt 0.04241226858216551 0.7334205322278916
vt 0.04349039358216551 0.7401306884778915
vt 0.03311148733216551 0.7401306884778915
vt 0.032154456082165515 0.7334205322278916
vt 0.18548409647875627 0.7113673461333763
vt 0.18621456522875626 0.7181056273833764
vt 0.17589347147875625 0.7181056273833764
vt 0.17522706522875625 0.7113775023833763
vt 0.13251171875 0.6799170315603986
vt 0.1328125 0.6866725003103986
vt 0.12260859375 0.6866725003103986
vt 0.1222546875 0.6799295315603986
vt 0.20825390625 0.6799484375
vt 0.20819765625 0.6867015625
vt 0.19805234375 0.6867015625
vt 0.19799609375 0.6799484375
vt 0.15118359375 0.6799347251236335
vt 0.15082890625 0.6866784751236334
vt 0.140625 0.6866784751236334
vt 0.1409265625 0.6799237876236335
vt 0.2700959401810365 0.8129450741878372
vt 0.2694295339310365 0.8196739804378372
vt 0.2591084401810365 0.8196739804378372
vt 0.2598389089310365 0.8129364804378372
vt 0.2412937026859478 0.7412458263016357
vt 0.24033667143594778 0.7479552013016357
vt 0.2299577651859478 0.7479552013016357
vt 0.23103589018594778 0.7412458263016357
vt 0.25 0.6125490635927245
vt 0.248890625 0.6191787510927245
vt 0.23801328125 0.6191076573427245
vt 0.23923359375 0.6127076573427246
vt 0.087950390625 0.88258515625
vt 0.090551171875 0.886915625
vt 0.089878515625 0.8875625
vt 0.087031640625 0.882821875
vt 0.090551171875 0.886915625
vt 0.095055859375 0.889415625
vt 0.094809765625 0.89029921875
vt 0.089878515625 0.8875625
vt 0.095055859375 0.889415625
vt 0.100257421875 0.889415625
vt 0.10050351562500001 0.89029921875
vt 0.094809765625 0.89029921875
vt 0.100257421875 0.889415625
vt 0.104762109375 0.886915625
vt 0.10543476562500001 0.8875625
vt 0.10050351562500001 0.89029921875
vt 0.104762109375 0.886915625
vt 0.107362890625 0.88258515625
vt 0.10828164062500001 0.882821875
vt 0.10543476562500001 0.8875625
vt 0.107362890625 0.88258515625
vt 0.107362890625 0.87758515625
vt 0.10828164062500001 0.8773484375
vt 0.10828164062500001 0.882821875
vt 0.107362890625 0.87758515625
vt 0.10476210937500001 0.8720046875
vt 0.10543476562500001 0.8712390624999999
vt 0.10828164062500001 0.8773484375
vt 0.10476210937500001 0.8720046875
vt 0.100257421875 0.8720046875
vt 0.10050351562500001 0.8712390624999999
vt 0.10543476562500001 0.8712390624999999
vt 0.100257421875 0.8720046875
vt 0.095055859375 0.8720046875
vt 0.09480976562500001 0.8712390624999999
vt 0.10050351562500001 0.8712390624999999
vt 0.095055859375 0.8720046875
vt 0.090551171875 0.8720046875
vt 0.089878515625 0.8712390624999999
vt 0.094809765625 0.8712390624999999
vt 0.090551171875 0.8720046875
vt 0.087950390625 0.87758515625
vt 0.087031640625 0.8773484375
vt 0.089878515625 0.8712390624999999
vt 0.087950390625 0.87758515625
vt 0.087950390625 0.88258515625
vt 0.087031640625 0.882821875
vt 0.087031640625 0.8773484375
vt 0.421875 0.5262109556618848
vt 0.41494221493443395 0.5264199325865615
vt 0.4140625 0.5158710753388882
vt 0.421875 0.515625
vt 0.5185544928870285 0.7508507710426462
vt 0.5184012569469527 0.7551480397969446
vt 0.5078125 0.7551480397969446
vt 0.5080031092310408 0.75
vt 0.4375 0.5262145327151391
vt 0.43052434494050723 0.5263871041799084
vt 0.4296875 0.5158306893684989
vt 0.4375 0.515625
vt 0.453125 0.5262137569469527
vt 0.4461624902888754 0.5263670207278607
vt 0.4453125 0.5158156092310408
vt 0.453125 0.515625
vt 0.515275 0.60433046875
vt 0.51110546875 0.60433046875
vt 0.51057421875 0.5937578125
vt 0.515625 0.59375
vt 0.052944531249999996 0.4765625
vt 0.0488421875 0.4765625
vt 0.04828125 0.46875
vt 0.05328125 0.46875
vt 0.005990624999999999 0.510603125
vt 0.0009179687500000004 0.510603125
vt 0 0.5
vt 0.00615625 0.5000085937500001
vt 0.20127421875 0.56526796875
vt 0.19749453125 0.56526796875
vt 0.19791328125 0.5546875
vt 0.20241796875 0.5546875
vt 0.19749453125 0.56526796875
vt 0.19313046875 0.56526796875
vt 0.19271171875 0.5546875
vt 0.19791328125 0.5546875
vt 0.19313046875 0.56526796875
vt 0.18935078125 0.56526796875
vt 0.18820703125 0.5546875
vt 0.19271171875 0.5546875
vt 0.5 0.626085145112987
vt 0.4999203468666428 0.6311563946033958
vt 0.4893245088418679 0.6311563946033958
vt 0.4894133926756763 0.625
vt 0.40625 0.5262203277367259
vt 0.3993338973684784 0.5264375552484063
vt 0.3984375 0.5158897511999745
vt 0.40625 0.515625
vt 0.47585811697380065 0.6010500467795068
vt 0.4736671333971497 0.59375
vt 0.48259138309480026 0.59375
vt 0.484375 0.6015625
vt 0.37763949525438345 0.5305772151969008
vt 0.375 0.5234375
vt 0.383941839664299 0.5234375
vt 0.3862133092618197 0.53125
vt 0.47910026677900525 0.983793817130836
vt 0.4765625 0.9765625
vt 0.48502462483733816 0.9765625
vt 0.48705762137067643 0.984375
vt 0.234375 0.5074777581397315
vt 0.2265625 0.5078125
vt 0.2265625 0.4999437237825596
vt 0.234375 0.5003121045795966
vt 0.09375 0.515625
vt 0.08755787336745759 0.5135674858991132
vt 0.08755787336745759 0.5051028339487019
vt 0.0931626719280266 0.5076618691328991
vt 0.390625 0.515625
vt 0.3848948490191054 0.5133543149480182
vt 0.3848948490191054 0.5044095674904274
vt 0.3899418845930223 0.5070487832583628
vt 0.09917240932619921 0.4921875
vt 0.09375 0.49043300391334343
vt 0.09375 0.48150936829869584
vt 0.09865887696321571 0.48367472504886844
vt 0.2734375 0.5234375
vt 0.27374930260996666 0.515625
vt 0.28221529533598017 0.515625
vt 0.28134460285091967 0.5234083327978443
vt 0.515625 0.96875
vt 0.515625 0.9633506667937359
vt 0.523667910164968 0.9633154843849838
vt 0.5230168781920337 0.9686784308327551
vt 0.5078125 0.6559097770929786
vt 0.5 0.65625
vt 0.5 0.6484468577527598
vt 0.5078125 0.6488097582916252
vt 0.5234026542185317 0.9524609302779672
vt 0.5180389640208142 0.953125
vt 0.5180389640208142 0.9450788393445106
vt 0.5234375 0.9450656983872943
vt 0.5155957025019946 0.5694190136603341
vt 0.5102709541531791 0.5703125
vt 0.5102709541531791 0.5618506799427285
vt 0.515625 0.5615159374040362
vt 0.025896423632035034 0.8068678209405299
vt 0.018984763289904543 0.8117547771719278
vt 0.01859483096979702 0.8100887618044473
vt 0.024784662970709925 0.8058326533936593
vt 0.24562751233169633 0.9374914685043916
vt 0.2394857091320263 0.9323867764929458
vt 0.24064837123034502 0.9313861664864137
vt 0.24606625509212984 0.9358456905386766
vt 0.02990501738203503 0.7988717271905299
vt 0.025896423632035034 0.8068678209405299
vt 0.024773767382035034 0.8058225084405299
vt 0.028447204882035032 0.7984842271905299
vt 0.4449994953248293 0.890625
vt 0.4375368381497397 0.8863379955317363
vt 0.43850217451028517 0.8851672017167126
vt 0.4453125 0.88914090858068
vt 0.0302326160587193 0.7899547772908565
vt 0.02990501738203503 0.7988717271905299
vt 0.028438633302800848 0.7984819487857602
vt 0.028767751079247096 0.7902106674939074
vt 0.4375368381497397 0.8863379955317363
vt 0.4323852756497397 0.8795395580317363
vt 0.4337243381497397 0.8788879955317364
vt 0.4384985568997397 0.8851715892817363
vt 0.270654368609713 0.8674770109901493
vt 0.2665655072764683 0.8600646527670086
vt 0.26798949156840357 0.8596301056046411
vt 0.2717209280059831 0.8664790795336237
vt 0.32586176685861146 0.926509424019306
vt 0.3221273857246084 0.9334798935179376
vt 0.32106093863589336 0.9324789685640968
vt 0.32444036506037516 0.9260736676061537
vt 0.2774676568420604 0.871751816038252
vt 0.270654368609713 0.8674770109901493
vt 0.2717226463527404 0.866477471754171
vt 0.2778636073061488 0.8703601321585567
vt 0.3221273857246084 0.9334798935179376
vt 0.31592258392228767 0.9375
vt 0.31552805824429275 0.9361070509230398
vt 0.32106104133596863 0.9324790649543155
vt 0.28527078184206034 0.871683066038252
vt 0.2774676568420604 0.871751816038252
vt 0.27786375059206037 0.870359628538252
vt 0.2848473443420604 0.8702979097882519
vt 0.31592258392228767 0.9375
vt 0.3088225839222877 0.9374281250000001
vt 0.30924836517228765 0.93604296875
vt 0.3155280526722877 0.9361070312499999
vt 0.2920050159113482 0.8672802243881643
vt 0.28527078184206034 0.871683066038252
vt 0.2848472192002882 0.8702975004222704
vt 0.29091490320317887 0.8663008140474393
vt 0.3088225839222877 0.9374281250000001
vt 0.3027036474213718 0.933274565557887
vt 0.3037952571245941 0.9322958341170055
vt 0.3092482499420106 0.9360433436184059
vt 0.2959344927235317 0.8597860200066697
vt 0.2920050159113482 0.8672802243881643
vt 0.2909141270873924 0.8663001167472234
vt 0.2945021953514315 0.859375
vt 0.3027036474213718 0.933274565557887
vt 0.29913823314138854 0.9262206033276309
vt 0.3005713836094952 0.9258103242990742
vt 0.3037949861866194 0.9322960770385493
vt 0.0010173839412806994 0.7979857046245957
vt 0.0011625583180282862 0.7890625
vt 0.0026149553964703296 0.7894001213279747
vt 0.0025052802090834657 0.7976782559595958
vt 0.2156363185436619 0.7649038701626345
vt 0.21553903208381353 0.7734375
vt 0.21406353888204302 0.7730716265040418
vt 0.21417407255561696 0.7651808816282584
vt 0.004532813821331376 0.8062073632160707
vt 0.0010173839412806994 0.7979857046245957
vt 0.002506628219672007 0.7976779774159468
vt 0.00571117765365399 0.8052324036255809
vt 0.2624140535510441 0.9245693956642528
vt 0.2589695172134935 0.9324537554749396
vt 0.2578177270493065 0.931432802551547
vt 0.26095783737541695 0.9242007289275751
vt 0.011118632469401372 0.8115201841448298
vt 0.004532813821331376 0.8062073632160707
vt 0.005718496406099489 0.8052263482056067
vt 0.011611096461670918 0.8098850820292933
vt 0.2589645427289117 0.9324530055257958
vt 0.2527825008081885 0.9375
vt 0.25234900828507745 0.9358371256063646
vt 0.2578162830585869 0.9314361282459055
vt 0.018984763289904543 0.8117547771719278
vt 0.011118632469401372 0.8115201841448298
vt 0.011614455571906601 0.8098739289534566
vt 0.018594804306829776 0.8100886478849006
vt 0.2527932412252762 0.9374975465999881
vt 0.24562751233169633 0.9374914685043916
vt 0.24606834279604795 0.9358378593049397
vt 0.2523480968253827 0.9358378593049397
vt 0.005646717326133435 0.859375
vt 0.0013246715208888723 0.8493931903107891
vt 0.0028163439636487726 0.8491668124371468
vt 0.006923059084480973 0.8586352060424095
vt 0.5088624952464966 0.578125
vt 0.515560324320655 0.578125
vt 0.515625 0.5859124284726696
vt 0.5088294611527004 0.5859375
vt 0.0013246715208888715 0.8493931903107891
vt 0.002547026168192812 0.8384770501969322
vt 0.003952285811095838 0.8390272077330467
vt 0.002813791829221931 0.8491671997519139
vt 0.3180653688575199 0.945402170306336
vt 0.3277078103965812 0.9510088815905537
vt 0.3265447588293598 0.951982005670932
vt 0.3176622671707143 0.9468532846736578
vt 0.111572265625 0.8671890625
vt 0.11628007812499999 0.87525703125
vt 0.11484414062500001 0.8756578125
vt 0.110238671875 0.86798984375
vt 0.47609519820888274 0.960744700754128
vt 0.4770195510989638 0.9496344205208688
vt 0.478575 0.9496265625
vt 0.47758596622558974 0.9609238906293419
vt 0.11628007812499999 0.87525703125
vt 0.116255859375 0.8848984375
vt 0.11484414062500001 0.8845125
vt 0.11484414062500001 0.8756578125
vt 0.168989453125 0.89508359375
vt 0.168987109375 0.90624921875
vt 0.167577734375 0.90572734375
vt 0.167577734375 0.8954695312500001
vt 0.116255859375 0.8848984375
vt 0.11123398437500001 0.8932015625
vt 0.110238671875 0.89218046875
vt 0.11484414062500001 0.8845125
vt 0.163444140625 0.885565625
vt 0.168989453125 0.89508359375
vt 0.167577734375 0.8954695312500001
vt 0.162448828125 0.8865867187500001
vt 0.11123398437500001 0.8932015625
vt 0.102614453125 0.89795625
vt 0.10226210937500001 0.8966078125
vt 0.110238671875 0.89218046875
vt 0.153918359375 0.880109375
vt 0.163444140625 0.885565625
vt 0.162448828125 0.8865867187500001
vt 0.153566015625 0.8814578125
vt 0.102614453125 0.89795625
vt 0.092701171875 0.89795234375
vt 0.093051171875 0.8966078125
vt 0.10226210937500001 0.8966078125
vt 0.142958203125 0.88011328125
vt 0.153918359375 0.880109375
vt 0.153566015625 0.8814578125
vt 0.143308203125 0.8814578125
vt 0.092701171875 0.89795234375
vt 0.084083984375 0.89319609375
vt 0.085074609375 0.89218046875
vt 0.093051171875 0.8966078125
vt 0.133434765625 0.88557109375
vt 0.142958203125 0.88011328125
vt 0.143308203125 0.8814578125
vt 0.134425390625 0.8865867187500001
vt 0.084083984375 0.89319609375
vt 0.079059765625 0.884896875
vt 0.080469140625 0.8845125
vt 0.085074609375 0.89218046875
vt 0.127887109375 0.89508515625
vt 0.133434765625 0.88557109375
vt 0.134425390625 0.8865867187500001
vt 0.129296484375 0.8954695312500001
vt 0.079059765625 0.884896875
vt 0.07903242187500001 0.87525703125
vt 0.080469140625 0.8756578125
vt 0.080469140625 0.8845125
vt 0.127885546875 0.90625
vt 0.127887109375 0.89508515625
vt 0.129296484375 0.8954695312500001
vt 0.129296484375 0.90572734375
vt 0.07903242187500001 0.87525703125
vt 0.083739453125 0.8671875
vt 0.085074609375 0.86798984375
vt 0.080469140625 0.8756578125
vt 0.4760913460789407 0.9262140624999999
vt 0.4769444710789407 0.93735390625
vt 0.4754350960789407 0.9375
vt 0.4745499398289407 0.9261953125
vt 0.5234375 0.5858968676163951
vt 0.5234375 0.5791749673284226
vt 0.524941832075996 0.5791422644572053
vt 0.5249113875027391 0.5859375
vt 0.019115172229111126 0.8253139462528734
vt 0.029925328479111127 0.8265241025028733
vt 0.029591734729111127 0.8279623837528733
vt 0.019336265979111124 0.8268045712528733
vt 0.009037121307357742 0.8296826688245852
vt 0.019115172229111126 0.8253139462528734
vt 0.019336404395962688 0.826805504466134
vt 0.009973518713640809 0.8308606607186104
vt 0.2972921896034188 0.9507669757619159
vt 0.3070233596189246 0.9453125
vt 0.3074046982790001 0.9467720701375707
vt 0.29843886706179534 0.9517546819660623
vt 0.002547026168192812 0.8384770501969322
vt 0.009037121307357742 0.8296826688245852
vt 0.009975705868951886 0.830863412169234
vt 0.003951944184193438 0.8390270739865069
vt 0.3070233596189246 0.9453125
vt 0.3180653688575199 0.945402170306336
vt 0.3176614952253811 0.9468560635778409
vt 0.3074046422800795 0.9467718558022284
vn 0 -1 0
vn 0.5226730033748698 0.3324954879274316 0.7850220901675269
vn 0.06621451835230997 0.9932177752846534 0.09557242498741902
vn 0 -1 0
vn 0.8505392473190337 0.30864424626763237 0.425818879355832
vn 0.11453357585254494 0.991889862745762 0.05510499237476436
vn 0 -1 0
vn 0.9700343327124648 0.23636285744415375 0.05626715720487332
vn 0.03181341271431014 0.9544023814293071 0.2968231815299077
vn 0 -1 0
vn 0.9049446321468086 0.13601527607606873 -0.40320597394213836
vn 0.0689690592275218 0.9123095807131923 0.40365145584797546
vn 0 -1 0
vn 0.5644712025011125 0.05013940817370825 -0.8239285777875036
vn 0.09603930257014438 0.9014523389546103 0.4220901952842575
vn 0 -1 0
vn 4.970244626260928e-16 0.02385367536488457 -0.9997154606044597
vn -2.2437302241637244e-16 0.9138115486202577 0.40613846605344645
vn 0 -1 0
vn -0.5691751165649186 0.07596030876023933 -0.8187000172079885
vn -0.09603930257014448 0.9014523389546103 0.42209019528425745
vn 0 -1 0
vn -0.9045360852822524 0.17637351700831133 -0.38820980528623594
vn -0.06896905922752167 0.9123095807131925 0.4036514558479752
vn 0 -1 0
vn -0.9632291966616329 0.2613770299371743 0.0622218845729294
vn -0.03181341271431021 0.954402381429307 0.29682318152990805
vn 0 -1 0
vn -0.8559847935157449 0.2892042035642719 0.42854516904354817
vn -0.11453357585254499 0.991889862745762 0.05510499237476434
vn 0 -1 0
vn -0.5265171694742655 0.31212448476380705 0.79079578669827
vn -0.06621451835230997 0.9932177752846533 0.09557242498741902
vn 0 -1 0
vn 0 0.3292610692471226 0.9442389254199604
vn 0 0.993883734673619 0.11043152607484623
vn 0 -1 0
vn 0 -1 0
vn 0 -1 0
vn 0 -1 0
vn 0 -1 0
vn 0 -1 0
vn 0 -1 0
vn 0 -1 0
vn 0 -1 0
vn 0 -1 0
vn 0 -1 0
vn 0 -1 0
vn -0.5570950195783169 0.10701371904281465 -0.8235248648933803
vn 0.8602950531916729 -0.08909758482464718 -0.5019502384025248
vn 0.9847738551784997 -0.17382312814456702 0.0024442338089758634
vn 0.8210945149162359 -0.2813228018630739 0.4966500566056359
vn 0.4487816916396627 -0.36969620653555524 0.8135844812447339
vn -0.0003220167526336618 -0.40763797178707395 0.9131435704545764
vn -0.44651177034792044 -0.38248455017644617 0.8089084050849564
vn -0.8171501689858738 -0.29592840897297146 0.4946634998552893
vn -0.9842904684240152 -0.17653401416526407 0.0028311856758337487
vn -0.8606280726630028 -0.08547388571514193 -0.5020094973256184
vn 0.5576999802741284 0.09645621733196343 -0.8244191471213209
vn 0 0.07655362096845651 -0.9970654658128614
vn 0 0.07655362096845651 -0.9970654658128614
vn 0 0.07655362096845651 -0.9970654658128613
vn -0.5028952681373039 -0.1497766843455237 -0.8512715748288383
vn -0.00006569118681795917 -0.19094690995371094 -0.981600363316863
vn 0.5019979124076204 -0.16089838112207208 -0.8497704436438629
vn 0.8685742686305521 -0.06461570030266484 -0.49132835369770594
vn 0.9995124007889602 0.03122436018702651 0
vn 0.8667902729084496 0.09688954487344185 0.48916974445024014
vn 0.5048838717280997 0.12012537895287188 0.8547877920280992
vn 0 0.11715420911897452 0.9931137353222478
vn -0.5057423301438161 0.10524120534387624 0.8562411951071214
vn -0.8679498747167927 0.08206891025566591 0.4898241612543741
vn -0.9995124007889602 0.031224360187025475 0
vn -0.8693209877079744 -0.049384152343160286 -0.4917745680978017
vn 0 -1 0
vn 0 -1 0
vn 0 -1 0
vn 0 -1 0
vn 0 -1 0
vn 0 -1 0
vn 0 -1 0
vn 0 -1 0
vn 0 -1 0
vn 0 -1 0
vn 0 -1 0
vn 0 -1 0
vn 0.8428615922406205 -0.14721577723718687 -0.5176020201448767
vn 0.47174241412192713 -0.14864159051567 -0.8691172373663913
vn 0 -0.14767345201220278 -0.9890361730345355
vn -0.4720588196704082 -0.1441599356052165 -0.8697001688729749
vn -0.8434320974895126 -0.14259108087108938 -0.5179672582127713
vn -0.9890361730345356 -0.1476734520122028 0
vn -0.8909893195870382 -0.16078507493005828 0.4246012153321777
vn 0 -0.14767345201220283 0.9890361730345355
vn 0 -0.14767345201220283 0.9890361730345355
vn 0 -0.14767345201220286 0.9890361730345355
vn 0.8916942518887979 -0.15591593513635676 0.42493715102239826
vn 0.9890362553188589 -0.147672900335 -0.000013095744762346133
vn 0.962885917354835 0.26191443614250975 0.06520382120619247
vn 0.9044276984499355 0.17632008906853422 -0.38848650487168346
vn 0.5717228300133609 0.07639333350339766 -0.8168825278078559
vn 0.00045772878014482723 0.023878375050259623 -0.9997147661654914
vn -0.5654839002795092 0.05017745995894893 -0.823231547644247
vn -0.9048167123545279 0.13599006909045538 -0.4035014475224553
vn -0.9698580950146389 0.23654399629815498 0.05849968675022182
vn -0.848789947035042 0.308886389551121 0.4291209901208797
vn -0.520182294022132 0.33251526940456705 0.7866663693070148
vn 0.00012569492177460904 0.32925332539694196 0.9442416173394615
vn 0.5239952627403752 0.31248431970498053 0.7923272774328552
vn 0.853844601623356 0.28992264306455534 0.4323126846590498
vn -0.024462251931246317 -0.8647083503496997 -0.5016782505410745
vn -0.10611114036284451 0.8900218726449433 0.443397668131538
vn -0.008540124156856135 -0.9454023251062368 -0.32579366163740325
vn 0.09613874233469084 0.8932436095482046 0.43917331000824583
vn -0.1510650079373449 -0.9640994913592068 -0.21838391455830491
vn 0.22402686499378852 0.9353815219763807 0.273629991240369
vn -0.13864900411495815 -0.9870704962668408 0.08042567411879677
vn 0.18772168656355004 0.9768430080964564 -0.10265625127970952
vn -0.11772237757728388 -0.9762537097918421 0.18185196159298703
vn 0.12911988233660404 0.9727462121014182 -0.19259507477535423
vn -0.002117890816871735 -0.9729445731168825 0.2310289423013817
vn 0.0023265502190392396 0.9753344497550308 -0.22071995443350825
vn 0.11717316866883974 -0.9758107715659896 0.18456377390997292
vn -0.10596019710412036 0.9809998834090026 -0.16251666185711425
vn 0.16907716946504994 -0.9813867729605682 0.09106543045376325
vn -0.14268620289161205 0.9868828138215403 -0.07551794017353036
vn 0.21663031918392417 -0.9510141411900443 -0.22055250637168805
vn -0.17195220494553864 0.943821365116596 0.2821943832960058
vn 0.14688228490834881 -0.9119698132165984 -0.3830622066476743
vn 0.012919759260291973 0.9174533431013551 0.397633553731075
vn -0.03761582559251867 -0.9054460354285998 -0.4227913511315293
vn 0.02763768258786815 0.8514868982401705 0.5236470382103827
vn 0.0024627078567779547 -0.8560065949751428 -0.5169590355425412
vn -0.002714330115936171 0.8613028779707483 0.5080846236714195
vn 0.10287822966501331 0.9925212107853478 -0.06570932964336337
vn 0.3935437200679628 0.1699584492456423 0.9034586132884481
vn 0.08724857312967582 0.9824540643799136 -0.16483839925886318
vn -0.053330422874057176 -0.9924304878881008 0.11062365346642856
vn 0 -1 0
vn -0.5135082366379337 0.07241233868576841 -0.8550238266335375
vn 0 -1 0
vn 0 1 0
vn 0 -1 0
vn 0 1 0
vn 0 -1 0
vn 0 1 0
vn 0 -1 0
vn 0 1 0
vn 0 -1 0
vn 0 1 0
vn 0 -1 0
vn 0 1 0
vn 0 -1 0
vn 0 1 0
vn 0 -1 0
vn 0.6316169427663071 0.08415235932631883 -0.7706999533089111
vn -0.34245419643801633 0.17079179312923595 0.9238805586988467
vn -0.04775198960089704 0.9982613067759686 -0.034555909524877096
vn -0.04736513396467368 0.9939103572855373 -0.09949244074322547
vn 0.07999432327051033 -0.9840868089603135 0.15866335643367946
vn 0.0011053265765732484 0.9835165626998054 -0.18081468178308724
vn -0.0010936420145497552 -0.9820951724217981 0.18838226098266997
usemtl m_349ca9e1-c03b-a562-42cd-191c9d89e767
f 50/41/11 48/42/11 49/43/11 51/44/11
f 70/45/12 112/46/12 111/47/12 71/48/12
f 15/49/13 17/50/13 13/51/13
f 48/52/14 46/53/14 47/54/14 49/55/14
f 69/56/15 101/57/15 112/58/15 70/59/15
f 17/60/16 19/61/16 13/62/16
f 46/63/17 42/64/17 45/65/17 47/66/17
f 68/67/18 102/68/18 101/69/18 69/70/18
f 19/71/19 21/72/19 13/73/19
f 42/74/20 44/75/20 43/76/20 45/77/20
f 67/78/21 103/79/21 102/80/21 68/81/21
f 21/82/22 23/83/22 13/84/22
f 38/85/23 39/86/23 24/87/23 22/88/23
f 66/89/24 104/90/24 103/91/24 67/92/24
f 23/93/25 25/94/25 13/95/25
f 39/96/26 40/97/26 26/98/26 24/99/26
f 65/100/27 105/101/27 104/102/27 66/103/27
f 25/104/28 27/105/28 13/106/28
f 40/107/29 41/108/29 28/109/29 26/110/29
f 64/111/30 106/112/30 105/113/30 65/114/30
f 27/115/31 29/116/31 13/117/31
f 60/118/32 58/119/32 59/120/32 61/121/32
f 75/122/33 107/123/33 106/124/33 64/125/33
f 29/126/34 31/127/34 13/128/34
f 58/129/35 56/130/35 57/131/35 59/132/35
f 74/133/36 108/134/36 107/135/36 75/136/36
f 31/137/37 33/138/37 13/139/37
f 56/140/38 54/141/38 55/142/38 57/143/38
f 73/144/39 109/145/39 108/146/39 74/147/39
f 33/148/40 35/149/40 13/150/40
f 54/151/41 52/152/41 53/153/41 55/154/41
f 72/155/42 110/156/42 109/157/42 73/158/42
f 35/159/43 37/160/43 13/161/43
f 52/162/44 50/163/44 51/164/44 53/165/44
f 71/166/45 111/167/45 110/168/45 72/169/45
f 37/170/46 15/171/46 13/172/46
f 88/173/47 89/174/47 90/175/47
f 90/176/48 89/177/48 91/178/48
f 91/179/49 89/180/49 92/181/49
f 92/182/50 89/183/50 93/184/50
f 93/185/51 89/186/51 94/187/51
f 94/188/52 89/189/52 95/190/52
f 95/191/53 89/192/53 96/193/53
f 96/194/54 89/195/54 97/196/54
f 97/197/55 89/198/55 98/199/55
f 98/200/56 89/201/56 99/202/56
f 99/203/57 89/204/57 100/205/57
f 100/206/58 89/207/58 88/208/58
f 43/209/59 44/210/59 38/211/59 22/212/59
f 143/213/60 144/214/60 137/215/60 140/216/60
f 145/217/61 143/218/61 140/219/61 146/220/61
f 147/221/62 145/222/62 146/223/62 148/224/62
f 149/225/63 147/226/63 148/227/63 150/228/63
f 151/229/64 149/230/64 150/231/64 152/232/64
f 153/233/65 151/234/65 152/235/65 154/236/65
f 155/237/66 153/238/66 154/239/66 156/240/66
f 157/241/67 155/242/67 156/243/67 158/244/67
f 159/245/68 157/246/68 158/247/68 160/248/68
f 60/249/69 61/250/69 28/251/69 41/252/69
f 62/253/70 60/254/70 41/255/70 40/256/70
f 44/257/71 63/258/71 39/259/71 38/260/71
f 63/261/72 62/262/72 40/263/72 39/264/72
f 160/265/73 162/266/73 163/267/73 164/268/73
f 164/269/74 163/270/74 142/271/74 141/272/74
f 141/273/75 142/274/75 138/275/75 137/276/75
f 137/277/76 138/278/76 139/279/76 140/280/76
f 20/281/77 68/282/77 69/283/77 18/284/77
f 18/285/78 69/286/78 70/287/78 16/288/78
f 16/289/79 70/290/79 71/291/79 14/292/79
f 14/293/80 71/294/80 72/295/80 36/296/80
f 36/297/81 72/298/81 73/299/81 34/300/81
f 34/301/82 73/302/82 74/303/82 32/304/82
f 32/305/83 74/306/83 75/307/83 30/308/83
f 158/309/84 161/310/84 162/311/84 160/312/84
f 76/313/85 77/314/85 54/315/85 56/316/85
f 77/317/86 78/318/86 52/319/86 54/320/86
f 78/321/87 79/322/87 50/323/87 52/324/87
f 79/325/88 80/326/88 48/327/88 50/328/88
f 80/329/89 81/330/89 46/331/89 48/332/89
f 81/333/90 82/334/90 42/335/90 46/336/90
f 82/337/91 83/338/91 44/339/91 42/340/91
f 83/341/92 84/342/92 63/343/92 44/344/92
f 84/345/93 85/346/93 62/347/93 63/348/93
f 85/349/94 86/350/94 60/351/94 62/352/94
f 86/353/95 87/354/95 58/355/95 60/356/95
f 87/357/96 76/358/96 56/359/96 58/360/96
f 88/361/97 90/362/97 77/363/97 76/364/97
f 90/365/98 91/366/98 78/367/98 77/368/98
f 91/369/99 92/370/99 79/371/99 78/372/99
f 92/373/100 93/374/100 80/375/100 79/376/100
f 93/377/101 94/378/101 81/379/101 80/380/101
f 94/381/102 95/382/102 82/383/102 81/384/102
f 95/385/103 96/386/103 83/387/103 82/388/103
f 96/389/104 97/390/104 84/391/104 83/392/104
f 97/393/105 98/394/105 85/395/105 84/396/105
f 98/397/106 99/398/106 86/399/106 85/400/106
f 99/401/107 100/402/107 87/403/107 86/404/107
f 100/405/108 88/406/108 76/407/108 87/408/108
f 130/409/109 129/410/109 131/411/109 132/412/109
f 132/413/110 131/414/110 133/415/110 134/416/110
f 134/417/111 133/418/111 135/419/111 136/420/111
f 136/421/112 135/422/112 114/423/112 113/424/112
f 113/425/113 114/426/113 115/427/113 116/428/113
f 116/429/114 115/430/114 117/431/114 118/432/114
f 118/433/115 117/434/115 119/435/115 120/436/115
f 120/437/116 119/438/116 121/439/116 122/440/116
f 122/441/117 121/442/117 123/443/117 124/444/117
f 124/445/118 123/446/118 125/447/118 126/448/118
f 126/449/119 125/450/119 127/451/119 128/452/119
f 128/453/120 127/454/120 129/455/120 130/456/120
f 115/457/121 114/458/121 105/459/121 106/460/121
f 113/461/122 116/462/122 29/463/122 27/464/122
f 117/465/123 115/466/123 106/467/123 107/468/123
f 116/469/124 118/470/124 31/471/124 29/472/124
f 119/473/125 117/474/125 107/475/125 108/476/125
f 118/477/126 120/478/126 33/479/126 31/480/126
f 121/481/127 119/482/127 108/483/127 109/484/127
f 120/485/128 122/486/128 35/487/128 33/488/128
f 123/489/129 121/490/129 109/491/129 110/492/129
f 122/493/130 124/494/130 37/495/130 35/496/130
f 125/497/131 123/498/131 110/499/131 111/500/131
f 124/501/132 126/502/132 15/503/132 37/504/132
f 127/505/133 125/506/133 111/507/133 112/508/133
f 126/509/134 128/510/134 17/511/134 15/512/134
f 129/513/135 127/514/135 112/515/135 101/516/135
f 128/517/136 130/518/136 19/519/136 17/520/136
f 131/521/137 129/522/137 101/523/137 102/524/137
f 130/525/138 132/526/138 21/527/138 19/528/138
f 133/529/139 131/530/139 102/531/139 103/532/139
f 132/533/140 134/534/140 23/535/140 21/536/140
f 135/537/141 133/538/141 103/539/141 104/540/141
f 134/541/142 136/542/142 25/543/142 23/544/142
f 114/545/143 135/546/143 104/547/143 105/548/143
f 136/549/144 113/550/144 27/551/144 25/552/144
f 139/553/145 138/554/145 67/555/145 68/556/145
f 140/557/146 139/558/146 68/559/146 20/560/146
f 138/561/147 142/562/147 66/563/147 67/564/147
f 141/565/148 137/566/148 22/567/148 24/568/148
f 144/569/149 143/570/149 45/571/149 43/572/149
f 137/573/150 144/574/150 43/575/150 22/576/150
f 143/577/151 145/578/151 47/579/151 45/580/151
f 146/581/152 140/582/152 20/583/152 18/584/152
f 145/585/153 147/586/153 49/587/153 47/588/153
f 148/589/154 146/590/154 18/591/154 16/592/154
f 147/593/155 149/594/155 51/595/155 49/596/155
f 150/597/156 148/598/156 16/599/156 14/600/156
f 149/601/157 151/602/157 53/603/157 51/604/157
f 152/605/158 150/606/158 14/607/158 36/608/158
f 151/609/159 153/610/159 55/611/159 53/612/159
f 154/613/160 152/614/160 36/615/160 34/616/160
f 153/617/161 155/618/161 57/619/161 55/620/161
f 156/621/162 154/622/162 34/623/162 32/624/162
f 155/625/163 157/626/163 59/627/163 57/628/163
f 158/629/164 156/630/164 32/631/164 30/632/164
f 157/633/165 159/634/165 61/635/165 59/636/165
f 159/637/166 160/638/166 28/639/166 61/640/166
f 161/641/167 158/642/167 30/643/167 75/644/167
f 162/645/168 161/646/168 75/647/168 64/648/168
f 163/649/169 162/650/169 64/651/169 65/652/169
f 160/653/170 164/654/170 26/655/170 28/656/170
f 142/657/171 163/658/171 65/659/171 66/660/171
f 164/661/172 141/662/172 24/663/172 26/664/172
o cylinder
v -0.13734413780915916 0.22499999999999998 0.021695022110220976
v -0.13734413780915916 0.6874999999999999 0.021695022110220976
v -0.08269899998496671 0.22499999999999998 0.0959426851486274
v -0.08269899998496671 0.6281250000000002 0.0959426851486274
v -0.048359283681116666 0.22499999999999998 0.04964303717836653
v -0.048359283681116666 0.6031250000000002 0.04964303717836653
v -0.048008757170227415 0.22499999999999998 -0.007331802629831786
v -0.048008757170227415 0.6031250000000002 -0.007331802629831786
v -0.08178130966550086 0.22499999999999998 -0.05321938197281624
v -0.08178130966550086 0.6281250000000002 -0.05321938197281624
v -0.1367769740005825 0.22499999999999998 -0.0704922052030244
v -0.1367769740005825 0.6625 -0.0704922052030244
v -0.19198927563335166 0.22499999999999998 -0.05255264092818544
v -0.19198927563335166 0.6874999999999999 -0.05255264092818544
v -0.22632899193720174 0.22499999999999998 -0.006252992957924548
v -0.22632899193720174 0.6874999999999999 -0.006252992957924548
v -0.22667951844809092 0.22499999999999998 0.05072184685027373
v -0.22667951844809092 0.6874999999999999 0.05072184685027373
v -0.1929069659528176 0.22499999999999998 0.09660942619325824
v -0.1929069659528176 0.6874999999999999 0.09660942619325824
v -0.1379113016177359 0.22499999999999998 0.11388224942346636
v -0.1379113016177359 0.6625 0.11388224942346636
vt 0.22824921875 0.994259375
vt 0.222378125 0.9984375
vt 0.21875 0.9875
vt 0.28125 0.953125
vt 0.2890625 0.953125
vt 0.2890625 0.996875
vt 0.28125 1
vt 0.325139840567112 0.9049627300262401
vt 0.3304191680006585 0.8991472941964489
vt 0.3353910953115622 0.9140619452569497
vt 0.23049140625 0.9875
vt 0.22824921875 0.994259375
vt 0.21875 0.9875
vt 0.265625 0.953125
vt 0.2734375 0.953125
vt 0.2734375 1
vt 0.265625 1
vt 0.3304191680006585 0.8991472941964489
vt 0.33750390625 0.8984209420408502
vt 0.33539128023993303 0.9140625
vt 0.22824921875 0.980740625
vt 0.23049140625 0.9875
vt 0.21875 0.9875
vt 0.2265625 0.6796875
vt 0.234375 0.6796875
vt 0.234375 0.7265625
vt 0.2265625 0.7234375
vt 0.33750390625 0.8984209420408502
vt 0.34375 0.9030553170408503
vt 0.33539140625 0.9140615670408503
vt 0.222378125 0.9765625
vt 0.22824921875 0.980740625
vt 0.21875 0.9875
vt 0.0703125 0.6953125
vt 0.078125 0.6953125
vt 0.078125 0.75
vt 0.0703125 0.745703125
vt 0.4329340633656911 0.9396909247810804
vt 0.4389265625 0.9455617187500001
vt 0.4296878446872954 0.9531247178320897
vt 0.215121875 0.9765625
vt 0.222378125 0.9765625
vt 0.21875 0.9875
vt 0.0546875 0.7109375
vt 0.0625 0.7109375
vt 0.0625 0.765625
vt 0.0546875 0.7625
vt 0.4389265625 0.9455617187500001
vt 0.44121171875 0.953125
vt 0.4296875 0.953125
vt 0.20925078125 0.980740625
vt 0.215121875 0.9765625
vt 0.21875 0.9875
vt 0.0859375 0.6953125
vt 0.09375 0.6953125
vt 0.09375 0.75
vt 0.0859375 0.75
vt 0.385055078125 0.640625
vt 0.379183984375 0.6364468750000001
vt 0.388683203125 0.6296875
vt 0.20700859375 0.9875
vt 0.20925078125 0.980740625
vt 0.21875 0.9875
vt 0.015625 0.6953125
vt 0.0234375 0.6953125
vt 0.0234375 0.75
vt 0.015625 0.75
vt 0.379183984375 0.6364468750000001
vt 0.376941796875 0.6296875
vt 0.388683203125 0.6296875
vt 0.20925078125 0.994259375
vt 0.20700859375 0.9875
vt 0.21875 0.9875
vt 0.25 0.9453125
vt 0.2578125 0.9453125
vt 0.2578125 1
vt 0.25 1
vt 0.376941796875 0.6296875
vt 0.379183984375 0.622928125
vt 0.388683203125 0.6296875
vt 0.215121875 0.9984375
vt 0.20925078125 0.994259375
vt 0.21875 0.9875
vt 0.1015625 0.6953125
vt 0.109375 0.6953125
vt 0.109375 0.746875
vt 0.1015625 0.75
vt 0.4102161224842643 0.5781247713851043
vt 0.4125770599842643 0.5706341463851043
vt 0.4218747162342643 0.5781247713851043
vt 0.222378125 0.9984375
vt 0.215121875 0.9984375
vt 0.21875 0.9875
vt 0 0.6953125
vt 0.0078125 0.6953125
vt 0.0078125 0.745703125
vt 0 0.75
vt 0.4125770599842643 0.5706341463851043
vt 0.4186658150269203 0.5647994186704492
vt 0.421875 0.578125
vn 0 -1 0
vn 0.8031946068159858 0 0.5957167309902536
vn 0.668449994666859 0.7373180725129546 0.09765584762653956
vn 0 -1 0
vn 0.9999810751175736 0 0.006152187147804909
vn 0.6873548640007299 0.7263094437301166 0.004228815790128154
vn 0 -1 0
vn 0.8053855189486249 0 -0.592751352480831
vn 0.6683379282900952 0.7384448701956331 -0.08957447901416016
vn 0 -1 0
vn 0.29964457768448316 0 -0.9540509038118918
vn 0.5650664388817083 0.797156033661501 -0.21270208660614667
vn 0 -1 0
vn -0.30901699437494745 0 -0.9510565162951535
vn 0.3327649344623046 0.9106517735236005 -0.24490987275040438
vn 0 -1 0
vn -0.8031946068159856 0 -0.5957167309902536
vn 0 1 0
vn 0 -1 0
vn -0.9999810751175736 0 -0.006152187147804132
vn 0 1 0
vn 0 -1 0
vn -0.8053855189486259 0 0.5927513524808294
vn 0 1 0
vn 0 -1 0
vn -0.29964457768448255 0 0.9540509038118921
vn 0.33507878168174887 0.908822706704572 0.24852263044811534
vn 0 -1 0
vn 0.30901699437494745 0 0.9510565162951535
vn 0.5659934900115194 0.7947846563172197 0.21901762337149733
usemtl m_349ca9e1-c03b-a562-42cd-191c9d89e767
f 169/665/173 167/666/173 165/667/173
f 167/668/174 169/669/174 170/670/174 168/671/174
f 168/672/175 170/673/175 166/674/175
f 171/675/176 169/676/176 165/677/176
f 169/678/177 171/679/177 172/680/177 170/681/177
f 170/682/178 172/683/178 166/684/178
f 173/685/179 171/686/179 165/687/179
f 171/688/180 173/689/180 174/690/180 172/691/180
f 172/692/181 174/693/181 166/694/181
f 175/695/182 173/696/182 165/697/182
f 173/698/183 175/699/183 176/700/183 174/701/183
f 174/702/184 176/703/184 166/704/184
f 177/705/185 175/706/185 165/707/185
f 175/708/186 177/709/186 178/710/186 176/711/186
f 176/712/187 178/713/187 166/714/187
f 179/715/188 177/716/188 165/717/188
f 177/718/189 179/719/189 180/720/189 178/721/189
f 178/722/190 180/723/190 166/724/190
f 181/725/191 179/726/191 165/727/191
f 179/728/192 181/729/192 182/730/192 180/731/192
f 180/732/193 182/733/193 166/734/193
f 183/735/194 181/736/194 165/737/194
f 181/738/195 183/739/195 184/740/195 182/741/195
f 182/742/196 184/743/196 166/744/196
f 185/745/197 183/746/197 165/747/197
f 183/748/198 185/749/198 186/750/198 184/751/198
f 184/752/199 186/753/199 166/754/199
f 167/755/200 185/756/200 165/757/200
f 185/758/201 167/759/201 168/760/201 186/761/201
f 186/762/202 168/763/202 166/764/202
o Toe
v 0.20624999999999932 0.031249999999999778 -0.21250000000000072
v 0.19999999999999987 0.09374999999999967 -0.040625000000000674
v 0.20624999999999932 -2.220446049250313e-16 -0.21250000000000072
v 0.19999999999999984 -2.220446049250313e-16 -0.04062500000000066
v 0.06874999999999945 0.031249999999999778 -0.21250000000000033
v 0.07499999999999996 0.09374999999999967 -0.04062500000000031
v 0.06874999999999944 -2.220446049250313e-16 -0.21250000000000033
v 0.07499999999999994 -2.220446049250313e-16 -0.04062500000000029
v 0.2312499999999998 0.09374999999999961 -0.06875000000000066
v 0.23124999999999976 -2.7755575615628914e-16 -0.06875000000000064
v 0.04374999999999987 -2.220446049250313e-16 -0.06875000000000009
v 0.043749999999999886 0.09374999999999967 -0.0687500000000001
vt 0.015625 0.65625
vt 0.015625 0.640625
vt 0 0.640625
vt 0 0.6484375
vt 0.34375 0.984375
vt 0.34375 1
vt 0.359375 0.9921875
vt 0.359375 0.984375
vt 0.0703125 0.8125
vt 0.09375 0.8125
vt 0.090625 0.7890625
vt 0.0734375 0.7890625
vt 0.234375 0.784765625
vt 0.2109375 0.784765625
vt 0.2140625 0.802734375
vt 0.23125 0.802734375
vt 0.4453125 0.7421875
vt 0.4609375 0.7421875
vt 0.4609375 0.734375
vt 0.4453125 0.734375
vt 0.2109375 0.9296875
vt 0.2109375 0.9453125
vt 0.2265625 0.9453125
vt 0.2265625 0.9296875
vt 0.1484375 0.6015625
vt 0.1484375 0.6171875
vt 0.15625 0.6171875
vt 0.15625 0.6015625
vt 0.2109375 0.784765625
vt 0.234375 0.784765625
vt 0.23046875 0.78125
vt 0.21484375 0.78125
vt 0.1796875 0.5546875
vt 0.1796875 0.5390625
vt 0.171875 0.5390625
vt 0.171875 0.5546875
vt 0.421875 0.6328125
vt 0.3984375 0.6328125
vt 0.40234375 0.640625
vt 0.41796875 0.640625
vn 0.9852117548196742 -1.4163688432435278e-16 -0.17134117475125046
vn -0.985211754819675 9.967040008010024e-17 -0.1713411747512446
vn -1.0690799735937048e-15 0.9170700562532353 -0.39872611141444914
vn -1.224646799147353e-16 -1 1.224646799147357e-16
vn -2.9629076969683865e-15 -1.224646799147353e-16 -1
vn 2.9629076969683865e-15 1.224646799147353e-16 1
vn 0.6689647316224505 9.10272797026564e-18 0.7432941462471657
vn -1.224646799147353e-16 -1 1.224646799147357e-16
vn -0.6689647316224461 1.7295183143504603e-16 0.7432941462471697
vn 1.224646799147353e-16 1 -1.224646799147357e-16
usemtl m_349ca9e1-c03b-a562-42cd-191c9d89e767
f 195/765/203 196/766/203 189/767/203 187/768/203
f 197/769/204 198/770/204 191/771/204 193/772/204
f 198/773/205 195/774/205 187/775/205 191/776/205
f 196/777/206 197/778/206 193/779/206 189/780/206
f 191/781/207 187/782/207 189/783/207 193/784/207
f 190/785/208 188/786/208 192/787/208 194/788/208
f 196/789/209 195/790/209 188/791/209 190/792/209
f 197/793/210 196/794/210 190/795/210 194/796/210
f 198/797/211 197/798/211 194/799/211 192/800/211
f 195/801/212 198/802/212 192/803/212 188/804/212
o cylinder
v 0.1390625 0.38124999999999987 0.009374999999999998
v 0.09803277990898432 0.09128182320875006 0.20625000000000004
v 0.11394226320958224 0.3687499999999999 0.12187499999999996
v 0.02696722009101564 0.09128182320875006 0.16522027990898436
v 0.07043273679041775 0.3687499999999999 0.09173071585149868
v -0.014062500000000006 0.09128182320875006 0.09415472009101569
v 0.045312500000000006 0.3687499999999999 0.039519284148501296
v -0.014062500000000006 0.09128182320875006 0.012095279908984333
v 0.045312500000000006 0.38749999999999984 -0.020769284148501307
v 0.02696722009101564 0.09374999999999956 -0.05897027990898433
v 0.07043273679041775 0.41249999999999976 -0.07298071585149869
v 0.09803277990898429 0.09374999999999956 -0.09999999999999992
v 0.11394226320958223 0.4312499999999997 -0.10312499999999998
v 0.18009222009101564 0.09374999999999956 -0.09999999999999998
v 0.16418273679041773 0.4312499999999997 -0.10312500000000001
v 0.2511577799089843 0.09374999999999956 -0.05897027990898435
v 0.2076922632095822 0.41249999999999976 -0.07298071585149872
v 0.2921875 0.09128182320875006 0.012095279908984354
v 0.23281249999999998 0.38749999999999984 -0.020769284148501294
v 0.2921875 0.09128182320875006 0.09415472009101561
v 0.23281249999999998 0.3687499999999999 0.03951928414850124
v 0.25115777990898436 0.09128182320875006 0.16522027990898436
v 0.20769226320958223 0.3687499999999999 0.09173071585149867
v 0.18009222009101566 0.09128182320875006 0.20625000000000004
v 0.16418273679041773 0.3687499999999999 0.12187499999999996
v 0.0697670491107874 0.09374999999999956 -0.028852398585286987
v 0.11369860460785122 0.09374999999999956 -0.028852398585286987
v 0.1644263953921488 0.09374999999999956 -0.028852398585286987
v 0.2083579508892126 0.09374999999999956 -0.028852398585286987
v 0.054062270686124514 0.0037818232087498127 0.01311044312400346
v 0.03840551395927938 0.0037818232087498127 -0.06175873255090074
v 0.07683801348723768 0.0037818232087498127 -0.03576005905639301
v 0.0015625000000000222 0.0037818232087498127 -0.0004127744287389032
v 0.054062270686124514 0.0037818232087498127 0.05690021888957011
v 0.0015625000000000222 0.0037818232087498127 0.07042343644231254
v 0.07683801348723768 0.0037818232087498127 0.094823277128575
v 0.03840551395927938 0.0037818232087498127 0.13176939456447442
v 0.11628675719888681 0.0037818232087498127 0.11671816501135832
v 0.10221948604072062 0.0037818232087498127 0.1671875000000001
v 0.16183824280111322 0.0037818232087498127 0.11671816501135832
v 0.17590551395927936 0.0037818232087498127 0.1671875000000001
v 0.20128698651276236 0.0037818232087498127 0.094823277128575
v 0.23971948604072063 0.0037818232087498127 0.13176939456447442
v 0.22406216228356307 0.0037818232087498127 0.0569000728303745
v 0.27656249999999993 0.0037818232087498127 0.07042343644231247
v 0.2240627293138755 0.0037818232087498127 0.013110443124003474
v 0.27656249999999993 0.0037818232087498127 -0.00041277442873888237
v 0.2012869865127623 0.0037818232087498127 -0.03576005905639301
v 0.23971948604072058 0.0037818232087498127 -0.061758732550900766
v 0.16183824280111317 0.0037818232087498127 -0.03576005905639301
v 0.11628675719888681 0.0037818232087498127 -0.03576005905639301
v 0.24993081226589814 0.14493389838772563 -0.06844092433775857
v 0.17964311876402458 0.14493389838772563 -0.10995663520895141
v 0.09848188123597534 0.14493389838772563 -0.10995663520895135
v 0.028194187734101803 0.14493389838772563 -0.06844092433775856
v -0.01238643102992279 0.14493389838772563 0.003466396203487078
v -0.01238643102992279 0.14493389838772563 0.08649781794587286
v 0.028194187734101803 0.14493389838772563 0.15840513848711849
v 0.09848188123597537 0.14493389838772563 0.19992084935831136
v 0.1796431187640246 0.14493389838772563 0.19992084935831136
v 0.2499308122658982 0.14493389838772563 0.15840513848711849
v 0.29051143102992283 0.14493389838772563 0.08649781794587277
v 0.29051143102992283 0.14493389838772563 0.003466396203487092
v 0.21670969149603486 0.0037818232087498127 0.05500617766263416
v 0.19590456842940843 0.0037818232087498127 0.08964902478904031
v 0.15986814104881694 0.0037818232087498127 0.10965000486996287
v 0.11825685895118311 0.0037818232087498127 0.10965000486996287
v 0.08222043157059163 0.0037818232087498127 0.08964902478904031
v 0.061414790521774745 0.0037818232087498127 0.05500631108770935
v 0.061414790521774745 0.0037818232087498127 0.015004350925864217
v 0.08222043157059163 0.0037818232087498127 -0.02963885281592796
v 0.11825685895118311 0.0037818232087498127 -0.02963885281592796
v 0.1598681410488169 0.0037818232087498127 -0.02963885281592796
v 0.19590456842940837 0.0037818232087498127 -0.02963885281592796
v 0.21671020947822528 0.0037818232087498127 0.015004350925864229
v 0.20420977488262054 0.0874999999999993 0.05231382274551573
v 0.13906250000000003 0.0874999999999993 0.03590279062834291
v 0.18675393333479745 0.0874999999999993 0.08073886327526486
v 0.1565187761434279 0.0874999999999993 0.09715000486996288
v 0.12160622385657215 0.0874999999999993 0.09715000486996288
v 0.09137106666520259 0.0874999999999993 0.08073886327526486
v 0.07391479052177474 0.0874999999999993 0.05231393222304095
v 0.07391479052177474 0.0874999999999993 0.019491649033644903
v 0.09137106666520259 0.0874999999999993 -0.01713885281592796
v 0.12160622385657215 0.0874999999999993 -0.01713885281592796
v 0.15651877614342785 0.0874999999999993 -0.01713885281592796
v 0.1867539333347974 0.0874999999999993 -0.01713885281592796
v 0.20421020947822527 0.0874999999999993 0.019491649033644913
v 0.03481080967583593 0.328013588653405 0.048069772086785936
v 0.03481080967583593 0.3433509310865609 -0.016358186658323934
v 0.06274496590777517 0.36380072099743554 -0.07215443564556485
v 0.11112834376806072 0.3791380634305914 -0.10436841501811976
v 0.16699665623193924 0.3791380634305914 -0.10436841501811979
v 0.21538003409222478 0.36380072099743554 -0.07215443564556488
v 0.24331419032416407 0.3433509310865609 -0.01635818665832392
v 0.24331419032416407 0.328013588653405 0.048069772086785874
v 0.2153800340922248 0.328013588653405 0.10386602107402684
v 0.16699665623193924 0.328013588653405 0.13608000044658175
v 0.11112834376806074 0.328013588653405 0.13608000044658175
v 0.06274496590777517 0.328013588653405 0.10386602107402686
v 0.16771068180604967 0.437962456772116 -0.11452277523994978
v 0.17052460124757118 0.3858505202027077 -0.11576619025806956
v 0.22456388305877428 0.36652668777399666 -0.07982402659387515
v 0.2168761121761317 0.4152259667765609 -0.08065030679980899
v 0.2550328088545345 0.34567829442106224 -0.018526554262931826
v 0.24453111853037043 0.3898273633345012 -0.0229376517531092
v 0.25469277519936095 0.3298573830516036 0.05108280981529028
v 0.24419108487519683 0.3705937943981985 0.04253232187700565
v 0.2239626106590617 0.3304582119921241 0.11143377713354784
v 0.21627483977641912 0.371194623338719 0.09929847191101966
v 0.17026336250303217 0.3305870671357459 0.14688788179400356
v 0.16744944306151066 0.3713234784823408 0.13268288134742176
v 0.10783761145884659 0.33045974836597336 0.1469239673973207
v 0.11065153090036808 0.37119615971256825 0.1327189669507389
v 0.05410432863908761 0.3302093929554555 0.11148690204741322
v 0.06179209952173019 0.3709458043020504 0.09935159682488505
v 0.02344072223722732 0.32989222136278906 0.05113706617188892
v 0.0339424125613914 0.37062863270938395 0.04258657823360428
v 0.023137276663686646 0.3460868720049701 -0.0183956111627821
v 0.033638966987850724 0.3902359409184091 -0.022806708652959473
v 0.053534270896230356 0.36694030740848904 -0.07969762203615376
v 0.061222041778872936 0.41563958641105325 -0.0805239022420876
v 0.10757099928952997 0.3860119008313735 -0.11573351175444756
v 0.11038491873105148 0.43812383740078176 -0.11449009673632778
v 0.017700233981383248 0.09239158090579669 -0.0666894630100984
v 0.01962732627040798 0.1434914168397856 -0.07681644717924434
v -0.023245905945434686 0.14406025164585 -0.0010996065443117692
v -0.02533985167029249 0.09128182320875006 0.00791694445292784
v 0.09489565590304641 0.09155092016210903 -0.11144627307633281
v 0.09534475723003746 0.1427348185498351 -0.12140290828528424
v -0.009923790047682759 0.0037818232087498127 -0.003616026238924218
v 0.027738278557769842 0.0037818232087498127 -0.06816523617127136
v -0.009732357020989608 0.0037818232087498127 0.07351171784710166
v -0.025357357020989638 0.09128182320875006 0.09724300149580481
v 0.030444996530486858 0.0037818232087498127 0.13993555931494397
v 0.019006702662223117 0.09128182320875006 0.1733864446594539
v 0.09940115328598971 0.0037818232087498127 0.17797249511091498
v 0.09521444715425341 0.09128182320875006 0.21703499511091492
v 0.17870832422336153 0.0037818232087498127 0.17794452772607855
v 0.18289503035509783 0.09128182320875006 0.2170070277260785
v 0.24764159348733572 0.0037818232087498127 0.1398938462132633
v 0.25907988735559945 0.09128182320875006 0.17334473155777325
v 0.28783446952946085 0.0037818232087498127 0.07349797213025736
v 0.3034594695294609 0.09128182320875006 0.0972292557789605
v 0.28805629104342306 0.0037818232087498127 -0.0036205311696356863
v 0.3034733806044539 0.09128182320875006 0.007911950000043733
v 0.2504017234337108 0.0037818232087498127 -0.06817424603269437
v 0.260438337859304 0.09258727859922683 -0.0667029952974748
v 0.30138149075643833 0.1442556633685988 -0.0011055800415411608
v 0.2585105304948825 0.14368504124674258 -0.07683224067959743
v 0.1827878071297512 0.14283073709541766 -0.12141571503702267
v 0.18323690845674226 0.09164683870769158 -0.11145907982807124
vt 0.110238671875 0.89218046875
vt 0.10543476562500001 0.8875625
vt 0.10050351562500001 0.89029921875
vt 0.10226210937500001 0.8966078125
vt 0.12529552266743732 0.7108071608908277
vt 0.13255997848719736 0.7109375
vt 0.1328125 0.6866725003103986
vt 0.12262179761797243 0.6866725003103986
vt 0.21098611640388143 0.7586772263569446
vt 0.20553360033380477 0.7549293069113594
vt 0.2023935506037147 0.7690786725774285
vt 0.11484414062500001 0.8845125
vt 0.10828164062500001 0.882821875
vt 0.10543476562500001 0.8875625
vt 0.110238671875 0.89218046875
vt 0.17970091384434558 0.7420681051228919
vt 0.1875 0.7421875
vt 0.18621456522875626 0.7181056273833764
vt 0.17590476358722623 0.7181056273833764
vt 0.21417407255561696 0.7651808816282584
vt 0.21098611640388143 0.7586772263569446
vt 0.2023934727531482 0.7690787668168558
vt 0.11484414062500001 0.8756578125
vt 0.10828164062500001 0.8773484375
vt 0.10828164062500001 0.882821875
vt 0.11484414062500001 0.8845125
vt 0.03790451976454819 0.7637614556754876
vt 0.04597054391783449 0.765625
vt 0.04349039358216551 0.7401306884778915
vt 0.03312770999239782 0.7401306884778915
vt 0.21406353559532407 0.7730718611353529
vt 0.21417407255561696 0.7651808816282584
vt 0.20239404119307755 0.7690785787352965
vt 0.110238671875 0.86798984375
vt 0.10543476562500001 0.8712390624999999
vt 0.10828164062500001 0.8773484375
vt 0.11484414062500001 0.8756578125
vt 0.39264464486386297 0.9270189435375681
vt 0.39582984140626326 0.921875
vt 0.3681289849772751 0.921875
vt 0.3671875 0.9296875
vt 0.2578162830585869 0.9314361282459055
vt 0.26095783737541695 0.9242007289275751
vt 0.24920798598753457 0.9204486876629111
vt 0.3176622671707143 0.9468532846736578
vt 0.31570367342071426 0.9557470346736577
vt 0.32119507967071426 0.9557470346736577
vt 0.3265450796707143 0.9519821909236578
vt 0.3712827621303689 0.7548398211318431
vt 0.37342664248166213 0.75
vt 0.34410003989730836 0.75
vt 0.34375 0.7578125
vt 0.2523480968253827 0.9358378593049397
vt 0.2578162830585869 0.9314361282459055
vt 0.24920831701280652 0.9204491101762697
vt 0.30740445467071426 0.9468532846736578
vt 0.30936304842071427 0.9557470346736577
vt 0.31570367342071426 0.9557470346736577
vt 0.3176622671707143 0.9468532846736578
vt 0.3625328995066127 0.8203125
vt 0.3671875 0.8199359919057959
vt 0.3671875 0.7906097372100879
vt 0.359375 0.7911567649692437
vt 0.24606840932538265 0.9358378593049397
vt 0.2523480968253827 0.9358378593049397
vt 0.24920825307538266 0.9204487968049396
vt 0.29852164217071425 0.9519821909236578
vt 0.3038716421707143 0.9557470346736577
vt 0.30936304842071427 0.9557470346736577
vt 0.30740445467071426 0.9468532846736578
vt 0.0992049988907546 0.6875
vt 0.10640745209721116 0.6853554185545002
vt 0.109375 0.6578131568095443
vt 0.0992049988907546 0.6581830811795308
vt 0.24064837123034502 0.9313861664864137
vt 0.24606820646040292 0.9358472967328976
vt 0.24937569986129549 0.9204937204583076
vt 0.080469140625 0.8756578125
vt 0.087031640625 0.8773484375
vt 0.089878515625 0.8712390624999999
vt 0.085074609375 0.86798984375
vt 0.02884712883285783 0.6796875
vt 0.03641095386908236 0.6764991933211171
vt 0.0390625 0.6510227774499622
vt 0.02884712883285783 0.6520085715775831
vt 0.23758594644895595 0.9241169215958063
vt 0.24064837123034502 0.9313861664864137
vt 0.24937603547673798 0.9204933015817821
vt 0.080469140625 0.8845125
vt 0.087031640625 0.882821875
vt 0.087031640625 0.8773484375
vt 0.080469140625 0.8756578125
vt 0.2274562973140522 0.7734375
vt 0.23552529140633405 0.7715862209835025
vt 0.24033667143594778 0.7479552013016357
vt 0.22997739385698468 0.7479552013016357
vt 0.1906136814563381 0.7651802026000334
vt 0.1907233415643088 0.7730711943413607
vt 0.20239396534737505 0.7690783423771534
vt 0.085074609375 0.89218046875
vt 0.089878515625 0.8875625
vt 0.087031640625 0.882821875
vt 0.080469140625 0.8845125
vt 0.2578125 0.84375
vt 0.265611691367281 0.8436376878611654
vt 0.2694295339310365 0.8196739804378372
vt 0.25912065270043916 0.8196739804378372
vt 0.19380147241968132 0.7586773364197108
vt 0.1906136814563381 0.7651802026000334
vt 0.20239417415552777 0.7690784114725482
vt 0.093051171875 0.8966078125
vt 0.094809765625 0.89029921875
vt 0.089878515625 0.8875625
vt 0.085074609375 0.89218046875
vt 0.14086292427918762 0.7109375
vt 0.14812752515885125 0.7108155135260967
vt 0.15082890625 0.6866784751236334
vt 0.14063840735641311 0.6866784751236334
vt 0.19925391283380478 0.7549293069113594
vt 0.19380147241968132 0.7586773364197108
vt 0.2023938056211746 0.7690779653784576
vt 0.10226210937500001 0.8966078125
vt 0.10050351562500001 0.89029921875
vt 0.094809765625 0.89029921875
vt 0.093051171875 0.8966078125
vt 0.19963359375 0.7109375
vt 0.20661640625 0.7109375
vt 0.20819765625 0.6867015625
vt 0.19805234375 0.6867015625
vt 0.20553360033380477 0.7549293069113594
vt 0.19925391283380478 0.7549293069113594
vt 0.20239375658380476 0.7690777444113595
vt 0.14453125 0.6316296875
vt 0.1363875 0.63368125
vt 0.13856953125 0.637234375
vt 0.14453125 0.6316296875
vt 0.13856953125 0.637234375
vt 0.14234921875 0.6392859375
vt 0.14453125 0.6316296875
vt 0.14234921875 0.6392859375
vt 0.14671328125 0.6392859375
vt 0.14453125 0.6316296875
vt 0.14671328125 0.6392859375
vt 0.15049296875 0.637234375
vt 0.14453125 0.6316296875
vt 0.15049296875 0.637234375
vt 0.152675 0.63368125
vt 0.14453125 0.6316296875
vt 0.152675 0.63368125
vt 0.152675 0.62957890625
vt 0.14453125 0.6316296875
vt 0.152675 0.62957890625
vt 0.15049296875 0.625
vt 0.14453125 0.6316296875
vt 0.15049296875 0.625
vt 0.14671328125 0.625
vt 0.14453125 0.6316296875
vt 0.14671328125 0.625
vt 0.14234921875 0.625
vt 0.14453125 0.6316296875
vt 0.14234921875 0.625
vt 0.13856953125 0.625
vt 0.14453125 0.6316296875
vt 0.13856953125 0.625
vt 0.1363875 0.62957890625
vt 0.14453125 0.6316296875
vt 0.1363875 0.62957890625
vt 0.1363875 0.63368125
vt 0.4841265625 0.9609375
vt 0.484375 0.9496265625
vt 0.478575 0.9496265625
vt 0.4775859375 0.96092421875
vt 0.30764140625 0.612683555476714
vt 0.30842309430585074 0.6015625
vt 0.29908169221928566 0.6015713195610488
vt 0.2968756510662132 0.6125507510081527
vt 0.4428937741940981 0.8157893107912086
vt 0.44142238285638297 0.8046875
vt 0.4321062258059019 0.8071706295351455
vt 0.4321062258059019 0.8186702848140311
vt 0.4453125 0.8395553587673966
vt 0.4440530376653402 0.828125
vt 0.43463412113962796 0.8304594823816969
vt 0.43463412113962796 0.8422543171597431
vt 0.4453125 0.6836189070490079
vt 0.4442044061611447 0.671875
vt 0.4344850732865309 0.6734351226025386
vt 0.4344850732865309 0.6854233631225899
vt 0.013292578125 0.5859375
vt 0.012767578125000002 0.5703125
vt 0.0028542968750000014 0.5703125
vt 0.002332421875 0.5859375
vt 0.01174375 0.609375
vt 0.0098421875 0.59375
vt 0 0.59375
vt 0.0007687499999999986 0.6093078125
vt 0.47347578125 0.5703125
vt 0.4706390625 0.5625
vt 0.4609375 0.5625
vt 0.46246328125 0.57025859375
vt 0.475050390625 0.5859375
vt 0.472089453125 0.578125
vt 0.462449609375 0.578125
vt 0.463885546875 0.5859375
vt 0.25 0.6125490635927245
vt 0.2477931358192848 0.6015699552302861
vt 0.23845095129398788 0.6015625
vt 0.23923346375962548 0.6127076592575381
vt 0.4754350960789407 0.9375
vt 0.4745497557890803 0.9261929620527097
vt 0.46875 0.9261397381198476
vt 0.46889463893654126 0.9374516979486684
vt 0.34069296875 0.6171875
vt 0.339809375 0.60590859375
vt 0.334878125 0.60590859375
vt 0.3352015625 0.6171875
vt 0.3288609375 0.6171875
vt 0.329184375 0.60590859375
vt 0.324253125 0.60590859375
vt 0.32336953125 0.6171875
vt 0.3352015625 0.6171875
vt 0.334878125 0.60590859375
vt 0.329184375 0.60590859375
vt 0.3288609375 0.6171875
vt 0.48041447831873235 0.7877384129145077
vt 0.49139938240005143 0.7877384129145077
vt 0.4921875 0.7812702100640653
vt 0.4810328581395566 0.78125
vt 0.4219874958109188 0.4909750382442897
vt 0.4296875 0.4908932114639275
vt 0.4296875 0.484375
vt 0.421875 0.4844577976179968
vt 0.109375 0.5266090140965782
vt 0.109375 0.515625
vt 0.1015625 0.5162495158183014
vt 0.10158289101714156 0.5274032460507403
vt 0.29798515625 0.6191554304767142
vt 0.30886171875 0.619084336726714
vt 0.30764140625 0.612683555476714
vt 0.296875 0.6125507429767141
vt 0.03311148733216551 0.7401306884778915
vt 0.04349039358216551 0.7401306884778915
vt 0.04241226858216551 0.7334205322278916
vt 0.032154456082165515 0.7334205322278916
vt 0.17589347147875625 0.7181056273833764
vt 0.18621456522875626 0.7181056273833764
vt 0.18548409647875627 0.7113673461333763
vt 0.17522706522875625 0.7113775023833763
vt 0.12260859375 0.6866725003103986
vt 0.1328125 0.6866725003103986
vt 0.13251171875 0.6799170315603986
vt 0.1222546875 0.6799295315603986
vt 0.19805234375 0.6867015625
vt 0.20819765625 0.6867015625
vt 0.20825390625 0.6799484375
vt 0.19799609375 0.6799484375
vt 0.140625 0.6866784751236334
vt 0.15082890625 0.6866784751236334
vt 0.15118359375 0.6799347251236335
vt 0.1409265625 0.6799237876236335
vt 0.2591084401810365 0.8196739804378372
vt 0.2694295339310365 0.8196739804378372
vt 0.2700959401810365 0.8129450741878372
vt 0.2598389089310365 0.8129364804378372
vt 0.2299577651859478 0.7479552013016357
vt 0.24033667143594778 0.7479552013016357
vt 0.2412937026859478 0.7412458263016357
vt 0.23103589018594778 0.7412458263016357
vt 0.23801328125 0.6191076573427245
vt 0.248890625 0.6191787510927245
vt 0.25 0.6125490635927245
vt 0.23923359375 0.6127076573427246
vt 0.089878515625 0.8875625
vt 0.090551171875 0.886915625
vt 0.087950390625 0.88258515625
vt 0.087031640625 0.882821875
vt 0.094809765625 0.89029921875
vt 0.095055859375 0.889415625
vt 0.090551171875 0.886915625
vt 0.089878515625 0.8875625
vt 0.10050351562500001 0.89029921875
vt 0.100257421875 0.889415625
vt 0.095055859375 0.889415625
vt 0.094809765625 0.89029921875
vt 0.10543476562500001 0.8875625
vt 0.104762109375 0.886915625
vt 0.100257421875 0.889415625
vt 0.10050351562500001 0.89029921875
vt 0.10828164062500001 0.882821875
vt 0.107362890625 0.88258515625
vt 0.104762109375 0.886915625
vt 0.10543476562500001 0.8875625
vt 0.10828164062500001 0.8773484375
vt 0.107362890625 0.87758515625
vt 0.107362890625 0.88258515625
vt 0.10828164062500001 0.882821875
vt 0.10543476562500001 0.8712390624999999
vt 0.10476210937500001 0.8720046875
vt 0.107362890625 0.87758515625
vt 0.10828164062500001 0.8773484375
vt 0.10050351562500001 0.8712390624999999
vt 0.100257421875 0.8720046875
vt 0.10476210937500001 0.8720046875
vt 0.10543476562500001 0.8712390624999999
vt 0.09480976562500001 0.8712390624999999
vt 0.095055859375 0.8720046875
vt 0.100257421875 0.8720046875
vt 0.10050351562500001 0.8712390624999999
vt 0.089878515625 0.8712390624999999
vt 0.090551171875 0.8720046875
vt 0.095055859375 0.8720046875
vt 0.094809765625 0.8712390624999999
vt 0.087031640625 0.8773484375
vt 0.087950390625 0.87758515625
vt 0.090551171875 0.8720046875
vt 0.089878515625 0.8712390624999999
vt 0.087031640625 0.882821875
vt 0.087950390625 0.88258515625
vt 0.087950390625 0.87758515625
vt 0.087031640625 0.8773484375
vt 0.4140625 0.5158710753388882
vt 0.41494221493443395 0.5264199325865615
vt 0.421875 0.5262109556618848
vt 0.421875 0.515625
vt 0.5078125 0.7551480397969446
vt 0.5184012569469527 0.7551480397969446
vt 0.5185544928870285 0.7508507710426462
vt 0.5080031092310408 0.75
vt 0.4296875 0.5158306893684989
vt 0.43052434494050723 0.5263871041799084
vt 0.4375 0.5262145327151391
vt 0.4375 0.515625
vt 0.4453125 0.5158156092310408
vt 0.4461624902888754 0.5263670207278607
vt 0.453125 0.5262137569469527
vt 0.453125 0.515625
vt 0.51057421875 0.5937578125
vt 0.51110546875 0.60433046875
vt 0.515275 0.60433046875
vt 0.515625 0.59375
vt 0.04828125 0.46875
vt 0.0488421875 0.4765625
vt 0.052944531249999996 0.4765625
vt 0.05328125 0.46875
vt 0 0.5
vt 0.0009179687500000004 0.510603125
vt 0.005990624999999999 0.510603125
vt 0.00615625 0.5000085937500001
vt 0.19791328125 0.5546875
vt 0.19749453125 0.56526796875
vt 0.20127421875 0.56526796875
vt 0.20241796875 0.5546875
vt 0.19271171875 0.5546875
vt 0.19313046875 0.56526796875
vt 0.19749453125 0.56526796875
vt 0.19791328125 0.5546875
vt 0.18820703125 0.5546875
vt 0.18935078125 0.56526796875
vt 0.19313046875 0.56526796875
vt 0.19271171875 0.5546875
vt 0.4893245088418679 0.6311563946033958
vt 0.4999203468666428 0.6311563946033958
vt 0.5 0.626085145112987
vt 0.4894133926756763 0.625
vt 0.3984375 0.5158897511999745
vt 0.3993338973684784 0.5264375552484063
vt 0.40625 0.5262203277367259
vt 0.40625 0.515625
vt 0.48259138309480026 0.59375
vt 0.4736671333971497 0.59375
vt 0.47585811697380065 0.6010500467795068
vt 0.484375 0.6015625
vt 0.383941839664299 0.5234375
vt 0.375 0.5234375
vt 0.37763949525438345 0.5305772151969008
vt 0.3862133092618197 0.53125
vt 0.48502462483733816 0.9765625
vt 0.4765625 0.9765625
vt 0.47910026677900525 0.983793817130836
vt 0.48705762137067643 0.984375
vt 0.2265625 0.4999437237825596
vt 0.2265625 0.5078125
vt 0.234375 0.5074777581397315
vt 0.234375 0.5003121045795966
vt 0.08755787336745759 0.5051028339487019
vt 0.08755787336745759 0.5135674858991132
vt 0.09375 0.515625
vt 0.0931626719280266 0.5076618691328991
vt 0.3848948490191054 0.5044095674904274
vt 0.3848948490191054 0.5133543149480182
vt 0.390625 0.515625
vt 0.3899418845930223 0.5070487832583628
vt 0.09375 0.48150936829869584
vt 0.09375 0.49043300391334343
vt 0.09917240932619921 0.4921875
vt 0.09865887696321571 0.48367472504886844
vt 0.28221529533598017 0.515625
vt 0.27374930260996666 0.515625
vt 0.2734375 0.5234375
vt 0.28134460285091967 0.5234083327978443
vt 0.523667910164968 0.9633154843849838
vt 0.515625 0.9633506667937359
vt 0.515625 0.96875
vt 0.5230168781920337 0.9686784308327551
vt 0.5 0.6484468577527598
vt 0.5 0.65625
vt 0.5078125 0.6559097770929786
vt 0.5078125 0.6488097582916252
vt 0.5180389640208142 0.9450788393445106
vt 0.5180389640208142 0.953125
vt 0.5234026542185317 0.9524609302779672
vt 0.5234375 0.9450656983872943
vt 0.5102709541531791 0.5618506799427285
vt 0.5102709541531791 0.5703125
vt 0.5155957025019946 0.5694190136603341
vt 0.515625 0.5615159374040362
vt 0.01859483096979702 0.8100887618044473
vt 0.018984763289904543 0.8117547771719278
vt 0.025896423632035034 0.8068678209405299
vt 0.024784662970709925 0.8058326533936593
vt 0.24064837123034502 0.9313861664864137
vt 0.2394857091320263 0.9323867764929458
vt 0.24562751233169633 0.9374914685043916
vt 0.24606625509212984 0.9358456905386766
vt 0.024773767382035034 0.8058225084405299
vt 0.025896423632035034 0.8068678209405299
vt 0.02990501738203503 0.7988717271905299
vt 0.028447204882035032 0.7984842271905299
vt 0.43850217451028517 0.8851672017167126
vt 0.4375368381497397 0.8863379955317363
vt 0.4449994953248293 0.890625
vt 0.4453125 0.88914090858068
vt 0.028438633302800848 0.7984819487857602
vt 0.02990501738203503 0.7988717271905299
vt 0.0302326160587193 0.7899547772908565
vt 0.028767751079247096 0.7902106674939074
vt 0.4337243381497397 0.8788879955317364
vt 0.4323852756497397 0.8795395580317363
vt 0.4375368381497397 0.8863379955317363
vt 0.4384985568997397 0.8851715892817363
vt 0.26798949156840357 0.8596301056046411
vt 0.2665655072764683 0.8600646527670086
vt 0.270654368609713 0.8674770109901493
vt 0.2717209280059831 0.8664790795336237
vt 0.32106093863589336 0.9324789685640968
vt 0.3221273857246084 0.9334798935179376
vt 0.32586176685861146 0.926509424019306
vt 0.32444036506037516 0.9260736676061537
vt 0.2717226463527404 0.866477471754171
vt 0.270654368609713 0.8674770109901493
vt 0.2774676568420604 0.871751816038252
vt 0.2778636073061488 0.8703601321585567
vt 0.31552805824429275 0.9361070509230398
vt 0.31592258392228767 0.9375
vt 0.3221273857246084 0.9334798935179376
vt 0.32106104133596863 0.9324790649543155
vt 0.27786375059206037 0.870359628538252
vt 0.2774676568420604 0.871751816038252
vt 0.28527078184206034 0.871683066038252
vt 0.2848473443420604 0.8702979097882519
vt 0.30924836517228765 0.93604296875
vt 0.3088225839222877 0.9374281250000001
vt 0.31592258392228767 0.9375
vt 0.3155280526722877 0.9361070312499999
vt 0.2848472192002882 0.8702975004222704
vt 0.28527078184206034 0.871683066038252
vt 0.2920050159113482 0.8672802243881643
vt 0.29091490320317887 0.8663008140474393
vt 0.3037952571245941 0.9322958341170055
vt 0.3027036474213718 0.933274565557887
vt 0.3088225839222877 0.9374281250000001
vt 0.3092482499420106 0.9360433436184059
vt 0.2909141270873924 0.8663001167472234
vt 0.2920050159113482 0.8672802243881643
vt 0.2959344927235317 0.8597860200066697
vt 0.2945021953514315 0.859375
vt 0.3005713836094952 0.9258103242990742
vt 0.29913823314138854 0.9262206033276309
vt 0.3027036474213718 0.933274565557887
vt 0.3037949861866194 0.9322960770385493
vt 0.0026149553964703296 0.7894001213279747
vt 0.0011625583180282862 0.7890625
vt 0.0010173839412806994 0.7979857046245957
vt 0.0025052802090834657 0.7976782559595958
vt 0.21406353888204302 0.7730716265040418
vt 0.21553903208381353 0.7734375
vt 0.2156363185436619 0.7649038701626345
vt 0.21417407255561696 0.7651808816282584
vt 0.002506628219672007 0.7976779774159468
vt 0.0010173839412806994 0.7979857046245957
vt 0.004532813821331376 0.8062073632160707
vt 0.00571117765365399 0.8052324036255809
vt 0.2578177270493065 0.931432802551547
vt 0.2589695172134935 0.9324537554749396
vt 0.2624140535510441 0.9245693956642528
vt 0.26095783737541695 0.9242007289275751
vt 0.005718496406099489 0.8052263482056067
vt 0.004532813821331376 0.8062073632160707
vt 0.011118632469401372 0.8115201841448298
vt 0.011611096461670918 0.8098850820292933
vt 0.25234900828507745 0.9358371256063646
vt 0.2527825008081885 0.9375
vt 0.2589645427289117 0.9324530055257958
vt 0.2578162830585869 0.9314361282459055
vt 0.011614455571906601 0.8098739289534566
vt 0.011118632469401372 0.8115201841448298
vt 0.018984763289904543 0.8117547771719278
vt 0.018594804306829776 0.8100886478849006
vt 0.24606834279604795 0.9358378593049397
vt 0.24562751233169633 0.9374914685043916
vt 0.2527932412252762 0.9374975465999881
vt 0.2523480968253827 0.9358378593049397
vt 0.0028163439636487726 0.8491668124371468
vt 0.0013246715208888723 0.8493931903107891
vt 0.005646717326133435 0.859375
vt 0.006923059084480973 0.8586352060424095
vt 0.515625 0.5859124284726696
vt 0.515560324320655 0.578125
vt 0.5088624952464966 0.578125
vt 0.5088294611527004 0.5859375
vt 0.003952285811095838 0.8390272077330467
vt 0.002547026168192812 0.8384770501969322
vt 0.0013246715208888715 0.8493931903107891
vt 0.002813791829221931 0.8491671997519139
vt 0.3265447588293598 0.951982005670932
vt 0.3277078103965812 0.9510088815905537
vt 0.3180653688575199 0.945402170306336
vt 0.3176622671707143 0.9468532846736578
vt 0.11484414062500001 0.8756578125
vt 0.11628007812499999 0.87525703125
vt 0.111572265625 0.8671890625
vt 0.110238671875 0.86798984375
vt 0.478575 0.9496265625
vt 0.4770195510989638 0.9496344205208688
vt 0.47609519820888274 0.960744700754128
vt 0.47758596622558974 0.9609238906293419
vt 0.11484414062500001 0.8845125
vt 0.116255859375 0.8848984375
vt 0.11628007812499999 0.87525703125
vt 0.11484414062500001 0.8756578125
vt 0.167577734375 0.90572734375
vt 0.168987109375 0.90624921875
vt 0.168989453125 0.89508359375
vt 0.167577734375 0.8954695312500001
vt 0.110238671875 0.89218046875
vt 0.11123398437500001 0.8932015625
vt 0.116255859375 0.8848984375
vt 0.11484414062500001 0.8845125
vt 0.167577734375 0.8954695312500001
vt 0.168989453125 0.89508359375
vt 0.163444140625 0.885565625
vt 0.162448828125 0.8865867187500001
vt 0.10226210937500001 0.8966078125
vt 0.102614453125 0.89795625
vt 0.11123398437500001 0.8932015625
vt 0.110238671875 0.89218046875
vt 0.162448828125 0.8865867187500001
vt 0.163444140625 0.885565625
vt 0.153918359375 0.880109375
vt 0.153566015625 0.8814578125
vt 0.093051171875 0.8966078125
vt 0.092701171875 0.89795234375
vt 0.102614453125 0.89795625
vt 0.10226210937500001 0.8966078125
vt 0.153566015625 0.8814578125
vt 0.153918359375 0.880109375
vt 0.142958203125 0.88011328125
vt 0.143308203125 0.8814578125
vt 0.085074609375 0.89218046875
vt 0.084083984375 0.89319609375
vt 0.092701171875 0.89795234375
vt 0.093051171875 0.8966078125
vt 0.143308203125 0.8814578125
vt 0.142958203125 0.88011328125
vt 0.133434765625 0.88557109375
vt 0.134425390625 0.8865867187500001
vt 0.080469140625 0.8845125
vt 0.079059765625 0.884896875
vt 0.084083984375 0.89319609375
vt 0.085074609375 0.89218046875
vt 0.134425390625 0.8865867187500001
vt 0.133434765625 0.88557109375
vt 0.127887109375 0.89508515625
vt 0.129296484375 0.8954695312500001
vt 0.080469140625 0.8756578125
vt 0.07903242187500001 0.87525703125
vt 0.079059765625 0.884896875
vt 0.080469140625 0.8845125
vt 0.129296484375 0.8954695312500001
vt 0.127887109375 0.89508515625
vt 0.127885546875 0.90625
vt 0.129296484375 0.90572734375
vt 0.085074609375 0.86798984375
vt 0.083739453125 0.8671875
vt 0.07903242187500001 0.87525703125
vt 0.080469140625 0.8756578125
vt 0.4754350960789407 0.9375
vt 0.4769444710789407 0.93735390625
vt 0.4760913460789407 0.9262140624999999
vt 0.4745499398289407 0.9261953125
vt 0.524941832075996 0.5791422644572053
vt 0.5234375 0.5791749673284226
vt 0.5234375 0.5858968676163951
vt 0.5249113875027391 0.5859375
vt 0.029591734729111127 0.8279623837528733
vt 0.029925328479111127 0.8265241025028733
vt 0.019115172229111126 0.8253139462528734
vt 0.019336265979111124 0.8268045712528733
vt 0.019336404395962688 0.826805504466134
vt 0.019115172229111126 0.8253139462528734
vt 0.009037121307357742 0.8296826688245852
vt 0.009973518713640809 0.8308606607186104
vt 0.3074046982790001 0.9467720701375707
vt 0.3070233596189246 0.9453125
vt 0.2972921896034188 0.9507669757619159
vt 0.29843886706179534 0.9517546819660623
vt 0.009975705868951886 0.830863412169234
vt 0.009037121307357742 0.8296826688245852
vt 0.002547026168192812 0.8384770501969322
vt 0.003951944184193438 0.8390270739865069
vt 0.3176614952253811 0.9468560635778409
vt 0.3180653688575199 0.945402170306336
vt 0.3070233596189246 0.9453125
vt 0.3074046422800795 0.9467718558022284
vn 0 -1 0
vn -0.5226730033748698 0.33249548792743155 0.7850220901675269
vn -0.06621451835230997 0.9932177752846534 0.09557242498741902
vn 0 -1 0
vn -0.8505392473190339 0.3086442462676323 0.42581887935583196
vn -0.11453357585254491 0.991889862745762 0.05510499237476435
vn 0 -1 0
vn -0.9700343327124648 0.23636285744415375 0.05626715720487336
vn -0.03181341271431013 0.9544023814293071 0.2968231815299077
vn 0 -1 0
vn -0.9049446321468085 0.1360152760760687 -0.40320597394213825
vn -0.06896905922752178 0.9123095807131923 0.4036514558479755
vn 0 -1 0
vn -0.5644712025011125 0.05013940817370825 -0.8239285777875036
vn -0.09603930257014433 0.9014523389546103 0.42209019528425756
vn 0 -1 0
vn -4.966621835742853e-16 0.023853675364884572 -0.9997154606044597
vn 2.2437302241637244e-16 0.9138115486202577 0.40613846605344645
vn 0 -1 0
vn 0.5691751165649186 0.07596030876023933 -0.8187000172079884
vn 0.09603930257014445 0.9014523389546103 0.4220901952842574
vn 0 -1 0
vn 0.9045360852822524 0.17637351700831136 -0.38820980528623594
vn 0.06896905922752168 0.9123095807131925 0.40365145584797524
vn 0 -1 0
vn 0.9632291966616329 0.26137702993717427 0.06222188457292937
vn 0.031813412714310214 0.954402381429307 0.29682318152990805
vn 0 -1 0
vn 0.8559847935157449 0.2892042035642719 0.42854516904354817
vn 0.11453357585254499 0.991889862745762 0.05510499237476434
vn 0 -1 0
vn 0.5265171694742654 0.31212448476380705 0.79079578669827
vn 0.06621451835230997 0.9932177752846533 0.09557242498741902
vn 0 -1 0
vn 0 0.3292610692471226 0.9442389254199604
vn 0 0.993883734673619 0.11043152607484623
vn 0 -1 0
vn 0 -1 0
vn 0 -1 0
vn 0 -1 0
vn 0 -1 0
vn 0 -1 0
vn 0 -1 0
vn 0 -1 0
vn 0 -1 0
vn 0 -1 0
vn 0 -1 0
vn 0 -1 0
vn 0.557095019578317 0.10701371904281468 -0.8235248648933804
vn -0.8602950531916729 -0.08909758482464723 -0.501950238402525
vn -0.9847738551784998 -0.17382312814456702 0.002444233808975841
vn -0.8210945149162359 -0.28132280186307385 0.4966500566056359
vn -0.4487816916396627 -0.36969620653555524 0.813584481244734
vn 0.0003220167526336723 -0.4076379717870739 0.9131435704545764
vn 0.4465117703479205 -0.38248455017644617 0.8089084050849564
vn 0.8171501689858738 -0.2959284089729715 0.4946634998552893
vn 0.9842904684240152 -0.17653401416526407 0.002831185675833747
vn 0.8606280726630028 -0.08547388571514188 -0.5020094973256184
vn -0.5576999802741283 0.09645621733196343 -0.8244191471213208
vn 0 0.0765536209684565 -0.9970654658128614
vn 0 0.0765536209684565 -0.9970654658128614
vn 0 0.07655362096845651 -0.9970654658128613
vn 0.5028952681373039 -0.1497766843455236 -0.8512715748288384
vn 0.000065691186817968 -0.190946909953711 -0.981600363316863
vn -0.5019979124076205 -0.1608983811220721 -0.8497704436438628
vn -0.8685742686305521 -0.06461570030266478 -0.49132835369770594
vn -0.9995124007889602 0.03122436018702651 0
vn -0.8667902729084496 0.09688954487344188 0.48916974445024014
vn -0.5048838717280997 0.12012537895287191 0.8547877920280992
vn 0 0.11715420911897452 0.9931137353222478
vn 0.5057423301438161 0.10524120534387617 0.8562411951071214
vn 0.8679498747167929 0.0820689102556659 0.4898241612543742
vn 0.9995124007889602 0.031224360187025468 0
vn 0.8693209877079744 -0.04938415234316015 -0.4917745680978017
vn 0 -1 0
vn 0 -1 0
vn 0 -1 0
vn 0 -1 0
vn 0 -1 0
vn 0 -1 0
vn 0 -1 0
vn 0 -1 0
vn 0 -1 0
vn 0 -1 0
vn 0 -1 0
vn 0 -1 0
vn -0.8428615922406205 -0.1472157772371869 -0.5176020201448767
vn -0.4717424141219271 -0.14864159051566997 -0.8691172373663913
vn 0 -0.1476734520122028 -0.9890361730345355
vn 0.4720588196704082 -0.1441599356052165 -0.8697001688729749
vn 0.8434320974895126 -0.14259108087108935 -0.5179672582127713
vn 0.9890361730345356 -0.1476734520122028 0
vn 0.8909893195870382 -0.16078507493005828 0.4246012153321777
vn 0 -0.14767345201220283 0.9890361730345355
vn 0 -0.14767345201220283 0.9890361730345355
vn 0 -0.14767345201220286 0.9890361730345355
vn -0.8916942518887979 -0.1559159351363568 0.42493715102239826
vn -0.9890362553188589 -0.147672900335 -0.00001309574476232422
vn -0.962885917354835 0.2619144361425098 0.06520382120619249
vn -0.9044276984499355 0.17632008906853422 -0.38848650487168346
vn -0.5717228300133608 0.07639333350339765 -0.816882527807856
vn -0.0004577287801448297 0.023878375050259623 -0.9997147661654914
vn 0.5654839002795092 0.05017745995894894 -0.8232315476442472
vn 0.9048167123545279 0.13599006909045538 -0.40350144752245537
vn 0.9698580950146389 0.236543996298155 0.05849968675022182
vn 0.848789947035042 0.30888638955112113 0.4291209901208797
vn 0.520182294022132 0.33251526940456705 0.7866663693070148
vn -0.00012569492177462278 0.3292533253969419 0.9442416173394615
vn -0.5239952627403752 0.31248431970498053 0.7923272774328552
vn -0.853844601623356 0.28992264306455534 0.4323126846590497
vn 0.024462251931246334 -0.8647083503496998 -0.5016782505410747
vn 0.10611114036284454 0.8900218726449433 0.443397668131538
vn 0.008540124156856038 -0.9454023251062368 -0.32579366163740336
vn -0.09613874233469084 0.8932436095482045 0.43917331000824583
vn 0.1510650079373446 -0.9640994913592067 -0.2183839145583049
vn -0.22402686499378846 0.9353815219763809 0.2736299912403691
vn 0.13864900411495815 -0.9870704962668408 0.08042567411879674
vn -0.18772168656355007 0.9768430080964564 -0.10265625127970954
vn 0.11772237757728388 -0.9762537097918421 0.18185196159298703
vn -0.129119882336604 0.9727462121014182 -0.19259507477535415
vn 0.002117890816871734 -0.9729445731168825 0.2310289423013817
vn -0.0023265502190392383 0.9753344497550308 -0.22071995443350823
vn -0.11717316866883977 -0.9758107715659896 0.18456377390997297
vn 0.1059601971041204 0.9809998834090026 -0.16251666185711428
vn -0.16907716946504991 -0.9813867729605682 0.09106543045376324
vn 0.14268620289161202 0.9868828138215404 -0.07551794017353036
vn -0.21663031918392406 -0.9510141411900443 -0.22055250637168805
vn 0.17195220494553912 0.9438213651165958 0.2821943832960058
vn -0.14688228490834873 -0.9119698132165984 -0.38306220664767426
vn -0.012919759260291909 0.917453343101355 0.39763355373107506
vn 0.037615825592518644 -0.9054460354285998 -0.4227913511315293
vn -0.027637682587868143 0.8514868982401704 0.5236470382103826
vn -0.002462707856777958 -0.8560065949751428 -0.5169590355425412
vn 0.0027143301159361795 0.8613028779707483 0.5080846236714194
vn -0.10287822966501331 0.9925212107853478 -0.06570932964336339
vn -0.39354372006796284 0.1699584492456423 0.9034586132884479
vn -0.08724857312967584 0.9824540643799137 -0.16483839925886318
vn 0.05333042287405719 -0.9924304878881008 0.11062365346642862
vn 0 -1 0
vn 0.5135082366379337 0.07241233868576841 -0.8550238266335375
vn 0 -1 0
vn 0 1 0
vn 0 -1 0
vn 0 1 0
vn 0 -1 0
vn 0 1 0
vn 0 -1 0
vn 0 1 0
vn 0 -1 0
vn 0 1 0
vn 0 -1 0
vn 0 1 0
vn 0 -1 0
vn 0 1 0
vn 0 -1 0
vn -0.6316169427663071 0.08415235932631884 -0.7706999533089111
vn 0.34245419643801633 0.17079179312923598 0.9238805586988467
vn 0.04775198960089705 0.9982613067759686 -0.03455590952487709
vn 0.047365133964673685 0.9939103572855373 -0.09949244074322545
vn -0.07999432327051033 -0.9840868089603135 0.15866335643367946
vn -0.001105326576573249 0.9835165626998054 -0.1808146817830872
vn 0.0010936420145497537 -0.9820951724217981 0.1883822609826699
usemtl m_349ca9e1-c03b-a562-42cd-191c9d89e767
f 235/805/213 234/806/213 236/807/213 237/808/213
f 297/809/214 298/810/214 256/811/214 257/812/214
f 203/813/215 201/814/215 199/815/215
f 233/816/216 232/817/216 234/818/216 235/819/216
f 298/820/217 287/821/217 255/822/217 256/823/217
f 205/824/218 203/825/218 199/826/218
f 231/827/219 228/828/219 232/829/219 233/830/219
f 287/831/220 288/832/220 254/833/220 255/834/220
f 207/835/221 205/836/221 199/837/221
f 229/838/222 230/839/222 228/840/222 231/841/222
f 288/842/223 289/843/223 253/844/223 254/845/223
f 209/846/224 207/847/224 199/848/224
f 210/849/225 225/850/225 224/851/225 208/852/225
f 289/853/226 290/854/226 252/855/226 253/856/226
f 211/857/227 209/858/227 199/859/227
f 212/860/228 226/861/228 225/862/228 210/863/228
f 290/864/229 291/865/229 251/866/229 252/867/229
f 213/868/230 211/869/230 199/870/230
f 214/871/231 227/872/231 226/873/231 212/874/231
f 291/875/232 292/876/232 250/877/232 251/878/232
f 215/879/233 213/880/233 199/881/233
f 245/882/234 244/883/234 246/884/234 247/885/234
f 292/886/235 293/887/235 261/888/235 250/889/235
f 217/890/236 215/891/236 199/892/236
f 243/893/237 242/894/237 244/895/237 245/896/237
f 293/897/238 294/898/238 260/899/238 261/900/238
f 219/901/239 217/902/239 199/903/239
f 241/904/240 240/905/240 242/906/240 243/907/240
f 294/908/241 295/909/241 259/910/241 260/911/241
f 221/912/242 219/913/242 199/914/242
f 239/915/243 238/916/243 240/917/243 241/918/243
f 295/919/244 296/920/244 258/921/244 259/922/244
f 223/923/245 221/924/245 199/925/245
f 237/926/246 236/927/246 238/928/246 239/929/246
f 296/930/247 297/931/247 257/932/247 258/933/247
f 201/934/248 223/935/248 199/936/248
f 275/937/249 274/938/249 276/939/249
f 275/940/250 276/941/250 277/942/250
f 275/943/251 277/944/251 278/945/251
f 275/946/252 278/947/252 279/948/252
f 275/949/253 279/950/253 280/951/253
f 275/952/254 280/953/254 281/954/254
f 275/955/255 281/956/255 282/957/255
f 275/958/256 282/959/256 283/960/256
f 275/961/257 283/962/257 284/963/257
f 275/964/258 284/965/258 285/966/258
f 275/967/259 285/968/259 286/969/259
f 275/970/260 286/971/260 274/972/260
f 224/973/261 230/974/261 229/975/261 208/976/261
f 323/977/262 330/978/262 329/979/262 326/980/262
f 326/981/263 329/982/263 331/983/263 332/984/263
f 332/985/264 331/986/264 333/987/264 334/988/264
f 334/989/265 333/990/265 335/991/265 336/992/265
f 336/993/266 335/994/266 337/995/266 338/996/266
f 338/997/267 337/998/267 339/999/267 340/1000/267
f 340/1001/268 339/1002/268 341/1003/268 342/1004/268
f 342/1005/269 341/1006/269 343/1007/269 344/1008/269
f 344/1009/270 343/1010/270 345/1011/270 346/1012/270
f 214/1013/271 247/1014/271 246/1015/271 227/1016/271
f 227/1017/272 246/1018/272 248/1019/272 226/1020/272
f 225/1021/273 249/1022/273 230/1023/273 224/1024/273
f 226/1025/274 248/1026/274 249/1027/274 225/1028/274
f 349/1029/275 348/1030/275 346/1031/275 350/1032/275
f 328/1033/276 349/1034/276 350/1035/276 327/1036/276
f 324/1037/277 328/1038/277 327/1039/277 323/1040/277
f 325/1041/278 324/1042/278 323/1043/278 326/1044/278
f 255/1045/279 254/1046/279 206/1047/279 204/1048/279
f 256/1049/280 255/1050/280 204/1051/280 202/1052/280
f 257/1053/281 256/1054/281 202/1055/281 200/1056/281
f 258/1057/282 257/1058/282 200/1059/282 222/1060/282
f 259/1061/283 258/1062/283 222/1063/283 220/1064/283
f 260/1065/284 259/1066/284 220/1067/284 218/1068/284
f 261/1069/285 260/1070/285 218/1071/285 216/1072/285
f 348/1073/286 347/1074/286 344/1075/286 346/1076/286
f 240/1077/287 263/1078/287 262/1079/287 242/1080/287
f 238/1081/288 264/1082/288 263/1083/288 240/1084/288
f 236/1085/289 265/1086/289 264/1087/289 238/1088/289
f 234/1089/290 266/1090/290 265/1091/290 236/1092/290
f 232/1093/291 267/1094/291 266/1095/291 234/1096/291
f 228/1097/292 268/1098/292 267/1099/292 232/1100/292
f 230/1101/293 269/1102/293 268/1103/293 228/1104/293
f 249/1105/294 270/1106/294 269/1107/294 230/1108/294
f 248/1109/295 271/1110/295 270/1111/295 249/1112/295
f 246/1113/296 272/1114/296 271/1115/296 248/1116/296
f 244/1117/297 273/1118/297 272/1119/297 246/1120/297
f 242/1121/298 262/1122/298 273/1123/298 244/1124/298
f 263/1125/299 276/1126/299 274/1127/299 262/1128/299
f 264/1129/300 277/1130/300 276/1131/300 263/1132/300
f 265/1133/301 278/1134/301 277/1135/301 264/1136/301
f 266/1137/302 279/1138/302 278/1139/302 265/1140/302
f 267/1141/303 280/1142/303 279/1143/303 266/1144/303
f 268/1145/304 281/1146/304 280/1147/304 267/1148/304
f 269/1149/305 282/1150/305 281/1151/305 268/1152/305
f 270/1153/306 283/1154/306 282/1155/306 269/1156/306
f 271/1157/307 284/1158/307 283/1159/307 270/1160/307
f 272/1161/308 285/1162/308 284/1163/308 271/1164/308
f 273/1165/309 286/1166/309 285/1167/309 272/1168/309
f 262/1169/310 274/1170/310 286/1171/310 273/1172/310
f 317/1173/311 315/1174/311 316/1175/311 318/1176/311
f 319/1177/312 317/1178/312 318/1179/312 320/1180/312
f 321/1181/313 319/1182/313 320/1183/313 322/1184/313
f 300/1185/314 321/1186/314 322/1187/314 299/1188/314
f 301/1189/315 300/1190/315 299/1191/315 302/1192/315
f 303/1193/316 301/1194/316 302/1195/316 304/1196/316
f 305/1197/317 303/1198/317 304/1199/317 306/1200/317
f 307/1201/318 305/1202/318 306/1203/318 308/1204/318
f 309/1205/319 307/1206/319 308/1207/319 310/1208/319
f 311/1209/320 309/1210/320 310/1211/320 312/1212/320
f 313/1213/321 311/1214/321 312/1215/321 314/1216/321
f 315/1217/322 313/1218/322 314/1219/322 316/1220/322
f 291/1221/323 300/1222/323 301/1223/323 292/1224/323
f 215/1225/324 302/1226/324 299/1227/324 213/1228/324
f 292/1229/325 301/1230/325 303/1231/325 293/1232/325
f 217/1233/326 304/1234/326 302/1235/326 215/1236/326
f 293/1237/327 303/1238/327 305/1239/327 294/1240/327
f 219/1241/328 306/1242/328 304/1243/328 217/1244/328
f 294/1245/329 305/1246/329 307/1247/329 295/1248/329
f 221/1249/330 308/1250/330 306/1251/330 219/1252/330
f 295/1253/331 307/1254/331 309/1255/331 296/1256/331
f 223/1257/332 310/1258/332 308/1259/332 221/1260/332
f 296/1261/333 309/1262/333 311/1263/333 297/1264/333
f 201/1265/334 312/1266/334 310/1267/334 223/1268/334
f 297/1269/335 311/1270/335 313/1271/335 298/1272/335
f 203/1273/336 314/1274/336 312/1275/336 201/1276/336
f 298/1277/337 313/1278/337 315/1279/337 287/1280/337
f 205/1281/338 316/1282/338 314/1283/338 203/1284/338
f 287/1285/339 315/1286/339 317/1287/339 288/1288/339
f 207/1289/340 318/1290/340 316/1291/340 205/1292/340
f 288/1293/341 317/1294/341 319/1295/341 289/1296/341
f 209/1297/342 320/1298/342 318/1299/342 207/1300/342
f 289/1301/343 319/1302/343 321/1303/343 290/1304/343
f 211/1305/344 322/1306/344 320/1307/344 209/1308/344
f 290/1309/345 321/1310/345 300/1311/345 291/1312/345
f 213/1313/346 299/1314/346 322/1315/346 211/1316/346
f 253/1317/347 324/1318/347 325/1319/347 254/1320/347
f 254/1321/348 325/1322/348 326/1323/348 206/1324/348
f 252/1325/349 328/1326/349 324/1327/349 253/1328/349
f 208/1329/350 323/1330/350 327/1331/350 210/1332/350
f 231/1333/351 329/1334/351 330/1335/351 229/1336/351
f 229/1337/352 330/1338/352 323/1339/352 208/1340/352
f 233/1341/353 331/1342/353 329/1343/353 231/1344/353
f 206/1345/354 326/1346/354 332/1347/354 204/1348/354
f 235/1349/355 333/1350/355 331/1351/355 233/1352/355
f 204/1353/356 332/1354/356 334/1355/356 202/1356/356
f 237/1357/357 335/1358/357 333/1359/357 235/1360/357
f 202/1361/358 334/1362/358 336/1363/358 200/1364/358
f 239/1365/359 337/1366/359 335/1367/359 237/1368/359
f 200/1369/360 336/1370/360 338/1371/360 222/1372/360
f 241/1373/361 339/1374/361 337/1375/361 239/1376/361
f 222/1377/362 338/1378/362 340/1379/362 220/1380/362
f 243/1381/363 341/1382/363 339/1383/363 241/1384/363
f 220/1385/364 340/1386/364 342/1387/364 218/1388/364
f 245/1389/365 343/1390/365 341/1391/365 243/1392/365
f 218/1393/366 342/1394/366 344/1395/366 216/1396/366
f 247/1397/367 345/1398/367 343/1399/367 245/1400/367
f 214/1401/368 346/1402/368 345/1403/368 247/1404/368
f 216/1405/369 344/1406/369 347/1407/369 261/1408/369
f 261/1409/370 347/1410/370 348/1411/370 250/1412/370
f 250/1413/371 348/1414/371 349/1415/371 251/1416/371
f 212/1417/372 350/1418/372 346/1419/372 214/1420/372
f 251/1421/373 349/1422/373 328/1423/373 252/1424/373
f 210/1425/374 327/1426/374 350/1427/374 212/1428/374
o cylinder
v 0.13734413780915916 0.22499999999999998 0.021695022110220976
v 0.13734413780915916 0.6874999999999999 0.021695022110220976
v 0.08269899998496671 0.22499999999999998 0.0959426851486274
v 0.08269899998496671 0.6281250000000002 0.0959426851486274
v 0.048359283681116666 0.22499999999999998 0.04964303717836653
v 0.048359283681116666 0.6031250000000002 0.04964303717836653
v 0.048008757170227415 0.22499999999999998 -0.007331802629831786
v 0.048008757170227415 0.6031250000000002 -0.007331802629831786
v 0.08178130966550086 0.22499999999999998 -0.05321938197281624
v 0.08178130966550086 0.6281250000000002 -0.05321938197281624
v 0.1367769740005825 0.22499999999999998 -0.0704922052030244
v 0.1367769740005825 0.6625 -0.0704922052030244
v 0.19198927563335166 0.22499999999999998 -0.05255264092818544
v 0.19198927563335166 0.6874999999999999 -0.05255264092818544
v 0.22632899193720174 0.22499999999999998 -0.006252992957924548
v 0.22632899193720174 0.6874999999999999 -0.006252992957924548
v 0.22667951844809092 0.22499999999999998 0.05072184685027373
v 0.22667951844809092 0.6874999999999999 0.05072184685027373
v 0.1929069659528176 0.22499999999999998 0.09660942619325824
v 0.1929069659528176 0.6874999999999999 0.09660942619325824
v 0.1379113016177359 0.22499999999999998 0.11388224942346636
v 0.1379113016177359 0.6625 0.11388224942346636
vt 0.222378125 0.9984375
vt 0.22824921875 0.994259375
vt 0.21875 0.9875
vt 0.2890625 0.996875
vt 0.2890625 0.953125
vt 0.28125 0.953125
vt 0.28125 1
vt 0.3304191680006585 0.8991472941964489
vt 0.325139840567112 0.9049627300262401
vt 0.3353910953115622 0.9140619452569497
vt 0.22824921875 0.994259375
vt 0.23049140625 0.9875
vt 0.21875 0.9875
vt 0.2734375 1
vt 0.2734375 0.953125
vt 0.265625 0.953125
vt 0.265625 1
vt 0.33750390625 0.8984209420408502
vt 0.3304191680006585 0.8991472941964489
vt 0.33539128023993303 0.9140625
vt 0.23049140625 0.9875
vt 0.22824921875 0.980740625
vt 0.21875 0.9875
vt 0.234375 0.7265625
vt 0.234375 0.6796875
vt 0.2265625 0.6796875
vt 0.2265625 0.7234375
vt 0.34375 0.9030553170408503
vt 0.33750390625 0.8984209420408502
vt 0.33539140625 0.9140615670408503
vt 0.22824921875 0.980740625
vt 0.222378125 0.9765625
vt 0.21875 0.9875
vt 0.078125 0.75
vt 0.078125 0.6953125
vt 0.0703125 0.6953125
vt 0.0703125 0.745703125
vt 0.4389265625 0.9455617187500001
vt 0.4329340633656911 0.9396909247810804
vt 0.4296878446872954 0.9531247178320897
vt 0.222378125 0.9765625
vt 0.215121875 0.9765625
vt 0.21875 0.9875
vt 0.0625 0.765625
vt 0.0625 0.7109375
vt 0.0546875 0.7109375
vt 0.0546875 0.7625
vt 0.44121171875 0.953125
vt 0.4389265625 0.9455617187500001
vt 0.4296875 0.953125
vt 0.215121875 0.9765625
vt 0.20925078125 0.980740625
vt 0.21875 0.9875
vt 0.09375 0.75
vt 0.09375 0.6953125
vt 0.0859375 0.6953125
vt 0.0859375 0.75
vt 0.379183984375 0.6364468750000001
vt 0.385055078125 0.640625
vt 0.388683203125 0.6296875
vt 0.20925078125 0.980740625
vt 0.20700859375 0.9875
vt 0.21875 0.9875
vt 0.0234375 0.75
vt 0.0234375 0.6953125
vt 0.015625 0.6953125
vt 0.015625 0.75
vt 0.376941796875 0.6296875
vt 0.379183984375 0.6364468750000001
vt 0.388683203125 0.6296875
vt 0.20700859375 0.9875
vt 0.20925078125 0.994259375
vt 0.21875 0.9875
vt 0.2578125 1
vt 0.2578125 0.9453125
vt 0.25 0.9453125
vt 0.25 1
vt 0.379183984375 0.622928125
vt 0.376941796875 0.6296875
vt 0.388683203125 0.6296875
vt 0.20925078125 0.994259375
vt 0.215121875 0.9984375
vt 0.21875 0.9875
vt 0.109375 0.746875
vt 0.109375 0.6953125
vt 0.1015625 0.6953125
vt 0.1015625 0.75
vt 0.4125770599842643 0.5706341463851043
vt 0.4102161224842643 0.5781247713851043
vt 0.4218747162342643 0.5781247713851043
vt 0.215121875 0.9984375
vt 0.222378125 0.9984375
vt 0.21875 0.9875
vt 0.0078125 0.745703125
vt 0.0078125 0.6953125
vt 0 0.6953125
vt 0 0.75
vt 0.4186658150269203 0.5647994186704492
vt 0.4125770599842643 0.5706341463851043
vt 0.421875 0.578125
vn 0 -1 0
vn -0.8031946068159858 0 0.5957167309902536
vn -0.6684499946668591 0.7373180725129544 0.09765584762653948
vn 0 -1 0
vn -0.9999810751175736 0 0.006152187147804909
vn -0.6873548640007299 0.7263094437301167 0.0042288157901281265
vn 0 -1 0
vn -0.8053855189486249 0 -0.592751352480831
vn -0.6683379282900952 0.7384448701956331 -0.08957447901416019
vn 0 -1 0
vn -0.29964457768448316 0 -0.9540509038118918
vn -0.5650664388817083 0.797156033661501 -0.2127020866061467
vn 0 -1 0
vn 0.30901699437494745 0 -0.9510565162951535
vn -0.3327649344623046 0.9106517735236005 -0.24490987275040438
vn 0 -1 0
vn 0.8031946068159856 0 -0.5957167309902536
vn 0 1 0
vn 0 -1 0
vn 0.9999810751175736 0 -0.006152187147804132
vn 0 1 0
vn 0 -1 0
vn 0.8053855189486259 0 0.5927513524808294
vn 0 1 0
vn 0 -1 0
vn 0.29964457768448255 0 0.9540509038118921
vn -0.33507878168174887 0.908822706704572 0.24852263044811534
vn 0 -1 0
vn -0.30901699437494745 0 0.9510565162951535
vn -0.5659934900115194 0.7947846563172197 0.21901762337149733
usemtl m_349ca9e1-c03b-a562-42cd-191c9d89e767
f 353/1429/375 355/1430/375 351/1431/375
f 356/1432/376 355/1433/376 353/1434/376 354/1435/376
f 356/1436/377 354/1437/377 352/1438/377
f 355/1439/378 357/1440/378 351/1441/378
f 358/1442/379 357/1443/379 355/1444/379 356/1445/379
f 358/1446/380 356/1447/380 352/1448/380
f 357/1449/381 359/1450/381 351/1451/381
f 360/1452/382 359/1453/382 357/1454/382 358/1455/382
f 360/1456/383 358/1457/383 352/1458/383
f 359/1459/384 361/1460/384 351/1461/384
f 362/1462/385 361/1463/385 359/1464/385 360/1465/385
f 362/1466/386 360/1467/386 352/1468/386
f 361/1469/387 363/1470/387 351/1471/387
f 364/1472/388 363/1473/388 361/1474/388 362/1475/388
f 364/1476/389 362/1477/389 352/1478/389
f 363/1479/390 365/1480/390 351/1481/390
f 366/1482/391 365/1483/391 363/1484/391 364/1485/391
f 366/1486/392 364/1487/392 352/1488/392
f 365/1489/393 367/1490/393 351/1491/393
f 368/1492/394 367/1493/394 365/1494/394 366/1495/394
f 368/1496/395 366/1497/395 352/1498/395
f 367/1499/396 369/1500/396 351/1501/396
f 370/1502/397 369/1503/397 367/1504/397 368/1505/397
f 370/1506/398 368/1507/398 352/1508/398
f 369/1509/399 371/1510/399 351/1511/399
f 372/1512/400 371/1513/400 369/1514/400 370/1515/400
f 372/1516/401 370/1517/401 352/1518/401
f 371/1519/402 353/1520/402 351/1521/402
f 354/1522/403 353/1523/403 371/1524/403 372/1525/403
f 354/1526/404 372/1527/404 352/1528/404
o Pelvis
v -0.13749999999999984 0.7874999999999994 -0.10036764705882407
v -0.13750000000000046 0.7874999999999994 0.10036764705882299
v -0.13749999999999982 0.6662914078674946 -0.10036764705882406
v -0.13750000000000043 0.6662914078674946 0.100367647058823
v 0.13750000000000018 0.7874999999999994 -0.10036764705882326
v 0.13749999999999957 0.7874999999999994 0.10036764705882381
v 0.1375000000000002 0.6662914078674946 -0.10036764705882324
v 0.1374999999999996 0.6662914078674946 0.10036764705882383
v -0.04583333333333308 0.6062499999999998 -0.13125000000000026
v -0.04583333333333386 0.6062499999999998 0.13124999999999976
v 0.04583333333333361 0.6062499999999998 -0.13124999999999998
v 0.04583333333333283 0.6062499999999998 0.13125000000000003
v -0.04583333333333388 0.7874999999999994 0.13124999999999973
v 0.04583333333333281 0.7874999999999994 0.13125
v -0.0458333333333331 0.7874999999999994 -0.13125000000000028
v 0.04583333333333359 0.7874999999999994 -0.13125
v -0.045833333333333094 0.7212797619047616 -0.13125000000000026
v -0.13749999999999982 0.7212797619047616 -0.10036764705882406
v -0.13750000000000043 0.7212797619047616 0.100367647058823
v -0.04583333333333387 0.7212797619047616 0.13124999999999976
v 0.04583333333333282 0.7212797619047616 0.13125
v 0.1374999999999996 0.7212797619047616 0.10036764705882383
v 0.1375000000000002 0.7212797619047616 -0.10036764705882324
v 0.045833333333333594 0.7212797619047616 -0.13125
v -0.04832760503433317 0.7874999999999994 -0.14646613187439747
v -0.048327605034333164 0.7212797619047616 -0.14646613187439747
v -0.1478067717009999 0.7212797619047616 -0.10777127893322128
v -0.14780677170099993 0.7874999999999994 -0.10777127893322129
v -0.14780677170100057 0.7212797619047616 0.10777127893322017
v -0.1478067717010006 0.7874999999999994 0.10777127893322015
v -0.04832760503433404 0.7212797619047616 0.14646613187439692
v -0.048327605034334045 0.7874999999999994 0.14646613187439692
v 0.048327605034332886 0.7212797619047616 0.14646613187439722
v 0.04832760503433288 0.7874999999999994 0.1464661318743972
v 0.14780677170099968 0.7212797619047616 0.10777127893322104
v 0.14780677170099965 0.7874999999999994 0.10777127893322103
v 0.14780677170100034 0.7212797619047616 -0.1077712789332204
v 0.14780677170100032 0.7874999999999994 -0.10777127893322042
v 0.04832760503433376 0.7212797619047616 -0.14646613187439717
v 0.048327605034333754 0.7874999999999994 -0.1464661318743972
vt 0.28125 0.59375
vt 0.28125 0.6015625
vt 0.2578125 0.6015625
vt 0.2578125 0.59375
vt 0.421875 0.7265625
vt 0.421875 0.734375
vt 0.3984375 0.734375
vt 0.3984375 0.7265625
vt 0.05703124999999999 0.9691453125
vt 0.06848984375 0.96528515625
vt 0.06848984375 0.99809765625
vt 0.05703124999999999 0.9942375
vt 0.21011015625 0.96875
vt 0.20625 0.953125
vt 0.2390625 0.953125
vt 0.23520234375 0.96875
vt 0.375 0.6731210937500001
vt 0.375 0.6875
vt 0.359375 0.6875
vt 0.359375 0.6806265625
vt 0.3671875 0.6337515625
vt 0.3671875 0.640625
vt 0.3515625 0.640625
vt 0.3515625 0.6262460937500001
vt 0.17104765625 0.796875
vt 0.1671875 0.78125
vt 0.2 0.78125
vt 0.19613984375 0.796875
vt 0.328125 0.6640625
vt 0.3203125 0.6640625
vt 0.3203125 0.6328125
vt 0.328125 0.6328125
vt 0.015625 0.6184335937500001
vt 0.015625 0.6328125
vt 0 0.6328125
vt 0 0.6259390625
vt 0.3046875 0.78125
vt 0.3046875 0.796875
vt 0.296875 0.796875
vt 0.296875 0.78125
vt 0.09140625 0.9942375
vt 0.07994765625 0.99809765625
vt 0.07994765625 0.96528515625
vt 0.09140625 0.9691453125
vt 0.07994765625 0.99809765625
vt 0.06848984375 0.99809765625
vt 0.06848984375 0.96528515625
vt 0.07994765625 0.96528515625
vt 0.3828125 0.9931265625
vt 0.3828125 1
vt 0.3671875 1
vt 0.3671875 0.98562109375
vt 0.265625 0.609375
vt 0.265625 0.625
vt 0.2578125 0.625
vt 0.2578125 0.609375
vt 0.4453125 0.7734375
vt 0.4453125 0.765625
vt 0.4609375 0.765625
vt 0.4609375 0.7734375
vt 0.3984375 0.71875
vt 0.3984375 0.7109375
vt 0.421875 0.7109375
vt 0.421875 0.71875
vt 0.4453125 0.7578125
vt 0.4453125 0.75
vt 0.4609375 0.75
vt 0.4609375 0.7578125
vt 0.1953125 0.84375
vt 0.1953125 0.8359375
vt 0.2109375 0.8359375
vt 0.2109375 0.84375
vt 0.078125 0.5546875
vt 0.078125 0.546875
vt 0.09375 0.546875
vt 0.09375 0.5546875
vt 0.3984375 0.703125
vt 0.3984375 0.6953125
vt 0.421875 0.6953125
vt 0.421875 0.703125
vt 0.4453125 0.875
vt 0.4453125 0.8671875
vt 0.4609375 0.8671875
vt 0.4609375 0.875
vt 0.1484375 0.5625
vt 0.1484375 0.5546875
vt 0.1640625 0.5546875
vt 0.1640625 0.5625
vt 0.13956953125 0.9927171875
vt 0.127134375 0.9975546875
vt 0.12682265625 0.99565234375
vt 0.13828125 0.9917921875
vt 0.080259375 0.9633828125
vt 0.09269453125 0.9682203125
vt 0.09140625000000001 0.9691453125
vt 0.07994765625 0.96528515625
vt 0.13956953125 0.965775
vt 0.13956953125 0.9927171875
vt 0.13828125 0.9917921875
vt 0.13828125 0.9667
vt 0.09269453124999999 0.9682203125
vt 0.09269453124999999 0.9951625
vt 0.09140625 0.9942375
vt 0.09140625 0.9691453125
vt 0.127134375 0.9609375
vt 0.13956953125 0.965775
vt 0.13828125 0.9667
vt 0.12682265625 0.96283984375
vt 0.09269453124999999 0.9951625
vt 0.080259375 1
vt 0.07994765625 0.99809765625
vt 0.09140625 0.9942375
vt 0.115053125 0.9609375
vt 0.127134375 0.9609375
vt 0.12682265625 0.96283984375
vt 0.11536484375 0.96283984375
vt 0.080259375 1
vt 0.06817812499999999 1
vt 0.06848984375 0.99809765625
vt 0.07994765625 0.99809765625
vt 0.10261796875 0.9657749999999999
vt 0.115053125 0.9609375
vt 0.11536484375 0.96283984375
vt 0.10390624999999999 0.9667
vt 0.06817812499999999 1
vt 0.055742968749999997 0.9951625
vt 0.05703124999999999 0.9942375
vt 0.06848984375 0.99809765625
vt 0.10261796875 0.9927171875
vt 0.10261796875 0.965775
vt 0.10390625 0.9667
vt 0.10390625 0.9917921875
vt 0.055742968749999997 0.9951625
vt 0.055742968749999997 0.9682203125
vt 0.05703124999999999 0.9691453125
vt 0.05703124999999999 0.9942375
vt 0.115053125 0.9975546875
vt 0.10261796875 0.9927171875
vt 0.10390625 0.9917921875
vt 0.11536484375 0.99565234375
vt 0.055742968749999997 0.9682203125
vt 0.06817812499999999 0.9633828125
vt 0.06848984375 0.96528515625
vt 0.05703124999999999 0.9691453125
vt 0.127134375 0.9975546875
vt 0.115053125 0.9975546875
vt 0.11536484375 0.99565234375
vt 0.12682265625 0.99565234375
vt 0.06817812499999999 0.9633828125
vt 0.080259375 0.9633828125
vt 0.07994765625 0.96528515625
vt 0.06848984375 0.96528515625
vn -1 -1.224646799147357e-16 -2.9629076969683865e-15
vn 1 1.224646799147357e-16 2.9629076969683865e-15
vn -1.224646799147353e-16 1 -1.224646799147357e-16
vn 0.547923688440741 -0.8365283208866833 1.7258924868893783e-15
vn 0.3192667777280183 -7.695657244431614e-17 -0.9476648799228388
vn 0.3192667777280126 1.5515437992805709e-16 0.9476648799228405
vn -0.5479236884407408 -0.8365283208866834 -1.5210021407753805e-15
vn 1.224646799147353e-16 -1 1.224646799147357e-16
vn -0.3192667777280184 7.695657244431613e-17 0.9476648799228388
vn -2.9629076969683865e-15 1.224646799147353e-16 1
vn -1.224646799147353e-16 1 -1.224646799147357e-16
vn -1.224646799147353e-16 1 -1.224646799147357e-16
vn -0.3192667777280127 -1.5515437992805709e-16 -0.9476648799228405
vn 2.9629076969683865e-15 -1.224646799147353e-16 -1
vn -0.36251551607807636 -1.5852970178086152e-16 -0.931977736108887
vn -1 -1.224646799147357e-16 -2.9629076969683865e-15
vn -0.3625155160780819 6.973900849960716e-17 0.9319777361088848
vn -2.9629076969683865e-15 1.224646799147353e-16 1
vn 0.3625155160780763 1.5852970178086152e-16 0.931977736108887
vn 1 1.224646799147357e-16 2.9629076969683865e-15
vn 0.36251551607808186 -6.973900849960717e-17 -0.9319777361088848
vn 2.9629076969683865e-15 -1.224646799147353e-16 -1
vn 1.224646799147353e-16 -1 1.224646799147357e-16
vn -1.224646799147353e-16 1 -1.224646799147357e-16
vn 1.224646799147353e-16 -1 1.224646799147357e-16
vn -1.224646799147353e-16 1 -1.224646799147357e-16
vn 1.224646799147353e-16 -1 1.224646799147357e-16
vn -1.224646799147353e-16 1 -1.224646799147357e-16
vn 1.224646799147353e-16 -1 1.224646799147357e-16
vn -1.224646799147353e-16 1 -1.224646799147357e-16
vn 1.224646799147353e-16 -1 1.224646799147357e-16
vn -1.224646799147353e-16 1 -1.224646799147357e-16
vn 1.224646799147353e-16 -1 1.224646799147357e-16
vn -1.224646799147353e-16 1 -1.224646799147357e-16
vn 1.224646799147353e-16 -1 1.224646799147357e-16
vn -1.224646799147353e-16 1 -1.224646799147357e-16
vn 1.224646799147353e-16 -1 1.224646799147357e-16
vn -1.224646799147353e-16 1 -1.224646799147357e-16
usemtl m_349ca9e1-c03b-a562-42cd-191c9d89e767
f 376/1529/405 391/1530/405 390/1531/405 375/1532/405
f 379/1533/406 395/1534/406 394/1535/406 380/1536/406
f 377/1537/407 388/1538/407 386/1539/407 378/1540/407
f 380/1541/408 384/1542/408 383/1543/408 379/1544/408
f 383/1545/409 396/1546/409 395/1547/409 379/1548/409
f 380/1549/410 394/1550/410 393/1551/410 384/1552/410
f 375/1553/411 381/1554/411 382/1555/411 376/1556/411
f 381/1557/412 383/1558/412 384/1559/412 382/1560/412
f 382/1561/413 392/1562/413 391/1563/413 376/1564/413
f 384/1565/414 393/1566/414 392/1567/414 382/1568/414
f 374/1569/415 385/1570/415 387/1571/415 373/1572/415
f 385/1573/416 386/1574/416 388/1575/416 387/1576/416
f 375/1577/417 390/1578/417 389/1579/417 381/1580/417
f 381/1581/418 389/1582/418 396/1583/418 383/1584/418
f 397/1585/419 398/1586/419 399/1587/419 400/1588/419
f 400/1589/420 399/1590/420 401/1591/420 402/1592/420
f 402/1593/421 401/1594/421 403/1595/421 404/1596/421
f 404/1597/422 403/1598/422 405/1599/422 406/1600/422
f 406/1601/423 405/1602/423 407/1603/423 408/1604/423
f 408/1605/424 407/1606/424 409/1607/424 410/1608/424
f 410/1609/425 409/1610/425 411/1611/425 412/1612/425
f 412/1613/426 411/1614/426 398/1615/426 397/1616/426
f 399/1617/427 398/1618/427 389/1619/427 390/1620/427
f 397/1621/428 400/1622/428 373/1623/428 387/1624/428
f 401/1625/429 399/1626/429 390/1627/429 391/1628/429
f 400/1629/430 402/1630/430 374/1631/430 373/1632/430
f 403/1633/431 401/1634/431 391/1635/431 392/1636/431
f 402/1637/432 404/1638/432 385/1639/432 374/1640/432
f 405/1641/433 403/1642/433 392/1643/433 393/1644/433
f 404/1645/434 406/1646/434 386/1647/434 385/1648/434
f 407/1649/435 405/1650/435 393/1651/435 394/1652/435
f 406/1653/436 408/1654/436 378/1655/436 386/1656/436
f 409/1657/437 407/1658/437 394/1659/437 395/1660/437
f 408/1661/438 410/1662/438 377/1663/438 378/1664/438
f 411/1665/439 409/1666/439 395/1667/439 396/1668/439
f 410/1669/440 412/1670/440 388/1671/440 377/1672/440
f 398/1673/441 411/1674/441 396/1675/441 389/1676/441
f 412/1677/442 397/1678/442 387/1679/442 388/1680/442
o Arm
v -0.3562499999999953 1.0156250000000018 4.966135230842929e-16
v -0.15937499999999533 1.015625000000001 8.772126480466929e-16
v -0.35624999999999507 1.0487682628834885 -0.05624999999999946
v -0.15937499999999508 1.0487682628834878 -0.05624999999999908
v -0.356249999999995 1.0718750000000015 -0.03736201288348604
v -0.15937499999999502 1.0718750000000008 -0.03736201288348566
v -0.3562499999999951 1.0718750000000015 0.037362012883487124
v -0.1593749999999952 1.0718750000000008 0.037362012883487505
v -0.3562499999999953 1.0487682628834885 0.056250000000000515
v -0.1593749999999953 1.0487682628834878 0.056250000000000897
v -0.3562499999999955 0.9824817371165151 0.05625000000000045
v -0.15937499999999558 0.9824817371165144 0.056250000000000834
v -0.35624999999999557 0.9593750000000021 0.03736201288348706
v -0.15937499999999563 0.9593750000000014 0.03736201288348744
v -0.35624999999999546 0.9593750000000021 -0.03736201288348616
v -0.15937499999999546 0.9593750000000014 -0.03736201288348578
v -0.3562499999999953 0.9824817371165151 -0.05624999999999951
v -0.15937499999999535 0.9824817371165144 -0.05624999999999913
v -0.33958333333332846 1.0487682628834885 -0.056249999999999425
v -0.3395833333333287 0.9824817371165151 -0.05624999999999948
v -0.3165441176470539 1.0487682628834885 -0.056249999999999384
v -0.31654411764705415 0.9824817371165151 -0.05624999999999943
v -0.33958333333332885 0.9593750000000021 -0.037362012883486125
v -0.3165441176470543 0.9593750000000021 -0.03736201288348608
v -0.33958333333332896 0.9593750000000021 0.037362012883487096
v -0.3165441176470544 0.9593750000000021 0.03736201288348714
v -0.3395833333333289 0.9824817371165151 0.05625000000000048
v -0.31654411764705437 0.9824817371165151 0.05625000000000053
v -0.3395833333333287 1.0487682628834885 0.05625000000000055
v -0.31654411764705415 1.0487682628834885 0.05625000000000059
v -0.3395833333333285 1.0718750000000015 0.03736201288348715
v -0.316544117647054 1.0718750000000015 0.0373620128834872
v -0.3395833333333284 1.0718750000000015 -0.037362012883486014
v -0.31654411764705387 1.0718750000000015 -0.037362012883485965
vt 0.39765625 0.7773265625
vt 0.39476796875 0.7796875
vt 0.390625 0.77265625
vt 0.16814374999999998 0.53125
vt 0.16814374999999998 0.51160390625
vt 0.171875 0.51160390625
vt 0.171875 0.53125
vt 0.39476796875 0.74375
vt 0.39765625 0.7461109375
vt 0.390625 0.75078125
vt 0.39765625 0.7679859375
vt 0.39765625 0.7773265625
vt 0.390625 0.77265625
vt 0.1906421875 0.640625
vt 0.1906421875 0.62097890625
vt 0.1999828125 0.62097890625
vt 0.1999828125 0.640625
vt 0.39765625 0.7461109375
vt 0.39765625 0.7554515625
vt 0.390625 0.75078125
vt 0.39476796875 0.765625
vt 0.39765625 0.7679859375
vt 0.390625 0.77265625
vt 0.46875 0.8515625
vt 0.46875 0.83191640625
vt 0.47248125 0.83191640625
vt 0.47248125 0.8515625
vt 0.39765625 0.7554515625
vt 0.39476796875 0.7578125
vt 0.390625 0.75078125
vt 0.38648203125 0.765625
vt 0.39476796875 0.765625
vt 0.390625 0.77265625
vt 0.38648203125 0.8984375
vt 0.38648203125 0.87879140625
vt 0.39476796875 0.87879140625
vt 0.39476796875 0.8984375
vt 0.39476796875 0.7578125
vt 0.38648203125 0.7578125
vt 0.390625 0.75078125
vt 0.38359375 0.7679859375
vt 0.38648203125 0.765625
vt 0.390625 0.77265625
vt 0.30095703125 0.53125
vt 0.30095703125 0.51160390625
vt 0.3046875 0.51160390625
vt 0.3046875 0.53125
vt 0.38648203125 0.7578125
vt 0.38359375 0.7554515625
vt 0.390625 0.75078125
vt 0.38359375 0.7773265625
vt 0.38359375 0.7679859375
vt 0.390625 0.77265625
vt 0.2765796875 0.640625
vt 0.2765796875 0.62097890625
vt 0.2859203125 0.62097890625
vt 0.2859203125 0.640625
vt 0.38359375 0.7554515625
vt 0.38359375 0.7461109375
vt 0.390625 0.75078125
vt 0.38648203125 0.7796875
vt 0.38359375 0.7773265625
vt 0.390625 0.77265625
vt 0.46875 0.7734375
vt 0.46875 0.75379140625
vt 0.47248046875 0.75379140625
vt 0.47248046875 0.7734375
vt 0.38359375 0.7461109375
vt 0.38648203125 0.74375
vt 0.390625 0.75078125
vt 0.39476796875 0.7796875
vt 0.38648203125 0.7796875
vt 0.390625 0.77265625
vt 0.12866953125000002 0.6171875
vt 0.12866953125000002 0.59754140625
vt 0.13695546874999998 0.59754140625
vt 0.13695546874999998 0.6171875
vt 0.38648203125 0.74375
vt 0.39476796875 0.74375
vt 0.390625 0.75078125
vt 0.13695546874999998 0.592578125
vt 0.13695546874999998 0.5946617187500001
vt 0.12866953125000002 0.5946617187500001
vt 0.12866953125000002 0.592578125
vt 0.13695546874999998 0.5946617187500001
vt 0.13695546874999998 0.59754140625
vt 0.12866953125000002 0.59754140625
vt 0.12866953125000002 0.5946617187500001
vt 0.47248046875 0.748828125
vt 0.47248046875 0.7509117187500001
vt 0.46875 0.7509117187500001
vt 0.46875 0.748828125
vt 0.47248046875 0.7509117187500001
vt 0.47248046875 0.75379140625
vt 0.46875 0.75379140625
vt 0.46875 0.7509117187500001
vt 0.2859203125 0.616015625
vt 0.2859203125 0.6180992187500001
vt 0.2765796875 0.6180992187500001
vt 0.2765796875 0.616015625
vt 0.2859203125 0.6180992187500001
vt 0.2859203125 0.62097890625
vt 0.2765796875 0.62097890625
vt 0.2765796875 0.6180992187500001
vt 0.3046875 0.506640625
vt 0.3046875 0.5087242187500001
vt 0.30095703125 0.5087242187500001
vt 0.30095703125 0.506640625
vt 0.3046875 0.5087242187500001
vt 0.3046875 0.51160390625
vt 0.30095703125 0.51160390625
vt 0.30095703125 0.5087242187500001
vt 0.39476796875 0.873828125
vt 0.39476796875 0.87591171875
vt 0.38648203125 0.87591171875
vt 0.38648203125 0.873828125
vt 0.39476796875 0.87591171875
vt 0.39476796875 0.87879140625
vt 0.38648203125 0.87879140625
vt 0.38648203125 0.87591171875
vt 0.47248125 0.826953125
vt 0.47248125 0.8290367187500001
vt 0.46875 0.8290367187500001
vt 0.46875 0.826953125
vt 0.47248125 0.8290367187500001
vt 0.47248125 0.83191640625
vt 0.46875 0.83191640625
vt 0.46875 0.8290367187500001
vt 0.1999828125 0.616015625
vt 0.1999828125 0.6180992187500001
vt 0.1906421875 0.6180992187500001
vt 0.1906421875 0.616015625
vt 0.1999828125 0.6180992187500001
vt 0.1999828125 0.62097890625
vt 0.1906421875 0.62097890625
vt 0.1906421875 0.6180992187500001
vt 0.171875 0.506640625
vt 0.171875 0.5087242187500001
vt 0.16814374999999998 0.5087242187500001
vt 0.16814374999999998 0.506640625
vt 0.171875 0.5087242187500001
vt 0.171875 0.51160390625
vt 0.16814374999999998 0.51160390625
vt 0.16814374999999998 0.5087242187500001
vn -1 3.996802888650565e-15 -1.9332019045709208e-15
vn 4.026292430662373e-15 0.6328859753093353 -0.774245014357052
vn 1 -3.996802888650565e-15 1.9332019045709208e-15
vn -1 3.996802888650565e-15 -1.9332019045709208e-15
vn 3.996802888650562e-15 1 1.010643099614868e-15
vn 1 -3.996802888650565e-15 1.9332019045709208e-15
vn -1 3.996802888650565e-15 -1.9332019045709208e-15
vn 1.0327485579431824e-15 0.6328859753093342 0.7742450143570527
vn 1 -3.996802888650565e-15 1.9332019045709208e-15
vn -1 3.996802888650565e-15 -1.9332019045709208e-15
vn -1.9332019045709247e-15 -1.0106430996148602e-15 1
vn 1 -3.996802888650565e-15 1.9332019045709208e-15
vn -1 3.996802888650565e-15 -1.9332019045709208e-15
vn -4.0262924306623715e-15 -0.6328859753093347 0.7742450143570524
vn 1 -3.996802888650565e-15 1.9332019045709208e-15
vn -1 3.996802888650565e-15 -1.9332019045709208e-15
vn -3.996802888650562e-15 -1 -1.010643099614868e-15
vn 1 -3.996802888650565e-15 1.9332019045709208e-15
vn -1 3.996802888650565e-15 -1.9332019045709208e-15
vn -1.0327485579431778e-15 -0.6328859753093334 -0.7742450143570534
vn 1 -3.996802888650565e-15 1.9332019045709208e-15
vn -1 3.996802888650565e-15 -1.9332019045709208e-15
vn 1.933201904570924e-15 8.012824845088422e-16 -1
vn 1 -3.996802888650565e-15 1.9332019045709208e-15
vn 1.933201904570924e-15 8.012824845088421e-16 -1
vn 1.933201904570924e-15 8.012824845088421e-16 -1
vn -1.0327485579431778e-15 -0.6328859753093334 -0.7742450143570534
vn -1.0327485579431777e-15 -0.6328859753093334 -0.7742450143570535
vn -3.996802888650562e-15 -1 -1.010643099614868e-15
vn -3.996802888650562e-15 -1 -1.010643099614868e-15
vn -4.026292430662372e-15 -0.6328859753093348 0.7742450143570525
vn -4.026292430662372e-15 -0.6328859753093348 0.7742450143570525
vn -1.9332019045709247e-15 -1.0106430996148602e-15 1
vn -1.9332019045709247e-15 -1.0106430996148602e-15 1
vn 1.0327485579431824e-15 0.6328859753093342 0.7742450143570527
vn 1.0327485579431824e-15 0.6328859753093342 0.7742450143570527
vn 3.996802888650562e-15 1 1.010643099614868e-15
vn 3.996802888650562e-15 1 1.010643099614868e-15
vn 4.026292430662373e-15 0.6328859753093352 -0.774245014357052
vn 4.026292430662373e-15 0.6328859753093352 -0.774245014357052
usemtl m_349ca9e1-c03b-a562-42cd-191c9d89e767
f 417/1681/443 415/1682/443 413/1683/443
f 416/1684/444 433/1685/444 446/1686/444 418/1687/444
f 416/1688/445 418/1689/445 414/1690/445
f 419/1691/446 417/1692/446 413/1693/446
f 418/1694/447 446/1695/447 444/1696/447 420/1697/447
f 418/1698/448 420/1699/448 414/1700/448
f 421/1701/449 419/1702/449 413/1703/449
f 420/1704/450 444/1705/450 442/1706/450 422/1707/450
f 420/1708/451 422/1709/451 414/1710/451
f 423/1711/452 421/1712/452 413/1713/452
f 422/1714/453 442/1715/453 440/1716/453 424/1717/453
f 422/1718/454 424/1719/454 414/1720/454
f 425/1721/455 423/1722/455 413/1723/455
f 424/1724/456 440/1725/456 438/1726/456 426/1727/456
f 424/1728/457 426/1729/457 414/1730/457
f 427/1731/458 425/1732/458 413/1733/458
f 426/1734/459 438/1735/459 436/1736/459 428/1737/459
f 426/1738/460 428/1739/460 414/1740/460
f 429/1741/461 427/1742/461 413/1743/461
f 428/1744/462 436/1745/462 434/1746/462 430/1747/462
f 428/1748/463 430/1749/463 414/1750/463
f 415/1751/464 429/1752/464 413/1753/464
f 430/1754/465 434/1755/465 433/1756/465 416/1757/465
f 430/1758/466 416/1759/466 414/1760/466
f 415/1761/467 431/1762/467 432/1763/467 429/1764/467
f 431/1765/468 433/1766/468 434/1767/468 432/1768/468
f 429/1769/469 432/1770/469 435/1771/469 427/1772/469
f 432/1773/470 434/1774/470 436/1775/470 435/1776/470
f 427/1777/471 435/1778/471 437/1779/471 425/1780/471
f 435/1781/472 436/1782/472 438/1783/472 437/1784/472
f 425/1785/473 437/1786/473 439/1787/473 423/1788/473
f 437/1789/474 438/1790/474 440/1791/474 439/1792/474
f 423/1793/475 439/1794/475 441/1795/475 421/1796/475
f 439/1797/476 440/1798/476 442/1799/476 441/1800/476
f 421/1801/477 441/1802/477 443/1803/477 419/1804/477
f 441/1805/478 442/1806/478 444/1807/478 443/1808/478
f 419/1809/479 443/1810/479 445/1811/479 417/1812/479
f 443/1813/480 444/1814/480 446/1815/480 445/1816/480
f 417/1817/481 445/1818/481 431/1819/481 415/1820/481
f 445/1821/482 446/1822/482 433/1823/482 431/1824/482
o cylinder
v -0.16875000052683556 1.0124999982877854 0.06250000000000058
v -0.16875000052683556 1.012499998287784 -0.06249999999999971
v -0.23750000013863135 1.030921506716223 0.06250000000000035
v -0.23750000013863135 1.0309215067162216 -0.062499999999999924
v -0.21907849248660222 1.0628284923687392 0.06250000000000003
v -0.21907849248660222 1.0628284923687379 -0.06250000000000025
v -0.18717150605767735 1.0812499986759896 0.062499999999999854
v -0.18717150605767735 1.0812499986759883 -0.06250000000000043
v -0.15032849209839794 1.081249997899581 0.06249999999999987
v -0.15032849209839794 1.0812499978995798 -0.06250000000000042
v -0.11842150644588156 1.0628284902475518 0.06250000000000007
v -0.11842150644588156 1.0628284902475504 -0.06250000000000021
v -0.10000000013863133 1.030921503818627 0.06250000000000042
v -0.10000000013863133 1.0309215038186257 -0.06249999999999986
v -0.10000000091503974 0.9940784898593477 0.06250000000000079
v -0.10000000091503974 0.9940784898593463 -0.06249999999999948
v -0.1184215085670689 0.9621715042068313 0.06250000000000111
v -0.1184215085670689 0.96217150420683 -0.06249999999999916
v -0.1503284949959938 0.943749997899581 0.06250000000000129
v -0.1503284949959938 0.9437499978995797 -0.06249999999999899
v -0.18717150895527312 0.9437499986759895 0.06250000000000128
v -0.18717150895527312 0.9437499986759882 -0.062499999999999
v -0.21907849460778955 0.9621715063280186 0.06250000000000107
v -0.21907849460778955 0.9621715063280173 -0.0624999999999992
v -0.23750000091503978 0.9940784927569435 0.06250000000000072
v -0.23750000091503978 0.9940784927569422 -0.06249999999999954
vt 0.33051015625 0.78832265625
vt 0.32652109375 0.790625
vt 0.32421875 0.78203125
vt 0.21875 0.53125
vt 0.2265625 0.53125
vt 0.2265625 0.546875
vt 0.21875 0.546875
vt 0.32652109375 0.8578125
vt 0.33051015625 0.86011484375
vt 0.32421875 0.86640625
vt 0.3328125 0.78433359375
vt 0.33051015625 0.78832265625
vt 0.32421875 0.78203125
vt 0.1875 0.53125
vt 0.1953125 0.53125
vt 0.1953125 0.546875
vt 0.1875 0.546875
vt 0.33051015625 0.86011484375
vt 0.3328125 0.86410390625
vt 0.32421875 0.86640625
vt 0.3328125 0.77972890625
vt 0.3328125 0.78433359375
vt 0.32421875 0.78203125
vt 0.40625 0.5390625
vt 0.4140625 0.5390625
vt 0.4140625 0.5546875
vt 0.40625 0.5546875
vt 0.3328125 0.86410390625
vt 0.3328125 0.86870859375
vt 0.32421875 0.86640625
vt 0.33051015625 0.77573984375
vt 0.3328125 0.77972890625
vt 0.32421875 0.78203125
vt 0.453125 0.796875
vt 0.4609375 0.796875
vt 0.4609375 0.8125
vt 0.453125 0.8125
vt 0.3328125 0.86870859375
vt 0.33051015625 0.87269765625
vt 0.32421875 0.86640625
vt 0.32652109375 0.7734375
vt 0.33051015625 0.77573984375
vt 0.32421875 0.78203125
vt 0.234375 0.53125
vt 0.2421875 0.53125
vt 0.2421875 0.546875
vt 0.234375 0.546875
vt 0.33051015625 0.87269765625
vt 0.32652109375 0.875
vt 0.32421875 0.86640625
vt 0.32191640625 0.7734375
vt 0.32652109375 0.7734375
vt 0.32421875 0.78203125
vt 0.453125 0.84375
vt 0.4609375 0.84375
vt 0.4609375 0.859375
vt 0.453125 0.859375
vt 0.32652109375 0.875
vt 0.32191640625 0.875
vt 0.32421875 0.86640625
vt 0.31792734375 0.77573984375
vt 0.32191640625 0.7734375
vt 0.32421875 0.78203125
vt 0.25 0.53125
vt 0.2578125 0.53125
vt 0.2578125 0.546875
vt 0.25 0.546875
vt 0.32191640625 0.875
vt 0.31792734375 0.87269765625
vt 0.32421875 0.86640625
vt 0.315625 0.77972890625
vt 0.31792734375 0.77573984375
vt 0.32421875 0.78203125
vt 0.1484375 0.53125
vt 0.15625 0.53125
vt 0.15625 0.546875
vt 0.1484375 0.546875
vt 0.31792734375 0.87269765625
vt 0.315625 0.86870859375
vt 0.32421875 0.86640625
vt 0.315625 0.78433359375
vt 0.315625 0.77972890625
vt 0.32421875 0.78203125
vt 0.453125 0.9375
vt 0.4609375 0.9375
vt 0.4609375 0.953125
vt 0.453125 0.953125
vt 0.315625 0.86870859375
vt 0.315625 0.86410390625
vt 0.32421875 0.86640625
vt 0.31792734375 0.78832265625
vt 0.315625 0.78433359375
vt 0.32421875 0.78203125
vt 0.453125 0.8203125
vt 0.4609375 0.8203125
vt 0.4609375 0.8359375
vt 0.453125 0.8359375
vt 0.315625 0.86410390625
vt 0.31792734375 0.86011484375
vt 0.32421875 0.86640625
vt 0.32191640625 0.790625
vt 0.31792734375 0.78832265625
vt 0.32421875 0.78203125
vt 0.203125 0.53125
vt 0.2109375 0.53125
vt 0.2109375 0.546875
vt 0.203125 0.546875
vt 0.31792734375 0.86011484375
vt 0.32191640625 0.8578125
vt 0.32421875 0.86640625
vt 0.32652109375 0.790625
vt 0.32191640625 0.790625
vt 0.32421875 0.78203125
vt 0.453125 0.9140625
vt 0.4609375 0.9140625
vt 0.4609375 0.9296875
vt 0.453125 0.9296875
vt 0.32191640625 0.8578125
vt 0.32652109375 0.8578125
vt 0.32421875 0.86640625
vn -4.4408899109558276e-16 1.038058528960369e-14 1
vn -0.8660253932477264 0.5000000182501207 -5.329070712713109e-15
vn 4.4408899109558276e-16 -1.038058528960369e-14 -1
vn -4.4408899109558276e-16 1.038058528960369e-14 1
vn -0.4999999817498789 0.8660254143211509 -9.230221006942869e-15
vn 4.4408899109558276e-16 -1.038058528960369e-14 -1
vn -4.4408899109558276e-16 1.038058528960369e-14 1
vn 2.1073424449902227e-8 0.9999999999999998 -1.0658141036401495e-14
vn 4.4408899109558276e-16 -1.038058528960369e-14 -1
vn -4.4408899109558276e-16 1.038058528960369e-14 1
vn 0.5000000182501207 0.8660253932477264 -9.230220782339336e-15
vn 4.4408899109558276e-16 -1.038058528960369e-14 -1
vn -4.4408899109558276e-16 1.038058528960369e-14 1
vn 0.8660254143211507 0.49999998174987914 -5.329070323688387e-15
vn 4.4408899109558276e-16 -1.038058528960369e-14 -1
vn -4.4408899109558276e-16 1.038058528960369e-14 1
vn 0.9999999999999998 -2.1073423363488276e-8 2.246035183278565e-22
vn 4.4408899109558276e-16 -1.038058528960369e-14 -1
vn -4.4408899109558276e-16 1.038058528960369e-14 1
vn 0.8660253932477265 -0.5000000182501205 5.3290707127131075e-15
vn 4.4408899109558276e-16 -1.038058528960369e-14 -1
vn -4.4408899109558276e-16 1.038058528960369e-14 1
vn 0.4999999817498787 -0.866025414321151 9.23022100694287e-15
vn 4.4408899109558276e-16 -1.038058528960369e-14 -1
vn -4.4408899109558276e-16 1.038058528960369e-14 1
vn -2.1073424449902227e-8 -0.9999999999999998 1.0658141036401495e-14
vn 4.4408899109558276e-16 -1.038058528960369e-14 -1
vn -4.4408899109558276e-16 1.038058528960369e-14 1
vn -0.5000000182501203 -0.8660253932477265 9.230220782339339e-15
vn 4.4408899109558276e-16 -1.038058528960369e-14 -1
vn -4.4408899109558276e-16 1.038058528960369e-14 1
vn -0.8660254143211507 -0.499999981749879 5.329070323688386e-15
vn 4.4408899109558276e-16 -1.038058528960369e-14 -1
vn -4.4408899109558276e-16 1.038058528960369e-14 1
vn -0.9999999999999998 2.107342411683532e-8 -2.2460352635713555e-22
vn 4.4408899109558276e-16 -1.038058528960369e-14 -1
usemtl m_349ca9e1-c03b-a562-42cd-191c9d89e767
f 451/1825/483 449/1826/483 447/1827/483
f 449/1828/484 451/1829/484 452/1830/484 450/1831/484
f 450/1832/485 452/1833/485 448/1834/485
f 453/1835/486 451/1836/486 447/1837/486
f 451/1838/487 453/1839/487 454/1840/487 452/1841/487
f 452/1842/488 454/1843/488 448/1844/488
f 455/1845/489 453/1846/489 447/1847/489
f 453/1848/490 455/1849/490 456/1850/490 454/1851/490
f 454/1852/491 456/1853/491 448/1854/491
f 457/1855/492 455/1856/492 447/1857/492
f 455/1858/493 457/1859/493 458/1860/493 456/1861/493
f 456/1862/494 458/1863/494 448/1864/494
f 459/1865/495 457/1866/495 447/1867/495
f 457/1868/496 459/1869/496 460/1870/496 458/1871/496
f 458/1872/497 460/1873/497 448/1874/497
f 461/1875/498 459/1876/498 447/1877/498
f 459/1878/499 461/1879/499 462/1880/499 460/1881/499
f 460/1882/500 462/1883/500 448/1884/500
f 463/1885/501 461/1886/501 447/1887/501
f 461/1888/502 463/1889/502 464/1890/502 462/1891/502
f 462/1892/503 464/1893/503 448/1894/503
f 465/1895/504 463/1896/504 447/1897/504
f 463/1898/505 465/1899/505 466/1900/505 464/1901/505
f 464/1902/506 466/1903/506 448/1904/506
f 467/1905/507 465/1906/507 447/1907/507
f 465/1908/508 467/1909/508 468/1910/508 466/1911/508
f 466/1912/509 468/1913/509 448/1914/509
f 469/1915/510 467/1916/510 447/1917/510
f 467/1918/511 469/1919/511 470/1920/511 468/1921/511
f 468/1922/512 470/1923/512 448/1924/512
f 471/1925/513 469/1926/513 447/1927/513
f 469/1928/514 471/1929/514 472/1930/514 470/1931/514
f 470/1932/515 472/1933/515 448/1934/515
f 449/1935/516 471/1936/516 447/1937/516
f 471/1938/517 449/1939/517 450/1940/517 472/1941/517
f 472/1942/518 450/1943/518 448/1944/518
o Body
v -0.16874999999999987 0.9273375427735615 -0.11160714285714354
v -0.16875000000000054 0.9273375427735615 0.11160714285714224
v -0.14181249999999987 0.7937500000000002 -0.10379464285714343
v -0.14181250000000048 0.7937500000000002 0.10379464285714232
v 0.16875000000000026 0.9273375427735615 -0.11160714285714254
v 0.1687499999999996 0.9273375427735615 0.11160714285714324
v 0.1418125000000002 0.7937500000000002 -0.10379464285714259
v 0.1418124999999996 0.7937500000000002 0.10379464285714317
v -6.101982099765442e-16 0.9273375427735615 0.15624999999999992
v -5.614316513745922e-16 0.7937500000000002 0.14531249999999993
v 2.996633980568455e-16 0.7937500000000002 -0.1453125000000002
v 4.2681948396239153e-16 0.9273375427735615 -0.19375000000000023
v -0.14181249999999987 0.860543771386781 -0.10379464285714343
v -0.14181250000000048 0.860543771386781 0.10379464285714232
v -5.696115292077724e-16 0.860543771386781 0.14531249999999993
v 0.1418124999999996 0.860543771386781 0.10379464285714315
v 0.1418125000000002 0.860543771386781 -0.1037946428571426
v 2.9148352022366535e-16 0.860543771386781 -0.1453125000000002
v 0.16875000000000023 1.087642594101836 -0.11160714285714256
v 4.022798504628511e-16 1.1277188569339043 -0.19375000000000026
v -6.347378434760845e-16 1.1277188569339043 0.1562499999999999
v 0.16874999999999957 1.087642594101836 0.11160714285714322
v -0.16875000000000057 1.087642594101836 0.11160714285714222
v -0.1687499999999999 1.087642594101836 -0.11160714285714356
v -0.10631250000000048 1.1043410369485311 0.08771350931676973
v 1.031710979020478e-16 1.1277188569339043 -0.09279891304347845
v -5.208108219758056e-16 1.1277188569339043 0.11779891304347814
v -0.10631250000000003 1.1043410369485311 -0.06271350931677068
v 0.10631250000000006 1.1043410369485311 -0.06271350931677004
v 0.10631249999999962 1.1043410369485311 0.08771350931677037
v -0.09095488903426248 1.201399206373783 0.0731560559006207
v 3.417150429859273e-17 1.1980595178044435 -0.07241847826086976
v -4.690397214093535e-16 1.1980595178044435 0.09741847826086943
v -0.09095488903426212 1.201399206373783 -0.04815605590062159
v 0.09095488903426203 1.201399206373783 -0.048156055900621046
v 0.09095488903426167 1.201399206373783 0.07315605590062123
v 5.179929889751167e-16 1.0901235283938184 -0.2312500000000003
v 0.12656250000000038 1.0650758641237756 -0.169642857142857
v 0.12656250000000038 0.9849233384596385 -0.169642857142857
v 5.302628057248868e-16 0.9899328713136468 -0.2312500000000003
v -0.12656249999999972 1.0650758641237756 -0.16964285714285776
v -0.12656249999999972 0.9849233384596385 -0.16964285714285776
v -6.841574544193569e-16 1.0776235283938187 0.1749999999999999
v -0.12656250000000063 1.052575864123776 0.14151785714285667
v -0.12656250000000063 0.9724233384596388 0.14151785714285667
v -6.718876376695865e-16 0.9774328713136471 0.1749999999999999
v 0.12656249999999947 1.052575864123776 0.14151785714285742
v 0.12656249999999947 0.9724233384596388 0.14151785714285742
vt 0.3984375 0.6015625
vt 0.3984375 0.609375
vt 0.375 0.609375
vt 0.375 0.6015625
vt 0.421875 0.796875
vt 0.421875 0.8046875
vt 0.3984375 0.8046875
vt 0.3984375 0.796875
vt 0.019300781250000003 0.7584953125
vt 0.02233359375 0.76987265625
vt 0.0011039062499999999 0.76987265625
vt 0.004136718750000002 0.7584953125
vt 0.1388203125 0.94520078125
vt 0.12109375 0.950390625
vt 0.12109375 0.9140625
vt 0.1388203125 0.91925234375
vt 0.15625 0.8984375
vt 0.15625 0.90625
vt 0.140625 0.90625
vt 0.140625 0.8984375
vt 0.216740625 0.7252796875
vt 0.216740625 0.73362890625
vt 0.19826953125 0.73362890625
vt 0.19826953125 0.7252796875
vt 0.27048046875 0.72529765625
vt 0.27048046875 0.733646875
vt 0.252009375 0.733646875
vt 0.252009375 0.72529765625
vt 0.1033671875 0.91925234375
vt 0.12109375 0.9140625
vt 0.12109375 0.950390625
vt 0.1033671875 0.94520078125
vt 0.255803125 0.85722734375
vt 0.255803125 0.8655765625
vt 0.23733203125 0.8655765625
vt 0.23733203125 0.85722734375
vt 0.004136718750000001 0.78125
vt 0.0011039062499999999 0.76987265625
vt 0.02233359375 0.76987265625
vt 0.019300781250000003 0.78125
vt 0.36886171875 0.9140625
vt 0.36983828125 0.90625
vt 0.39578671875 0.90625
vt 0.39676328125 0.9140625
vt 0.1953125 0.7421875
vt 0.19826953125 0.73362890625
vt 0.216740625 0.73362890625
vt 0.21712421875 0.7420625000000001
vt 0.25162578125 0.7420984374999999
vt 0.252009375 0.733646875
vt 0.27048046875 0.733646875
vt 0.2734375 0.7421875
vt 0.36886171875 0.84375
vt 0.36983828125 0.8359375
vt 0.39578671875 0.8359375
vt 0.39676328125 0.84375
vt 0.234375 0.8741351562499999
vt 0.23733203125 0.8655765625
vt 0.255803125 0.8655765625
vt 0.25750390624999997 0.875
vt 0.07821563511991547 0.76798515625
vt 0.07991641636991548 0.7578125
vt 0.09838751011991548 0.7578125
vt 0.10134454136991547 0.76574140625
vt 0.0625 0.6171875
vt 0.046875 0.61405625
vt 0.046875 0.6040375
vt 0.0625 0.60466328125
vt 0.0390625 0.61405625
vt 0.0234375 0.6171875
vt 0.0234375 0.60466328125
vt 0.0390625 0.6040375
vt 0.1796875 0.9375
vt 0.1484375 0.9375
vt 0.1484375 0.9140625
vt 0.1796875 0.9140625
vt 0.3984375 0.9765625
vt 0.3828125 0.97343125
vt 0.3828125 0.9634125
vt 0.3984375 0.96403828125
vt 0.3984375 0.94999375
vt 0.3828125 0.953125
vt 0.3828125 0.94060078125
vt 0.3984375 0.939975
vt 0.2109375 0.90625
vt 0.1796875 0.90625
vt 0.1796875 0.8828125
vt 0.2109375 0.8828125
vt 0.18896265533878046 0.9999838805607827
vt 0.18517507854377005 0.9863849959141204
vt 0.1881580881163588 0.9783045580677375
vt 0.19375773191842974 0.9999770701693337
vt 0.16637195558157025 0.98639375
vt 0.16261101808157025 1
vt 0.14999226808157026 1
vt 0.16026023683157026 0.97832265625
vt 0.18517507854377005 0.9863849959141204
vt 0.16637195558157025 0.98639375
vt 0.16025647623408107 0.978317690030818
vt 0.18815803571023212 0.9783047000265341
vt 0.18114583416955093 0.968739294550631
vt 0.17736760689249978 0.9551378310696813
vt 0.18347689849636803 0.9470568475513034
vt 0.19375270467590675 0.9687271815636855
vt 0.15856448282409324 0.95514375
vt 0.15480354532409324 0.96875
vt 0.14999729532409325 0.96875
vt 0.15557776407409324 0.94707265625
vt 0.17736760689249978 0.9551378310696813
vt 0.15856448282409324 0.95514375
vt 0.15557522110845654 0.9470657843227197
vt 0.18347678222608454 0.9470570013462611
vt 0.3746594556046867 0.9737919913223095
vt 0.3632159761204179 0.9765625
vt 0.359375 0.9609375
vt 0.37346774432127694 0.9609375
vt 0.421875 0.6760393459939089
vt 0.4191750501240308 0.6875
vt 0.4100930888302457 0.6863548199660563
vt 0.4100930888302457 0.6722823570673263
vt 0.33180078125 0.84375
vt 0.31663671875 0.84375
vt 0.3148171875 0.828125
vt 0.3336203125 0.828125
vt 0.03872211190914658 0.6378552567767356
vt 0.02727847612041791 0.640625
vt 0.0234375 0.625
vt 0.03753024432127692 0.625
vt 0.3515625 0.5822893749712046
vt 0.3488624271251636 0.59375
vt 0.33978047812230183 0.5926047224959113
vt 0.33978047812230183 0.5785330261106081
vt 0.33180078125 0.765625
vt 0.31663671875 0.765625
vt 0.3148171875 0.75
vt 0.3336203125 0.75
vt 0.39011229316215196 0.8515625
vt 0.40798397940574554 0.8515625
vt 0.40678736023251794 0.859375
vt 0.3828125 0.8587474771230362
vt 0.3671875 0.56528515625
vt 0.3671875 0.57530390625
vt 0.359375 0.578125
vt 0.359375 0.55808671875
vt 0.3851483629318523 0.7197458617696043
vt 0.3675416997609759 0.7197458617696043
vt 0.359375 0.7116498487760976
vt 0.38281957307371767 0.7109375
vt 0.1731846703669883 0.59375
vt 0.1731846703669883 0.5758782645948526
vt 0.17911014695916 0.5685781293333461
vt 0.1796875 0.592553296621573
vt 0.09449359394373763 0.7747819034119924
vt 0.07703177893729783 0.7770294266432437
vt 0.07821563511991547 0.76798515625
vt 0.1015625 0.7657202619437814
vt 0.375 0.57530390625
vt 0.375 0.56528515625
vt 0.3828125 0.55808671875
vt 0.3828125 0.578125
vt 0.3957473973137679 0.5859375
vt 0.41240924017241615 0.5859375
vt 0.4129965660816722 0.59375
vt 0.390625 0.5929791227357737
vt 0.3984375 0.56372265625
vt 0.3984375 0.57374140625
vt 0.390625 0.578125
vt 0.390625 0.55808671875
vt 0.3817963214446857 0.59375
vt 0.36542992957670234 0.593172473230148
vt 0.359375 0.5859375
vt 0.3811918249036599 0.5859375
vt 0.43084732202979653 0.7415994043124966
vt 0.43084732202979653 0.7249378624225808
vt 0.43674316640490096 0.7198152571142844
vt 0.4375 0.7421875
vt 0.4369123094921433 0.7560516393977441
vt 0.4375 0.7724171238927904
vt 0.4308410617698596 0.7718174349298662
vt 0.4308410617698596 0.75
vt 0.421875 0.60499140625
vt 0.421875 0.59497265625
vt 0.4296875 0.58933671875
vt 0.4296875 0.609375
vn -1 -1.224646799147357e-16 -2.9629076969683865e-15
vn 1 1.224646799147357e-16 2.9629076969683865e-15
vn 0.03669334948326316 0.9993265722994158 -1.3663201195426186e-17
vn 1.224646799147353e-16 -1 1.224646799147357e-16
vn -0.28097205598731956 -1.5194045946794308e-16 -0.9597159495154067
vn -0.28097205598732516 8.312215366499781e-17 0.959715949515405
vn 0.28097205598731956 1.5194045946794308e-16 0.9597159495154067
vn 1.224646799147353e-16 -1 1.224646799147357e-16
vn 0.28097205598732516 -8.312215366499781e-17 -0.959715949515405
vn -0.0366933494832634 0.9993265722994158 -2.311012164184497e-16
vn -0.9274196664586973 -0.3740224087747135 -2.7020543334987943e-15
vn -0.27408576191226935 -0.22003854530786165 0.9361944422478543
vn 0.2775654023170884 -0.15524835778729787 0.9480798462370666
vn 0.9274196664586973 -0.37402240877471327 2.793663402641862e-15
vn 0.27408576191226935 -0.22003854530786182 -0.9361944422478542
vn -0.23061741232227523 -0.5712384496876897 -0.7877196472934915
vn 0.4376736468143424 -5.651258279598463e-17 -0.8991339048685878
vn 0.25575196639171616 1.4971238531425042e-16 0.9667424329606986
vn 1 1.224646799147357e-16 2.9629076969683865e-15
vn -0.25575196639172193 8.70712199107982e-17 0.9667424329606971
vn -0.43767364681433707 -1.6371170892445098e-16 -0.8991339048685904
vn -1 -1.224646799147357e-16 -2.9629076969683865e-15
vn -0.23291274859700986 0.9700264962712686 0.06928382258992892
vn -0.2147660059581785 0.9766655326593499 -7.559388839415272e-16
vn -0.2583623417917031 0.9660480838674166 -8.838105404744808e-16
vn 0.22626318130017084 0.973098920616608 -0.04339888803550742
vn 0.2147660059581783 0.97666553265935 5.16724820259763e-16
vn 0.2583623417917029 0.9660480838674168 6.47197001728347e-16
vn -0.24720214624117043 0.18186416000251446 0.9517439394082522
vn -0.23887464551256374 0.27023675178378354 -0.9326901960011142
vn -0.9877117464136941 0.15628661489843224 -2.9456383261037156e-15
vn 0.24720214624117023 0.18186416000251415 -0.9517439394082523
vn 0.23887464551256382 0.2702367517837838 0.9326901960011141
vn 0.9877117464136939 0.15628661489843243 2.9073591455667265e-15
vn 0.43594721902185496 0.6355681198142166 -0.637183793973868
vn 0.8088705946398533 2.705047527313799e-17 -0.587986701488197
vn 0.3570357271855068 -0.5202773996643095 -0.7757814878634709
vn -0.41966450269658706 0.700357069888918 -0.5773921369684868
vn -0.36917077514910407 -0.47761682493679547 -0.7972421886184299
vn -0.8088705946398498 -1.710656816568847e-16 -0.5879867014882019
vn -0.3023001757048682 0.3341367719786792 0.89273020637843
vn -0.5783765558493944 2.907230214944419e-17 0.8157699183248869
vn -0.22153147618162014 -0.38662414116105964 0.8952349292405124
vn 0.3059280671851015 0.3774661206577688 0.8740293733416302
vn 0.22774309486446817 -0.34132576048557856 0.9119373925717134
vn 0.5783765558493895 1.7073370171401027e-16 0.8157699183248902
usemtl m_349ca9e1-c03b-a562-42cd-191c9d89e767
f 476/1945/519 486/1946/519 485/1947/519 475/1948/519
f 479/1949/520 489/1950/520 488/1951/520 480/1952/520
f 503/1953/521 505/1954/521 504/1955/521 506/1956/521
f 475/1957/522 483/1958/522 482/1959/522 476/1960/522
f 475/1961/523 485/1962/523 490/1963/523 483/1964/523
f 482/1965/524 487/1966/524 486/1967/524 476/1968/524
f 480/1969/525 488/1970/525 487/1971/525 482/1972/525
f 480/1973/526 482/1974/526 483/1975/526 479/1976/526
f 483/1977/527 490/1978/527 489/1979/527 479/1980/527
f 507/1981/528 504/1982/528 505/1983/528 508/1984/528
f 473/1985/529 485/1986/529 486/1987/529 474/1988/529
f 474/1989/530 486/1990/530 487/1991/530 481/1992/530
f 481/1993/531 487/1994/531 488/1995/531 478/1996/531
f 478/1997/532 488/1998/532 489/1999/532 477/2000/532
f 477/2001/533 489/2002/533 490/2003/533 484/2004/533
f 484/2005/534 490/2006/534 485/2007/534 473/2008/534
f 509/2009/535 510/2010/535 511/2011/535 512/2012/535
f 519/2013/536 515/2014/536 518/2015/536 520/2016/536
f 491/2017/537 494/2018/537 478/2019/537 477/2020/537
f 515/2021/538 516/2022/538 517/2023/538 518/2024/538
f 513/2025/539 509/2026/539 512/2027/539 514/2028/539
f 495/2029/540 496/2030/540 473/2031/540 474/2032/540
f 499/2033/541 497/2034/541 495/2035/541 493/2036/541
f 500/2037/542 498/2038/542 492/2039/542 496/2040/542
f 497/2041/543 500/2042/543 496/2043/543 495/2044/543
f 498/2045/544 501/2046/544 491/2047/544 492/2048/544
f 502/2049/545 499/2050/545 493/2051/545 494/2052/545
f 501/2053/546 502/2054/546 494/2055/546 491/2056/546
f 505/2057/547 503/2058/547 497/2059/547 499/2060/547
f 506/2061/548 504/2062/548 498/2063/548 500/2064/548
f 503/2065/549 506/2066/549 500/2067/549 497/2068/549
f 504/2069/550 507/2070/550 501/2071/550 498/2072/550
f 508/2073/551 505/2074/551 499/2075/551 502/2076/551
f 507/2077/552 508/2078/552 502/2079/552 501/2080/552
f 510/2081/553 509/2082/553 492/2083/553 491/2084/553
f 511/2085/554 510/2086/554 491/2087/554 477/2088/554
f 512/2089/555 511/2090/555 477/2091/555 484/2092/555
f 509/2093/556 513/2094/556 496/2095/556 492/2096/556
f 514/2097/557 512/2098/557 484/2099/557 473/2100/557
f 513/2101/558 514/2102/558 473/2103/558 496/2104/558
f 516/2105/559 515/2106/559 493/2107/559 495/2108/559
f 517/2109/560 516/2110/560 495/2111/560 474/2112/560
f 518/2113/561 517/2114/561 474/2115/561 481/2116/561
f 515/2117/562 519/2118/562 494/2119/562 493/2120/562
f 520/2121/563 518/2122/563 481/2123/563 478/2124/563
f 519/2125/564 520/2126/564 478/2127/564 494/2128/564
o cuboid
v 0.140625 1.1312499999999992 0.2953125000000001
v 0.140625 1.1312499999999992 0.17031250000000014
v 0.140625 0.8687499999999991 0.2953125000000001
v 0.140625 0.8687499999999991 0.17031250000000014
v -0.140625 1.1312499999999992 0.2953125000000001
v -0.140625 1.1312499999999992 0.17031250000000014
v -0.140625 0.8687499999999991 0.2953125000000001
v -0.140625 0.8687499999999991 0.17031250000000014
v 0 1.1312499999999992 0.2953125000000001
v 0 0.8687499999999991 0.2953125000000001
v 0 0.8687499999999991 0.17031250000000014
v 0 1.1312499999999992 0.17031250000000014
v 0.109375 1.1937499999999992 0.18593750000000014
v 0.015625 1.1937499999999992 0.18593750000000014
v 0.015625 1.1937499999999992 0.2796875000000001
v 0.109375 1.1937499999999992 0.2796875000000001
v -0.109375 1.1937499999999992 0.2796875000000001
v -0.015625 1.1937499999999992 0.18593750000000014
v -0.015625 1.1937499999999992 0.2796875000000001
v -0.109375 1.1937499999999992 0.18593750000000014
v 0.15625 0.8062499999999991 0.32656250000000014
v 0 0.8062499999999991 0.32656250000000014
v 0 0.8062499999999991 0.17031250000000014
v 0.15625 0.8062499999999991 0.17031250000000014
v -0.15625 0.8062499999999991 0.17031250000000014
v 0 0.8062499999999991 0.32656250000000014
v 0 0.8062499999999991 0.17031250000000014
v -0.15625 0.8062499999999991 0.32656250000000014
v -0.136875 0.8062499999999991 0.18503750000000013
v -0.019375 0.8062499999999991 0.3118375000000001
v -0.019375 0.8062499999999991 0.18503750000000013
v -0.136875 0.8062499999999991 0.3118375000000001
v 0.136875 0.8062499999999991 0.3118375000000001
v 0.019375 0.8062499999999991 0.3118375000000001
v 0.019375 0.8062499999999991 0.18503750000000013
v 0.136875 0.8062499999999991 0.18503750000000013
v -0.11812500000000001 0.8312499999999992 0.21003750000000013
v -0.038125000000000006 0.8312499999999992 0.29308750000000017
v -0.038125000000000006 0.8312499999999992 0.21003750000000013
v -0.11812500000000001 0.8312499999999992 0.29308750000000017
v 0.118125 0.8312499999999992 0.2930875000000001
v 0.038125000000000006 0.8312499999999992 0.2930875000000001
v 0.038125000000000006 0.8312499999999992 0.21003750000000015
v 0.118125 0.8312499999999992 0.21003750000000015
v -0.10546875 0.9343749999999991 0.3578125000000002
v -0.03515625 1.0656249999999992 0.3578125000000002
v -0.03515625 0.9343749999999991 0.3578125000000002
v -0.10546875 1.0656249999999992 0.3578125000000002
v 0.10546875 1.0656249999999992 0.3578125000000002
v 0.03515625 1.0656249999999992 0.3578125000000002
v 0.03515625 0.9343749999999991 0.3578125000000002
v 0.10546875 0.9343749999999991 0.3578125000000002
vt 0.185546875 0.8671875
vt 0.169921875 0.8671875
vt 0.169921875 0.834375
vt 0.185546875 0.834375
vt 0.056640625 0.7875
vt 0.056640625 0.8203125
vt 0.041015625 0.8203125
vt 0.041015625 0.7875
vt 0.34375 0.828125
vt 0.359375 0.828125
vt 0.359375 0.84375
vt 0.34375 0.84375
vt 0.5 0.71875
vt 0.5078125 0.71875
vt 0.5078125 0.7265625
vt 0.5 0.7265625
vt 0.265625 0.53125
vt 0.2734375 0.53125
vt 0.2734375 0.546875
vt 0.265625 0.546875
vt 0.037109375 0.937259375
vt 0.01953125 0.937259375
vt 0.01953125 0.904446875
vt 0.037109375 0.904446875
vt 0.2890625 0.546875
vt 0.28125 0.546875
vt 0.28125 0.53125
vt 0.2890625 0.53125
vt 0.5078125 0.7109375
vt 0.5 0.7109375
vt 0.5 0.703125
vt 0.5078125 0.703125
vt 0.001953125 0.904446875
vt 0.01953125 0.904446875
vt 0.01953125 0.937259375
vt 0.001953125 0.937259375
vt 0.1796875 0.6484375
vt 0.1640625 0.6484375
vt 0.1640625 0.6328125
vt 0.1796875 0.6328125
vt 0.017578125 0.9453125
vt 0.005859375 0.9453125
vt 0.001953125 0.937259375
vt 0.01953125 0.937259375
vt 0.458984375 0.7265625
vt 0.447265625 0.7265625
vt 0.4453125 0.71875
vt 0.4609375 0.71875
vt 0.4462890625 0.578125
vt 0.4345703125 0.578125
vt 0.4326171875 0.5703125
vt 0.4501953125 0.5703125
vt 0.466796875 0.7890625
vt 0.455078125 0.7890625
vt 0.453125 0.78125
vt 0.46875 0.78125
vt 0.2294921875 0.5625
vt 0.2177734375 0.5625
vt 0.2138671875 0.5546875
vt 0.2314453125 0.5546875
vt 0.466796875 0.890625
vt 0.455078125 0.890625
vt 0.453125 0.8828125
vt 0.46875 0.8828125
vt 0.033203125 0.9453125
vt 0.021484375 0.9453125
vt 0.01953125 0.937259375
vt 0.037109375 0.937259375
vt 0.310546875 0.546875
vt 0.298828125 0.546875
vt 0.296875 0.5390625
vt 0.3125 0.5390625
vt 0.431640625 0.8984375
vt 0.451171875 0.8984375
vt 0.44921875 0.90625
vt 0.431640625 0.90625
vt 0.423828125 0.8515625
vt 0.443359375 0.8515625
vt 0.439453125 0.859375
vt 0.423828125 0.859375
vt 0 0.896634375
vt 0.01953125 0.896634375
vt 0.01953125 0.904446875
vt 0.001953125 0.904446875
vt 0.166015625 0.826321875
vt 0.185546875 0.826321875
vt 0.185546875 0.834375
vt 0.169921875 0.834375
vt 0.01953125 0.896634375
vt 0.0390625 0.896634375
vt 0.037109375 0.904446875
vt 0.01953125 0.904446875
vt 0.3984375 0.6171875
vt 0.421875 0.6171875
vt 0.421875 0.625
vt 0.40234375 0.625
vt 0.0234375 0.5859375
vt 0.046875 0.5859375
vt 0.046875 0.59375
vt 0.025390625 0.59375
vt 0.041015625 0.779446875
vt 0.060546875 0.779446875
vt 0.056640625 0.7875
vt 0.041015625 0.7875
vt 0.276875 0.884653125
vt 0.2621875 0.884653125
vt 0.259765625 0.8828125
vt 0.279296875 0.8828125
vt 0.276875 0.900503125
vt 0.276875 0.884653125
vt 0.279296875 0.8828125
vt 0.279296875 0.90234375
vt 0.2621875 0.900503125
vt 0.276875 0.900503125
vt 0.279296875 0.90234375
vt 0.259765625 0.90234375
vt 0.2621875 0.884653125
vt 0.2621875 0.900503125
vt 0.259765625 0.90234375
vt 0.259765625 0.8828125
vt 0.145 0.736440625
vt 0.1596875 0.736440625
vt 0.162109375 0.73828125
vt 0.142578125 0.73828125
vt 0.145 0.720590625
vt 0.145 0.736440625
vt 0.142578125 0.73828125
vt 0.142578125 0.71875
vt 0.1596875 0.720590625
vt 0.145 0.720590625
vt 0.142578125 0.71875
vt 0.162109375 0.71875
vt 0.1596875 0.736440625
vt 0.1596875 0.720590625
vt 0.162109375 0.71875
vt 0.162109375 0.73828125
vt 0.4659375 0.640625
vt 0.4559375 0.640625
vt 0.45359375 0.6328125
vt 0.46828125 0.6328125
vt 0.4548 0.6015625
vt 0.44441875 0.6015625
vt 0.44129375 0.59375
vt 0.45714375 0.59375
vt 0.458125 0.546875
vt 0.448125 0.546875
vt 0.44578125 0.5390625
vt 0.46046875 0.5390625
vt 0.44620625 0.5625
vt 0.435825 0.5625
vt 0.43348125 0.5546875
vt 0.44933125 0.5546875
vt 0.4346875 0.546875
vt 0.4246875 0.546875
vt 0.42234375 0.5390625
vt 0.43703125 0.5390625
vt 0.46183125 1
vt 0.45145 1
vt 0.44910625 0.9921875
vt 0.46495625 0.9921875
vt 0.3878125 0.546875
vt 0.3778125 0.546875
vt 0.37546875 0.5390625
vt 0.39015625 0.5390625
vt 0.040737499999999996 0.5546875
vt 0.03035625 0.5546875
vt 0.02723125 0.546875
vt 0.04308125 0.546875
vt 0.25830078125 0.5625
vt 0.24951171875 0.5625
vt 0.2451171875 0.5546875
vt 0.2626953125 0.5546875
vt 0.2109375 0.663671875
vt 0.2109375 0.647265625
vt 0.21875 0.6390625
vt 0.21875 0.671875
vt 0.28076171875 0.5546875
vt 0.28955078125 0.5546875
vt 0.2939453125 0.5625
vt 0.2763671875 0.5625
vt 0.234375 0.647265625
vt 0.234375 0.663671875
vt 0.2265625 0.671875
vt 0.2265625 0.6390625
vt 0.31201171875 0.5546875
vt 0.32080078125 0.5546875
vt 0.3251953125 0.5625
vt 0.3076171875 0.5625
vt 0.25 0.647265625
vt 0.25 0.663671875
vt 0.2421875 0.671875
vt 0.2421875 0.6390625
vt 0.45361328125 0.6171875
vt 0.44482421875 0.6171875
vt 0.4404296875 0.609375
vt 0.4580078125 0.609375
vt 0.2578125 0.663671875
vt 0.2578125 0.647265625
vt 0.265625 0.6390625
vt 0.265625 0.671875
vn 1 0 0
vn -1 0 0
vn 0 1 0
vn 0 -1 0
vn 0 0 1
vn 0 0 -1
vn 0 0 1
vn 0 -1 0
vn 0 0 -1
vn 0 1 0
vn 0 0.242535625036333 -0.970142500145332
vn -0.970142500145332 0.242535625036333 0
vn 0 0.242535625036333 0.970142500145332
vn 0.894427190999916 0.447213595499958 0
vn 0 0.242535625036333 0.970142500145332
vn 0.970142500145332 0.242535625036333 0
vn 0 0.242535625036333 -0.970142500145332
vn -0.894427190999916 0.447213595499958 0
vn 0 0.44721359549995826 0.8944271909999157
vn -1 0 0
vn 0 0 -1
vn 0.9701425001453319 0.24253562503633297 0
vn 0 0 -1
vn 1 0 0
vn 0 0.44721359549995826 0.8944271909999157
vn -0.9701425001453319 0.24253562503633297 0
vn 0 -1 0
vn 0 -1 0
vn 0 -1 0
vn 0 -1 0
vn 0 -1 0
vn 0 -1 0
vn 0 -1 0
vn 0 -1 0
vn 0 -0.7071067811865476 0.7071067811865476
vn -0.7999999999999998 -0.6000000000000001 0
vn 0 -0.5999999999999998 -0.8000000000000002
vn 0.8000000000000002 -0.5999999999999998 0
vn 0 -0.6000000000000004 -0.7999999999999998
vn 0.7999999999999999 -0.6000000000000001 0
vn 0 -0.7071067811865477 0.7071067811865474
vn -0.8000000000000002 -0.6000000000000001 0
vn 0 -0.6896551724137935 0.7241379310344825
vn 0.8715755371245495 0 0.4902612396325587
vn 0 0.6896551724137935 0.7241379310344825
vn -0.8715755371245495 0 0.4902612396325587
vn 0 0.6896551724137935 0.7241379310344825
vn -0.8715755371245495 0 0.4902612396325587
vn 0 -0.6896551724137935 0.7241379310344825
vn 0.8715755371245495 0 0.4902612396325587
usemtl m_349ca9e1-c03b-a562-42cd-191c9d89e767
f 522/2129/565 521/2130/565 523/2131/565 524/2132/565
f 527/2133/566 525/2134/566 526/2135/566 528/2136/566
f 537/2137/567 539/2138/567 538/2139/567 540/2140/567
f 557/2141/568 559/2142/568 558/2143/568 560/2144/568
f 565/2145/569 567/2146/569 566/2147/569 568/2148/569
f 526/2149/570 532/2150/570 531/2151/570 528/2152/570
f 569/2153/571 570/2154/571 571/2155/571 572/2156/571
f 561/2157/572 562/2158/572 563/2159/572 564/2160/572
f 524/2161/573 531/2162/573 532/2163/573 522/2164/573
f 533/2165/574 534/2166/574 535/2167/574 536/2168/574
f 534/2169/575 533/2170/575 522/2171/575 532/2172/575
f 535/2173/576 534/2174/576 532/2175/576 529/2176/576
f 536/2177/577 535/2178/577 529/2179/577 521/2180/577
f 533/2181/578 536/2182/578 521/2183/578 522/2184/578
f 539/2185/579 537/2186/579 525/2187/579 529/2188/579
f 538/2189/580 539/2190/580 529/2191/580 532/2192/580
f 540/2193/581 538/2194/581 532/2195/581 526/2196/581
f 537/2197/582 540/2198/582 526/2199/582 525/2200/582
f 542/2201/583 541/2202/583 523/2203/583 530/2204/583
f 543/2205/584 542/2206/584 530/2207/584 531/2208/584
f 544/2209/585 543/2210/585 531/2211/585 524/2212/585
f 541/2213/586 544/2214/586 524/2215/586 523/2216/586
f 547/2217/587 545/2218/587 528/2219/587 531/2220/587
f 546/2221/588 547/2222/588 531/2223/588 530/2224/588
f 548/2225/589 546/2226/589 530/2227/589 527/2228/589
f 545/2229/590 548/2230/590 527/2231/590 528/2232/590
f 551/2233/591 549/2234/591 545/2235/591 547/2236/591
f 550/2237/592 551/2238/592 547/2239/592 546/2240/592
f 552/2241/593 550/2242/593 546/2243/593 548/2244/593
f 549/2245/594 552/2246/594 548/2247/594 545/2248/594
f 554/2249/595 553/2250/595 541/2251/595 542/2252/595
f 555/2253/596 554/2254/596 542/2255/596 543/2256/596
f 556/2257/597 555/2258/597 543/2259/597 544/2260/597
f 553/2261/598 556/2262/598 544/2263/598 541/2264/598
f 559/2265/599 557/2266/599 549/2267/599 551/2268/599
f 558/2269/600 559/2270/600 551/2271/600 550/2272/600
f 560/2273/601 558/2274/601 550/2275/601 552/2276/601
f 557/2277/602 560/2278/602 552/2279/602 549/2280/602
f 562/2281/603 561/2282/603 553/2283/603 554/2284/603
f 563/2285/604 562/2286/604 554/2287/604 555/2288/604
f 564/2289/605 563/2290/605 555/2291/605 556/2292/605
f 561/2293/606 564/2294/606 556/2295/606 553/2296/606
f 567/2297/607 565/2298/607 527/2299/607 530/2300/607
f 566/2301/608 567/2302/608 530/2303/608 529/2304/608
f 568/2305/609 566/2306/609 529/2307/609 525/2308/609
f 565/2309/610 568/2310/610 525/2311/610 527/2312/610
f 570/2313/611 569/2314/611 521/2315/611 529/2316/611
f 571/2317/612 570/2318/612 529/2319/612 530/2320/612
f 572/2321/613 571/2322/613 530/2323/613 523/2324/613
f 569/2325/614 572/2326/614 523/2327/614 521/2328/614