# Made in Blockbench 5.1.5
mtllib Peacekeeper Body.mtl

o Toe
v -0.21249999999999938 0.03749999999999998 -0.20000000000000073
v -0.21250000000000002 0.1187499999999998 0.01249999999999929
v -0.21249999999999938 0.006249999999999978 -0.20000000000000073
v -0.2125 0.006249999999999978 0.012499999999999303
v -0.06249999999999948 0.03749999999999998 -0.2000000000000003
v -0.06250000000000011 0.1187499999999998 0.012499999999999734
v -0.062499999999999466 0.006249999999999978 -0.2000000000000003
v -0.0625000000000001 0.006249999999999978 0.012499999999999747
v -0.2124999999999996 0.1187499999999998 -0.13125000000000064
v -0.21249999999999958 0.006249999999999978 -0.13125000000000064
v -0.06249999999999967 0.006249999999999978 -0.1312500000000002
v -0.06249999999999968 0.1187499999999998 -0.1312500000000002
vt 0.32265625 0.8140625
vt 0.33125 0.8140625
vt 0.33125 0.828125
vt 0.32265625 0.81796875
vt 0.35703125 0.73203125
vt 0.3484375 0.7421875
vt 0.3484375 0.728125
vt 0.35703125 0.728125
vt 0.109375 0.7109375
vt 0.109375 0.7265625
vt 0.09375 0.7265625
vt 0.09375 0.7109375
vt 0.14296875 0.690625
vt 0.14296875 0.68203125
vt 0.16171875 0.68203125
vt 0.16171875 0.690625
vt 0.4921875 0.859375
vt 0.4921875 0.8671875
vt 0.4765625 0.8671875
vt 0.4765625 0.859375
vt 0.125 0.8203125
vt 0.109375 0.8203125
vt 0.109375 0.8046875
vt 0.125 0.8046875
vt 0.34921875 0.828125
vt 0.33125 0.828125
vt 0.33125 0.8140625
vt 0.34921875 0.8140625
vt 0.16171875 0.6640625
vt 0.16171875 0.68203125
vt 0.14296875 0.68203125
vt 0.14296875 0.6640625
vt 0.33046875 0.728125
vt 0.3484375 0.728125
vt 0.3484375 0.7421875
vt 0.33046875 0.7421875
vt 0.1953125 0.921875
vt 0.1953125 0.90625
vt 0.2109375 0.90625
vt 0.2109375 0.921875
vn -1 -1.224646799147357e-16 -2.9629076969683865e-15
vn 1 1.224646799147357e-16 2.9629076969683865e-15
vn 2.1827379908356897e-15 0.6459422414661751 -0.7633862853691137
vn 1.224646799147353e-16 -1 1.224646799147357e-16
vn 2.9629076969683865e-15 -1.224646799147353e-16 -1
vn -2.9629076969683865e-15 1.224646799147353e-16 1
vn -1 -1.224646799147357e-16 -2.9629076969683865e-15
vn 1.224646799147353e-16 -1 1.224646799147357e-16
vn 1 1.224646799147357e-16 2.9629076969683865e-15
vn -1.224646799147353e-16 1 -1.224646799147357e-16
usemtl m_084e7548-2300-4378-46d0-9b20b1ffff30
f 3/1/1 10/2/1 9/3/1 1/4/1
f 5/5/2 12/6/2 11/7/2 7/8/2
f 1/9/3 9/10/3 12/11/3 5/12/3
f 7/13/4 11/14/4 10/15/4 3/16/4
f 3/17/5 1/18/5 5/19/5 7/20/5
f 6/21/6 2/22/6 4/23/6 8/24/6
f 2/25/7 9/26/7 10/27/7 4/28/7
f 4/29/8 10/30/8 11/31/8 8/32/8
f 8/33/9 11/34/9 12/35/9 6/36/9
f 6/37/10 12/38/10 9/39/10 2/40/10
o Shin
v -0.05000000000000032 0.37690868257532195 0.06585365853658515
v -0.22499999999999976 0.37690868257532195 -0.10000000000000073
v -0.22500000000000037 0.37690868257532195 0.10624999999999923
v -0.2625000000000005 0.13385026154223434 0.16874999999999918
v -0.04999999999999983 0.37690868257532195 -0.1000000000000002
v -0.05000000000000044 0.37690868257532195 0.10624999999999976
v -0.012500000000000601 0.1338502615422344 0.16874999999999993
v -0.2201388888888886 0.1322916666666667 -0.11250000000000068
v -0.21388888888888943 0.1338502615422344 0.16874999999999932
v -0.054861111111110826 0.1322916666666667 -0.11250000000000018
v -0.06111111111111165 0.1338502615422344 0.1687499999999998
v -0.19097222222222263 0.37690868257532195 0.10624999999999934
v -0.08402777777777821 0.37690868257532195 0.10624999999999965
v -0.19097222222222202 0.37690868257532195 -0.10000000000000062
v -0.0840277777777776 0.37690868257532195 -0.10000000000000031
v -0.22500000000000012 0.37690868257532195 0.01897865853658462
v -0.26250000000000007 0.13385026154223434 0.01897865853658454
v -0.220138888888889 0.1322916666666667 0.018978658536584665
v -0.054861111111111215 0.1322916666666667 0.018978658536585154
v -0.012500000000000157 0.1338502615422344 0.01897865853658528
v -0.05000000000000018 0.37690868257532195 0.01897865853658514
v -0.08402777777777795 0.37690868257532195 0.018978658536585036
v -0.19097222222222238 0.37690868257532195 0.01897865853658472
v -0.22013888888888858 0.006249999999999978 -0.11250000000000066
v -0.26250000000000007 0.006249999999999922 0.018978658536584554
v -0.22013888888888897 0.006249999999999978 0.01897865853658468
v -0.2624999999999997 0.006249999999999922 -0.11250000000000078
v -0.2625000000000005 0.006249999999999922 0.1687499999999992
v -0.2138888888888894 0.006249999999999978 0.16874999999999934
v -0.061111111111111636 0.006249999999999978 0.1687499999999998
v -0.0548611111111112 0.006249999999999978 0.018978658536585168
v -0.012500000000000141 0.006249999999999978 0.018978658536585296
v -0.012500000000000585 0.006249999999999978 0.16874999999999993
v -0.012499999999999753 0.006249999999999978 -0.11250000000000004
v -0.05486111111111081 0.006249999999999978 -0.11250000000000017
v -0.2370473053061808 0.2970271628794413 0.018978658536584595
v -0.2370473053061811 0.2970271628794413 0.12632884217696708
v -0.19833446435377752 0.2970271628794413 0.1263288421769672
v -0.07666553564622336 0.2970271628794413 0.12632884217696755
v -0.037952694693819775 0.2970271628794413 0.12632884217696766
v -0.037952694693819455 0.2970271628794413 0.018978658536585185
v -0.22500000000000026 0.37690868257532195 0.06585365853658462
v -0.26250000000000023 0.13385026154223434 0.06585365853658454
v -0.012500000000000296 0.1338502615422344 0.06585365853658529
v -0.08402777777777809 0.37690868257532195 0.06585365853658504
v -0.19097222222222252 0.37690868257532195 0.06585365853658473
v -0.26250000000000023 0.006249999999999922 0.06585365853658456
v -0.2138888888888891 0.006249999999999978 0.0658536585365847
v -0.06111111111111133 0.006249999999999978 0.06585365853658516
v -0.01250000000000028 0.006249999999999978 0.0658536585365853
v -0.23704730530618093 0.2970271628794413 0.06585365853658459
v -0.037952694693819594 0.2970271628794413 0.06585365853658519
v -0.23735341777916755 0.37690868257532195 -0.13749172748134675
v -0.24940072308534825 0.299578770173872 -0.13749172748134678
v -0.2526939430931456 0.30084452803008543 0.018978658536584547
v -0.2415250871322073 0.37690868257532195 0.01897865853658457
v -0.27642660606610364 0.1342003492419887 0.018978658536584498
v -0.2749267088895836 0.133567470313882 -0.13749172748134683
v -0.27499999999999963 0.006249999999999922 -0.13749172748134683
v -0.2765625000000001 0.006249999999999922 0.018978658536584512
v -0.2201388888888885 0.006249999999999978 -0.13749172748134666
v -0.22013888888888852 0.13314889962547816 -0.13749172748134666
v -0.20034234857147357 0.2983130123176585 -0.13749172748134664
v -0.0840277777777775 0.37690868257532195 -0.1374917274813463
v -0.07465765142852579 0.2983130123176585 -0.13749172748134625
v -0.1909722222222219 0.37690868257532195 -0.1374917274813466
v -0.05486111111111075 0.13314889962547816 -0.1374917274813462
v -0.03764658222083181 0.37690868257532195 -0.13749172748134617
v -0.025599276914651085 0.299578770173872 -0.1374917274813461
v -0.00007329111041573793 0.13356747031388205 -0.13749172748134603
v 3.2165580636810337e-16 0.006249999999999978 -0.137491727481346
v -0.054861111111110736 0.006249999999999978 -0.13749172748134617
v 0.0015624999999998492 0.006249999999999978 0.018978658536585338
v 0.0014266060661034306 0.13420034924198876 0.01897865853658532
v -0.022306056906854638 0.30084452803008543 0.01897865853658523
v -0.03347491286779302 0.37690868257532195 0.01897865853658519
v -0.0777777777777775 0.44565868257532193 -0.13749172748134628
v -0.1972222222222219 0.44565868257532193 -0.13749172748134664
v -0.19722222222222202 0.44565868257532193 -0.10000000000000064
v -0.07777777777777761 0.44565868257532193 -0.1000000000000003
v -0.1374999999999997 0.46440868257532186 -0.13749172748134647
v -0.13749999999999982 0.46440868257532186 -0.10000000000000048
v -0.1374999999999998 0.37690868257532195 -0.10000000000000046
v -0.13750000000000015 0.37690868257532195 0.01897865853658488
v -0.1375000000000003 0.37690868257532195 0.06585365853658488
v -0.1375000000000004 0.37690868257532195 0.1062499999999995
v -0.13750000000000043 0.2970271628794413 0.12632884217696738
v -0.13750000000000054 0.1338502615422344 0.16874999999999957
v -0.1375000000000005 0.006249999999999978 0.16874999999999957
v -0.1375000000000002 0.006249999999999978 0.06585365853658492
v -0.1375000000000001 0.006249999999999978 0.018978658536584925
v -0.13750000000000012 0.1322916666666667 0.018978658536584907
v -0.13749999999999973 0.1322916666666667 -0.11250000000000043
v -0.13749999999999965 0.13314889962547816 -0.13749172748134642
v -0.13749999999999968 0.2983130123176585 -0.13749172748134644
v -0.13749999999999968 0.37690868257532195 -0.13749172748134647
v -0.24977365265309082 0.21621800964862165 0.14753942108848314
v -0.24977365265309057 0.21621800964862165 0.06585365853658456
v -0.24977365265309043 0.21621800964862165 0.018978658536584567
v -0.2645602745796246 0.21752243863603704 0.018978658536584522
v -0.2621637159874659 0.21657312024387698 -0.1374917274813468
v -0.21024061873018104 0.21573095597156833 -0.13749172748134666
v -0.13749999999999965 0.21573095597156833 -0.13749172748134644
v -0.06475938126981827 0.21573095597156833 -0.13749172748134622
v -0.01283628401253341 0.21657312024387704 -0.13749172748134608
v -0.010439725420375603 0.2175224386360371 0.018978658536585275
v -0.025226347346909806 0.2162180096486217 0.01897865853658523
v -0.025226347346909945 0.2162180096486217 0.06585365853658523
v -0.025226347346910188 0.2162180096486217 0.1475394210884838
v -0.0688883233786675 0.2162180096486217 0.1475394210884837
v -0.1375000000000005 0.2162180096486217 0.14753942108848347
v -0.2061116766213335 0.2162180096486217 0.14753942108848328
v -0.2716518896609213 0.13385026154223434 0.06585365853658451
v -0.2607143896609213 0.21621800964862165 0.06585365853658454
v -0.26071438966092114 0.21621800964862165 0.018978658536584533
v -0.27165188966092113 0.13385026154223434 0.018978658536584512
v -0.27165188966092163 0.13385026154223434 0.179723525694423
v -0.2607143896609216 0.21621800964862165 0.167223525694423
v -0.21388888888888946 0.1338502615422344 0.17972352569442315
v -0.20611167662133356 0.2162180096486217 0.16722352569442317
v -0.13750000000000057 0.1338502615422344 0.1797235256944234
v -0.13750000000000057 0.2162180096486217 0.16722352569442336
v -0.061111111111111685 0.1338502615422344 0.17972352569442362
v -0.06888832337866757 0.2162180096486217 0.16722352569442359
v -0.003348110339079501 0.1338502615422344 0.1797235256944238
v -0.014285610339079477 0.2162180096486217 0.16722352569442372
v -0.0033481103390791637 0.1338502615422344 0.06585365853658531
v -0.014285610339079175 0.2162180096486217 0.06585365853658527
v -0.003348110339079025 0.1338502615422344 0.018978658536585306
v -0.014285610339079036 0.2162180096486217 0.018978658536585265
vt 0.0019304893595918759 0.7792796422977736
vt 0.0019470460929793248 0.7687819674461411
vt 0.021508081075560327 0.7688843100515166
vt 0.021493106063582477 0.7794038585217027
vt 0.13475654047686078 0.7794038560583396
vt 0.1347424082029644 0.768883525173603
vt 0.15430345131443124 0.7687827482418693
vt 0.15431916855856959 0.7792796431354421
vt 0.235503125 0.76328125
vt 0.235503125 0.77815390625
vt 0.23125 0.77815390625
vt 0.23125 0.76328125
vt 0.2912 0.53206015625
vt 0.2912 0.515625
vt 0.2964953125 0.515625
vt 0.2964953125 0.53206015625
vt 0.13835625 0.838771875
vt 0.1367609375 0.82839609375
vt 0.14325156249999998 0.828290625
vt 0.14448828125 0.83861328125
vt 0.2654171875 0.7006414062499999
vt 0.2663890625 0.6901976562500001
vt 0.271846875 0.6901976562500001
vt 0.27025625 0.7006414062499999
vt 0.4066296875 0.53206015625
vt 0.4066296875 0.515625
vt 0.411925 0.515625
vt 0.411925 0.53206015625
vt 0.3345484375 0.67268515625
vt 0.32421875 0.67268515625
vt 0.32421875 0.65625
vt 0.3345484375 0.65625
vt 0.24536875 0.7006414062499999
vt 0.243778125 0.6901976562500001
vt 0.2492359375 0.6901976562500001
vt 0.2502078125 0.7006414062499999
vt 0.2502078125 0.7006414062499999
vt 0.2492359375 0.6901976562500001
vt 0.2578125 0.6901976562500001
vt 0.2578125 0.7006414062499999
vt 0.253125 0.76328125
vt 0.253125 0.77815390625
vt 0.248871875 0.77815390625
vt 0.248871875 0.76328125
vt 0.248871875 0.77815390625
vt 0.2421875 0.77815390625
vt 0.2421875 0.76328125
vt 0.248871875 0.76328125
vt 0.16019921874999998 0.83861328125
vt 0.1614359375 0.828290625
vt 0.1679265625 0.82839609375
vt 0.16633124999999999 0.838771875
vt 0.15234375 0.83861328125
vt 0.15234375 0.828290625
vt 0.1614359375 0.828290625
vt 0.16019921874999998 0.83861328125
vt 0.3691265625 0.7107
vt 0.38556171875 0.7107
vt 0.38556171875 0.72645546875
vt 0.3691265625 0.72645546875
vt 0.0019632602422941913 0.7423702297419807
vt 0.02152263524229419 0.7423702297419807
vt 0.02152263524229419 0.7583639797419808
vt 0.0019632602422941913 0.7582850734919807
vt 0.1626734375 0.80210546875
vt 0.16953125 0.80210546875
vt 0.169521875 0.8180203125000001
vt 0.1626734375 0.81796796875
vt 0.296875 0.843425
vt 0.3029515625 0.843425
vt 0.3029515625 0.859375
vt 0.296875 0.859375
vt 0.3029515625 0.843425
vt 0.3125 0.843425
vt 0.3125 0.859375
vt 0.3029515625 0.859375
vt 0.3892359375 0.7578125
vt 0.37890625 0.7578125
vt 0.37890625 0.74205703125
vt 0.3892359375 0.74205703125
vt 0.3220484375 0.843425
vt 0.328125 0.843425
vt 0.328125 0.859375
vt 0.3220484375 0.859375
vt 0.13472757856932488 0.7423702283486557
vt 0.15428773481932487 0.7423702283486557
vt 0.15428773481932487 0.7582850720986557
vt 0.13472757856932488 0.7583639783486557
vt 0.38006328125 0.92945
vt 0.3964984375 0.92945
vt 0.3964984375 0.94520546875
vt 0.38006328125 0.94520546875
vt 0.13515625 0.80210546875
vt 0.1420140625 0.80210546875
vt 0.1420140625 0.81796796875
vt 0.135165625 0.8180203125000001
vt 0.159028125 0.8484375
vt 0.15234375 0.8484375
vt 0.15234375 0.83861328125
vt 0.16019921874999998 0.83861328125
vt 0.159028125 0.8484375
vt 0.16019921874999998 0.83861328125
vt 0.16633124999999999 0.838771875
vt 0.16482578125 0.8484375
vt 0.0019148647577058083 0.7890625
vt 0.0019304893595918759 0.7792796422977736
vt 0.02149403178320227 0.7794038643997198
vt 0.021480432356982306 0.7890132805895167
vt 0.246875 0.7109375
vt 0.24536875 0.7006414062499999
vt 0.2502078125 0.7006414062499999
vt 0.251128125 0.7109375
vt 0.2502078125 0.7006414062499999
vt 0.2578125 0.7006414062499999
vt 0.2578125 0.7109375
vt 0.251128125 0.7109375
vt 0.264496875 0.7109375
vt 0.2654171875 0.7006414062499999
vt 0.27025625 0.7006414062499999
vt 0.26875 0.7109375
vt 0.13476935385597857 0.7890132708195343
vt 0.13475654047686078 0.7794038560583396
vt 0.15431930171381714 0.7792796422899727
vt 0.15433492143067512 0.7890625
vt 0.13986171875 0.8484375
vt 0.13835625 0.838771875
vt 0.14448828125 0.83861328125
vt 0.145659375 0.8484375
vt 0.165793359375 0.6227140625
vt 0.165793359375 0.61248828125
vt 0.176003515625 0.61248828125
vt 0.173352734375 0.6227140625
vt 0.159933984375 0.6227140625
vt 0.159933984375 0.61248828125
vt 0.165793359375 0.61248828125
vt 0.165793359375 0.6227140625
vt 0.234375 0.6953125
vt 0.234375 0.70817421875
vt 0.2282984375 0.70817421875
vt 0.2282984375 0.6953125
vt 0.234375 0.70817421875
vt 0.234375 0.71403359375
vt 0.22907968750000002 0.71403359375
vt 0.2282984375 0.70817421875
vt 0.2282984375 0.70817421875
vt 0.21875 0.70817421875
vt 0.21875 0.6953125
vt 0.2282984375 0.6953125
vt 0.22907968750000002 0.71403359375
vt 0.21875 0.71403359375
vt 0.21875 0.70817421875
vt 0.2282984375 0.70817421875
vt 0.2092015625 0.6953125
vt 0.2092015625 0.70817421875
vt 0.203125 0.70817421875
vt 0.203125 0.6953125
vt 0.2092015625 0.70817421875
vt 0.2084203125 0.71403359375
vt 0.203125 0.71403359375
vt 0.203125 0.70817421875
vt 0.193834765625 0.62271484375
vt 0.191183984375 0.6124890625
vt 0.201394140625 0.6124890625
vt 0.201394140625 0.62271484375
vt 0.201394140625 0.62271484375
vt 0.201394140625 0.6124890625
vt 0.207253515625 0.6124890625
vt 0.207253515625 0.62271484375
vt 0.23125 0.7890625
vt 0.23125 0.78401328125
vt 0.235503125 0.78401328125
vt 0.235503125 0.7890625
vt 0.23125 0.78401328125
vt 0.23125 0.77815390625
vt 0.235503125 0.77815390625
vt 0.235503125 0.78401328125
vt 0.248871875 0.7890625
vt 0.2421875 0.7890625
vt 0.2421875 0.78401328125
vt 0.248871875 0.78401328125
vt 0.248871875 0.78401328125
vt 0.2421875 0.78401328125
vt 0.2421875 0.77815390625
vt 0.248871875 0.77815390625
vt 0.248871875 0.7890625
vt 0.248871875 0.78401328125
vt 0.253125 0.78401328125
vt 0.253125 0.7890625
vt 0.248871875 0.78401328125
vt 0.248871875 0.77815390625
vt 0.253125 0.77815390625
vt 0.253125 0.78401328125
vt 0.377358203125 0.8043625
vt 0.383217578125 0.8043625
vt 0.383217578125 0.8203125
vt 0.377358203125 0.8203125
vt 0.383217578125 0.8043625
vt 0.396079296875 0.8043625
vt 0.396079296875 0.8203125
vt 0.383217578125 0.8203125
vt 0.233969921875 0.60905
vt 0.239829296875 0.60905
vt 0.239829296875 0.625
vt 0.233969921875 0.625
vt 0.221108203125 0.60905
vt 0.233969921875 0.60905
vt 0.233969921875 0.625
vt 0.221108203125 0.625
vt 0.159933984375 0.6328125
vt 0.159933984375 0.6227140625
vt 0.165793359375 0.6227140625
vt 0.165793359375 0.6328125
vt 0.165793359375 0.6328125
vt 0.165793359375 0.6227140625
vt 0.173352734375 0.6227140625
vt 0.170842578125 0.6328125
vt 0.196344921875 0.6328125
vt 0.193834765625 0.62271484375
vt 0.201394140625 0.62271484375
vt 0.201394140625 0.6328125
vt 0.201394140625 0.6328125
vt 0.201394140625 0.62271484375
vt 0.207253515625 0.62271484375
vt 0.207253515625 0.6328125
vt 0.08318828125 0.625
vt 0.0817921875 0.6154921875
vt 0.08374765625 0.61501484375
vt 0.08525390625 0.625
vt 0.25466953125 0.75859453125
vt 0.255190625 0.77815390625
vt 0.253125 0.77815390625
vt 0.253125 0.76328125
vt 0.0817921875 0.6154921875
vt 0.08030859375 0.60507734375
vt 0.08215703125 0.6049140625
vt 0.08374765625 0.61501484375
vt 0.4136828125 0.515625
vt 0.4134875 0.535184375
vt 0.411925 0.53206015625
vt 0.411925 0.515625
vt 0.07882578125 0.5946617187500001
vt 0.07880859375 0.57866796875
vt 0.08056640625 0.57866796875
vt 0.08056640625 0.59461796875
vt 0.4134875 0.535184375
vt 0.4066296875 0.535184375
vt 0.4066296875 0.53206015625
vt 0.411925 0.53206015625
vt 0.3886859375 0.7107
vt 0.3886859375 0.7265625
vt 0.38556171875 0.72645546875
vt 0.38556171875 0.7107
vt 0.0390625 0.453125
vt 0.0390625 0.4609375
vt 0.03125 0.4609375
vt 0.03125 0.453125
vt 0.3345484375 0.6758109375
vt 0.32421875 0.6758109375
vt 0.32421875 0.67268515625
vt 0.3345484375 0.67268515625
vt 0.248871875 0.75859453125
vt 0.25466953125 0.75859453125
vt 0.253125 0.76328125
vt 0.248871875 0.76328125
vt 0.22970546875 0.75859453125
vt 0.235503125 0.75859453125
vt 0.235503125 0.76328125
vt 0.23125 0.76328125
vt 0.2964953125 0.535184375
vt 0.2896375 0.535184375
vt 0.2912 0.53206015625
vt 0.2964953125 0.53206015625
vt 0.3769390625 0.9453125
vt 0.3769390625 0.92945
vt 0.38006328125 0.92945
vt 0.38006328125 0.94520546875
vt 0.2896375 0.535184375
vt 0.2894421875 0.515625
vt 0.2912 0.515625
vt 0.2912 0.53206015625
vt 0.06962890625 0.57866796875
vt 0.06961171875 0.5946617187500001
vt 0.06787109375 0.59461796875
vt 0.06787109375 0.57866796875
vt 0.06468984375 0.61501484375
vt 0.06628046875 0.6049140625
vt 0.06812890625 0.60507734375
vt 0.0666453125 0.6154921875
vt 0.0666453125 0.6154921875
vt 0.06524921875 0.625
vt 0.06318359375 0.625
vt 0.06468984375 0.61501484375
vt 0.229184375 0.77815390625
vt 0.22970546875 0.75859453125
vt 0.23125 0.76328125
vt 0.23125 0.77815390625
vt 0.159809375 0.85703125
vt 0.15234375 0.859375
vt 0.15234375 0.8484375
vt 0.159028125 0.8484375
vt 0.0078125 0.4609375
vt 0 0.4609375
vt 0 0.453125
vt 0.0078125 0.453125
vt 0.110503125 0.5359375
vt 0.1171875 0.5359375
vt 0.1171875 0.546875
vt 0.109721875 0.54453125
vt 0.5390625 0.5
vt 0.53125 0.5
vt 0.53125 0.4921875
vt 0.5390625 0.4921875
vt 0.078125 0.453125
vt 0.078125 0.4609375
vt 0.0703125 0.4609375
vt 0.0703125 0.453125
vt 0.124653125 0.54453125
vt 0.1171875 0.546875
vt 0.1171875 0.5359375
vt 0.12387187499999999 0.5359375
vt 0.235503125 0.76328125
vt 0.2421875 0.76328125
vt 0.2421875 0.77815390625
vt 0.235503125 0.77815390625
vt 0.235503125 0.77815390625
vt 0.2421875 0.77815390625
vt 0.2421875 0.78401328125
vt 0.235503125 0.78401328125
vt 0.235503125 0.78401328125
vt 0.2421875 0.78401328125
vt 0.2421875 0.7890625
vt 0.235503125 0.7890625
vt 0.264496875 0.7109375
vt 0.2578125 0.7109375
vt 0.2578125 0.7006414062499999
vt 0.2654171875 0.7006414062499999
vt 0.2578125 0.7006414062499999
vt 0.2578125 0.6901976562500001
vt 0.2663890625 0.6901976562500001
vt 0.2654171875 0.7006414062499999
vt 0.3220484375 0.859375
vt 0.3125 0.859375
vt 0.3125 0.843425
vt 0.3220484375 0.843425
vt 0.2092015625 0.6953125
vt 0.21875 0.6953125
vt 0.21875 0.70817421875
vt 0.2092015625 0.70817421875
vt 0.2092015625 0.70817421875
vt 0.21875 0.70817421875
vt 0.21875 0.71403359375
vt 0.2084203125 0.71403359375
vt 0.3685765625 0.74205703125
vt 0.37890625 0.74205703125
vt 0.37890625 0.7578125
vt 0.3685765625 0.7578125
vt 0.3138890625 0.65625
vt 0.32421875 0.65625
vt 0.32421875 0.67268515625
vt 0.3138890625 0.67268515625
vt 0.3138890625 0.67268515625
vt 0.32421875 0.67268515625
vt 0.32421875 0.6758109375
vt 0.3138890625 0.6758109375
vt 0.14448828125 0.83861328125
vt 0.14325156249999998 0.828290625
vt 0.15234375 0.828290625
vt 0.15234375 0.83861328125
vt 0.14448828125 0.83861328125
vt 0.15234375 0.83861328125
vt 0.15234375 0.8484375
vt 0.145659375 0.8484375
vt 0.145659375 0.8484375
vt 0.15234375 0.8484375
vt 0.15234375 0.859375
vt 0.144878125 0.85703125
vt 0.349890234375 0.57555078125
vt 0.348327734375 0.5859375
vt 0.335656640625 0.5859375
vt 0.335656640625 0.57555078125
vt 0.335656640625 0.57555078125
vt 0.335656640625 0.5859375
vt 0.329797265625 0.5859375
vt 0.329797265625 0.57555078125
vt 0.08056640625 0.59461796875
vt 0.08215703125 0.6049140625
vt 0.08030859375 0.60507734375
vt 0.07882578125 0.5946617187500001
vt 0.02152263524229419 0.7583639797419808
vt 0.021508081075560327 0.7688843100515166
vt 0.001947041303540063 0.768781967421083
vt 0.001963179500669961 0.7582850731662536
vt 0.169521875 0.8180203125000001
vt 0.1679265625 0.82839609375
vt 0.1614359375 0.828290625
vt 0.1626734375 0.81796796875
vt 0.1626734375 0.81796796875
vt 0.1614359375 0.828290625
vt 0.15234375 0.828290625
vt 0.15234375 0.81796796875
vt 0.15234375 0.81796796875
vt 0.15234375 0.828290625
vt 0.14325156249999998 0.828290625
vt 0.1420140625 0.81796796875
vt 0.1420140625 0.81796796875
vt 0.14325156249999998 0.828290625
vt 0.1367609375 0.82839609375
vt 0.135165625 0.8180203125000001
vt 0.15428773481932487 0.7582850720986557
vt 0.15430345131443124 0.7687827482418693
vt 0.1347424082029644 0.768883525173603
vt 0.13472827518003605 0.7583639755385074
vt 0.06961171875 0.5946617187500001
vt 0.06812890625 0.60507734375
vt 0.06628046875 0.6049140625
vt 0.06787109375 0.59461796875
vt 0.435827734375 0.64586328125
vt 0.435827734375 0.65625
vt 0.429968359375 0.65625
vt 0.429968359375 0.64586328125
vt 0.429968359375 0.64586328125
vt 0.429968359375 0.65625
vt 0.417297265625 0.65625
vt 0.415734765625 0.64586328125
vt 0.395675 0.8333359375
vt 0.3943078125 0.84375
vt 0.3874828125 0.84375
vt 0.3884546875 0.8333359375
vt 0.3884546875 0.8333359375
vt 0.3874828125 0.84375
vt 0.37890625 0.84375
vt 0.37890625 0.8333359375
vt 0.37890625 0.8333359375
vt 0.37890625 0.84375
vt 0.3703296875 0.84375
vt 0.3693578125 0.8333359375
vt 0.3693578125 0.8333359375
vt 0.3703296875 0.84375
vt 0.3635046875 0.84375
vt 0.3621375 0.8333359375
vt 0.3200890625 0.73146953125
vt 0.3200890625 0.73732890625
vt 0.318721875 0.73732890625
vt 0.318721875 0.73146953125
vt 0.515625 0.4738085654587708
vt 0.515625 0.48419503493443705
vt 0.5078125 0.484375
vt 0.5080339933045974 0.4739591190907618
vt 0.1534875 0.72517109375
vt 0.1534875 0.73103046875
vt 0.15234375 0.73103046875
vt 0.15234375 0.72517109375
vt 0.3200890625 0.73732890625
vt 0.3200890625 0.75
vt 0.318721875 0.7475390625
vt 0.318721875 0.73732890625
vt 0.1534875 0.7109375
vt 0.1534875 0.72517109375
vt 0.15234375 0.72517109375
vt 0.15234375 0.712309375
vt 0.3200890625 0.75
vt 0.3132640625 0.75
vt 0.3132640625 0.7475390625
vt 0.318721875 0.7475390625
vt 0.1462671875 0.7109375
vt 0.1534875 0.7109375
vt 0.15234375 0.712309375
vt 0.1462671875 0.712309375
vt 0.3132640625 0.75
vt 0.3046875 0.75
vt 0.3046875 0.7475390625
vt 0.3132640625 0.7475390625
vt 0.13671875 0.7109375
vt 0.1462671875 0.7109375
vt 0.1462671875 0.712309375
vt 0.13671875 0.712309375
vt 0.3046875 0.75
vt 0.2961109375 0.75
vt 0.2961109375 0.7475390625
vt 0.3046875 0.7475390625
vt 0.1271703125 0.7109375
vt 0.13671875 0.7109375
vt 0.13671875 0.712309375
vt 0.1271703125 0.712309375
vt 0.2961109375 0.75
vt 0.2892859375 0.75
vt 0.290653125 0.7475390625
vt 0.2961109375 0.7475390625
vt 0.11995 0.7109375
vt 0.1271703125 0.7109375
vt 0.1271703125 0.712309375
vt 0.12109375 0.712309375
vt 0.2892859375 0.75
vt 0.2892859375 0.73732890625
vt 0.290653125 0.73732890625
vt 0.290653125 0.7475390625
vt 0.11995 0.72517109375
vt 0.11995 0.7109375
vt 0.12109375 0.712309375
vt 0.12109375 0.72517109375
vt 0.3644782522050516 0.453125
vt 0.3540917827293854 0.453125
vt 0.3542423363613764 0.45199120210513766
vt 0.3646582172706146 0.45176970880054024
vt 0.2892859375 0.73732890625
vt 0.2892859375 0.73146953125
vt 0.290653125 0.73146953125
vt 0.290653125 0.73732890625
vt 0.11995 0.73103046875
vt 0.11995 0.72517109375
vt 0.12109375 0.72517109375
vt 0.12109375 0.73103046875
vn -0.9882569655406437 0.151954916891816 -0.016058433696992003
vn 0.9898836609895914 0.14097447315322553 -0.016016729535539474
vn -1.224646799147353e-16 1 -1.224646799147357e-16
vn 1.224646799147353e-16 -1 1.224646799147357e-16
vn 2.9629076969683865e-15 -1.224646799147353e-16 -1
vn -2.8969230073930514e-15 0.2538777056914313 0.9672363261131455
vn 1.224646799147353e-16 -1 1.224646799147357e-16
vn 1.224646799147353e-16 -1 1.224646799147357e-16
vn -2.8969230073930514e-15 0.2538777056914313 0.9672363261131455
vn -2.8969230073930514e-15 0.2538777056914313 0.9672363261131455
vn -1.224646799147353e-16 1 -1.224646799147357e-16
vn -1.224646799147353e-16 1 -1.224646799147357e-16
vn 2.9629076969683865e-15 -1.224646799147353e-16 -1
vn 2.9629076969683865e-15 -1.224646799147353e-16 -1
vn 1 1.224646799147357e-16 2.9629076969683865e-15
vn -0.9999495805521277 0.0010620297873695282 -0.009985411676776546
vn 2.9629076969683865e-15 -1.224646799147353e-16 -1
vn -2.9629076969683865e-15 1.224646799147353e-16 1
vn -2.9629076969683865e-15 1.224646799147353e-16 1
vn 2.9629076969683865e-15 -1.224646799147353e-16 -1
vn -2.9629076969683865e-15 1.224646799147353e-16 1
vn 0.9999499788125095 0.0005756275562733422 -0.009985415653764805
vn -1 -1.224646799147357e-16 -2.9629076969683865e-15
vn 2.9629076969683865e-15 -1.224646799147353e-16 -1
vn 2.9629076969683865e-15 -1.224646799147353e-16 -1
vn 2.9629076969683865e-15 -1.224646799147353e-16 -1
vn -0.9878411808838703 0.15389677720497344 -0.022035955070826722
vn -2.9033761050737204e-15 0.24377479379839712 0.9698318668246312
vn -2.90337610507372e-15 0.24377479379839706 0.9698318668246311
vn -2.9033761050737204e-15 0.24377479379839706 0.9698318668246312
vn 0.9891517128377382 0.14524177742132074 -0.021993523630026893
vn 2.9629076969683865e-15 -1.224646799147353e-16 -1
vn -0.9878250181330005 0.15556906360371672 -2.9458860650630676e-15
vn -0.9878250181330005 0.15556906360371672 -2.9458860650630676e-15
vn 1.224646799147353e-16 -1 1.224646799147357e-16
vn 1.224646799147353e-16 -1 1.224646799147357e-16
vn 1.224646799147353e-16 -1 1.224646799147357e-16
vn 1.224646799147353e-16 -1 1.224646799147357e-16
vn 1.224646799147353e-16 -1 1.224646799147357e-16
vn 1.224646799147353e-16 -1 1.224646799147357e-16
vn 0.9878250181330005 0.15556906360371697 2.9077826339053388e-15
vn 0.9878250181330005 0.15556906360371694 2.9077826339053388e-15
vn -1.224646799147353e-16 1 -1.224646799147357e-16
vn -1.224646799147353e-16 1 -1.224646799147357e-16
vn -1.224646799147353e-16 1 -1.224646799147357e-16
vn -1.224646799147353e-16 1 -1.224646799147357e-16
vn -1.224646799147353e-16 1 -1.224646799147357e-16
vn -1.224646799147353e-16 1 -1.224646799147357e-16
vn -1 -1.224646799147357e-16 -2.9629076969683865e-15
vn -1 -1.224646799147357e-16 -2.9629076969683865e-15
vn 1 1.224646799147357e-16 2.9629076969683865e-15
vn 1 1.224646799147357e-16 2.9629076969683865e-15
vn -0.988817863457034 0.1491282431609334 -2.948039001101632e-15
vn -0.988817863457034 0.1491282431609334 -2.948039001101632e-15
vn 0.988817863457034 0.1491282431609339 2.9115131159717304e-15
vn 0.9888178634570339 0.14912824316093387 2.91151311597173e-15
vn -2.9629076969683865e-15 1.224646799147353e-16 1
vn -1.224646799147353e-16 1 -1.224646799147357e-16
vn -2.9629076969683865e-15 1.224646799147353e-16 1
vn 1.224646799147353e-16 -1 1.224646799147357e-16
vn -2.9629076969683865e-15 1.224646799147353e-16 1
vn 1.224646799147353e-16 -1 1.224646799147357e-16
vn 1 1.224646799147357e-16 2.9629076969683865e-15
vn -0.29953810596162295 0.9540843375073944 -1.0043453926935301e-15
vn 2.239626831990659e-16 -0.9994122506516 -0.034280508273706066
vn -1.224646799147353e-16 1 -1.224646799147357e-16
vn -1.224646799147353e-16 1 -1.224646799147357e-16
vn 1.224646799147353e-16 -1 1.224646799147357e-16
vn -1 -1.224646799147357e-16 -2.9629076969683865e-15
vn 1.224646799147353e-16 -1 1.224646799147357e-16
vn -2.9629076969683865e-15 1.224646799147353e-16 1
vn -2.9629076969683865e-15 1.224646799147353e-16 1
vn -2.9629076969683865e-15 1.224646799147353e-16 1
vn -1.224646799147353e-16 1 -1.224646799147357e-16
vn 2.9629076969683865e-15 -1.224646799147353e-16 -1
vn -0.9958932064677039 -0.09053574604251878 -2.9396522156417474e-15
vn -2.9629076969683865e-15 1.224646799147353e-16 1
vn 0.9958932064677039 -0.09053574604251832 2.961827077961625e-15
vn 0.29953810596162267 0.9540843375073944 7.706621266845186e-16
vn -2.9629076969683865e-15 1.224646799147353e-16 1
vn -1.224646799147353e-16 1 -1.224646799147357e-16
vn -1.224646799147353e-16 1 -1.224646799147357e-16
vn -1.224646799147353e-16 1 -1.224646799147357e-16
vn -2.90337610507372e-15 0.24377479379839706 0.9698318668246311
vn -2.8969230073930514e-15 0.2538777056914313 0.9672363261131455
vn -2.9629076969683865e-15 1.224646799147353e-16 1
vn 1.224646799147353e-16 -1 1.224646799147357e-16
vn 1.224646799147353e-16 -1 1.224646799147357e-16
vn 2.9629076969683865e-15 -1.224646799147353e-16 -1
vn 1.224646799147353e-16 -1 1.224646799147357e-16
vn 2.239626831990659e-16 -0.9994122506516 -0.034280508273706066
vn 2.9629076969683865e-15 -1.224646799147353e-16 -1
vn 2.9629076969683865e-15 -1.224646799147353e-16 -1
vn 2.9629076969683865e-15 -1.224646799147353e-16 -1
vn -0.9912984969649612 0.13163316419128207 -2.9532463599695258e-15
vn -0.9912984969649612 0.13163316419128207 -2.9532463599695258e-15
vn -2.9629076969683865e-15 1.224646799147353e-16 1
vn -0.9898836609895911 0.14097447315322537 -0.016016729535545286
vn 2.9629076969683865e-15 -1.224646799147353e-16 -1
vn 2.9629076969683865e-15 -1.224646799147353e-16 -1
vn 2.9629076969683865e-15 -1.224646799147353e-16 -1
vn 2.9629076969683865e-15 -1.224646799147353e-16 -1
vn 0.9882569655406437 0.15195491689181628 -0.016058433696986202
vn -2.9629076969683865e-15 1.224646799147353e-16 1
vn 0.9912984969649612 0.13163316419128246 2.921005533331827e-15
vn 0.9912984969649612 0.13163316419128246 2.921005533331827e-15
vn -2.9477418029287125e-15 0.150040500373233 0.9886798512398995
vn -2.9477418029287125e-15 0.15004050037323297 0.9886798512398995
vn -2.9477418029287125e-15 0.150040500373233 0.9886798512398995
vn -2.9477418029287125e-15 0.15004050037323297 0.9886798512398995
vn -1.224646799147353e-16 1 -1.224646799147357e-16
vn 2.9629076969683865e-15 -1.224646799147353e-16 -1
vn 1.224646799147353e-16 -1 1.224646799147357e-16
vn -1.224646799147353e-16 1 -1.224646799147357e-16
vn 1.224646799147353e-16 -1 1.224646799147357e-16
vn -1.224646799147353e-16 1 -1.224646799147357e-16
vn 1.224646799147353e-16 -1 1.224646799147357e-16
vn -1.224646799147353e-16 1 -1.224646799147357e-16
vn 1.224646799147353e-16 -1 1.224646799147357e-16
vn -1.224646799147353e-16 1 -1.224646799147357e-16
vn 1.224646799147353e-16 -1 1.224646799147357e-16
vn -1.224646799147353e-16 1 -1.224646799147357e-16
vn 1.224646799147353e-16 -1 1.224646799147357e-16
vn -1.224646799147353e-16 1 -1.224646799147357e-16
vn 1.224646799147353e-16 -1 1.224646799147357e-16
vn 2.9629076969683865e-15 -1.224646799147353e-16 -1
vn -1.224646799147353e-16 1 -1.224646799147357e-16
vn 1.224646799147353e-16 -1 1.224646799147357e-16
usemtl m_084e7548-2300-4378-46d0-9b20b1ffff30
f 66/41/11 113/42/11 112/43/11 67/44/11
f 87/45/12 118/46/12 117/47/12 81/48/12
f 27/49/13 34/50/13 33/51/13 17/52/13
f 46/53/14 44/54/14 43/55/14 47/56/14
f 81/57/15 117/58/15 116/59/15 77/60/15
f 51/61/16 122/62/16 121/63/16 52/64/16
f 36/65/17 38/66/17 37/67/17 39/68/17
f 20/69/18 105/70/18 104/71/18 30/72/18
f 49/73/19 109/74/19 124/75/19 50/76/19
f 50/77/20 124/78/20 123/79/20 99/80/20
f 14/81/21 28/82/21 35/83/21 26/84/21
f 35/85/22 96/86/22 95/87/22 26/88/22
f 75/89/23 114/90/23 113/91/23 66/92/23
f 107/93/24 115/94/24 114/95/24 75/96/24
f 38/97/25 36/98/25 20/99/25 30/100/25
f 71/101/26 72/102/26 69/103/26 70/104/26
f 73/105/27 71/106/27 70/107/27 74/108/27
f 40/109/28 41/110/28 21/111/28 16/112/28
f 41/113/29 101/114/29 100/115/29 21/116/29
f 30/117/30 104/118/30 103/119/30 38/120/30
f 42/121/31 45/122/31 19/123/31 23/124/31
f 85/125/32 83/126/32 82/127/32 86/128/32
f 47/129/33 43/130/33 31/131/33 22/132/33
f 83/133/34 84/134/34 79/135/34 82/136/34
f 78/137/35 108/138/35 107/139/35 75/140/35
f 78/141/36 75/142/36 66/143/36 65/144/36
f 65/145/37 66/146/37 67/147/37 68/148/37
f 15/149/38 49/150/38 50/151/38 24/152/38
f 50/153/39 99/154/39 98/155/39 24/156/39
f 25/157/40 51/158/40 52/159/40 18/160/40
f 88/161/41 87/162/41 81/163/41 80/164/41
f 80/165/42 81/166/42 77/167/42 76/168/42
f 63/169/43 110/170/43 109/171/43 49/172/43
f 48/173/44 111/174/44 110/175/44 63/176/44
f 40/177/45 59/178/45 60/179/45 41/180/45
f 59/181/46 37/182/46 38/183/46 60/184/46
f 60/185/47 102/186/47 101/187/47 41/188/47
f 38/189/48 103/190/48 102/191/48 60/192/48
f 42/193/49 61/194/49 62/195/49 45/196/49
f 61/197/50 43/198/50 44/199/50 62/200/50
f 52/201/51 121/202/51 120/203/51 64/204/51
f 64/205/52 120/206/52 119/207/52 53/208/52
f 18/209/53 13/210/53 57/211/53 25/212/53
f 13/213/54 33/214/54 34/215/54 57/216/54
f 24/217/55 98/218/55 97/219/55 58/220/55
f 58/221/56 97/222/56 96/223/56 35/224/56
f 24/225/57 58/226/57 54/227/57 15/228/57
f 58/229/58 35/230/58 28/231/58 54/232/58
f 37/233/59 59/234/59 55/235/59 29/236/59
f 59/237/60 40/238/60 16/239/60 55/240/60
f 62/241/61 44/242/61 32/243/61 56/244/61
f 45/245/62 62/246/62 56/247/62 19/248/62
f 28/249/63 48/250/63 63/251/63 54/252/63
f 54/253/64 63/254/64 49/255/64 15/256/64
f 18/257/65 52/258/65 64/259/65 13/260/65
f 13/261/66 64/262/66 53/263/66 33/264/66
f 68/265/67 67/266/67 48/267/67 28/268/67
f 65/269/68 68/270/68 28/271/68 14/272/68
f 67/273/69 112/274/69 111/275/69 48/276/69
f 72/277/70 71/278/70 39/279/70 37/280/70
f 69/281/71 72/282/71 37/283/71 29/284/71
f 71/285/72 73/286/72 36/287/72 39/288/72
f 73/289/73 74/290/73 20/291/73 36/292/73
f 91/293/74 94/294/74 93/295/74 90/296/74
f 74/297/75 106/298/75 105/299/75 20/300/75
f 78/301/76 65/302/76 14/303/76 26/304/76
f 80/305/77 76/306/77 27/307/77 17/308/77
f 84/309/78 83/310/78 46/311/78 47/312/78
f 79/313/79 84/314/79 47/315/79 22/316/79
f 83/317/80 85/318/80 44/319/80 46/320/80
f 85/321/81 86/322/81 32/323/81 44/324/81
f 53/325/82 119/326/82 118/327/82 87/328/82
f 87/329/83 88/330/83 33/331/83 53/332/83
f 88/333/84 80/334/84 17/335/84 33/336/84
f 90/337/85 93/338/85 108/339/85 78/340/85
f 91/341/86 90/342/86 78/343/86 26/344/86
f 26/345/87 95/346/87 94/347/87 91/348/87
f 89/349/88 92/350/88 27/351/88 76/352/88
f 89/353/89 93/354/89 94/355/89 92/356/89
f 92/357/90 94/358/90 95/359/90 27/360/90
f 27/361/91 95/362/91 96/363/91 34/364/91
f 34/365/92 96/366/92 97/367/92 57/368/92
f 57/369/93 97/370/93 98/371/93 25/372/93
f 25/373/94 98/374/94 99/375/94 51/376/94
f 99/377/95 123/378/95 122/379/95 51/380/95
f 23/381/96 100/382/96 101/383/96 42/384/96
f 42/385/97 101/386/97 102/387/97 61/388/97
f 61/389/98 102/390/98 103/391/98 43/392/98
f 43/393/99 103/394/99 104/395/99 31/396/99
f 31/397/100 104/398/100 105/399/100 22/400/100
f 22/401/101 105/402/101 106/403/101 79/404/101
f 77/405/102 116/406/102 115/407/102 107/408/102
f 77/409/103 107/410/103 108/411/103 76/412/103
f 76/413/104 108/414/104 93/415/104 89/416/104
f 129/417/105 130/418/105 126/419/105 125/420/105
f 125/421/106 126/422/106 127/423/106 128/424/106
f 29/425/107 111/426/107 112/427/107 69/428/107
f 69/429/108 112/430/108 113/431/108 70/432/108
f 70/433/109 113/434/109 114/435/109 74/436/109
f 74/437/110 114/438/110 115/439/110 106/440/110
f 106/441/111 115/442/111 116/443/111 79/444/111
f 79/445/112 116/446/112 117/447/112 82/448/112
f 82/449/113 117/450/113 118/451/113 86/452/113
f 86/453/114 118/454/114 119/455/114 32/456/114
f 141/457/115 142/458/115 140/459/115 139/460/115
f 139/461/116 140/462/116 138/463/116 137/464/116
f 137/465/117 138/466/117 136/467/117 135/468/117
f 135/469/118 136/470/118 134/471/118 133/472/118
f 133/473/119 134/474/119 132/475/119 131/476/119
f 131/477/120 132/478/120 130/479/120 129/480/120
f 127/481/121 126/482/121 110/483/121 111/484/121
f 128/485/122 127/486/122 111/487/122 29/488/122
f 125/489/123 128/490/123 29/491/123 55/492/123
f 126/493/124 130/494/124 109/495/124 110/496/124
f 129/497/125 125/498/125 55/499/125 16/500/125
f 130/501/126 132/502/126 124/503/126 109/504/126
f 131/505/127 129/506/127 16/507/127 21/508/127
f 132/509/128 134/510/128 123/511/128 124/512/128
f 133/513/129 131/514/129 21/515/129 100/516/129
f 134/517/130 136/518/130 122/519/130 123/520/130
f 135/521/131 133/522/131 100/523/131 23/524/131
f 136/525/132 138/526/132 121/527/132 122/528/132
f 137/529/133 135/530/133 23/531/133 19/532/133
f 138/533/134 140/534/134 120/535/134 121/536/134
f 139/537/135 137/538/135 19/539/135 56/540/135
f 142/541/136 141/542/136 32/543/136 119/544/136
f 140/545/137 142/546/137 119/547/137 120/548/137
f 141/549/138 139/550/138 56/551/138 32/552/138
o Thigh
v -0.19218749999999973 0.7062500000000002 -0.1012500000000007
v -0.19218750000000034 0.7062500000000002 0.10124999999999931
v -0.22343749999999973 0.38125 -0.10125000000000074
v -0.22343750000000034 0.38125 0.10124999999999927
v -0.05624999999999981 0.6612500000000002 -0.10125000000000028
v -0.056250000000000404 0.6612500000000002 0.10124999999999973
v -0.05624999999999977 0.38125 -0.10125000000000026
v -0.05625000000000037 0.38125 0.10124999999999976
v -0.22343749999999976 0.59475 -0.10125000000000077
v -0.22343750000000037 0.59475 0.10124999999999924
v -0.0562500000000004 0.59475 0.10124999999999973
v -0.0562499999999998 0.59475 -0.10125000000000028
v -0.13749999999999973 0.59475 -0.10125000000000052
v -0.13749999999999973 0.7087500000000001 -0.10125000000000053
v -0.13750000000000034 0.7087500000000001 0.10124999999999948
v -0.13750000000000034 0.59475 0.1012499999999995
v -0.13750000000000032 0.38125 0.10124999999999952
v -0.1374999999999997 0.38125 -0.10125000000000049
v -0.22343750000000037 0.538 0.10124999999999924
v -0.22343749999999976 0.538 -0.10125000000000077
v -0.13749999999999973 0.538 -0.1012500000000005
v -0.05624999999999979 0.538 -0.10125000000000027
v -0.05625000000000039 0.538 0.10124999999999974
v -0.13750000000000034 0.538 0.10124999999999951
v -0.22343750000000026 0.3984925 0.07897499999999925
v -0.2234375000000003 0.538 0.07897499999999924
v -0.22343749999999984 0.538 -0.07897500000000077
v -0.22343749999999982 0.3984925 -0.07897500000000075
v -0.19562499999999983 0.6939850000000002 -0.0789750000000007
v -0.22343749999999984 0.59475 -0.07897500000000077
v -0.2234375000000003 0.59475 0.07897499999999924
v -0.19562500000000027 0.6939850000000002 0.07897499999999931
v -0.24218750000000025 0.3984925 0.0789749999999992
v -0.24218750000000028 0.538 0.07897499999999918
v -0.24218749999999983 0.538 -0.07897500000000082
v -0.2421874999999998 0.3984925 -0.07897500000000081
v -0.21367931354514158 0.6990450654554772 -0.07897500000000075
v -0.2419556045150471 0.596436688485159 -0.07897500000000082
v -0.24195560451504755 0.596436688485159 0.07897499999999918
v -0.21367931354514202 0.6990450654554772 0.07897499999999925
v -0.2328125000000004 0.538 0.10906249999999922
v -0.2328125000000004 0.59475 0.10906249999999922
v -0.13750000000000037 0.538 0.10906249999999951
v -0.13750000000000037 0.59475 0.1090624999999995
v -0.046875000000000416 0.538 0.10906249999999977
v -0.04687500000000042 0.59475 0.10906249999999976
v -0.23281249999999973 0.59475 -0.1090625000000008
v -0.23281249999999973 0.538 -0.1090625000000008
v -0.1374999999999997 0.59475 -0.10906250000000052
v -0.1374999999999997 0.538 -0.1090625000000005
v -0.04687499999999977 0.59475 -0.10906250000000026
v -0.046874999999999764 0.538 -0.10906250000000024
v -0.23175550530576886 0.7040264097954151 -0.07897500000000081
v -0.2603686265795247 0.5989645633630538 -0.07897500000000088
v -0.26036862657952514 0.5989645633630538 0.07897499999999913
v -0.2317555053057693 0.7040264097954151 0.0789749999999992
v -0.26093742618416427 0.538037202707926 0.07897499999999913
v -0.2609374261841638 0.538037202707926 -0.07897500000000088
v -0.2609375000000002 0.3984925 0.07897499999999914
v -0.26093749999999977 0.3984925 -0.07897500000000086
vt 0.173721875 0.6953125
vt 0.173721875 0.687696875
vt 0.193465625 0.687696875
vt 0.193465625 0.6953125
vt 0.2734375 0.8046875
vt 0.2734375 0.796875
vt 0.296875 0.796875
vt 0.296875 0.8046875
vt 0.453125 0.8203125
vt 0.453125 0.828125
vt 0.4296875 0.828125
vt 0.4296875 0.8203125
vt 0.30341796875 0.7050000000000001
vt 0.29267578125 0.7050000000000001
vt 0.29267578125 0.6796875
vt 0.30341796875 0.6796875
vt 0.45673828125 0.7890625
vt 0.45673828125 0.78196875
vt 0.46865234375 0.78196875
vt 0.46865234375 0.7890625
vt 0.44541015625 0.6953125
vt 0.44541015625 0.68821875
vt 0.45732421875 0.68821875
vt 0.45732421875 0.6953125
vt 0.0859375 0.953125
vt 0.0859375 0.9375
vt 0.109375 0.9375
vt 0.109375 0.953125
vt 0.36845703125 0.8529375
vt 0.37919921875 0.8529375
vt 0.37919921875 0.8671875
vt 0.37236328125 0.8668750000000001
vt 0.28125 0.96875
vt 0.28125 0.9609375
vt 0.3046875 0.9609375
vt 0.3046875 0.96875
vt 0.37763671875 0.6246875000000001
vt 0.37080078125 0.625
vt 0.37080078125 0.61075
vt 0.38154296875 0.61075
vt 0.36064453125 0.61075
vt 0.37080078125 0.61075
vt 0.37080078125 0.625
vt 0.36064453125 0.6190625000000001
vt 0.1875 0.640625
vt 0.1875 0.65625
vt 0.1640625 0.65625
vt 0.1640625 0.640625
vt 0.38935546875 0.8612500000000001
vt 0.37919921875 0.8671875
vt 0.37919921875 0.8529375
vt 0.38935546875 0.8529375
vt 0.45732421875 0.6953125
vt 0.45732421875 0.68821875
vt 0.46865234375 0.68821875
vt 0.46865234375 0.6953125
vt 0.28251953125 0.6796875
vt 0.29267578125 0.6796875
vt 0.29267578125 0.7050000000000001
vt 0.28251953125 0.7050000000000001
vt 0.44541015625 0.7890625
vt 0.44541015625 0.78196875
vt 0.45673828125 0.78196875
vt 0.45673828125 0.7890625
vt 0.193465625 0.67025390625
vt 0.193465625 0.687696875
vt 0.173721875 0.687696875
vt 0.173721875 0.67025390625
vt 0.34248046875 0.98040625
vt 0.34248046875 1
vt 0.33173828125 1
vt 0.33173828125 0.98040625
vt 0.33173828125 0.98040625
vt 0.33173828125 1
vt 0.32158203125 1
vt 0.32158203125 0.98040625
vt 0.1171875 0.8828125
vt 0.1171875 0.90625
vt 0.09375 0.90625
vt 0.09375 0.8828125
vt 0.25654296875 0.66009375
vt 0.25654296875 0.6796875
vt 0.24638671875 0.6796875
vt 0.24638671875 0.66009375
vt 0.24638671875 0.66009375
vt 0.24638671875 0.6796875
vt 0.23564453125 0.6796875
vt 0.23564453125 0.66009375
vt 0.330184375 0.8046875
vt 0.330184375 0.78724921875
vt 0.33296875 0.78509375
vt 0.33296875 0.8046875
vt 0.310440625 0.78724921875
vt 0.310440625 0.8046875
vt 0.30765625 0.8046875
vt 0.30765625 0.78509375
vt 0.330184375 0.78724921875
vt 0.310440625 0.78724921875
vt 0.30765625 0.78509375
vt 0.33296875 0.78509375
vt 0.130753125 0.64177578125
vt 0.130753125 0.6546578125
vt 0.12796875 0.65625
vt 0.12796875 0.64177578125
vt 0.150496875 0.6546578125
vt 0.150496875 0.64177578125
vt 0.15328125 0.64177578125
vt 0.15328125 0.65625
vt 0.130753125 0.6546578125
vt 0.150496875 0.6546578125
vt 0.15328125 0.65625
vt 0.12796875 0.65625
vt 0.2109375 0.4609375
vt 0.2109375 0.46875
vt 0.2031333455824598 0.46854368672365965
vt 0.203125 0.4609375
vt 0.53125859375 0.7578125
vt 0.53125 0.75
vt 0.5390625 0.75
vt 0.5390625 0.7576015625
vt 0.37326171875 0.6511218750000001
vt 0.37326171875 0.63368359375
vt 0.37560546875 0.63368359375
vt 0.37560546875 0.6511218750000001
vt 0.34548828125 0.59462109375
vt 0.34548828125 0.6120593750000001
vt 0.34314453125 0.6120593750000001
vt 0.34314453125 0.59462109375
vt 0.16015625 0.4609375
vt 0.16015625 0.48068124999999995
vt 0.1578125 0.48068124999999995
vt 0.1578125 0.4609375
vt 0.345459375 0.6193640625
vt 0.341925 0.63218984375
vt 0.33966796875 0.6315578125
vt 0.34314453125 0.619153125
vt 0.376825 0.67125234375
vt 0.373290625 0.6584265625
vt 0.37560546875 0.658215625
vt 0.37908203125 0.6706203125
vt 0.537215625 0.87265625
vt 0.517471875 0.87265625
vt 0.517471875 0.8703125
vt 0.537215625 0.8703125
vt 0.19072265625 0.703125
vt 0.19189453125 0.7068859375000001
vt 0.18955078125000002 0.7068859375000001
vt 0.18955078125000002 0.7041015625
vt 0.29344435887413706 0.7852972154418484
vt 0.29229782862586295 0.7890625
vt 0.29112629117447697 0.7880862187905117
vt 0.2911235903965409 0.7853046175739695
vt 0.17880859375 0.703125
vt 0.19072265625 0.703125
vt 0.18955078125000002 0.7041015625
vt 0.17880859375 0.7041015625
vt 0.29229782862586295 0.7890625
vt 0.28038376612586297 0.7890625
vt 0.28038376612586297 0.7880859375
vt 0.29112595362586297 0.7880859375
vt 0.16748046875 0.703125
vt 0.17880859375 0.703125
vt 0.17880859375 0.7041015625
vt 0.16865234375000002 0.7041015625
vt 0.28038376612586297 0.7890625
vt 0.26905564112586294 0.7890625
vt 0.27022751612586293 0.7880859375
vt 0.28038376612586297 0.7880859375
vt 0.29229782862586295 0.7617968749999999
vt 0.2934427383737178 0.7655633784185932
vt 0.2911182059198883 0.7655551596686294
vt 0.29112797699149234 0.7627717513619755
vt 0.19189453125 0.7266296875
vt 0.19072265624999998 0.7303906250000001
vt 0.18955078125 0.7294140625000001
vt 0.18955078125 0.7266296875
vt 0.19072265624999998 0.7303906250000001
vt 0.17880859375 0.7303906250000001
vt 0.17880859375 0.7294140625000001
vt 0.18955078125 0.7294140625000001
vt 0.2803837661258629 0.7617968749999999
vt 0.29229782862586295 0.7617968749999999
vt 0.2911259536258629 0.7627734374999999
vt 0.2803837661258629 0.7627734374999999
vt 0.17880859375 0.7303906250000001
vt 0.16748046875 0.7303906250000001
vt 0.16865234375 0.7294140625000001
vt 0.17880859375 0.7294140625000001
vt 0.26905564112586294 0.7617968749999999
vt 0.2803837661258629 0.7617968749999999
vt 0.2803837661258629 0.7627734374999999
vt 0.27022751612586293 0.7627734374999999
vt 0.16748046875 0.7303906250000001
vt 0.16748046875 0.703125
vt 0.16865234375000002 0.7041015625
vt 0.16865234375 0.7294140625000001
vt 0.26905564112586294 0.7890625
vt 0.26905564112586294 0.7617968749999999
vt 0.27022751612586293 0.7627734374999999
vt 0.27022751612586293 0.7880859375
vt 0.3477609375 0.6196796875
vt 0.344184375 0.6328125
vt 0.341925 0.63218984375
vt 0.345459375 0.6193640625
vt 0.374565625 0.671875
vt 0.3709890625 0.6587421875
vt 0.373290625 0.6584265625
vt 0.376825 0.67125234375
vt 0.537215625 0.875
vt 0.517471875 0.875
vt 0.517471875 0.87265625
vt 0.537215625 0.87265625
vt 0.34783203125 0.6120640625
vt 0.3477609375 0.6196796875
vt 0.345459375 0.6193640625
vt 0.34548828125 0.6120593750000001
vt 0.3709890625 0.6587421875
vt 0.37091796875 0.6511265625
vt 0.37326171875 0.6511218750000001
vt 0.373290625 0.6584265625
vt 0.37091796875 0.6511265625
vt 0.37091796875 0.63368359375
vt 0.37326171875 0.63368359375
vt 0.37326171875 0.6511218750000001
vt 0.34783203125 0.59462109375
vt 0.34783203125 0.6120640625
vt 0.34548828125 0.6120593750000001
vt 0.34548828125 0.59462109375
vt 0.1625 0.4609375
vt 0.1625 0.48068124999999995
vt 0.16015625 0.48068124999999995
vt 0.16015625 0.4609375
vn -0.9999564251943591 0.009335293917069215 -2.963921832622823e-15
vn 1 1.224646799147357e-16 2.9629076969683865e-15
vn -0.04566659368738475 0.99895673691156 -2.5764281896522287e-16
vn 1.224646799147353e-16 -1 1.224646799147357e-16
vn 2.9629076969683865e-15 -1.224646799147353e-16 -1
vn -2.9629076969683865e-15 1.224646799147353e-16 1
vn -0.9648572657082152 0.2627745360762087 -2.8909636184930584e-15
vn -2.9629076969683865e-15 1.224646799147353e-16 1
vn 1 1.224646799147357e-16 2.9629076969683865e-15
vn 2.9629076969683865e-15 -1.224646799147353e-16 -1
vn 2.9629076969683865e-15 -1.224646799147353e-16 -1
vn 0.5046965873311551 0.8632967941190829 1.3896460376739463e-15
vn -2.9629076969683865e-15 1.224646799147353e-16 1
vn -2.9629076969683865e-15 1.224646799147353e-16 1
vn 1.224646799147353e-16 -1 1.224646799147357e-16
vn 2.9629076969683865e-15 -1.224646799147353e-16 -1
vn -0.9999999999998601 5.289762674588372e-7 -2.9629077617488812e-15
vn 2.9629076969683865e-15 -1.224646799147353e-16 -1
vn 2.9629076969683865e-15 -1.224646799147353e-16 -1
vn 1 1.224646799147357e-16 2.9629076969683865e-15
vn -2.9629076969683865e-15 1.224646799147353e-16 1
vn -2.9629076969683865e-15 1.224646799147353e-16 1
vn -1 -1.224646799147357e-16 -2.9629076969683865e-15
vn -1 -1.224646799147357e-16 -2.9629076969683865e-15
vn -1 -1.224646799147357e-16 -2.9629076969683865e-15
vn -0.9628967224075603 0.26987015762543687 -3.830600724895994e-15
vn -0.9628967224075603 0.26987015762543687 -2.8860236726791306e-15
vn -0.9628967224075599 0.2698701576254385 -2.88602367267913e-15
vn -0.956731331608249 0.003796616164673669 -0.29094801051872643
vn -0.9547198202037436 0.0037886338435544568 0.29748228714283326
vn -2.9629076969683865e-15 1.224646799147353e-16 1
vn 2.9629076969683865e-15 -1.224646799147353e-16 -1
vn 1.224646799147353e-16 -1 1.224646799147357e-16
vn 2.9629076969683865e-15 -1.224646799147353e-16 -1
vn -2.9629076969683865e-15 1.224646799147353e-16 1
vn 0.2698701576254393 0.9628967224075596 6.816795283098963e-16
vn 1.224646799147353e-16 -1 1.224646799147357e-16
vn 0.037213413190377805 0.9983090678663007 0.04465609582845364
vn 1.224646799147353e-16 -1 1.224646799147357e-16
vn -1.224646799147353e-16 1 -1.224646799147357e-16
vn 1.224646799147353e-16 -1 1.224646799147357e-16
vn -1.224646799147353e-16 1 -1.224646799147357e-16
vn 0.09067152036580706 0.9954800222128809 -0.028252447143479402
vn 1.224646799147353e-16 -1 1.224646799147357e-16
vn 1.224646799147353e-16 -1 1.224646799147357e-16
vn -1.224646799147353e-16 1 -1.224646799147357e-16
vn 1.224646799147353e-16 -1 1.224646799147357e-16
vn -1.224646799147353e-16 1 -1.224646799147357e-16
vn 1.224646799147353e-16 -1 1.224646799147357e-16
vn -1.224646799147353e-16 1 -1.224646799147357e-16
vn 2.9629076969683865e-15 -1.224646799147353e-16 -1
vn -2.9629076969683865e-15 1.224646799147353e-16 1
vn 0.2656716981300214 0.9640635605667869 6.690969838938305e-16
vn 2.9629076969683865e-15 -1.224646799147353e-16 -1
vn -2.9629076969683865e-15 1.224646799147353e-16 1
vn -2.9629076969683865e-15 1.224646799147353e-16 1
vn 2.9629076969683865e-15 -1.224646799147353e-16 -1
vn 1.224646799147353e-16 -1 1.224646799147357e-16
usemtl m_084e7548-2300-4378-46d0-9b20b1ffff30
f 196/553/139 200/554/139 199/555/139 197/556/139
f 188/557/140 187/558/140 194/559/140 193/560/140
f 144/561/141 157/562/141 156/563/141 143/564/141
f 145/565/142 160/566/142 159/567/142 146/568/142
f 191/569/143 192/570/143 190/571/143 189/572/143
f 184/573/144 183/574/144 185/575/144 186/576/144
f 195/577/145 196/578/145 197/579/145 198/580/145
f 152/581/146 158/582/146 157/583/146 144/584/146
f 148/585/147 153/586/147 154/587/147 147/588/147
f 143/589/148 156/590/148 155/591/148 151/592/148
f 154/593/149 155/594/149 156/595/149 147/596/149
f 147/597/150 156/598/150 157/599/150 148/600/150
f 148/601/151 157/602/151 158/603/151 153/604/151
f 186/605/152 185/606/152 187/607/152 188/608/152
f 150/609/153 159/610/153 160/611/153 149/612/153
f 193/613/154 194/614/154 192/615/154 191/616/154
f 201/617/155 199/618/155 200/619/155 202/620/155
f 145/621/156 162/622/156 163/623/156 160/624/156
f 160/625/157 163/626/157 164/627/157 149/628/157
f 149/629/158 164/630/158 165/631/158 150/632/158
f 150/633/159 165/634/159 166/635/159 159/636/159
f 159/637/160 166/638/160 161/639/160 146/640/160
f 168/641/161 167/642/161 146/643/161 161/644/161
f 170/645/162 169/646/162 162/647/162 145/648/162
f 167/649/163 170/650/163 145/651/163 146/652/163
f 172/653/164 171/654/164 143/655/164 151/656/164
f 174/657/165 173/658/165 152/659/165 144/660/165
f 171/661/166 174/662/166 144/663/166 143/664/166
f 177/665/167 180/666/167 189/667/167 190/668/167
f 181/669/168 176/670/168 183/671/168 184/672/168
f 176/673/169 175/674/169 167/675/169 168/676/169
f 178/677/170 177/678/170 169/679/170 170/680/170
f 175/681/171 178/682/171 170/683/171 167/684/171
f 180/685/172 179/686/172 171/687/172 172/688/172
f 182/689/173 181/690/173 173/691/173 174/692/173
f 179/693/174 182/694/174 174/695/174 171/696/174
f 183/697/175 176/698/175 168/699/175 161/700/175
f 181/701/176 184/702/176 152/703/176 173/704/176
f 185/705/177 183/706/177 161/707/177 166/708/177
f 184/709/178 186/710/178 158/711/178 152/712/178
f 187/713/179 185/714/179 166/715/179 165/716/179
f 186/717/180 188/718/180 153/719/180 158/720/180
f 189/721/181 180/722/181 172/723/181 151/724/181
f 177/725/182 190/726/182 162/727/182 169/728/182
f 190/729/183 192/730/183 163/731/183 162/732/183
f 191/733/184 189/734/184 151/735/184 155/736/184
f 192/737/185 194/738/185 164/739/185 163/740/185
f 193/741/186 191/742/186 155/743/186 154/744/186
f 194/745/187 187/746/187 165/747/187 164/748/187
f 188/749/188 193/750/188 154/751/188 153/752/188
f 196/753/189 195/754/189 179/755/189 180/756/189
f 198/757/190 197/758/190 181/759/190 182/760/190
f 195/761/191 198/762/191 182/763/191 179/764/191
f 200/765/192 196/766/192 180/767/192 177/768/192
f 197/769/193 199/770/193 176/771/193 181/772/193
f 199/773/194 201/774/194 175/775/194 176/776/194
f 202/777/195 200/778/195 177/779/195 178/780/195
f 201/781/196 202/782/196 178/783/196 175/784/196
o Toe
v 0.21249999999999938 0.03749999999999998 -0.20000000000000073
v 0.21250000000000002 0.1187499999999998 0.01249999999999929
v 0.21249999999999938 0.006249999999999978 -0.20000000000000073
v 0.2125 0.006249999999999978 0.012499999999999303
v 0.06249999999999948 0.03749999999999998 -0.2000000000000003
v 0.06250000000000011 0.1187499999999998 0.012499999999999734
v 0.062499999999999466 0.006249999999999978 -0.2000000000000003
v 0.0625000000000001 0.006249999999999978 0.012499999999999747
v 0.2124999999999996 0.1187499999999998 -0.13125000000000064
v 0.21249999999999958 0.006249999999999978 -0.13125000000000064
v 0.06249999999999967 0.006249999999999978 -0.1312500000000002
v 0.06249999999999968 0.1187499999999998 -0.1312500000000002
vt 0.33125 0.828125
vt 0.33125 0.8140625
vt 0.32265625 0.8140625
vt 0.32265625 0.81796875
vt 0.3484375 0.728125
vt 0.3484375 0.7421875
vt 0.35703125 0.73203125
vt 0.35703125 0.728125
vt 0.09375 0.7265625
vt 0.109375 0.7265625
vt 0.109375 0.7109375
vt 0.09375 0.7109375
vt 0.16171875 0.68203125
vt 0.14296875 0.68203125
vt 0.14296875 0.690625
vt 0.16171875 0.690625
vt 0.4765625 0.8671875
vt 0.4921875 0.8671875
vt 0.4921875 0.859375
vt 0.4765625 0.859375
vt 0.109375 0.8046875
vt 0.109375 0.8203125
vt 0.125 0.8203125
vt 0.125 0.8046875
vt 0.33125 0.8140625
vt 0.33125 0.828125
vt 0.34921875 0.828125
vt 0.34921875 0.8140625
vt 0.14296875 0.68203125
vt 0.16171875 0.68203125
vt 0.16171875 0.6640625
vt 0.14296875 0.6640625
vt 0.3484375 0.7421875
vt 0.3484375 0.728125
vt 0.33046875 0.728125
vt 0.33046875 0.7421875
vt 0.2109375 0.90625
vt 0.1953125 0.90625
vt 0.1953125 0.921875
vt 0.2109375 0.921875
vn 1 -1.224646799147357e-16 -2.9629076969683865e-15
vn -1 1.224646799147357e-16 2.9629076969683865e-15
vn -2.1827379908356897e-15 0.6459422414661751 -0.7633862853691137
vn -1.224646799147353e-16 -1 1.224646799147357e-16
vn -2.9629076969683865e-15 -1.224646799147353e-16 -1
vn 2.9629076969683865e-15 1.224646799147353e-16 1
vn 1 -1.224646799147357e-16 -2.9629076969683865e-15
vn -1.224646799147353e-16 -1 1.224646799147357e-16
vn -1 1.224646799147357e-16 2.9629076969683865e-15
vn 1.224646799147353e-16 1 -1.224646799147357e-16
usemtl m_084e7548-2300-4378-46d0-9b20b1ffff30
f 211/785/197 212/786/197 205/787/197 203/788/197
f 213/789/198 214/790/198 207/791/198 209/792/198
f 214/793/199 211/794/199 203/795/199 207/796/199
f 212/797/200 213/798/200 209/799/200 205/800/200
f 207/801/201 203/802/201 205/803/201 209/804/201
f 206/805/202 204/806/202 208/807/202 210/808/202
f 212/809/203 211/810/203 204/811/203 206/812/203
f 213/813/204 212/814/204 206/815/204 210/816/204
f 214/817/205 213/818/205 210/819/205 208/820/205
f 211/821/206 214/822/206 208/823/206 204/824/206
o Shin
v 0.05000000000000032 0.37690868257532195 0.06585365853658515
v 0.22499999999999976 0.37690868257532195 -0.10000000000000073
v 0.22500000000000037 0.37690868257532195 0.10624999999999923
v 0.2625000000000005 0.13385026154223434 0.16874999999999918
v 0.04999999999999983 0.37690868257532195 -0.1000000000000002
v 0.05000000000000044 0.37690868257532195 0.10624999999999976
v 0.012500000000000601 0.1338502615422344 0.16874999999999993
v 0.2201388888888886 0.1322916666666667 -0.11250000000000068
v 0.21388888888888943 0.1338502615422344 0.16874999999999932
v 0.054861111111110826 0.1322916666666667 -0.11250000000000018
v 0.06111111111111165 0.1338502615422344 0.1687499999999998
v 0.19097222222222263 0.37690868257532195 0.10624999999999934
v 0.08402777777777821 0.37690868257532195 0.10624999999999965
v 0.19097222222222202 0.37690868257532195 -0.10000000000000062
v 0.0840277777777776 0.37690868257532195 -0.10000000000000031
v 0.22500000000000012 0.37690868257532195 0.01897865853658462
v 0.26250000000000007 0.13385026154223434 0.01897865853658454
v 0.220138888888889 0.1322916666666667 0.018978658536584665
v 0.054861111111111215 0.1322916666666667 0.018978658536585154
v 0.012500000000000157 0.1338502615422344 0.01897865853658528
v 0.05000000000000018 0.37690868257532195 0.01897865853658514
v 0.08402777777777795 0.37690868257532195 0.018978658536585036
v 0.19097222222222238 0.37690868257532195 0.01897865853658472
v 0.22013888888888858 0.006249999999999978 -0.11250000000000066
v 0.26250000000000007 0.006249999999999922 0.018978658536584554
v 0.22013888888888897 0.006249999999999978 0.01897865853658468
v 0.2624999999999997 0.006249999999999922 -0.11250000000000078
v 0.2625000000000005 0.006249999999999922 0.1687499999999992
v 0.2138888888888894 0.006249999999999978 0.16874999999999934
v 0.061111111111111636 0.006249999999999978 0.1687499999999998
v 0.0548611111111112 0.006249999999999978 0.018978658536585168
v 0.012500000000000141 0.006249999999999978 0.018978658536585296
v 0.012500000000000585 0.006249999999999978 0.16874999999999993
v 0.012499999999999753 0.006249999999999978 -0.11250000000000004
v 0.05486111111111081 0.006249999999999978 -0.11250000000000017
v 0.2370473053061808 0.2970271628794413 0.018978658536584595
v 0.2370473053061811 0.2970271628794413 0.12632884217696708
v 0.19833446435377752 0.2970271628794413 0.1263288421769672
v 0.07666553564622336 0.2970271628794413 0.12632884217696755
v 0.037952694693819775 0.2970271628794413 0.12632884217696766
v 0.037952694693819455 0.2970271628794413 0.018978658536585185
v 0.22500000000000026 0.37690868257532195 0.06585365853658462
v 0.26250000000000023 0.13385026154223434 0.06585365853658454
v 0.012500000000000296 0.1338502615422344 0.06585365853658529
v 0.08402777777777809 0.37690868257532195 0.06585365853658504
v 0.19097222222222252 0.37690868257532195 0.06585365853658473
v 0.26250000000000023 0.006249999999999922 0.06585365853658456
v 0.2138888888888891 0.006249999999999978 0.0658536585365847
v 0.06111111111111133 0.006249999999999978 0.06585365853658516
v 0.01250000000000028 0.006249999999999978 0.0658536585365853
v 0.23704730530618093 0.2970271628794413 0.06585365853658459
v 0.037952694693819594 0.2970271628794413 0.06585365853658519
v 0.23735341777916755 0.37690868257532195 -0.13749172748134675
v 0.24940072308534825 0.299578770173872 -0.13749172748134678
v 0.2526939430931456 0.30084452803008543 0.018978658536584547
v 0.2415250871322073 0.37690868257532195 0.01897865853658457
v 0.27642660606610364 0.1342003492419887 0.018978658536584498
v 0.2749267088895836 0.133567470313882 -0.13749172748134683
v 0.27499999999999963 0.006249999999999922 -0.13749172748134683
v 0.2765625000000001 0.006249999999999922 0.018978658536584512
v 0.2201388888888885 0.006249999999999978 -0.13749172748134666
v 0.22013888888888852 0.13314889962547816 -0.13749172748134666
v 0.20034234857147357 0.2983130123176585 -0.13749172748134664
v 0.0840277777777775 0.37690868257532195 -0.1374917274813463
v 0.07465765142852579 0.2983130123176585 -0.13749172748134625
v 0.1909722222222219 0.37690868257532195 -0.1374917274813466
v 0.05486111111111075 0.13314889962547816 -0.1374917274813462
v 0.03764658222083181 0.37690868257532195 -0.13749172748134617
v 0.025599276914651085 0.299578770173872 -0.1374917274813461
v 0.00007329111041573793 0.13356747031388205 -0.13749172748134603
v -3.2165580636810337e-16 0.006249999999999978 -0.137491727481346
v 0.054861111111110736 0.006249999999999978 -0.13749172748134617
v -0.0015624999999998492 0.006249999999999978 0.018978658536585338
v -0.0014266060661034306 0.13420034924198876 0.01897865853658532
v 0.022306056906854638 0.30084452803008543 0.01897865853658523
v 0.03347491286779302 0.37690868257532195 0.01897865853658519
v 0.0777777777777775 0.44565868257532193 -0.13749172748134628
v 0.1972222222222219 0.44565868257532193 -0.13749172748134664
v 0.19722222222222202 0.44565868257532193 -0.10000000000000064
v 0.07777777777777761 0.44565868257532193 -0.1000000000000003
v 0.1374999999999997 0.46440868257532186 -0.13749172748134647
v 0.13749999999999982 0.46440868257532186 -0.10000000000000048
v 0.1374999999999998 0.37690868257532195 -0.10000000000000046
v 0.13750000000000015 0.37690868257532195 0.01897865853658488
v 0.1375000000000003 0.37690868257532195 0.06585365853658488
v 0.1375000000000004 0.37690868257532195 0.1062499999999995
v 0.13750000000000043 0.2970271628794413 0.12632884217696738
v 0.13750000000000054 0.1338502615422344 0.16874999999999957
v 0.1375000000000005 0.006249999999999978 0.16874999999999957
v 0.1375000000000002 0.006249999999999978 0.06585365853658492
v 0.1375000000000001 0.006249999999999978 0.018978658536584925
v 0.13750000000000012 0.1322916666666667 0.018978658536584907
v 0.13749999999999973 0.1322916666666667 -0.11250000000000043
v 0.13749999999999965 0.13314889962547816 -0.13749172748134642
v 0.13749999999999968 0.2983130123176585 -0.13749172748134644
v 0.13749999999999968 0.37690868257532195 -0.13749172748134647
v 0.24977365265309082 0.21621800964862165 0.14753942108848314
v 0.24977365265309057 0.21621800964862165 0.06585365853658456
v 0.24977365265309043 0.21621800964862165 0.018978658536584567
v 0.2645602745796246 0.21752243863603704 0.018978658536584522
v 0.2621637159874659 0.21657312024387698 -0.1374917274813468
v 0.21024061873018104 0.21573095597156833 -0.13749172748134666
v 0.13749999999999965 0.21573095597156833 -0.13749172748134644
v 0.06475938126981827 0.21573095597156833 -0.13749172748134622
v 0.01283628401253341 0.21657312024387704 -0.13749172748134608
v 0.010439725420375603 0.2175224386360371 0.018978658536585275
v 0.025226347346909806 0.2162180096486217 0.01897865853658523
v 0.025226347346909945 0.2162180096486217 0.06585365853658523
v 0.025226347346910188 0.2162180096486217 0.1475394210884838
v 0.0688883233786675 0.2162180096486217 0.1475394210884837
v 0.1375000000000005 0.2162180096486217 0.14753942108848347
v 0.2061116766213335 0.2162180096486217 0.14753942108848328
v 0.2716518896609213 0.13385026154223434 0.06585365853658451
v 0.2607143896609213 0.21621800964862165 0.06585365853658454
v 0.26071438966092114 0.21621800964862165 0.018978658536584533
v 0.27165188966092113 0.13385026154223434 0.018978658536584512
v 0.27165188966092163 0.13385026154223434 0.179723525694423
v 0.2607143896609216 0.21621800964862165 0.167223525694423
v 0.21388888888888946 0.1338502615422344 0.17972352569442315
v 0.20611167662133356 0.2162180096486217 0.16722352569442317
v 0.13750000000000057 0.1338502615422344 0.1797235256944234
v 0.13750000000000057 0.2162180096486217 0.16722352569442336
v 0.061111111111111685 0.1338502615422344 0.17972352569442362
v 0.06888832337866757 0.2162180096486217 0.16722352569442359
v 0.003348110339079501 0.1338502615422344 0.1797235256944238
v 0.014285610339079477 0.2162180096486217 0.16722352569442372
v 0.0033481103390791637 0.1338502615422344 0.06585365853658531
v 0.014285610339079175 0.2162180096486217 0.06585365853658527
v 0.003348110339079025 0.1338502615422344 0.018978658536585306
v 0.014285610339079036 0.2162180096486217 0.018978658536585265
vt 0.021508081075560327 0.7688843100515166
vt 0.0019470460929793248 0.7687819674461411
vt 0.0019304893595918759 0.7792796422977736
vt 0.021493106063582477 0.7794038585217027
vt 0.15430345131443124 0.7687827482418693
vt 0.1347424082029644 0.768883525173603
vt 0.13475654047686078 0.7794038560583396
vt 0.15431916855856959 0.7792796431354421
vt 0.23125 0.77815390625
vt 0.235503125 0.77815390625
vt 0.235503125 0.76328125
vt 0.23125 0.76328125
vt 0.2964953125 0.515625
vt 0.2912 0.515625
vt 0.2912 0.53206015625
vt 0.2964953125 0.53206015625
vt 0.14325156249999998 0.828290625
vt 0.1367609375 0.82839609375
vt 0.13835625 0.838771875
vt 0.14448828125 0.83861328125
vt 0.271846875 0.6901976562500001
vt 0.2663890625 0.6901976562500001
vt 0.2654171875 0.7006414062499999
vt 0.27025625 0.7006414062499999
vt 0.411925 0.515625
vt 0.4066296875 0.515625
vt 0.4066296875 0.53206015625
vt 0.411925 0.53206015625
vt 0.32421875 0.65625
vt 0.32421875 0.67268515625
vt 0.3345484375 0.67268515625
vt 0.3345484375 0.65625
vt 0.2492359375 0.6901976562500001
vt 0.243778125 0.6901976562500001
vt 0.24536875 0.7006414062499999
vt 0.2502078125 0.7006414062499999
vt 0.2578125 0.6901976562500001
vt 0.2492359375 0.6901976562500001
vt 0.2502078125 0.7006414062499999
vt 0.2578125 0.7006414062499999
vt 0.248871875 0.77815390625
vt 0.253125 0.77815390625
vt 0.253125 0.76328125
vt 0.248871875 0.76328125
vt 0.2421875 0.76328125
vt 0.2421875 0.77815390625
vt 0.248871875 0.77815390625
vt 0.248871875 0.76328125
vt 0.1679265625 0.82839609375
vt 0.1614359375 0.828290625
vt 0.16019921874999998 0.83861328125
vt 0.16633124999999999 0.838771875
vt 0.1614359375 0.828290625
vt 0.15234375 0.828290625
vt 0.15234375 0.83861328125
vt 0.16019921874999998 0.83861328125
vt 0.38556171875 0.72645546875
vt 0.38556171875 0.7107
vt 0.3691265625 0.7107
vt 0.3691265625 0.72645546875
vt 0.02152263524229419 0.7583639797419808
vt 0.02152263524229419 0.7423702297419807
vt 0.0019632602422941913 0.7423702297419807
vt 0.0019632602422941913 0.7582850734919807
vt 0.169521875 0.8180203125000001
vt 0.16953125 0.80210546875
vt 0.1626734375 0.80210546875
vt 0.1626734375 0.81796796875
vt 0.3029515625 0.859375
vt 0.3029515625 0.843425
vt 0.296875 0.843425
vt 0.296875 0.859375
vt 0.3125 0.859375
vt 0.3125 0.843425
vt 0.3029515625 0.843425
vt 0.3029515625 0.859375
vt 0.37890625 0.74205703125
vt 0.37890625 0.7578125
vt 0.3892359375 0.7578125
vt 0.3892359375 0.74205703125
vt 0.328125 0.859375
vt 0.328125 0.843425
vt 0.3220484375 0.843425
vt 0.3220484375 0.859375
vt 0.15428773481932487 0.7582850720986557
vt 0.15428773481932487 0.7423702283486557
vt 0.13472757856932488 0.7423702283486557
vt 0.13472757856932488 0.7583639783486557
vt 0.3964984375 0.94520546875
vt 0.3964984375 0.92945
vt 0.38006328125 0.92945
vt 0.38006328125 0.94520546875
vt 0.1420140625 0.81796796875
vt 0.1420140625 0.80210546875
vt 0.13515625 0.80210546875
vt 0.135165625 0.8180203125000001
vt 0.15234375 0.83861328125
vt 0.15234375 0.8484375
vt 0.159028125 0.8484375
vt 0.16019921874999998 0.83861328125
vt 0.16633124999999999 0.838771875
vt 0.16019921874999998 0.83861328125
vt 0.159028125 0.8484375
vt 0.16482578125 0.8484375
vt 0.02149403178320227 0.7794038643997198
vt 0.0019304893595918759 0.7792796422977736
vt 0.0019148647577058083 0.7890625
vt 0.021480432356982306 0.7890132805895167
vt 0.2502078125 0.7006414062499999
vt 0.24536875 0.7006414062499999
vt 0.246875 0.7109375
vt 0.251128125 0.7109375
vt 0.2578125 0.7109375
vt 0.2578125 0.7006414062499999
vt 0.2502078125 0.7006414062499999
vt 0.251128125 0.7109375
vt 0.27025625 0.7006414062499999
vt 0.2654171875 0.7006414062499999
vt 0.264496875 0.7109375
vt 0.26875 0.7109375
vt 0.15431930171381714 0.7792796422899727
vt 0.13475654047686078 0.7794038560583396
vt 0.13476935385597857 0.7890132708195343
vt 0.15433492143067512 0.7890625
vt 0.14448828125 0.83861328125
vt 0.13835625 0.838771875
vt 0.13986171875 0.8484375
vt 0.145659375 0.8484375
vt 0.176003515625 0.61248828125
vt 0.165793359375 0.61248828125
vt 0.165793359375 0.6227140625
vt 0.173352734375 0.6227140625
vt 0.165793359375 0.61248828125
vt 0.159933984375 0.61248828125
vt 0.159933984375 0.6227140625
vt 0.165793359375 0.6227140625
vt 0.2282984375 0.70817421875
vt 0.234375 0.70817421875
vt 0.234375 0.6953125
vt 0.2282984375 0.6953125
vt 0.22907968750000002 0.71403359375
vt 0.234375 0.71403359375
vt 0.234375 0.70817421875
vt 0.2282984375 0.70817421875
vt 0.21875 0.6953125
vt 0.21875 0.70817421875
vt 0.2282984375 0.70817421875
vt 0.2282984375 0.6953125
vt 0.21875 0.70817421875
vt 0.21875 0.71403359375
vt 0.22907968750000002 0.71403359375
vt 0.2282984375 0.70817421875
vt 0.203125 0.70817421875
vt 0.2092015625 0.70817421875
vt 0.2092015625 0.6953125
vt 0.203125 0.6953125
vt 0.203125 0.71403359375
vt 0.2084203125 0.71403359375
vt 0.2092015625 0.70817421875
vt 0.203125 0.70817421875
vt 0.201394140625 0.6124890625
vt 0.191183984375 0.6124890625
vt 0.193834765625 0.62271484375
vt 0.201394140625 0.62271484375
vt 0.207253515625 0.6124890625
vt 0.201394140625 0.6124890625
vt 0.201394140625 0.62271484375
vt 0.207253515625 0.62271484375
vt 0.235503125 0.78401328125
vt 0.23125 0.78401328125
vt 0.23125 0.7890625
vt 0.235503125 0.7890625
vt 0.235503125 0.77815390625
vt 0.23125 0.77815390625
vt 0.23125 0.78401328125
vt 0.235503125 0.78401328125
vt 0.2421875 0.78401328125
vt 0.2421875 0.7890625
vt 0.248871875 0.7890625
vt 0.248871875 0.78401328125
vt 0.2421875 0.77815390625
vt 0.2421875 0.78401328125
vt 0.248871875 0.78401328125
vt 0.248871875 0.77815390625
vt 0.253125 0.78401328125
vt 0.248871875 0.78401328125
vt 0.248871875 0.7890625
vt 0.253125 0.7890625
vt 0.253125 0.77815390625
vt 0.248871875 0.77815390625
vt 0.248871875 0.78401328125
vt 0.253125 0.78401328125
vt 0.383217578125 0.8203125
vt 0.383217578125 0.8043625
vt 0.377358203125 0.8043625
vt 0.377358203125 0.8203125
vt 0.396079296875 0.8203125
vt 0.396079296875 0.8043625
vt 0.383217578125 0.8043625
vt 0.383217578125 0.8203125
vt 0.239829296875 0.625
vt 0.239829296875 0.60905
vt 0.233969921875 0.60905
vt 0.233969921875 0.625
vt 0.233969921875 0.625
vt 0.233969921875 0.60905
vt 0.221108203125 0.60905
vt 0.221108203125 0.625
vt 0.165793359375 0.6227140625
vt 0.159933984375 0.6227140625
vt 0.159933984375 0.6328125
vt 0.165793359375 0.6328125
vt 0.173352734375 0.6227140625
vt 0.165793359375 0.6227140625
vt 0.165793359375 0.6328125
vt 0.170842578125 0.6328125
vt 0.201394140625 0.62271484375
vt 0.193834765625 0.62271484375
vt 0.196344921875 0.6328125
vt 0.201394140625 0.6328125
vt 0.207253515625 0.62271484375
vt 0.201394140625 0.62271484375
vt 0.201394140625 0.6328125
vt 0.207253515625 0.6328125
vt 0.08374765625 0.61501484375
vt 0.0817921875 0.6154921875
vt 0.08318828125 0.625
vt 0.08525390625 0.625
vt 0.253125 0.77815390625
vt 0.255190625 0.77815390625
vt 0.25466953125 0.75859453125
vt 0.253125 0.76328125
vt 0.08215703125 0.6049140625
vt 0.08030859375 0.60507734375
vt 0.0817921875 0.6154921875
vt 0.08374765625 0.61501484375
vt 0.411925 0.53206015625
vt 0.4134875 0.535184375
vt 0.4136828125 0.515625
vt 0.411925 0.515625
vt 0.08056640625 0.57866796875
vt 0.07880859375 0.57866796875
vt 0.07882578125 0.5946617187500001
vt 0.08056640625 0.59461796875
vt 0.4066296875 0.53206015625
vt 0.4066296875 0.535184375
vt 0.4134875 0.535184375
vt 0.411925 0.53206015625
vt 0.38556171875 0.72645546875
vt 0.3886859375 0.7265625
vt 0.3886859375 0.7107
vt 0.38556171875 0.7107
vt 0.03125 0.4609375
vt 0.0390625 0.4609375
vt 0.0390625 0.453125
vt 0.03125 0.453125
vt 0.32421875 0.67268515625
vt 0.32421875 0.6758109375
vt 0.3345484375 0.6758109375
vt 0.3345484375 0.67268515625
vt 0.253125 0.76328125
vt 0.25466953125 0.75859453125
vt 0.248871875 0.75859453125
vt 0.248871875 0.76328125
vt 0.235503125 0.76328125
vt 0.235503125 0.75859453125
vt 0.22970546875 0.75859453125
vt 0.23125 0.76328125
vt 0.2912 0.53206015625
vt 0.2896375 0.535184375
vt 0.2964953125 0.535184375
vt 0.2964953125 0.53206015625
vt 0.38006328125 0.92945
vt 0.3769390625 0.92945
vt 0.3769390625 0.9453125
vt 0.38006328125 0.94520546875
vt 0.2912 0.515625
vt 0.2894421875 0.515625
vt 0.2896375 0.535184375
vt 0.2912 0.53206015625
vt 0.06787109375 0.59461796875
vt 0.06961171875 0.5946617187500001
vt 0.06962890625 0.57866796875
vt 0.06787109375 0.57866796875
vt 0.06812890625 0.60507734375
vt 0.06628046875 0.6049140625
vt 0.06468984375 0.61501484375
vt 0.0666453125 0.6154921875
vt 0.06318359375 0.625
vt 0.06524921875 0.625
vt 0.0666453125 0.6154921875
vt 0.06468984375 0.61501484375
vt 0.23125 0.76328125
vt 0.22970546875 0.75859453125
vt 0.229184375 0.77815390625
vt 0.23125 0.77815390625
vt 0.15234375 0.8484375
vt 0.15234375 0.859375
vt 0.159809375 0.85703125
vt 0.159028125 0.8484375
vt 0 0.453125
vt 0 0.4609375
vt 0.0078125 0.4609375
vt 0.0078125 0.453125
vt 0.1171875 0.546875
vt 0.1171875 0.5359375
vt 0.110503125 0.5359375
vt 0.109721875 0.54453125
vt 0.53125 0.4921875
vt 0.53125 0.5
vt 0.5390625 0.5
vt 0.5390625 0.4921875
vt 0.0703125 0.4609375
vt 0.078125 0.4609375
vt 0.078125 0.453125
vt 0.0703125 0.453125
vt 0.1171875 0.5359375
vt 0.1171875 0.546875
vt 0.124653125 0.54453125
vt 0.12387187499999999 0.5359375
vt 0.2421875 0.77815390625
vt 0.2421875 0.76328125
vt 0.235503125 0.76328125
vt 0.235503125 0.77815390625
vt 0.2421875 0.78401328125
vt 0.2421875 0.77815390625
vt 0.235503125 0.77815390625
vt 0.235503125 0.78401328125
vt 0.2421875 0.7890625
vt 0.2421875 0.78401328125
vt 0.235503125 0.78401328125
vt 0.235503125 0.7890625
vt 0.2578125 0.7006414062499999
vt 0.2578125 0.7109375
vt 0.264496875 0.7109375
vt 0.2654171875 0.7006414062499999
vt 0.2663890625 0.6901976562500001
vt 0.2578125 0.6901976562500001
vt 0.2578125 0.7006414062499999
vt 0.2654171875 0.7006414062499999
vt 0.3125 0.843425
vt 0.3125 0.859375
vt 0.3220484375 0.859375
vt 0.3220484375 0.843425
vt 0.21875 0.70817421875
vt 0.21875 0.6953125
vt 0.2092015625 0.6953125
vt 0.2092015625 0.70817421875
vt 0.21875 0.71403359375
vt 0.21875 0.70817421875
vt 0.2092015625 0.70817421875
vt 0.2084203125 0.71403359375
vt 0.37890625 0.7578125
vt 0.37890625 0.74205703125
vt 0.3685765625 0.74205703125
vt 0.3685765625 0.7578125
vt 0.32421875 0.67268515625
vt 0.32421875 0.65625
vt 0.3138890625 0.65625
vt 0.3138890625 0.67268515625
vt 0.32421875 0.6758109375
vt 0.32421875 0.67268515625
vt 0.3138890625 0.67268515625
vt 0.3138890625 0.6758109375
vt 0.15234375 0.828290625
vt 0.14325156249999998 0.828290625
vt 0.14448828125 0.83861328125
vt 0.15234375 0.83861328125
vt 0.15234375 0.8484375
vt 0.15234375 0.83861328125
vt 0.14448828125 0.83861328125
vt 0.145659375 0.8484375
vt 0.15234375 0.859375
vt 0.15234375 0.8484375
vt 0.145659375 0.8484375
vt 0.144878125 0.85703125
vt 0.335656640625 0.5859375
vt 0.348327734375 0.5859375
vt 0.349890234375 0.57555078125
vt 0.335656640625 0.57555078125
vt 0.329797265625 0.5859375
vt 0.335656640625 0.5859375
vt 0.335656640625 0.57555078125
vt 0.329797265625 0.57555078125
vt 0.08030859375 0.60507734375
vt 0.08215703125 0.6049140625
vt 0.08056640625 0.59461796875
vt 0.07882578125 0.5946617187500001
vt 0.001947041303540063 0.768781967421083
vt 0.021508081075560327 0.7688843100515166
vt 0.02152263524229419 0.7583639797419808
vt 0.001963179500669961 0.7582850731662536
vt 0.1614359375 0.828290625
vt 0.1679265625 0.82839609375
vt 0.169521875 0.8180203125000001
vt 0.1626734375 0.81796796875
vt 0.15234375 0.828290625
vt 0.1614359375 0.828290625
vt 0.1626734375 0.81796796875
vt 0.15234375 0.81796796875
vt 0.14325156249999998 0.828290625
vt 0.15234375 0.828290625
vt 0.15234375 0.81796796875
vt 0.1420140625 0.81796796875
vt 0.1367609375 0.82839609375
vt 0.14325156249999998 0.828290625
vt 0.1420140625 0.81796796875
vt 0.135165625 0.8180203125000001
vt 0.1347424082029644 0.768883525173603
vt 0.15430345131443124 0.7687827482418693
vt 0.15428773481932487 0.7582850720986557
vt 0.13472827518003605 0.7583639755385074
vt 0.06628046875 0.6049140625
vt 0.06812890625 0.60507734375
vt 0.06961171875 0.5946617187500001
vt 0.06787109375 0.59461796875
vt 0.429968359375 0.65625
vt 0.435827734375 0.65625
vt 0.435827734375 0.64586328125
vt 0.429968359375 0.64586328125
vt 0.417297265625 0.65625
vt 0.429968359375 0.65625
vt 0.429968359375 0.64586328125
vt 0.415734765625 0.64586328125
vt 0.3874828125 0.84375
vt 0.3943078125 0.84375
vt 0.395675 0.8333359375
vt 0.3884546875 0.8333359375
vt 0.37890625 0.84375
vt 0.3874828125 0.84375
vt 0.3884546875 0.8333359375
vt 0.37890625 0.8333359375
vt 0.3703296875 0.84375
vt 0.37890625 0.84375
vt 0.37890625 0.8333359375
vt 0.3693578125 0.8333359375
vt 0.3635046875 0.84375
vt 0.3703296875 0.84375
vt 0.3693578125 0.8333359375
vt 0.3621375 0.8333359375
vt 0.318721875 0.73732890625
vt 0.3200890625 0.73732890625
vt 0.3200890625 0.73146953125
vt 0.318721875 0.73146953125
vt 0.5078125 0.484375
vt 0.515625 0.48419503493443705
vt 0.515625 0.4738085654587708
vt 0.5080339933045974 0.4739591190907618
vt 0.15234375 0.73103046875
vt 0.1534875 0.73103046875
vt 0.1534875 0.72517109375
vt 0.15234375 0.72517109375
vt 0.318721875 0.7475390625
vt 0.3200890625 0.75
vt 0.3200890625 0.73732890625
vt 0.318721875 0.73732890625
vt 0.15234375 0.72517109375
vt 0.1534875 0.72517109375
vt 0.1534875 0.7109375
vt 0.15234375 0.712309375
vt 0.3132640625 0.7475390625
vt 0.3132640625 0.75
vt 0.3200890625 0.75
vt 0.318721875 0.7475390625
vt 0.15234375 0.712309375
vt 0.1534875 0.7109375
vt 0.1462671875 0.7109375
vt 0.1462671875 0.712309375
vt 0.3046875 0.7475390625
vt 0.3046875 0.75
vt 0.3132640625 0.75
vt 0.3132640625 0.7475390625
vt 0.1462671875 0.712309375
vt 0.1462671875 0.7109375
vt 0.13671875 0.7109375
vt 0.13671875 0.712309375
vt 0.2961109375 0.7475390625
vt 0.2961109375 0.75
vt 0.3046875 0.75
vt 0.3046875 0.7475390625
vt 0.13671875 0.712309375
vt 0.13671875 0.7109375
vt 0.1271703125 0.7109375
vt 0.1271703125 0.712309375
vt 0.290653125 0.7475390625
vt 0.2892859375 0.75
vt 0.2961109375 0.75
vt 0.2961109375 0.7475390625
vt 0.1271703125 0.712309375
vt 0.1271703125 0.7109375
vt 0.11995 0.7109375
vt 0.12109375 0.712309375
vt 0.290653125 0.73732890625
vt 0.2892859375 0.73732890625
vt 0.2892859375 0.75
vt 0.290653125 0.7475390625
vt 0.12109375 0.712309375
vt 0.11995 0.7109375
vt 0.11995 0.72517109375
vt 0.12109375 0.72517109375
vt 0.3542423363613764 0.45199120210513766
vt 0.3540917827293854 0.453125
vt 0.3644782522050516 0.453125
vt 0.3646582172706146 0.45176970880054024
vt 0.290653125 0.73146953125
vt 0.2892859375 0.73146953125
vt 0.2892859375 0.73732890625
vt 0.290653125 0.73732890625
vt 0.12109375 0.72517109375
vt 0.11995 0.72517109375
vt 0.11995 0.73103046875
vt 0.12109375 0.73103046875
vn 0.9882569655406437 0.151954916891816 -0.016058433696992
vn -0.9898836609895914 0.14097447315322553 -0.01601672953553948
vn 1.224646799147353e-16 1 -1.224646799147357e-16
vn -1.224646799147353e-16 -1 1.224646799147357e-16
vn -2.9629076969683865e-15 -1.224646799147353e-16 -1
vn 2.8969230073930518e-15 0.2538777056914313 0.9672363261131456
vn -1.224646799147353e-16 -1 1.224646799147357e-16
vn -1.224646799147353e-16 -1 1.224646799147357e-16
vn 2.8969230073930514e-15 0.2538777056914313 0.9672363261131455
vn 2.8969230073930514e-15 0.2538777056914313 0.9672363261131455
vn 1.224646799147353e-16 1 -1.224646799147357e-16
vn 1.224646799147353e-16 1 -1.224646799147357e-16
vn -2.9629076969683865e-15 -1.224646799147353e-16 -1
vn -2.9629076969683865e-15 -1.224646799147353e-16 -1
vn -1 1.224646799147357e-16 2.9629076969683865e-15
vn 0.9999495805521277 0.0010620297873695274 -0.009985411676776548
vn -2.9629076969683865e-15 -1.224646799147353e-16 -1
vn 2.9629076969683865e-15 1.224646799147353e-16 1
vn 2.9629076969683865e-15 1.224646799147353e-16 1
vn -2.9629076969683865e-15 -1.224646799147353e-16 -1
vn 2.9629076969683865e-15 1.224646799147353e-16 1
vn -0.9999499788125095 0.0005756275562733437 -0.009985415653764805
vn 1 -1.224646799147357e-16 -2.9629076969683865e-15
vn -2.9629076969683865e-15 -1.224646799147353e-16 -1
vn -2.9629076969683865e-15 -1.224646799147353e-16 -1
vn -2.9629076969683865e-15 -1.224646799147353e-16 -1
vn 0.9878411808838703 0.15389677720497344 -0.02203595507082672
vn 2.9033761050737204e-15 0.24377479379839712 0.9698318668246312
vn 2.90337610507372e-15 0.24377479379839706 0.9698318668246311
vn 2.9033761050737204e-15 0.2437747937983971 0.9698318668246312
vn -0.9891517128377382 0.14524177742132074 -0.021993523630026882
vn -2.9629076969683865e-15 -1.224646799147353e-16 -1
vn 0.9878250181330005 0.15556906360371672 -2.9458860650630676e-15
vn 0.9878250181330005 0.15556906360371672 -2.9458860650630676e-15
vn -1.224646799147353e-16 -1 1.224646799147357e-16
vn -1.224646799147353e-16 -1 1.224646799147357e-16
vn -1.224646799147353e-16 -1 1.224646799147357e-16
vn -1.224646799147353e-16 -1 1.224646799147357e-16
vn -1.224646799147353e-16 -1 1.224646799147357e-16
vn -1.224646799147353e-16 -1 1.224646799147357e-16
vn -0.9878250181330005 0.15556906360371694 2.9077826339053388e-15
vn -0.9878250181330005 0.15556906360371694 2.9077826339053388e-15
vn 1.224646799147353e-16 1 -1.224646799147357e-16
vn 1.224646799147353e-16 1 -1.224646799147357e-16
vn 1.224646799147353e-16 1 -1.224646799147357e-16
vn 1.224646799147353e-16 1 -1.224646799147357e-16
vn 1.224646799147353e-16 1 -1.224646799147357e-16
vn 1.224646799147353e-16 1 -1.224646799147357e-16
vn 1 -1.224646799147357e-16 -2.9629076969683865e-15
vn 1 -1.224646799147357e-16 -2.9629076969683865e-15
vn -1 1.224646799147357e-16 2.9629076969683865e-15
vn -1 1.224646799147357e-16 2.9629076969683865e-15
vn 0.988817863457034 0.1491282431609334 -2.948039001101632e-15
vn 0.988817863457034 0.1491282431609334 -2.948039001101632e-15
vn -0.988817863457034 0.14912824316093387 2.9115131159717304e-15
vn -0.9888178634570339 0.14912824316093387 2.91151311597173e-15
vn 2.9629076969683865e-15 1.224646799147353e-16 1
vn 1.224646799147353e-16 1 -1.224646799147357e-16
vn 2.9629076969683865e-15 1.224646799147353e-16 1
vn -1.224646799147353e-16 -1 1.224646799147357e-16
vn 2.9629076969683865e-15 1.224646799147353e-16 1
vn -1.224646799147353e-16 -1 1.224646799147357e-16
vn -1 1.224646799147357e-16 2.9629076969683865e-15
vn 0.29953810596162295 0.9540843375073944 -1.0043453926935301e-15
vn -2.239626831990659e-16 -0.9994122506516 -0.034280508273706066
vn 1.224646799147353e-16 1 -1.224646799147357e-16
vn 1.224646799147353e-16 1 -1.224646799147357e-16
vn -1.224646799147353e-16 -1 1.224646799147357e-16
vn 1 -1.224646799147357e-16 -2.9629076969683865e-15
vn -1.224646799147353e-16 -1 1.224646799147357e-16
vn 2.9629076969683865e-15 1.224646799147353e-16 1
vn 2.9629076969683865e-15 1.224646799147353e-16 1
vn 2.9629076969683865e-15 1.224646799147353e-16 1
vn 1.224646799147353e-16 1 -1.224646799147357e-16
vn -2.9629076969683865e-15 -1.224646799147353e-16 -1
vn 0.9958932064677039 -0.09053574604251878 -2.9396522156417474e-15
vn 2.9629076969683865e-15 1.224646799147353e-16 1
vn -0.9958932064677039 -0.09053574604251832 2.961827077961625e-15
vn -0.29953810596162267 0.9540843375073944 7.706621266845186e-16
vn 2.9629076969683865e-15 1.224646799147353e-16 1
vn 1.224646799147353e-16 1 -1.224646799147357e-16
vn 1.224646799147353e-16 1 -1.224646799147357e-16
vn 1.224646799147353e-16 1 -1.224646799147357e-16
vn 2.90337610507372e-15 0.24377479379839706 0.9698318668246311
vn 2.8969230073930514e-15 0.2538777056914313 0.9672363261131455
vn 2.9629076969683865e-15 1.224646799147353e-16 1
vn -1.224646799147353e-16 -1 1.224646799147357e-16
vn -1.224646799147353e-16 -1 1.224646799147357e-16
vn -2.9629076969683865e-15 -1.224646799147353e-16 -1
vn -1.224646799147353e-16 -1 1.224646799147357e-16
vn -2.239626831990659e-16 -0.9994122506516 -0.034280508273706066
vn -2.9629076969683865e-15 -1.224646799147353e-16 -1
vn -2.9629076969683865e-15 -1.224646799147353e-16 -1
vn -2.9629076969683865e-15 -1.224646799147353e-16 -1
vn 0.9912984969649612 0.13163316419128204 -2.9532463599695258e-15
vn 0.9912984969649612 0.13163316419128207 -2.9532463599695258e-15
vn 2.9629076969683865e-15 1.224646799147353e-16 1
vn 0.9898836609895911 0.14097447315322537 -0.01601672953554528
vn -2.9629076969683865e-15 -1.224646799147353e-16 -1
vn -2.9629076969683865e-15 -1.224646799147353e-16 -1
vn -2.9629076969683865e-15 -1.224646799147353e-16 -1
vn -2.9629076969683865e-15 -1.224646799147353e-16 -1
vn -0.9882569655406437 0.15195491689181628 -0.01605843369698621
vn 2.9629076969683865e-15 1.224646799147353e-16 1
vn -0.9912984969649612 0.13163316419128246 2.921005533331827e-15
vn -0.9912984969649612 0.13163316419128246 2.921005533331827e-15
vn 2.9477418029287125e-15 0.15004050037323297 0.9886798512398995
vn 2.9477418029287125e-15 0.15004050037323297 0.9886798512398995
vn 2.9477418029287125e-15 0.15004050037323297 0.9886798512398995
vn 2.9477418029287125e-15 0.15004050037323297 0.9886798512398995
vn 1.224646799147353e-16 1 -1.224646799147357e-16
vn -2.9629076969683865e-15 -1.224646799147353e-16 -1
vn -1.224646799147353e-16 -1 1.224646799147357e-16
vn 1.224646799147353e-16 1 -1.224646799147357e-16
vn -1.224646799147353e-16 -1 1.224646799147357e-16
vn 1.224646799147353e-16 1 -1.224646799147357e-16
vn -1.224646799147353e-16 -1 1.224646799147357e-16
vn 1.224646799147353e-16 1 -1.224646799147357e-16
vn -1.224646799147353e-16 -1 1.224646799147357e-16
vn 1.224646799147353e-16 1 -1.224646799147357e-16
vn -1.224646799147353e-16 -1 1.224646799147357e-16
vn 1.224646799147353e-16 1 -1.224646799147357e-16
vn -1.224646799147353e-16 -1 1.224646799147357e-16
vn 1.224646799147353e-16 1 -1.224646799147357e-16
vn -1.224646799147353e-16 -1 1.224646799147357e-16
vn -2.9629076969683865e-15 -1.224646799147353e-16 -1
vn 1.224646799147353e-16 1 -1.224646799147357e-16
vn -1.224646799147353e-16 -1 1.224646799147357e-16
usemtl m_084e7548-2300-4378-46d0-9b20b1ffff30
f 314/825/207 315/826/207 268/827/207 269/828/207
f 319/829/208 320/830/208 289/831/208 283/832/208
f 235/833/209 236/834/209 229/835/209 219/836/209
f 245/837/210 246/838/210 248/839/210 249/840/210
f 318/841/211 319/842/211 283/843/211 279/844/211
f 323/845/212 324/846/212 253/847/212 254/848/212
f 239/849/213 240/850/213 238/851/213 241/852/213
f 306/853/214 307/854/214 222/855/214 232/856/214
f 326/857/215 311/858/215 251/859/215 252/860/215
f 325/861/216 326/862/216 252/863/216 301/864/216
f 237/865/217 230/866/217 216/867/217 228/868/217
f 297/869/218 298/870/218 237/871/218 228/872/218
f 315/873/219 316/874/219 277/875/219 268/876/219
f 316/877/220 317/878/220 309/879/220 277/880/220
f 222/881/221 238/882/221 240/883/221 232/884/221
f 271/885/222 274/886/222 273/887/222 272/888/222
f 272/889/223 273/890/223 275/891/223 276/892/223
f 223/893/224 243/894/224 242/895/224 218/896/224
f 302/897/225 303/898/225 243/899/225 223/900/225
f 305/901/226 306/902/226 232/903/226 240/904/226
f 221/905/227 247/906/227 244/907/227 225/908/227
f 284/909/228 285/910/228 287/911/228 288/912/228
f 233/913/229 245/914/229 249/915/229 224/916/229
f 281/917/230 286/918/230 285/919/230 284/920/230
f 309/921/231 310/922/231 280/923/231 277/924/231
f 268/925/232 277/926/232 280/927/232 267/928/232
f 269/929/233 268/930/233 267/931/233 270/932/233
f 252/933/234 251/934/234 217/935/234 226/936/234
f 300/937/235 301/938/235 252/939/235 226/940/235
f 254/941/236 253/942/236 227/943/236 220/944/236
f 283/945/237 289/946/237 290/947/237 282/948/237
f 279/949/238 283/950/238 282/951/238 278/952/238
f 311/953/239 312/954/239 265/955/239 251/956/239
f 312/957/240 313/958/240 250/959/240 265/960/240
f 262/961/241 261/962/241 242/963/241 243/964/241
f 240/965/242 239/966/242 261/967/242 262/968/242
f 303/969/243 304/970/243 262/971/243 243/972/243
f 304/973/244 305/974/244 240/975/244 262/976/244
f 264/977/245 263/978/245 244/979/245 247/980/245
f 246/981/246 245/982/246 263/983/246 264/984/246
f 322/985/247 323/986/247 254/987/247 266/988/247
f 321/989/248 322/990/248 266/991/248 255/992/248
f 259/993/249 215/994/249 220/995/249 227/996/249
f 236/997/250 235/998/250 215/999/250 259/1000/250
f 299/1001/251 300/1002/251 226/1003/251 260/1004/251
f 298/1005/252 299/1006/252 260/1007/252 237/1008/252
f 256/1009/253 260/1010/253 226/1011/253 217/1012/253
f 230/1013/254 237/1014/254 260/1015/254 256/1016/254
f 257/1017/255 261/1018/255 239/1019/255 231/1020/255
f 218/1021/256 242/1022/256 261/1023/256 257/1024/256
f 234/1025/257 246/1026/257 264/1027/257 258/1028/257
f 258/1029/258 264/1030/258 247/1031/258 221/1032/258
f 265/1033/259 250/1034/259 230/1035/259 256/1036/259
f 251/1037/260 265/1038/260 256/1039/260 217/1040/260
f 266/1041/261 254/1042/261 220/1043/261 215/1044/261
f 255/1045/262 266/1046/262 215/1047/262 235/1048/262
f 250/1049/263 269/1050/263 270/1051/263 230/1052/263
f 230/1053/264 270/1054/264 267/1055/264 216/1056/264
f 313/1057/265 314/1058/265 269/1059/265 250/1060/265
f 241/1061/266 273/1062/266 274/1063/266 239/1064/266
f 239/1065/267 274/1066/267 271/1067/267 231/1068/267
f 238/1069/268 275/1070/268 273/1071/268 241/1072/268
f 222/1073/269 276/1074/269 275/1075/269 238/1076/269
f 295/1077/270 296/1078/270 293/1079/270 292/1080/270
f 307/1081/271 308/1082/271 276/1083/271 222/1084/271
f 216/1085/272 267/1086/272 280/1087/272 228/1088/272
f 229/1089/273 278/1090/273 282/1091/273 219/1092/273
f 248/1093/274 285/1094/274 286/1095/274 249/1096/274
f 249/1097/275 286/1098/275 281/1099/275 224/1100/275
f 246/1101/276 287/1102/276 285/1103/276 248/1104/276
f 234/1105/277 288/1106/277 287/1107/277 246/1108/277
f 320/1109/278 321/1110/278 255/1111/278 289/1112/278
f 235/1113/279 290/1114/279 289/1115/279 255/1116/279
f 219/1117/280 282/1118/280 290/1119/280 235/1120/280
f 310/1121/281 295/1122/281 292/1123/281 280/1124/281
f 280/1125/282 292/1126/282 293/1127/282 228/1128/282
f 296/1129/283 297/1130/283 228/1131/283 293/1132/283
f 229/1133/284 294/1134/284 291/1135/284 278/1136/284
f 296/1137/285 295/1138/285 291/1139/285 294/1140/285
f 297/1141/286 296/1142/286 294/1143/286 229/1144/286
f 298/1145/287 297/1146/287 229/1147/287 236/1148/287
f 299/1149/288 298/1150/288 236/1151/288 259/1152/288
f 300/1153/289 299/1154/289 259/1155/289 227/1156/289
f 301/1157/290 300/1158/290 227/1159/290 253/1160/290
f 324/1161/291 325/1162/291 301/1163/291 253/1164/291
f 303/1165/292 302/1166/292 225/1167/292 244/1168/292
f 304/1169/293 303/1170/293 244/1171/293 263/1172/293
f 305/1173/294 304/1174/294 263/1175/294 245/1176/294
f 306/1177/295 305/1178/295 245/1179/295 233/1180/295
f 307/1181/296 306/1182/296 233/1183/296 224/1184/296
f 308/1185/297 307/1186/297 224/1187/297 281/1188/297
f 317/1189/298 318/1190/298 279/1191/298 309/1192/298
f 310/1193/299 309/1194/299 279/1195/299 278/1196/299
f 295/1197/300 310/1198/300 278/1199/300 291/1200/300
f 328/1201/301 332/1202/301 331/1203/301 327/1204/301
f 329/1205/302 328/1206/302 327/1207/302 330/1208/302
f 314/1209/303 313/1210/303 231/1211/303 271/1212/303
f 315/1213/304 314/1214/304 271/1215/304 272/1216/304
f 316/1217/305 315/1218/305 272/1219/305 276/1220/305
f 317/1221/306 316/1222/306 276/1223/306 308/1224/306
f 318/1225/307 317/1226/307 308/1227/307 281/1228/307
f 319/1229/308 318/1230/308 281/1231/308 284/1232/308
f 320/1233/309 319/1234/309 284/1235/309 288/1236/309
f 321/1237/310 320/1238/310 288/1239/310 234/1240/310
f 342/1241/311 344/1242/311 343/1243/311 341/1244/311
f 340/1245/312 342/1246/312 341/1247/312 339/1248/312
f 338/1249/313 340/1250/313 339/1251/313 337/1252/313
f 336/1253/314 338/1254/314 337/1255/314 335/1256/314
f 334/1257/315 336/1258/315 335/1259/315 333/1260/315
f 332/1261/316 334/1262/316 333/1263/316 331/1264/316
f 312/1265/317 328/1266/317 329/1267/317 313/1268/317
f 313/1269/318 329/1270/318 330/1271/318 231/1272/318
f 231/1273/319 330/1274/319 327/1275/319 257/1276/319
f 311/1277/320 332/1278/320 328/1279/320 312/1280/320
f 257/1281/321 327/1282/321 331/1283/321 218/1284/321
f 326/1285/322 334/1286/322 332/1287/322 311/1288/322
f 218/1289/323 331/1290/323 333/1291/323 223/1292/323
f 325/1293/324 336/1294/324 334/1295/324 326/1296/324
f 223/1297/325 333/1298/325 335/1299/325 302/1300/325
f 324/1301/326 338/1302/326 336/1303/326 325/1304/326
f 302/1305/327 335/1306/327 337/1307/327 225/1308/327
f 323/1309/328 340/1310/328 338/1311/328 324/1312/328
f 225/1313/329 337/1314/329 339/1315/329 221/1316/329
f 322/1317/330 342/1318/330 340/1319/330 323/1320/330
f 221/1321/331 339/1322/331 341/1323/331 258/1324/331
f 234/1325/332 343/1326/332 344/1327/332 321/1328/332
f 321/1329/333 344/1330/333 342/1331/333 322/1332/333
f 258/1333/334 341/1334/334 343/1335/334 234/1336/334
o Thigh
v 0.19218749999999973 0.7062500000000002 -0.1012500000000007
v 0.19218750000000034 0.7062500000000002 0.10124999999999931
v 0.22343749999999973 0.38125 -0.10125000000000074
v 0.22343750000000034 0.38125 0.10124999999999927
v 0.05624999999999981 0.6612500000000002 -0.10125000000000028
v 0.056250000000000404 0.6612500000000002 0.10124999999999973
v 0.05624999999999977 0.38125 -0.10125000000000026
v 0.05625000000000037 0.38125 0.10124999999999976
v 0.22343749999999976 0.59475 -0.10125000000000077
v 0.22343750000000037 0.59475 0.10124999999999924
v 0.0562500000000004 0.59475 0.10124999999999973
v 0.0562499999999998 0.59475 -0.10125000000000028
v 0.13749999999999973 0.59475 -0.10125000000000052
v 0.13749999999999973 0.7087500000000001 -0.10125000000000053
v 0.13750000000000034 0.7087500000000001 0.10124999999999948
v 0.13750000000000034 0.59475 0.1012499999999995
v 0.13750000000000032 0.38125 0.10124999999999952
v 0.1374999999999997 0.38125 -0.10125000000000049
v 0.22343750000000037 0.538 0.10124999999999924
v 0.22343749999999976 0.538 -0.10125000000000077
v 0.13749999999999973 0.538 -0.1012500000000005
v 0.05624999999999979 0.538 -0.10125000000000027
v 0.05625000000000039 0.538 0.10124999999999974
v 0.13750000000000034 0.538 0.10124999999999951
v 0.22343750000000026 0.3984925 0.07897499999999925
v 0.2234375000000003 0.538 0.07897499999999924
v 0.22343749999999984 0.538 -0.07897500000000077
v 0.22343749999999982 0.3984925 -0.07897500000000075
v 0.19562499999999983 0.6939850000000002 -0.0789750000000007
v 0.22343749999999984 0.59475 -0.07897500000000077
v 0.2234375000000003 0.59475 0.07897499999999924
v 0.19562500000000027 0.6939850000000002 0.07897499999999931
v 0.24218750000000025 0.3984925 0.0789749999999992
v 0.24218750000000028 0.538 0.07897499999999918
v 0.24218749999999983 0.538 -0.07897500000000082
v 0.2421874999999998 0.3984925 -0.07897500000000081
v 0.21367931354514158 0.6990450654554772 -0.07897500000000075
v 0.2419556045150471 0.596436688485159 -0.07897500000000082
v 0.24195560451504755 0.596436688485159 0.07897499999999918
v 0.21367931354514202 0.6990450654554772 0.07897499999999925
v 0.2328125000000004 0.538 0.10906249999999922
v 0.2328125000000004 0.59475 0.10906249999999922
v 0.13750000000000037 0.538 0.10906249999999951
v 0.13750000000000037 0.59475 0.1090624999999995
v 0.046875000000000416 0.538 0.10906249999999977
v 0.04687500000000042 0.59475 0.10906249999999976
v 0.23281249999999973 0.59475 -0.1090625000000008
v 0.23281249999999973 0.538 -0.1090625000000008
v 0.1374999999999997 0.59475 -0.10906250000000052
v 0.1374999999999997 0.538 -0.1090625000000005
v 0.04687499999999977 0.59475 -0.10906250000000026
v 0.046874999999999764 0.538 -0.10906250000000024
v 0.23175550530576886 0.7040264097954151 -0.07897500000000081
v 0.2603686265795247 0.5989645633630538 -0.07897500000000088
v 0.26036862657952514 0.5989645633630538 0.07897499999999913
v 0.2317555053057693 0.7040264097954151 0.0789749999999992
v 0.26093742618416427 0.538037202707926 0.07897499999999913
v 0.2609374261841638 0.538037202707926 -0.07897500000000088
v 0.2609375000000002 0.3984925 0.07897499999999914
v 0.26093749999999977 0.3984925 -0.07897500000000086
vt 0.193465625 0.687696875
vt 0.173721875 0.687696875
vt 0.173721875 0.6953125
vt 0.193465625 0.6953125
vt 0.296875 0.796875
vt 0.2734375 0.796875
vt 0.2734375 0.8046875
vt 0.296875 0.8046875
vt 0.4296875 0.828125
vt 0.453125 0.828125
vt 0.453125 0.8203125
vt 0.4296875 0.8203125
vt 0.29267578125 0.6796875
vt 0.29267578125 0.7050000000000001
vt 0.30341796875 0.7050000000000001
vt 0.30341796875 0.6796875
vt 0.46865234375 0.78196875
vt 0.45673828125 0.78196875
vt 0.45673828125 0.7890625
vt 0.46865234375 0.7890625
vt 0.45732421875 0.68821875
vt 0.44541015625 0.68821875
vt 0.44541015625 0.6953125
vt 0.45732421875 0.6953125
vt 0.109375 0.9375
vt 0.0859375 0.9375
vt 0.0859375 0.953125
vt 0.109375 0.953125
vt 0.37919921875 0.8671875
vt 0.37919921875 0.8529375
vt 0.36845703125 0.8529375
vt 0.37236328125 0.8668750000000001
vt 0.3046875 0.9609375
vt 0.28125 0.9609375
vt 0.28125 0.96875
vt 0.3046875 0.96875
vt 0.37080078125 0.61075
vt 0.37080078125 0.625
vt 0.37763671875 0.6246875000000001
vt 0.38154296875 0.61075
vt 0.37080078125 0.625
vt 0.37080078125 0.61075
vt 0.36064453125 0.61075
vt 0.36064453125 0.6190625000000001
vt 0.1640625 0.65625
vt 0.1875 0.65625
vt 0.1875 0.640625
vt 0.1640625 0.640625
vt 0.37919921875 0.8529375
vt 0.37919921875 0.8671875
vt 0.38935546875 0.8612500000000001
vt 0.38935546875 0.8529375
vt 0.46865234375 0.68821875
vt 0.45732421875 0.68821875
vt 0.45732421875 0.6953125
vt 0.46865234375 0.6953125
vt 0.29267578125 0.7050000000000001
vt 0.29267578125 0.6796875
vt 0.28251953125 0.6796875
vt 0.28251953125 0.7050000000000001
vt 0.45673828125 0.78196875
vt 0.44541015625 0.78196875
vt 0.44541015625 0.7890625
vt 0.45673828125 0.7890625
vt 0.173721875 0.687696875
vt 0.193465625 0.687696875
vt 0.193465625 0.67025390625
vt 0.173721875 0.67025390625
vt 0.33173828125 1
vt 0.34248046875 1
vt 0.34248046875 0.98040625
vt 0.33173828125 0.98040625
vt 0.32158203125 1
vt 0.33173828125 1
vt 0.33173828125 0.98040625
vt 0.32158203125 0.98040625
vt 0.09375 0.90625
vt 0.1171875 0.90625
vt 0.1171875 0.8828125
vt 0.09375 0.8828125
vt 0.24638671875 0.6796875
vt 0.25654296875 0.6796875
vt 0.25654296875 0.66009375
vt 0.24638671875 0.66009375
vt 0.23564453125 0.6796875
vt 0.24638671875 0.6796875
vt 0.24638671875 0.66009375
vt 0.23564453125 0.66009375
vt 0.33296875 0.78509375
vt 0.330184375 0.78724921875
vt 0.330184375 0.8046875
vt 0.33296875 0.8046875
vt 0.30765625 0.8046875
vt 0.310440625 0.8046875
vt 0.310440625 0.78724921875
vt 0.30765625 0.78509375
vt 0.30765625 0.78509375
vt 0.310440625 0.78724921875
vt 0.330184375 0.78724921875
vt 0.33296875 0.78509375
vt 0.12796875 0.65625
vt 0.130753125 0.6546578125
vt 0.130753125 0.64177578125
vt 0.12796875 0.64177578125
vt 0.15328125 0.64177578125
vt 0.150496875 0.64177578125
vt 0.150496875 0.6546578125
vt 0.15328125 0.65625
vt 0.15328125 0.65625
vt 0.150496875 0.6546578125
vt 0.130753125 0.6546578125
vt 0.12796875 0.65625
vt 0.2031333455824598 0.46854368672365965
vt 0.2109375 0.46875
vt 0.2109375 0.4609375
vt 0.203125 0.4609375
vt 0.5390625 0.75
vt 0.53125 0.75
vt 0.53125859375 0.7578125
vt 0.5390625 0.7576015625
vt 0.37560546875 0.63368359375
vt 0.37326171875 0.63368359375
vt 0.37326171875 0.6511218750000001
vt 0.37560546875 0.6511218750000001
vt 0.34314453125 0.6120593750000001
vt 0.34548828125 0.6120593750000001
vt 0.34548828125 0.59462109375
vt 0.34314453125 0.59462109375
vt 0.1578125 0.48068124999999995
vt 0.16015625 0.48068124999999995
vt 0.16015625 0.4609375
vt 0.1578125 0.4609375
vt 0.33966796875 0.6315578125
vt 0.341925 0.63218984375
vt 0.345459375 0.6193640625
vt 0.34314453125 0.619153125
vt 0.37560546875 0.658215625
vt 0.373290625 0.6584265625
vt 0.376825 0.67125234375
vt 0.37908203125 0.6706203125
vt 0.517471875 0.8703125
vt 0.517471875 0.87265625
vt 0.537215625 0.87265625
vt 0.537215625 0.8703125
vt 0.18955078125000002 0.7068859375000001
vt 0.19189453125 0.7068859375000001
vt 0.19072265625 0.703125
vt 0.18955078125000002 0.7041015625
vt 0.29112629117447697 0.7880862187905117
vt 0.29229782862586295 0.7890625
vt 0.29344435887413706 0.7852972154418484
vt 0.2911235903965409 0.7853046175739695
vt 0.18955078125000002 0.7041015625
vt 0.19072265625 0.703125
vt 0.17880859375 0.703125
vt 0.17880859375 0.7041015625
vt 0.28038376612586297 0.7880859375
vt 0.28038376612586297 0.7890625
vt 0.29229782862586295 0.7890625
vt 0.29112595362586297 0.7880859375
vt 0.17880859375 0.7041015625
vt 0.17880859375 0.703125
vt 0.16748046875 0.703125
vt 0.16865234375000002 0.7041015625
vt 0.27022751612586293 0.7880859375
vt 0.26905564112586294 0.7890625
vt 0.28038376612586297 0.7890625
vt 0.28038376612586297 0.7880859375
vt 0.2911182059198883 0.7655551596686294
vt 0.2934427383737178 0.7655633784185932
vt 0.29229782862586295 0.7617968749999999
vt 0.29112797699149234 0.7627717513619755
vt 0.18955078125 0.7294140625000001
vt 0.19072265624999998 0.7303906250000001
vt 0.19189453125 0.7266296875
vt 0.18955078125 0.7266296875
vt 0.17880859375 0.7294140625000001
vt 0.17880859375 0.7303906250000001
vt 0.19072265624999998 0.7303906250000001
vt 0.18955078125 0.7294140625000001
vt 0.2911259536258629 0.7627734374999999
vt 0.29229782862586295 0.7617968749999999
vt 0.2803837661258629 0.7617968749999999
vt 0.2803837661258629 0.7627734374999999
vt 0.16865234375 0.7294140625000001
vt 0.16748046875 0.7303906250000001
vt 0.17880859375 0.7303906250000001
vt 0.17880859375 0.7294140625000001
vt 0.2803837661258629 0.7627734374999999
vt 0.2803837661258629 0.7617968749999999
vt 0.26905564112586294 0.7617968749999999
vt 0.27022751612586293 0.7627734374999999
vt 0.16865234375000002 0.7041015625
vt 0.16748046875 0.703125
vt 0.16748046875 0.7303906250000001
vt 0.16865234375 0.7294140625000001
vt 0.27022751612586293 0.7627734374999999
vt 0.26905564112586294 0.7617968749999999
vt 0.26905564112586294 0.7890625
vt 0.27022751612586293 0.7880859375
vt 0.341925 0.63218984375
vt 0.344184375 0.6328125
vt 0.3477609375 0.6196796875
vt 0.345459375 0.6193640625
vt 0.373290625 0.6584265625
vt 0.3709890625 0.6587421875
vt 0.374565625 0.671875
vt 0.376825 0.67125234375
vt 0.517471875 0.87265625
vt 0.517471875 0.875
vt 0.537215625 0.875
vt 0.537215625 0.87265625
vt 0.345459375 0.6193640625
vt 0.3477609375 0.6196796875
vt 0.34783203125 0.6120640625
vt 0.34548828125 0.6120593750000001
vt 0.37326171875 0.6511218750000001
vt 0.37091796875 0.6511265625
vt 0.3709890625 0.6587421875
vt 0.373290625 0.6584265625
vt 0.37326171875 0.63368359375
vt 0.37091796875 0.63368359375
vt 0.37091796875 0.6511265625
vt 0.37326171875 0.6511218750000001
vt 0.34548828125 0.6120593750000001
vt 0.34783203125 0.6120640625
vt 0.34783203125 0.59462109375
vt 0.34548828125 0.59462109375
vt 0.16015625 0.48068124999999995
vt 0.1625 0.48068124999999995
vt 0.1625 0.4609375
vt 0.16015625 0.4609375
vn 0.9999564251943591 0.009335293917069215 -2.963921832622823e-15
vn -1 1.224646799147357e-16 2.9629076969683865e-15
vn 0.04566659368738475 0.99895673691156 -2.5764281896522287e-16
vn -1.224646799147353e-16 -1 1.224646799147357e-16
vn -2.9629076969683865e-15 -1.224646799147353e-16 -1
vn 2.9629076969683865e-15 1.224646799147353e-16 1
vn 0.9648572657082152 0.2627745360762087 -2.8909636184930584e-15
vn 2.9629076969683865e-15 1.224646799147353e-16 1
vn -1 1.224646799147357e-16 2.9629076969683865e-15
vn -2.9629076969683865e-15 -1.224646799147353e-16 -1
vn -2.9629076969683865e-15 -1.224646799147353e-16 -1
vn -0.5046965873311551 0.8632967941190829 1.3896460376739463e-15
vn 2.9629076969683865e-15 1.224646799147353e-16 1
vn 2.9629076969683865e-15 1.224646799147353e-16 1
vn -1.224646799147353e-16 -1 1.224646799147357e-16
vn -2.9629076969683865e-15 -1.224646799147353e-16 -1
vn 0.9999999999998601 5.289762674588372e-7 -2.9629077617488812e-15
vn -2.9629076969683865e-15 -1.224646799147353e-16 -1
vn -2.9629076969683865e-15 -1.224646799147353e-16 -1
vn -1 1.224646799147357e-16 2.9629076969683865e-15
vn 2.9629076969683865e-15 1.224646799147353e-16 1
vn 2.9629076969683865e-15 1.224646799147353e-16 1
vn 1 -1.224646799147357e-16 -2.9629076969683865e-15
vn 1 -1.224646799147357e-16 -2.9629076969683865e-15
vn 1 -1.224646799147357e-16 -2.9629076969683865e-15
vn 0.9628967224075603 0.26987015762543687 -3.854215151201415e-15
vn 0.9628967224075603 0.26987015762543687 -2.8860236726791306e-15
vn 0.9628967224075599 0.2698701576254385 -2.88602367267913e-15
vn 0.956731331608249 0.0037966161646736723 -0.2909480105187264
vn 0.9547198202037436 0.00378863384355446 0.29748228714283326
vn 2.9629076969683865e-15 1.224646799147353e-16 1
vn -2.9629076969683865e-15 -1.224646799147353e-16 -1
vn -1.224646799147353e-16 -1 1.224646799147357e-16
vn -2.9629076969683865e-15 -1.224646799147353e-16 -1
vn 2.9629076969683865e-15 1.224646799147353e-16 1
vn -0.2698701576254393 0.9628967224075596 6.816795283098963e-16
vn -1.224646799147353e-16 -1 1.224646799147357e-16
vn -0.037213413190377805 0.9983090678663007 0.04465609582845363
vn -1.224646799147353e-16 -1 1.224646799147357e-16
vn 1.224646799147353e-16 1 -1.224646799147357e-16
vn -1.224646799147353e-16 -1 1.224646799147357e-16
vn 1.224646799147353e-16 1 -1.224646799147357e-16
vn -0.09067152036580706 0.9954800222128809 -0.028252447143479402
vn -1.224646799147353e-16 -1 1.224646799147357e-16
vn -1.224646799147353e-16 -1 1.224646799147357e-16
vn 1.224646799147353e-16 1 -1.224646799147357e-16
vn -1.224646799147353e-16 -1 1.224646799147357e-16
vn 1.224646799147353e-16 1 -1.224646799147357e-16
vn -1.224646799147353e-16 -1 1.224646799147357e-16
vn 1.224646799147353e-16 1 -1.224646799147357e-16
vn -2.9629076969683865e-15 -1.224646799147353e-16 -1
vn 2.9629076969683865e-15 1.224646799147353e-16 1
vn -0.2656716981300214 0.9640635605667869 6.690969838938305e-16
vn -2.9629076969683865e-15 -1.224646799147353e-16 -1
vn 2.9629076969683865e-15 1.224646799147353e-16 1
vn 2.9629076969683865e-15 1.224646799147353e-16 1
vn -2.9629076969683865e-15 -1.224646799147353e-16 -1
vn -1.224646799147353e-16 -1 1.224646799147357e-16
usemtl m_084e7548-2300-4378-46d0-9b20b1ffff30
f 401/1337/335 402/1338/335 398/1339/335 399/1340/335
f 396/1341/336 389/1342/336 390/1343/336 395/1344/336
f 358/1345/337 359/1346/337 346/1347/337 345/1348/337
f 361/1349/338 362/1350/338 347/1351/338 348/1352/338
f 392/1353/339 394/1354/339 393/1355/339 391/1356/339
f 387/1357/340 385/1358/340 386/1359/340 388/1360/340
f 399/1361/341 398/1362/341 397/1363/341 400/1364/341
f 359/1365/342 360/1366/342 354/1367/342 346/1368/342
f 356/1369/343 355/1370/343 350/1371/343 349/1372/343
f 357/1373/344 358/1374/344 345/1375/344 353/1376/344
f 358/1377/345 357/1378/345 356/1379/345 349/1380/345
f 359/1381/346 358/1382/346 349/1383/346 350/1384/346
f 360/1385/347 359/1386/347 350/1387/347 355/1388/347
f 389/1389/348 387/1390/348 388/1391/348 390/1392/348
f 362/1393/349 361/1394/349 352/1395/349 351/1396/349
f 394/1397/350 396/1398/350 395/1399/350 393/1400/350
f 402/1401/351 401/1402/351 403/1403/351 404/1404/351
f 365/1405/352 364/1406/352 347/1407/352 362/1408/352
f 366/1409/353 365/1410/353 362/1411/353 351/1412/353
f 367/1413/354 366/1414/354 351/1415/354 352/1416/354
f 368/1417/355 367/1418/355 352/1419/355 361/1420/355
f 363/1421/356 368/1422/356 361/1423/356 348/1424/356
f 348/1425/357 369/1426/357 370/1427/357 363/1428/357
f 364/1429/358 371/1430/358 372/1431/358 347/1432/358
f 347/1433/359 372/1434/359 369/1435/359 348/1436/359
f 345/1437/360 373/1438/360 374/1439/360 353/1440/360
f 354/1441/361 375/1442/361 376/1443/361 346/1444/361
f 346/1445/362 376/1446/362 373/1447/362 345/1448/362
f 391/1449/363 382/1450/363 379/1451/363 392/1452/363
f 385/1453/364 378/1454/364 383/1455/364 386/1456/364
f 369/1457/365 377/1458/365 378/1459/365 370/1460/365
f 371/1461/366 379/1462/366 380/1463/366 372/1464/366
f 372/1465/367 380/1466/367 377/1467/367 369/1468/367
f 373/1469/368 381/1470/368 382/1471/368 374/1472/368
f 375/1473/369 383/1474/369 384/1475/369 376/1476/369
f 376/1477/370 384/1478/370 381/1479/370 373/1480/370
f 370/1481/371 378/1482/371 385/1483/371 363/1484/371
f 354/1485/372 386/1486/372 383/1487/372 375/1488/372
f 363/1489/373 385/1490/373 387/1491/373 368/1492/373
f 360/1493/374 388/1494/374 386/1495/374 354/1496/374
f 368/1497/375 387/1498/375 389/1499/375 367/1500/375
f 355/1501/376 390/1502/376 388/1503/376 360/1504/376
f 374/1505/377 382/1506/377 391/1507/377 353/1508/377
f 364/1509/378 392/1510/378 379/1511/378 371/1512/378
f 365/1513/379 394/1514/379 392/1515/379 364/1516/379
f 353/1517/380 391/1518/380 393/1519/380 357/1520/380
f 366/1521/381 396/1522/381 394/1523/381 365/1524/381
f 357/1525/382 393/1526/382 395/1527/382 356/1528/382
f 367/1529/383 389/1530/383 396/1531/383 366/1532/383
f 356/1533/384 395/1534/384 390/1535/384 355/1536/384
f 381/1537/385 397/1538/385 398/1539/385 382/1540/385
f 383/1541/386 399/1542/386 400/1543/386 384/1544/386
f 384/1545/387 400/1546/387 397/1547/387 381/1548/387
f 382/1549/388 398/1550/388 402/1551/388 379/1552/388
f 378/1553/389 401/1554/389 399/1555/389 383/1556/389
f 377/1557/390 403/1558/390 401/1559/390 378/1560/390
f 379/1561/391 402/1562/391 404/1563/391 380/1564/391
f 380/1565/392 404/1566/392 403/1567/392 377/1568/392
o Pelvis
v -0.13749999999999984 0.7937499999999996 -0.10036764705882407
v -0.13750000000000046 0.7937499999999996 0.10036764705882299
v -0.13749999999999982 0.6725414078674948 -0.10036764705882406
v -0.13750000000000043 0.6725414078674948 0.100367647058823
v 0.13750000000000018 0.7937499999999996 -0.10036764705882326
v 0.13749999999999957 0.7937499999999996 0.10036764705882381
v 0.1375000000000002 0.6725414078674948 -0.10036764705882324
v 0.1374999999999996 0.6725414078674948 0.10036764705882383
v -0.04583333333333308 0.6125 -0.13125000000000026
v -0.04583333333333386 0.6125 0.13124999999999976
v 0.04583333333333361 0.6125 -0.13124999999999998
v 0.04583333333333283 0.6125 0.13125000000000003
v -0.04583333333333388 0.7937499999999996 0.13124999999999973
v 0.04583333333333281 0.7937499999999996 0.13125
v -0.0458333333333331 0.7937499999999996 -0.13125000000000028
v 0.04583333333333359 0.7937499999999996 -0.13125
v 0.15745417360800135 0.6725414078674948 -0.15959670205400064
v 0.05581042013733425 0.7937499999999996 -0.1921145274975887
v 0.05581042013733427 0.6125 -0.19211452749758867
v 0.15745417360800132 0.7937499999999996 -0.15959670205400067
v -0.05581042013733341 0.7937499999999996 -0.19211452749758903
v -0.05581042013733339 0.6125 -0.192114527497589
v -0.15745417360800065 0.7937499999999996 -0.1595967020540016
v -0.15745417360800062 0.6725414078674948 -0.1595967020540016
v -0.15745417360800157 0.6725414078674948 0.15959670205400042
v -0.055810420137334525 0.6125 0.19211452749758845
v -0.055810420137334546 0.7937499999999996 0.19211452749758842
v -0.1574541736080016 0.7937499999999996 0.15959670205400042
v 0.05581042013733313 0.6125 0.19211452749758878
v 0.05581042013733311 0.7937499999999996 0.19211452749758876
v 0.15745417360800038 0.7937499999999996 0.15959670205400134
v 0.1574541736080004 0.6725414078674948 0.15959670205400137
v -0.18794658574645415 0.6057138939500137 -0.17974578210278647
v -0.08630283227578688 0.5081724860825191 -0.2175530672158144
v -0.0763257454717865 0.5081724860825191 -0.17474774933720308
v -0.16799241213845328 0.6057138939500137 -0.13200277182319076
v -0.05581042013733328 0.5000000000000002 -0.223364527497589
v 0.05581042013733437 0.5000000000000002 -0.22336452749758867
v 0.045833333333333774 0.5062500000000002 -0.18166615443455353
v -0.045833333333332914 0.5062500000000002 -0.18166615443455378
v 0.08485519988265386 0.508030725995369 -0.21198770381786095
v 0.18649895335332092 0.6056430139064387 -0.17418041870483245
v 0.16654477974531978 0.6056430139064387 -0.12537733920657912
v 0.07487811307865326 0.508030725995369 -0.168122316720592
v 0.1879465857464539 0.6056430139064387 0.17974578210278624
v 0.08630283227578663 0.5081724860825191 0.21755306721581422
v 0.07632574547178628 0.5081724860825191 0.17474774933720288
v 0.16799241213845306 0.6056430139064387 0.13200277182319053
v 0.055810420137333054 0.5000000000000002 0.22336452749758884
v -0.0558104201373346 0.5000000000000002 0.2233645274975885
v -0.045833333333333996 0.5062500000000002 0.18166615443455333
v 0.04583333333333269 0.5062500000000002 0.18166615443455358
v -0.0848551998826541 0.508030725995369 0.21198770381786078
v -0.18649895335332115 0.6055721338628637 0.17418041870483222
v -0.16654477974532 0.6055721338628637 0.1253773392065789
v -0.07487811307865348 0.508030725995369 0.16812231672059183
vt 0.21875 0.65625
vt 0.1953125 0.65625
vt 0.1953125 0.640625
vt 0.21875 0.640625
vt 0.3671875 0.7890625
vt 0.3671875 0.8046875
vt 0.34375 0.8046875
vt 0.34375 0.7890625
vt 0.006249999999999999 0.81500234375
vt 0.01770859375 0.8111421875
vt 0.01770859375 0.8439546875
vt 0.006249999999999999 0.84009453125
vt 0.30386015625 0.9296875
vt 0.3 0.9140625
vt 0.3328125 0.9140625
vt 0.32895234375 0.9296875
vt 0.2890625 0.63328671875
vt 0.3046875 0.62578125
vt 0.3046875 0.6484375
vt 0.2890625 0.6484375
vt 0.28125 0.6484375
vt 0.265625 0.6484375
vt 0.265625 0.62578125
vt 0.28125 0.63328671875
vt 0.10073515625 0.703125
vt 0.096875 0.6875
vt 0.1296875 0.6875
vt 0.12582734375 0.703125
vt 0.1796875 0.6015625
vt 0.171875 0.6015625
vt 0.171875 0.5703125
vt 0.1796875 0.5703125
vt 0.0234375 0.62547421875
vt 0.0390625 0.61796875
vt 0.0390625 0.640625
vt 0.0234375 0.640625
vt 0.109375 0.828125
vt 0.125 0.828125
vt 0.125 0.8515625
vt 0.109375 0.8515625
vt 0.04062500000000001 0.84009453125
vt 0.02916640625 0.8439546875
vt 0.02916640625 0.8111421875
vt 0.04062500000000001 0.81500234375
vt 0.02916640625 0.8439546875
vt 0.01770859375 0.8439546875
vt 0.01770859375 0.8111421875
vt 0.02916640625 0.8111421875
vt 0.328125 0.6484375
vt 0.3125 0.6484375
vt 0.3125 0.62578125
vt 0.328125 0.63328671875
vt 0.359375 0.71875
vt 0.34375 0.71875
vt 0.34375 0.6953125
vt 0.359375 0.6953125
vt 0.405815625 0.484375
vt 0.40625 0.50260859375
vt 0.399659375 0.50260859375
vt 0.40026875 0.48505937499999996
vt 0.003755468750000001 0.8075992187500001
vt 0.0164609375 0.803534375
vt 0.01770859375 0.8111421875
vt 0.006249999999999999 0.81500234375
vt 0.4921875 0.53125
vt 0.4921875 0.546875
vt 0.484375 0.546875
vt 0.484375 0.53125
vt 0.0164609375 0.803534375
vt 0.030414062500000002 0.803534375
vt 0.029166406250000002 0.8111421875
vt 0.01770859375 0.8111421875
vt 0.3211484375 0.4921875
vt 0.3351015625 0.4921875
vt 0.33385390625 0.5
vt 0.32239609375 0.5
vt 0.030414062500000002 0.803534375
vt 0.043119531249999996 0.8075992187500001
vt 0.04062500000000001 0.81500234375
vt 0.029166406250000002 0.8111421875
vt 0.06508059521514686 0.5390625
vt 0.046875 0.5380690511187761
vt 0.04768988556776045 0.53125
vt 0.06523948827830214 0.53125
vt 0.12864996223672626 0.609375
vt 0.12864996223672626 0.59422421875
vt 0.13646246223672626 0.59422421875
vt 0.13646246223672626 0.609375
vt 0.069878125 0.4765625
vt 0.0703125 0.49478984375
vt 0.063721875 0.49478984375
vt 0.06433125 0.47724687499999996
vt 0.043119531249999996 0.8474976562500001
vt 0.030414062500000002 0.8515625
vt 0.02916640625 0.8439546875
vt 0.04062500000000001 0.84009453125
vt 0.4921875 0.5078125
vt 0.4921875 0.5234375
vt 0.484375 0.5234375
vt 0.484375 0.5078125
vt 0.3445859375 0.4921875
vt 0.3585390625 0.4921875
vt 0.35729140625 0.5
vt 0.34583359375 0.5
vt 0.030414062500000002 0.8515625
vt 0.0164609375 0.8515625
vt 0.01770859375 0.8439546875
vt 0.029166406250000002 0.8439546875
vt 0.0164609375 0.8515625
vt 0.003755468750000001 0.8474976562500001
vt 0.006249999999999999 0.84009453125
vt 0.01770859375 0.8439546875
vt 0.15101186187877458 0.5390625
vt 0.1328125 0.5380690164550741
vt 0.1336276726654344 0.53125
vt 0.15117109453806168 0.53125
vt 0.3161489275227174 0.6171875
vt 0.3161489275227174 0.60203671875
vt 0.3239614275227174 0.60203671875
vt 0.3239614275227174 0.6171875
vt 0.36799854849693275 0.875
vt 0.38623107454527605 0.875
vt 0.38981395150306725 0.8873405729304414
vt 0.37488764089738147 0.890625
vt 0.5 0.8616891785946288
vt 0.5049825562209234 0.859375
vt 0.5070251850372935 0.8731778263561825
vt 0.5 0.8763149514149218
vt 0.39238361128026794 0.6660020226885159
vt 0.39238361128026794 0.6484375
vt 0.40449138871973206 0.6566578641409135
vt 0.4012919931358154 0.6705171719850348
vt 0.125 0.5854474064657138
vt 0.13146709474932106 0.585553732635026
vt 0.13644398417370474 0.59422421875
vt 0.12864996223672626 0.59422421875
vt 0.1875 0.5859375
vt 0.203125 0.5859375
vt 0.203125 0.6015625
vt 0.1875 0.6015625
vt 0.1649063944002888 0.5107553132360143
vt 0.16945343146399527 0.5078125
vt 0.171875 0.5222053708961094
vt 0.1649063944002888 0.5254423337775569
vt 0 0.4921875
vt 0.0078125 0.4921875
vt 0.0078125 0.5078125
vt 0 0.5078125
vt 0.453125 0.5366587140850465
vt 0.456065348959385 0.53125
vt 0.4707662966138213 0.53125
vt 0.4675044674373874 0.5390625
vt 0.1484375 0.5980255626677954
vt 0.1484375 0.5797867134349657
vt 0.16039377552381534 0.5866376416865375
vt 0.15702548264379296 0.6015625
vt 0.524659375 0.546875
vt 0.53125 0.546875
vt 0.5281882812500001 0.5546875
vt 0.52039140625 0.5545375
vt 0.09448828441702166 0.625
vt 0.11205871999212418 0.625
vt 0.11644921558297834 0.6374066479882936
vt 0.10259086744505264 0.640625
vt 0.007039568341283581 0.5214791343326148
vt 0.009121103129266367 0.515625
vt 0.0234375 0.515625
vt 0.02067139237266591 0.5234375
vt 0.1258125007242249 0.6171875
vt 0.14403899271736437 0.6171875
vt 0.1476249992757751 0.6295321185857619
vt 0.13269772925143175 0.6328125
vt 0.5 0.8929391785946288
vt 0.5049825562209234 0.890625
vt 0.5070251850372935 0.9044278263561825
vt 0.5 0.9075649514149218
vt 0.39238273862485906 0.6347459882331368
vt 0.39238273862485906 0.6171875
vt 0.40449226137514094 0.6254032403826326
vt 0.4012975586048242 0.6392638102936132
vt 0.3125 0.5932501669805939
vt 0.318967084060474 0.5933571413033987
vt 0.3239429623417162 0.60203671875
vt 0.3161489275227174 0.60203671875
vt 0.3984375 0.7421875
vt 0.4140625 0.7421875
vt 0.4140625 0.7578125
vt 0.3984375 0.7578125
vt 0.3289688944002888 0.5107553132360143
vt 0.3335159314639953 0.5078125
vt 0.3359375 0.5222053708961094
vt 0.3289688944002888 0.5254423337775569
vt 0.015625 0.4921875
vt 0.0234375 0.4921875
vt 0.0234375 0.5078125
vt 0.015625 0.5078125
vt 0.421875 0.5366587140850465
vt 0.424815348959385 0.53125
vt 0.4395162966138213 0.53125
vt 0.4362544674373874 0.5390625
vt 0.3984375 0.8870842742894155
vt 0.3984375 0.8688518581765013
vt 0.41039633669987313 0.8756983147122093
vt 0.4070330894532517 0.890625
vt 0.524659375 0.5625
vt 0.53125 0.5625
vt 0.5281882812500001 0.5703125
vt 0.52039140625 0.5701625
vt 0.3601152068812215 0.765625
vt 0.37767956207822 0.765625
vt 0.3820722931187785 0.7780359856390631
vt 0.3682134763452758 0.78125
vt 0.4836020683412836 0.9980416343326148
vt 0.4856836031292664 0.9921875
vt 0.5 0.9921875
vt 0.4972338923726659 1
vn -1 -1.224646799147357e-16 -2.9629076969683865e-15
vn 1 1.224646799147357e-16 2.9629076969683865e-15
vn -1.224646799147353e-16 1 -1.224646799147357e-16
vn 0.547923688440741 -0.8365283208866833 1.7258924868893783e-15
vn 0.3047062328487957 -7.93252901030428e-17 -0.952446382566019
vn 0.30470623284879 1.539567926507475e-16 0.952446382566021
vn -0.5479236884407408 -0.8365283208866834 -1.5210021407753805e-15
vn 1.224646799147353e-16 -1 1.224646799147357e-16
vn -0.3047062328487958 7.93252901030428e-17 0.952446382566019
vn -2.9629076969683865e-15 1.224646799147353e-16 1
vn -1.224646799147353e-16 1 -1.224646799147357e-16
vn -1.224646799147353e-16 1 -1.224646799147357e-16
vn -0.3047062328487901 -1.5395679265074752e-16 -0.952446382566021
vn 2.9629076969683865e-15 -1.224646799147353e-16 -1
vn 0.6194150903054533 -0.7430907189927205 0.2532609903810082
vn -1.224646799147353e-16 1 -1.224646799147357e-16
vn 0.9476648799228388 1.5515437992805738e-16 0.3192667777280185
vn -1.224646799147353e-16 1 -1.224646799147357e-16
vn -3.180804167105829e-16 -0.9889528938418907 0.14823013783219033
vn -1.224646799147353e-16 1 -1.224646799147357e-16
vn -0.6541879936063107 -0.7408025229023907 0.15247849383700812
vn -0.9476648799228405 -7.69565724443166e-17 0.31926677772801276
vn -0.6191666072464722 -0.7433323848054142 -0.25315939281486
vn -1.224646799147353e-16 1 -1.224646799147357e-16
vn -0.9476648799228388 -1.5515437992805738e-16 -0.3192667777280185
vn 5.603040159007796e-16 -0.9889528938418907 -0.1482301378321901
vn -1.224646799147353e-16 1 -1.224646799147357e-16
vn -1.224646799147353e-16 1 -1.224646799147357e-16
vn 0.6539269842725328 -0.7410454485927082 -0.15241765763933804
vn 0.9476648799228405 7.69565724443166e-17 -0.31926677772801276
vn -0.05452057278469525 0.31096537356057913 -0.9488561764511829
vn 0.9492606458046376 -0.22349677957290864 -0.22125418831538815
vn 0.015918183692509753 -0.3887372838410572 0.9212111243248253
vn -0.897494614445219 0.23194341371535543 0.37510754441345945
vn 2.8220377104997343e-15 0.26764386378609517 -0.9635179096299407
vn 0.9680306257331981 -0.06713365386719981 0.24168115392192213
vn -2.624341582607549e-15 -0.4286918852722979 0.9034507554381054
vn -0.9616758291668738 -0.11754259297940806 0.24771624579724907
vn 0.14401359122140892 0.22342504550235523 -0.9640235135025409
vn 0.881743368839205 0.30422745548488933 0.36051946804199037
vn -0.04335872980544361 -0.3663081193324766 0.9294828574324343
vn -0.9574594014856179 -0.18933258010408652 -0.21777205655899068
vn 0.05489294385288415 0.310814090375217 0.9488842742607713
vn -0.9492606458046376 -0.22349677957290873 0.22125418831538754
vn -0.0161470217842049 -0.38879274794954466 -0.921183734566206
vn 0.8975457486147268 0.2317108663479116 -0.3751289159208206
vn -2.887591550719148e-15 0.26764386378609534 0.9635179096299404
vn -0.9680306257331981 -0.06713365386720016 -0.2416811539219223
vn 2.7293408116313815e-15 -0.428691885272298 -0.9034507554381052
vn 0.9616758291668738 -0.11754259297940778 -0.24771624579724882
vn -0.14413292516937004 0.22345357250144948 0.9639990668141024
vn -0.8818297106783693 0.3039352211679211 -0.36055477073325576
vn 0.04383680858916397 -0.36614359779374156 -0.9295252551745821
vn 0.9574594014856179 -0.18933258010408613 0.21777205655899104
usemtl m_084e7548-2300-4378-46d0-9b20b1ffff30
f 406/1569/393 405/1570/393 407/1571/393 408/1572/393
f 411/1573/394 409/1574/394 410/1575/394 412/1576/394
f 409/1577/395 420/1578/395 418/1579/395 410/1580/395
f 412/1581/396 416/1582/396 415/1583/396 411/1584/396
f 421/1585/397 423/1586/397 422/1587/397 424/1588/397
f 435/1589/398 434/1590/398 433/1591/398 436/1592/398
f 407/1593/399 413/1594/399 414/1595/399 408/1596/399
f 413/1597/400 415/1598/400 416/1599/400 414/1600/400
f 429/1601/401 430/1602/401 431/1603/401 432/1604/401
f 430/1605/402 433/1606/402 434/1607/402 431/1608/402
f 406/1609/403 417/1610/403 419/1611/403 405/1612/403
f 417/1613/404 418/1614/404 420/1615/404 419/1616/404
f 427/1617/405 425/1618/405 426/1619/405 428/1620/405
f 425/1621/406 422/1622/406 423/1623/406 426/1624/406
f 445/1625/407 446/1626/407 447/1627/407 448/1628/407
f 424/1629/408 422/1630/408 420/1631/408 409/1632/408
f 421/1633/409 424/1634/409 409/1635/409 411/1636/409
f 422/1637/410 425/1638/410 419/1639/410 420/1640/410
f 441/1641/411 442/1642/411 443/1643/411 444/1644/411
f 425/1645/412 427/1646/412 405/1647/412 419/1648/412
f 437/1649/413 438/1650/413 439/1651/413 440/1652/413
f 427/1653/414 428/1654/414 407/1655/414 405/1656/414
f 457/1657/415 458/1658/415 459/1659/415 460/1660/415
f 432/1661/416 431/1662/416 417/1663/416 406/1664/416
f 429/1665/417 432/1666/417 406/1667/417 408/1668/417
f 453/1669/418 454/1670/418 455/1671/418 456/1672/418
f 431/1673/419 434/1674/419 418/1675/419 417/1676/419
f 434/1677/420 435/1678/420 410/1679/420 418/1680/420
f 449/1681/421 450/1682/421 451/1683/421 452/1684/421
f 435/1685/422 436/1686/422 412/1687/422 410/1688/422
f 438/1689/423 437/1690/423 428/1691/423 426/1692/423
f 439/1693/424 438/1694/424 426/1695/424 413/1696/424
f 440/1697/425 439/1698/425 413/1699/425 407/1700/425
f 437/1701/426 440/1702/426 407/1703/426 428/1704/426
f 442/1705/427 441/1706/427 426/1707/427 423/1708/427
f 443/1709/428 442/1710/428 423/1711/428 415/1712/428
f 444/1713/429 443/1714/429 415/1715/429 413/1716/429
f 441/1717/430 444/1718/430 413/1719/430 426/1720/430
f 446/1721/431 445/1722/431 423/1723/431 421/1724/431
f 447/1725/432 446/1726/432 421/1727/432 411/1728/432
f 448/1729/433 447/1730/433 411/1731/433 415/1732/433
f 445/1733/434 448/1734/434 415/1735/434 423/1736/434
f 450/1737/435 449/1738/435 436/1739/435 433/1740/435
f 451/1741/436 450/1742/436 433/1743/436 416/1744/436
f 452/1745/437 451/1746/437 416/1747/437 412/1748/437
f 449/1749/438 452/1750/438 412/1751/438 436/1752/438
f 454/1753/439 453/1754/439 433/1755/439 430/1756/439
f 455/1757/440 454/1758/440 430/1759/440 414/1760/440
f 456/1761/441 455/1762/441 414/1763/441 416/1764/441
f 453/1765/442 456/1766/442 416/1767/442 433/1768/442
f 458/1769/443 457/1770/443 430/1771/443 429/1772/443
f 459/1773/444 458/1774/444 429/1775/444 408/1776/444
f 460/1777/445 459/1778/445 408/1779/445 414/1780/445
f 457/1781/446 460/1782/446 414/1783/446 430/1784/446
o Body
v -0.16874999999999987 0.9335875427735616 -0.11160714285714354
v -0.16875000000000054 0.9335875427735616 0.11428571428571367
v -0.1339999999999999 0.7937500000000002 -0.09375000000000054
v -0.13400000000000048 0.7937500000000002 0.09999999999999948
v 0.16875000000000026 0.9335875427735616 -0.11160714285714254
v 0.1687499999999996 0.9335875427735616 0.11428571428571467
v 0.13400000000000017 0.7937500000000002 -0.09374999999999975
v 0.1339999999999996 0.7937500000000002 0.10000000000000027
v -5.152967230152968e-16 0.7937500000000002 0.12999999999999992
v 2.5876291281769456e-16 0.7937500000000002 -0.1312500000000002
v 3.15710445326077e-16 0.9335875427735616 -0.1562500000000002
v -0.1339999999999999 0.8730437713867811 -0.09375000000000056
v -0.13400000000000048 0.8730437713867811 0.09999999999999946
v -5.250074093474111e-16 0.8730437713867811 0.12999999999999992
v 0.1339999999999996 0.8730437713867811 0.10000000000000027
v 0.13400000000000017 0.8730437713867811 -0.09374999999999975
v 2.4905222648558026e-16 0.8730437713867811 -0.1312500000000002
v 0.16875000000000023 1.1188925941018364 -0.11160714285714256
v 2.9117081182653654e-16 1.1339688569339046 -0.15625000000000022
v -5.606651510518749e-16 1.1339688569339046 0.13124999999999987
v 0.16874999999999957 1.1188925941018364 0.11428571428571466
v -0.16875000000000057 1.1188925941018364 0.11428571428571366
v -0.1687499999999999 1.1188925941018364 -0.11160714285714356
v -0.10631250000000049 1.1251743702818648 0.09396350931676974
v 8.465292479599534e-17 1.1339688569339046 -0.08654891304347845
v -5.39328995081858e-16 1.1339688569339046 0.12404891304347815
v -0.10631250000000005 1.1251743702818648 -0.056463509316770674
v 0.10631250000000005 1.1251743702818648 -0.05646350931677004
v 0.1063124999999996 1.1251743702818648 0.09396350931677036
v -0.09095488903426249 1.213899206373783 0.07940605590062069
v 1.488792694307321e-17 1.2105595178044435 -0.06616847826086976
v -4.883232987648731e-16 1.2105595178044435 0.10366847826086943
v -0.09095488903426213 1.213899206373783 -0.04190605590062158
v 0.09095488903426202 1.213899206373783 -0.04190605590062104
v 0.09095488903426166 1.213899206373783 0.07940605590062123
v -0.03806249999999969 1.060229510530797 -0.1694196428571432
v 3.3446230582180265e-16 1.0990930232609915 -0.1694196428571431
v 3.504598237063174e-16 0.9684633764464747 -0.16941964285714306
v -0.03806249999999968 0.9972257930791835 -0.1694196428571432
v 0.03806250000000037 1.060229510530797 -0.16941964285714298
v 0.038062500000000374 0.9972257930791835 -0.16941964285714298
v -0.029680999999999687 1.0544834748586494 -0.16941964285714317
v 3.361235710728026e-16 1.0855277630393785 -0.1694196428571431
v 3.487985584553175e-16 0.9820286366680877 -0.1694196428571431
v -0.02968099999999968 1.0045650231641066 -0.16941964285714317
v 0.029681000000000367 1.0544834748586494 -0.169419642857143
v 0.029681000000000374 1.0045650231641066 -0.16941964285714298
v -0.029680999999999742 1.0544834748586494 -0.15066964285714315
v 2.805690517546453e-16 1.0855277630393785 -0.15066964285714307
v 2.932440391371602e-16 0.9820286366680877 -0.15066964285714307
v -0.029680999999999735 1.0045650231641066 -0.15066964285714315
v 0.02968100000000031 1.0544834748586494 -0.150669642857143
v 0.029681000000000318 1.0045650231641066 -0.15066964285714296
v -0.11218162500000045 1.1245838833209423 0.07897418478260822
v -0.11218162500000009 1.1245838833209423 -0.04408586956521789
v -0.16288087499999998 1.1194830810627592 -0.08886250000000068
v -0.16288087500000045 1.1194830810627592 0.07897418478260806
v 0.11218162500000001 1.1245838833209423 -0.044085869565217234
v 0.11218162499999965 1.1245838833209423 0.07897418478260888
v 0.16288087499999968 1.1194830810627592 0.07897418478260904
v 0.16288087500000015 1.1194830810627592 -0.0888624999999997
v -0.11405856881270769 1.1744897023038752 0.0789741847826082
v -0.11405856881270733 1.1494897023038748 -0.04408586956521791
v -0.1647578188127072 1.1381389000456916 -0.08886250000000069
v -0.16475781881270768 1.169388900045692 0.07897418478260805
v 0.11405856881270722 1.1494897023038748 -0.04408586956521723
v 0.11405856881270686 1.1744897023038752 0.07897418478260888
v 0.1647578188127069 1.169388900045692 0.07897418478260902
v 0.16475781881270737 1.1381389000456916 -0.0888624999999997
v -0.16305099999999995 0.9283252046181987 -0.08750000000000065
v -0.13399999999999995 0.8730437713867811 -0.07350000000000055
v -0.1340000000000004 0.8730437713867811 0.07349999999999947
v -0.16305100000000045 0.9283252046181987 0.0874999999999994
v -0.1340000000000004 0.8067541785074324 0.07349999999999948
v -0.13399999999999995 0.8067541785074324 -0.07350000000000054
v 0.16305099999999967 0.9283252046181987 0.08750000000000036
v 0.13399999999999967 0.8730437713867811 0.07350000000000027
v 0.13400000000000012 0.8730437713867811 -0.07349999999999975
v 0.16305100000000017 0.9283252046181987 -0.08749999999999969
v 0.13400000000000012 0.8067541785074324 -0.07349999999999975
v 0.13399999999999967 0.8067541785074324 0.07350000000000027
v -0.14678923796407045 0.9283252046181987 -0.0875000000000006
v -0.11649411898203521 0.8777106117388502 -0.0735000000000005
v -0.11649411898203565 0.8777106117388502 0.07349999999999952
v -0.14678923796407095 0.9283252046181987 0.08749999999999944
v -0.11525000000000038 0.8067541785074324 0.07349999999999954
v -0.11524999999999994 0.8067541785074324 -0.07350000000000048
v 0.14678923796407017 0.9283252046181987 0.08750000000000031
v 0.11649411898203493 0.8777106117388502 0.07350000000000022
v 0.11649411898203538 0.8777106117388502 -0.0734999999999998
v 0.14678923796407067 0.9283252046181987 -0.08749999999999973
v 0.11525000000000013 0.8067541785074324 -0.0734999999999998
v 0.11524999999999969 0.8067541785074324 0.07350000000000022
v -6.308991478496009e-16 1.102623528393819 0.1562499999999999
v -0.1265625000000007 1.0932008641237765 0.15574933244325717
v -0.12656250000000066 0.9335875427735616 0.1557493324432572
v 0.1265624999999994 1.0932008641237765 0.15574933244325795
v 0.12656249999999944 0.9335875427735616 0.15574933244325795
v -6.038066330045626e-16 0.8881797142334762 0.1559696261682242
v 0.10484374999999943 0.8881797142334762 0.1555357142857145
v -0.10484375000000062 0.8881797142334762 0.1555357142857139
v -9.271884686015852e-16 1.102623528393819 0.25624951097199006
v -0.12680974130335645 1.0932008641237765 0.23074884341524732
v -0.12681544955612287 0.933378675192946 0.23074812228822475
v 2.117671410405944e-10 0.9333866339867969 0.25624884101332013
v 0.12680974130335473 1.0932008641237765 0.2307488434152481
v 0.1268154499796573 0.9333945927806475 0.23074822462493086
v 4.2353519496029654e-10 0.8877778966599468 0.2559677972228745
v 0.10510240865595981 0.8877938142476482 0.23053398767707017
v -0.10510240780888926 0.8877619790722451 0.23053378300365887
v 0.08931764799013389 0.8691005054264445 0.2259118257754904
v 0.015745962227436662 0.8690893631150536 0.24371549245755347
v 0.015745961930961633 0.869370635416524 0.16434177271929823
v 0.08913658693096164 0.869370635416524 0.1640380344015414
v -0.015745961507427023 0.8690869754768982 0.24371547710704755
v -0.08931764727012415 0.8690758331655071 0.22591166715359656
v -0.08913658680390207 0.8693682477783689 0.16403801905103507
v -0.015745961803902052 0.8693682477783689 0.1643417573687923
v 0.08934132756052421 0.8878501702192643 0.22602141334248935
v 0.015769641797826972 0.8878390279078734 0.24382508002455244
v 0.015769641501351944 0.8881203002093438 0.1644513602862972
v 0.08916026650135196 0.8881203002093438 0.16414762196854038
v -0.015792058679593695 0.8878360666903711 0.2438942331407794
v -0.08936374444229081 0.88782492437898 0.22609042318732842
v -0.08918268397606874 0.8881173389918418 0.16421677508476692
v -0.015792058976068727 0.8881173389918418 0.16452051340252416
v -0.10529453645197827 1.117460767055684 0.2202400394563629
v -8.787844664176676e-16 1.117460767055684 0.23929959386223773
v -7.199735716127108e-16 1.117460767055684 0.18569991710975223
v -0.1051311099504601 1.117460767055684 0.17066536270387742
v 0.10529453645197663 1.117460767055684 0.2202400394563635
v 0.10513110995045877 1.117460767055684 0.170665362703878
v -0.08654453645197828 1.1612107670556837 0.22024003945636292
v -8.887347216607398e-16 1.1987107670556842 0.23929959386223773
v -7.299238268557831e-16 1.1987107670556842 0.18569991710975223
v -0.0864102116209429 1.1612107670556837 0.17066536270387744
v 0.08654453645197661 1.1612107670556837 0.22024003945636345
v 0.08641021162094153 1.1612107670556837 0.17066536270387794
v 0.1267915344744471 1.0813024842959493 0.2064113567978955
v 0.1267963925579806 0.9453073473829467 0.20641113960449306
v 0.12658113212529165 0.9454715478269164 0.18008677072097462
v 0.12658113212529162 1.0813024842959493 0.18008677072097462
v -0.12679639218177616 0.9452932085856709 0.20641110211235433
v -0.12679153445867195 1.0813018913658075 0.20641135522560977
v -0.12658113210951627 1.0813018913658075 0.18008676914868887
v -0.12658113210951624 0.9454709548967746 0.18008676914868887
v 0.17053992625969924 1.0813047176924733 0.2059003109069625
v 0.17054430313992963 0.9453095807794707 0.2059000937135601
v 0.17035036470191653 0.9454737812234404 0.17957572483004167
v 0.1703503647019165 1.0813047176924733 0.17957572483004164
v -0.1705443959270364 0.9452954417109858 0.2059115794696386
v -0.17054001937153404 1.0813041244911223 0.20591183258289403
v -0.1703504578137511 1.0813041244911223 0.17958724650597313
v -0.17035045781375108 0.9454731880220895 0.17958724650597313
v 0.20813099437897942 1.0813059080053327 0.2181237145342176
v 0.2081353712592098 0.9453107710923301 0.2181234973408152
v 0.2077572613692926 0.945474988535405 0.16679980684898657
v 0.20775726136929257 1.081305925004438 0.16679980684898654
v -0.20813343301243298 0.9452966285103708 0.218141227444302
v -0.2081290564569306 1.0813053112905073 0.21814148055755744
v -0.207759476262385 1.08130533165614 0.16681754262324655
v -0.20775947626238497 0.9454743951871072 0.16681754262324655
v 0.17072409771215052 1.0813046836942626 0.23089963251525714
v 0.1707284745923809 0.94530954678126 0.23089941532185473
v 0.1701661932505596 0.9454737812234404 0.15457640322171587
v 0.17016619325055957 1.0813047176924733 0.15457640322171584
v -0.17072441456445456 0.9452954009797203 0.23091093132700727
v -0.1707200380089522 1.0813040837598569 0.2309111844402627
v -0.17017043917764388 1.0813041244911223 0.15458789464856182
v -0.17017043917764385 0.9454731880220895 0.15458789464856182
v 0.17072349426039377 1.100054683684528 0.2308996624602712
v 0.20813039393548138 1.1000559079957049 0.21812373478705613
v 0.19553864634595675 1.1000555225574586 0.20571615440651778
v 0.1705393227136506 1.1000547176827473 0.2059003280528561
v 0.20775666083187208 1.1000559249948187 0.16679981435284202
v 0.19534908472555904 1.1000555225574644 0.17939155983027488
v 0.1703497610619454 1.100054717682756 0.17957572922695217
v 0.17016558961095787 1.100054717682756 0.15457640766876377
v -0.19534921381185164 1.1000549292583286 0.1794072346406442
v -0.19553877544295845 1.1000549292583202 0.20573183090011746
v -0.17053941591465932 1.1000541244813948 0.2059118522029666
v -0.17034985424689056 1.1000541244814073 0.17958725085221716
v -0.17016983561078328 1.1000541244814073 0.1545878989948059
v -0.20775888427627856 1.1000553316467891 0.1668175506061521
v -0.20812846458080997 1.100055311281144 0.2181415038142915
v -0.17071943466206324 1.100054083750117 0.23091121933416384
v 0.2081657357903906 0.9265608679984161 0.21809326455573277
v 0.17072907804413767 0.9265595467909946 0.23089938537684068
v 0.17054447590551866 0.9265597631526283 0.20584160348515176
v 0.1955637817825603 0.9265605718370313 0.20565678356830946
v 0.19536984340716215 0.9267247722809953 0.1793324231841131
v 0.17035053756142804 0.9267239635965894 0.17951724735061642
v 0.17016679689016126 0.9267237812331577 0.15457639877466803
v 0.20778762599439585 0.9267250854414824 0.16676958681288723
v -0.17072501791134354 0.9265454009894603 0.23091089643310625
v -0.20810133589955962 0.9265467399178606 0.2181089748401982
v -0.19552224701653567 0.926546463224466 0.20566785976776544
v -0.17054454358091564 0.9265456554135687 0.2058482630280031
v -0.2077273792594974 0.9267245065945846 0.16678530529297128
v -0.1953283089765742 0.9267242095355614 0.17934353698665234
v -0.17035060557761608 0.92672340172466 0.17952394533816618
v -0.17017104274450442 0.9267231880318045 0.15458789030231784
vt 0.3203125 0.8984375
vt 0.3203125 0.90625
vt 0.3046875 0.90625
vt 0.3046875 0.8984375
vt 0.3515625 0.8359375
vt 0.3515625 0.84375
vt 0.3359375 0.84375
vt 0.3359375 0.8359375
vt 0.22242578125 0.6647453125
vt 0.22545859375 0.67612265625
vt 0.20422890625 0.67612265625
vt 0.20726171875 0.6647453125
vt 0.21596875 0.80140625
vt 0.19921875 0.80609375
vt 0.19921875 0.7734375
vt 0.21596875 0.7771875
vt 0.1328125 0.515625
vt 0.1328125 0.5234375
vt 0.1171875 0.5234375
vt 0.1171875 0.515625
vt 0.109375 0.515625
vt 0.109375 0.5234375
vt 0.09375 0.5234375
vt 0.09375 0.515625
vt 0.4921875 0.890625
vt 0.4921875 0.8984375
vt 0.4765625 0.8984375
vt 0.4765625 0.890625
vt 0.18246875 0.7771875
vt 0.19921875 0.7734375
vt 0.19921875 0.80609375
vt 0.18246875 0.80140625
vt 0.4921875 0.875
vt 0.4921875 0.8828125
vt 0.4765625 0.8828125
vt 0.4765625 0.875
vt 0.20726171875 0.6875
vt 0.20422890625 0.67612265625
vt 0.22545859375 0.67612265625
vt 0.22242578125 0.6875
vt 0.34453125 0.5625
vt 0.34628125 0.5546875
vt 0.36465625 0.5546875
vt 0.36640625 0.5625
vt 0.0625 0.65853125
vt 0.06515731462239813 0.6528026436292748
vt 0.07867435184955834 0.6528664245267665
vt 0.07865719104273451 0.6585328113075366
vt 0.10101796874999999 0.654139988998388
vt 0.10102440277135873 0.6484392060259466
vt 0.11454159025400606 0.6484375
vt 0.11717500066111303 0.6541407696444677
vt 0.43828125 0.6328125
vt 0.44003125 0.625
vt 0.45840625 0.625
vt 0.46015625 0.6328125
vt 0.3359375 0.8598108346038493
vt 0.33955560076460356 0.8515625
vt 0.3569484035322237 0.8516384856903791
vt 0.3577550253918618 0.8597811498330057
vt 0.3453704838704031 0.9300176266501086
vt 0.34622346399010046 0.921875
vt 0.3636164174641472 0.9218980518572333
vt 0.3671875 0.930161385816698
vt 0.51953125 0.921875
vt 0.51582109375 0.91799453125
vt 0.51582109375 0.9117546875
vt 0.51953125 0.90893828125
vt 0.11718671875 0.674116551498388
vt 0.10101796874999999 0.675294676498388
vt 0.10101796874999999 0.654139988998388
vt 0.1171875 0.654140770248388
vt 0.109375 0.7578125
vt 0.078125 0.7578125
vt 0.078125 0.734375
vt 0.109375 0.734375
vt 0.07866953125000001 0.6796875
vt 0.06250078125 0.678509375
vt 0.0625 0.65853125
vt 0.07866953125000001 0.6585328125000001
vt 0.52324140625 0.91799453125
vt 0.51953125 0.921875
vt 0.51953125 0.90893828125
vt 0.52324140625 0.9117546875
vt 0.2421875 0.75
vt 0.2109375 0.75
vt 0.2109375 0.7265625
vt 0.2421875 0.7265625
vt 0.20066481251803103 0.7656234333856027
vt 0.196899803937007 0.7522900638115494
vt 0.19944016054400066 0.744445820826934
vt 0.20156413952170693 0.7656234877854121
vt 0.1780967979782931 0.752290625
vt 0.17433586047829308 0.765625
vt 0.16562336047829307 0.765625
vt 0.17120382922829308 0.74444765625
vt 0.49120057324444044 0.734375
vt 0.47550367973584096 0.734375
vt 0.46973692675555956 0.728031303051641
vt 0.4910738086990084 0.7280166643134272
vt 0.06003853046066396 0.7578120004203023
vt 0.05627600489447944 0.7444779799399869
vt 0.06316909961088632 0.7366336246585488
vt 0.06875020258490203 0.7578106469063268
vt 0.03747323491509798 0.744478125
vt 0.03371229741509797 0.7578125
vt 0.032812297415097974 0.7578125
vt 0.03493260991509797 0.73663515625
vt 0.3828125 0.546803083763959
vt 0.3828125 0.5625
vt 0.375 0.5623734814986894
vt 0.37503376140531064 0.5410363678293613
vt 0.5139332219523385 0.6471484097674622
vt 0.5022298954130477 0.6484375
vt 0.5 0.640625
vt 0.5138452286526916 0.640625
vt 0.359375 0.5351603548410758
vt 0.358191200437982 0.546875
vt 0.3482841504591928 0.546875
vt 0.34818901544662734 0.5330334714416954
vt 0.47242578125 0.59375
vt 0.45726171875 0.59375
vt 0.4554421875 0.5859375
vt 0.4742453125 0.5859375
vt 0.5139326078512345 0.6315240683756337
vt 0.5022292087867651 0.6328125
vt 0.5 0.625
vt 0.5138451712773875 0.625
vt 0.3203125 0.5351603548410758
vt 0.31912870043798197 0.546875
vt 0.3092216504591928 0.546875
vt 0.30912651544662734 0.5330334714416954
vt 0.47242578125 0.578125
vt 0.45726171875 0.578125
vt 0.4554421875 0.5703125
vt 0.4742453125 0.5703125
vt 0.33273272294291867 0.5625
vt 0.328125 0.5574992169681448
vt 0.3359375 0.5405528191018613
vt 0.3359375 0.5624512549016738
vt 0.3494939213704031 0.9384809079001085
vt 0.3449189213704031 0.9346559079001086
vt 0.3453704838704031 0.9300176266501086
vt 0.3671861088704031 0.9301613766501085
vt 0.34375 0.6567296874999999
vt 0.34375 0.6488539062500001
vt 0.359375 0.64089921875
vt 0.359375 0.6640625
vt 0.2980314069871795 0.5843374327749029
vt 0.3046875 0.5888815296825889
vt 0.3046875 0.5935419627998882
vt 0.28125 0.59375
vt 0.015625 0.6332289062500001
vt 0.015625 0.6411046874999999
vt 0 0.6484375
vt 0 0.62527421875
vt 0.358184375 0.8644209908538493
vt 0.35358984375 0.8682225533538492
vt 0.3359375 0.8598108346038493
vt 0.35775703125 0.8597811471038492
vt 0.1953125 0.54517890625
vt 0.19902265624999999 0.5412984375000001
vt 0.2000703125 0.5420171874999999
vt 0.1953125 0.546875
vt 0.19902265624999999 0.53505859375
vt 0.1953125 0.5322421875
vt 0.1953125 0.53054609375
vt 0.2000703125 0.5341414062500001
vt 0.19902265624999999 0.5412984375000001
vt 0.19902265624999999 0.53505859375
vt 0.2000703125 0.5341414062500001
vt 0.2000703125 0.5420171874999999
vt 0.19160234375 0.5412984375000001
vt 0.1953125 0.54517890625
vt 0.1953125 0.546875
vt 0.1905546875 0.5420171874999999
vt 0.19160234375 0.53505859375
vt 0.19160234375 0.5412984375000001
vt 0.1905546875 0.5420171874999999
vt 0.1905546875 0.5341414062500001
vt 0.1953125 0.5322421875
vt 0.19160234375 0.53505859375
vt 0.1905546875 0.5341414062500001
vt 0.1953125 0.53054609375
vt 0.53125 0.9375
vt 0.53125 0.9296875
vt 0.5390625 0.9296875
vt 0.5390625 0.9375
vt 0.53125 0.90625
vt 0.53125 0.8984375
vt 0.5390625 0.8984375
vt 0.5390625 0.90625
vt 0.078125 1
vt 0.078125 0.9921875
vt 0.0859375 0.9921875
vt 0.0859375 1
vt 0.5390625 0.9140625
vt 0.5390625 0.921875
vt 0.53125 0.921875
vt 0.53125 0.9140625
vt 0.15625 0.921875
vt 0.15625 0.9296875
vt 0.1484375 0.9296875
vt 0.1484375 0.921875
vt 0.5390625 0.8828125
vt 0.5390625 0.890625
vt 0.53125 0.890625
vt 0.53125 0.8828125
vt 0.1796436365893557 0.7515538298496682
vt 0.19502644907059297 0.7515530700818773
vt 0.19689992295535852 0.7522896963005998
vt 0.1780967979782931 0.752290625
vt 0.17404644700061103 0.7451845750409798
vt 0.1796436365893557 0.7515538298496682
vt 0.1780967979782931 0.752290625
vt 0.17120344182844155 0.7444472154580801
vt 0.19502613447502168 0.7451835388396464
vt 0.17404644700061103 0.7451845750409798
vt 0.17120344182844155 0.7444472154580801
vt 0.19944016054400066 0.744445820826934
vt 0.19502644907059297 0.7515530700818773
vt 0.19502613447502168 0.7451835388396464
vt 0.19944016054400066 0.744445820826934
vt 0.19689992295535852 0.7522896963005997
vt 0.03934665090157109 0.7437413515445642
vt 0.05472946339501276 0.7437409023551501
vt 0.05627635990708142 0.7444775759349508
vt 0.03747323491509798 0.744478125
vt 0.03934646490658413 0.7373718202972799
vt 0.03934665090157109 0.7437413515445642
vt 0.03747323491509798 0.744478125
vt 0.0349323808729248 0.7366344491914586
vt 0.060326152397639624 0.7373712076750083
vt 0.03934646490658413 0.7373718202972799
vt 0.0349323808729248 0.7366344491914586
vt 0.06316909961088632 0.7366336246585488
vt 0.054729463395012765 0.7437409023551501
vt 0.060326152397639624 0.7373712076750083
vt 0.06316909961088632 0.7366336246585488
vt 0.056276359907081436 0.7444775759349508
vt 0.08202965949002293 0.46875
vt 0.08515315330331251 0.484375
vt 0.07890934669668749 0.484375
vt 0.07890934669668749 0.46875
vt 0.549218019439009 0.7571032434601206
vt 0.5501565894385126 0.765625
vt 0.5470343612732723 0.765625
vt 0.546875 0.7571475743826406
vt 0.0390625 0.890625
vt 0.015625 0.8867341837893243
vt 0.015625 0.8828125
vt 0.0390625 0.8828125
vt 0.546349076618697 0.484375
vt 0.5399795937118984 0.484375
vt 0.539588423381303 0.4765625
vt 0.5459579062881016 0.4765625
vt 0.4921875 0.9140625
vt 0.4765625 0.9109443036768352
vt 0.4765625 0.90625
vt 0.4921875 0.90625
vt 0.515625 0.4545680170932014
vt 0.515625 0.4609375
vt 0.5078125 0.46054632966940445
vt 0.5078125 0.45417684676260583
vt 0.2765612192868043 0.5234375
vt 0.2804653435310002 0.546875
vt 0.2742221564689998 0.546875
vt 0.2742221564689998 0.5234375
vt 0.546875 1
vt 0.5383367157827206 0.9992246472652793
vt 0.5383367157827206 0.9921875
vt 0.5468158164332303 0.9921875
vt 0.265625 0.4609375
vt 0.265625 0.4689371433178543
vt 0.2578125 0.47048761947444784
vt 0.25811975094251804 0.4614908697801723
vt 0.5578753035925894 0.7922947744042133
vt 0.5498753011511835 0.7922947744042133
vt 0.5505999103050504 0.7890625
vt 0.5594996988488165 0.7892273839828845
vt 0.410769921875 0.796875
vt 0.432644921875 0.796875
vt 0.435993359375 0.8046875
vt 0.407756640625 0.8046875
vt 0.430671875 0.9453125
vt 0.430671875 0.9370265625
vt 0.433984375 0.93540078125
vt 0.433984375 0.9453125
vt 0.412296875 0.9370265625
vt 0.412296875 0.9453125
vt 0.409765625 0.9453125
vt 0.409765625 0.93540078125
vt 0.430671875 0.9370265625
vt 0.412296875 0.9370265625
vt 0.409765625 0.93540078125
vt 0.433984375 0.93540078125
vt 0.53125 0.765625
vt 0.53125 0.7736253054751248
vt 0.523568208967698 0.7752496036512634
vt 0.5234375 0.7663496979748221
vt 0.5579119612962461 0.7058653513365628
vt 0.5499119588548402 0.7058653513365628
vt 0.5504656696233611 0.7033954058012678
vt 0.5594630411451598 0.703125
vt 0.239230078125 0.578125
vt 0.261105078125 0.578125
vt 0.264118359375 0.5859375
vt 0.235881640625 0.5859375
vt 0.431453125 0.921875
vt 0.431453125 0.9135890625
vt 0.433984375 0.91196328125
vt 0.433984375 0.921875
vt 0.413078125 0.9135890625
vt 0.413078125 0.921875
vt 0.409765625 0.921875
vt 0.409765625 0.91196328125
vt 0.431453125 0.9135890625
vt 0.413078125 0.9135890625
vt 0.409765625 0.91196328125
vt 0.433984375 0.91196328125
vt 0.34094614158824443 0.4446336486012936
vt 0.3405525988690186 0.45220210527895655
vt 0.33874135841175557 0.453125
vt 0.33874135841175557 0.44512663331492575
vt 0.09863981295952508 0.484375
vt 0.09479907757697813 0.4778419737005385
vt 0.09698712953473446 0.47725844110059423
vt 0.10066889117302187 0.4843598171304321
vt 0.2734375 0.578125
vt 0.2734375 0.5546875
vt 0.28125 0.5546875
vt 0.28125 0.578125
vt 0.09479907757697813 0.4778419737005385
vt 0.09464360882697813 0.4689724424505386
vt 0.09698735882697813 0.4689724424505386
vt 0.09698735882697813 0.47725837995053855
vt 0.40625 0.467691606294913
vt 0.40625 0.4765625
vt 0.3985827169745833 0.4760173470748139
vt 0.3984375 0.46773268218815733
vt 0.1640625 0.7890625
vt 0.1640625 0.7734375
vt 0.171875 0.7734375
vt 0.171875 0.7890625
vt 0.5518836415882444 0.6555711486012936
vt 0.5514900988690186 0.6631396052789565
vt 0.5496788584117556 0.6640625
vt 0.5496788584117556 0.6560641333149257
vt 0.5205148129595251 0.8984375
vt 0.5166740775769781 0.8919044737005385
vt 0.5188621295347344 0.8913209411005942
vt 0.5225438911730219 0.8984223171304321
vt 0.3203125 0.5546875
vt 0.3203125 0.578125
vt 0.3125 0.578125
vt 0.3125 0.5546875
vt 0.5166740775769781 0.8919044737005385
vt 0.5165186088269781 0.8830349424505386
vt 0.5188623588269782 0.8830349424505386
vt 0.5188623588269782 0.8913208799505385
vt 0.53125 0.530191606294913
vt 0.53125 0.5390625
vt 0.5235827169745834 0.5385173470748139
vt 0.5234375 0.5302326821881573
vt 0.125 0.7421875
vt 0.125 0.7578125
vt 0.1171875 0.7578125
vt 0.1171875 0.7421875
vt 0.24755581402558416 0.5331693168841185
vt 0.265625 0.5340507883135279
vt 0.265625 0.5390625
vt 0.2421875 0.538912067573444
vt 0.3984375 0.5546875
vt 0.3984375 0.57491328125
vt 0.390625 0.578125
vt 0.390625 0.5546875
vt 0.09486558715575913 0.5546875
vt 0.09375 0.5388626148710092
vt 0.1015625 0.5333921802811652
vt 0.1015625 0.5546277625482854
vt 0.2578125 0.56710078125
vt 0.2578125 0.546875
vt 0.265625 0.546875
vt 0.265625 0.5703125
vt 0.4310990509242072 0.6945861879171409
vt 0.417993921307077 0.69468046875
vt 0.4179801741045895 0.6909234391760544
vt 0.434722484942923 0.6876224407054438
vt 0.5368091746316848 0.617439248448338
vt 0.5305169778195487 0.617439248448338
vt 0.5303538042886885 0.609375
vt 0.5390625 0.6105481509674182
vt 0.53125 0.4689136851904856
vt 0.53125 0.47520584557851075
vt 0.5242852791177683 0.4774589195636939
vt 0.5234375 0.46875
vt 0.417993921307077 0.69468046875
vt 0.40488845255707706 0.69468046875
vt 0.401215015057077 0.6875
vt 0.417980640057077 0.69105078125
vt 0.5102170354134182 0.9296875
vt 0.5222452610123821 0.9296875
vt 0.5209179793099692 0.9375
vt 0.5090047389876179 0.9370099415418418
vt 0.397740625 0.5275296875
vt 0.39774140625 0.54453125
vt 0.391325 0.54453125
vt 0.391325 0.52755234375
vt 0.28968508353773986 0.484375
vt 0.28968508353773986 0.4723464911554086
vt 0.2957622223918963 0.47113420277679285
vt 0.29625241646226014 0.48304819653921505
vt 0.078821484375 0.53671875
vt 0.078821484375 0.51971953125
vt 0.08523710937500001 0.51973984375
vt 0.08523710937500001 0.53671875
vt 0.5234375 0.806912850288755
vt 0.53125 0.8046875
vt 0.53125 0.8146092934605409
vt 0.5234604701690873 0.8146473514135628
vt 0.520681640625 0.7339783219933756
vt 0.520724609375 0.7276650407433757
vt 0.530099609375 0.7277181657433757
vt 0.530056640625 0.7340095719933757
vt 0.3327926040844053 0.4780552283191951
vt 0.3328324478344053 0.48437085331919505
vt 0.32345744783440533 0.4843997595691951
vt 0.32341760408440534 0.4781075720691951
vt 0.5262832367073716 0.796875
vt 0.5284819914830473 0.7890625
vt 0.5362167632926284 0.7890625
vt 0.5362056061945851 0.7968460533316902
vt 0.48875582853247895 0.4921875
vt 0.4982175474114939 0.4921875
vt 0.5 0.5
vt 0.4864828124262833 0.5
vt 0.0390625 0.48019552631114837
vt 0.0390625 0.47027354784219977
vt 0.046875 0.46875
vt 0.046875 0.48125015507687263
vt 0.136040234375 0.484375
vt 0.145213671875 0.484375
vt 0.147177734375 0.4921875
vt 0.134072265625 0.4921875
vt 0.5193610893593853 0.71875
vt 0.5270954785331498 0.7187911680929885
vt 0.5281457213801698 0.7218587864197383
vt 0.518771484375 0.7218056657433757
vt 0.5017816099919112 0.5234375
vt 0.5112433288709262 0.5234375
vt 0.5135171877027317 0.53125
vt 0.5 0.53125
vt 0.3244695826762559 0.46879056664650043
vt 0.33220399811027423 0.46875
vt 0.3327926040844053 0.47180522831919525
vt 0.3234175521655947 0.4718575723590752
vt 0.112598828125 0.484375
vt 0.121772265625 0.484375
vt 0.12374023437500001 0.4921875
vt 0.110634765625 0.4921875
vt 0.018710725650130156 0.4765625
vt 0.028632707717711918 0.4765625
vt 0.029687577732180552 0.484375
vt 0.017187422267819448 0.484375
vt 0.5390625 0.9765625
vt 0.5390625 0.984375
vt 0.53125 0.984375
vt 0.53125 0.9765625
vt 0.21875 0.765625
vt 0.2109375 0.765625
vt 0.2109375 0.7578125
vt 0.21875 0.7578125
vt 0.3671875 0.8203125
vt 0.359375 0.8203125
vt 0.359375 0.8125
vt 0.3671875 0.8125
vt 0.140625 0.7265625
vt 0.140625 0.734375
vt 0.1328125 0.734375
vt 0.1328125 0.7265625
vt 0.5390625 0.9609375
vt 0.5390625 0.96875
vt 0.53125 0.96875
vt 0.53125 0.9609375
vt 0.5468306070876193 0.78125
vt 0.5390961449274412 0.78125
vt 0.5391068929123807 0.7734375
vt 0.5468413550725588 0.7734375
vt 0.0234375 0.46875
vt 0.015625 0.46875
vt 0.015625 0.4609375
vt 0.0234375 0.4609375
vt 0.1953125 0.4609375
vt 0.1953125 0.4708594372844994
vt 0.1875 0.47087301034151907
vt 0.1875 0.4609518543021154
vt 0.4925148125221857 0.9680405812085048
vt 0.4791578574415498 0.96875
vt 0.4765625 0.9609375
vt 0.4927509098931354 0.9609375
vt 0.4935601138183514 0.9519377602317737
vt 0.48033831035843183 0.953125
vt 0.480491613675338 0.9453125
vt 0.49622418964156817 0.9453125
vt 0.534615234375 0.65625
vt 0.528418359375 0.65625
vt 0.526562890625 0.6484375
vt 0.535937109375 0.6484375
vt 0.53125 0.4472870343573947
vt 0.5307958267913908 0.46065510268249066
vt 0.5279947790927355 0.4609375
vt 0.5279947790927355 0.44476254797917547
vt 0.534081640625 0.640625
vt 0.527884765625 0.640625
vt 0.526562890625 0.6328125
vt 0.535937109375 0.6328125
vt 0.5625 0.6015625
vt 0.549225 0.6015625
vt 0.546309375 0.5981937500000001
vt 0.56197890625 0.59830625
vt 0.5134237877705652 0.515625
vt 0.5023146558020649 0.5110138784408347
vt 0.5 0.5078125
vt 0.513327944683899 0.5078125
vt 0.51877578125 0.9484375
vt 0.5078125 0.953125
vt 0.5078125 0.9453125
vt 0.52108125 0.9453125
vt 0.5390625 0.953125
vt 0.53125 0.953125
vt 0.53125 0.9453125
vt 0.5390625 0.9453125
vt 0.5211484375 0.9953125
vt 0.51007109375 1
vt 0.51007109375 0.9921875
vt 0.5234375 0.9921875
vt 0.0625 0.46875
vt 0.0546875 0.46875
vt 0.0546875 0.4609375
vt 0.0625 0.4609375
vt 0.5234375 0.984375
vt 0.5124533652582688 0.9797360487639747
vt 0.5101314428879881 0.9765625
vt 0.5233754421187718 0.9765625
vt 0.2405421875 0.551825
vt 0.2405421875 0.568825
vt 0.2375 0.57031171875
vt 0.2375 0.5503359375
vt 0.2438328125 0.55184609375
vt 0.2405421895737488 0.55182544803589
vt 0.23750015295342633 0.5503352962365126
vt 0.24687436912382307 0.5503612454855193
vt 0.2438328125 0.568825
vt 0.2438328125 0.55184609375
vt 0.246875 0.5503609375
vt 0.246875 0.5703125
vt 0.2405421875 0.568825
vt 0.2438328125 0.568825
vt 0.246875 0.5703125
vt 0.2375 0.57031171875
vt 0.15008375200069646 0.5688243175689224
vt 0.15008202531283263 0.5518227551566041
vt 0.15312406156715203 0.550333383698079
vt 0.15312609047696574 0.5703107273450505
vt 0.14679140508157723 0.568825
vt 0.15008203001088913 0.5688243179325188
vt 0.15312452576853983 0.5703111873282068
vt 0.14374952580799608 0.5703123492904207
vt 0.14679140508157723 0.55184609375
vt 0.14679140508157723 0.568825
vt 0.14374921758157722 0.5703125
vt 0.14374921758157722 0.5503609375
vt 0.15008202531283263 0.5518227551566041
vt 0.14679140508157723 0.55184609375
vt 0.14374890952303426 0.5503607871098382
vt 0.15312312288749808 0.5503338432727088
vt 0.484375 0.921875
vt 0.484375 0.9375
vt 0.4765625 0.9375
vt 0.4765625 0.921875
vt 0.3024378052581533 0.453125
vt 0.2991471534561197 0.453125
vt 0.2991246947418467 0.4453125
vt 0.302415356003383 0.4453125
vt 0.0625 0.5234375
vt 0.0625 0.5078125
vt 0.0703125 0.5078125
vt 0.0703125 0.5234375
vt 0.263351953125 0.453125
vt 0.260061328125 0.453125
vt 0.260085546875 0.4453125
vt 0.263376171875 0.4453125
vt 0.3828125 0.53125
vt 0.3671875 0.53125
vt 0.3671875 0.5234375
vt 0.3828125 0.5234375
vt 0.05352246631973946 0.4453125
vt 0.05350883061086274 0.453125
vt 0.04804003368026054 0.453125
vt 0.04805132242267083 0.4453125
vt 0.1328125 0.6640625
vt 0.1328125 0.6796875
vt 0.125 0.6796875
vt 0.125 0.6640625
vt 0.5546875 0.6718961538832491
vt 0.5546875 0.6751875809949501
vt 0.546875 0.6751656542113067
vt 0.546875 0.671875
vt 0.44530703125 0.48065625
vt 0.44530703125 0.49765625
vt 0.440365625 0.49765546875
vt 0.44036640625 0.48065625
vt 0.28355182823310976 0.45686328125
vt 0.28034217389959953 0.45758897220361594
vt 0.2796522536061989 0.4545378338636815
vt 0.2828620762462232 0.4538129058153544
vt 0.4531265625 0.49765625
vt 0.4531265625 0.48067734375000004
vt 0.45806796875 0.48067734375000004
vt 0.45806796875 0.49765625
vt 0.5563657920284947 0.9671372651764424
vt 0.553075346645606 0.9671716464627989
vt 0.5530434770587013 0.9640468088766543
vt 0.5563339224415899 0.9640124275902977
vt 0.5 0.56015625
vt 0.5 0.54315546875
vt 0.504940625 0.54315546875
vt 0.50494140625 0.56015625
vt 0.5562935558822332 0.9827929752985441
vt 0.55300242009579 0.98275078125
vt 0.5530424809061809 0.9796260380395152
vt 0.556333616692624 0.9796682320880593
vt 0.4765625 0.48067734375000004
vt 0.4765625 0.49765625
vt 0.471621875 0.49765625
vt 0.471621875 0.48067734375000004
vt 0.22734501344055727 0.45778502921510156
vt 0.22416420252475266 0.45694188097834343
vt 0.22496432836524546 0.45392343749999997
vt 0.22814494269368019 0.45476734184850154
vt 0.2854174532331098 0.45804453125
vt 0.2791602145764883 0.45946026564303455
vt 0.2803422529141654 0.45758904328521544
vt 0.28355210242140083 0.4568634548566567
vt 0.5579440966456061 0.9686833652127989
vt 0.551528471645606 0.9687497714627988
vt 0.553075346645606 0.9671716464627989
vt 0.5563651903956061 0.9671372714627988
vt 0.55783523259579 0.984375
vt 0.5514203888457901 0.98429296875
vt 0.55300242009579 0.98275078125
vt 0.5562930450957901 0.98279296875
vt 0.22845968537797395 0.45969394185240786
vt 0.22225807836524544 0.4580515625
vt 0.22416459553288437 0.45694125065769886
vt 0.22734565277895372 0.4577841735262158
vt 0.5594563604287963 0.963979465474071
vt 0.5579440966456061 0.9686833652127989
vt 0.5563654629477752 0.9671375383508458
vt 0.5563318752498984 0.9640130531719479
vt 0.4344578125 0.87734375
vt 0.4344578125 0.89434296875
vt 0.4313328125 0.89434296875
vt 0.4313328125 0.87734375
vt 0.279159436093114 0.4594591415164454
vt 0.27659739051689025 0.45522847653028564
vt 0.2796523384719497 0.45453820917826304
vt 0.28034217389959953 0.45758897220361594
vt 0.28590260948310975 0.453125
vt 0.28541745323310974 0.45804453125
vt 0.28355182823310976 0.45686328125
vt 0.2828619844831098 0.45381249999999995
vt 0.4249171875 0.89434296875
vt 0.4249171875 0.8773640625
vt 0.4280421875 0.8773640625
vt 0.4280421875 0.89434296875
vt 0.5515288626943138 0.96875
vt 0.5499186395712037 0.9640786785602142
vt 0.5530434770596971 0.9640468089743054
vt 0.553075346645606 0.9671716464627989
vt 0.23117395288475454 0.4555702332051984
vt 0.22845946872822287 0.4596956399183717
vt 0.22734501344055727 0.45778502921510156
vt 0.2281450278749903 0.4547670205068799
vt 0.026479296875000002 0.57578125
vt 0.026480078125 0.5587796875000001
vt 0.029605078125000003 0.5587796875000001
vt 0.029604296874999998 0.57578125
vt 0.5514207377526384 0.9842931522840799
vt 0.5499176187449245 0.9795858551887223
vt 0.5530424824509962 0.9796259175439284
vt 0.55300242009579 0.98275078125
vt 0.5594573812550755 0.9797078063863625
vt 0.55783523259579 0.984375
vt 0.5562927848821921 0.9827927018135584
vt 0.5563326353550359 0.9796679559135187
vt 0.036020703125 0.55880234375
vt 0.036020703125 0.57578125
vt 0.032895703125 0.57578125
vt 0.032895703125 0.55880234375
vt 0.22225807836524544 0.4580515625
vt 0.22195104711524546 0.453125
vt 0.22496432836524546 0.45392343749999997
vt 0.22416432836524544 0.45694140625
vt 0.44530703125 0.5
vt 0.440365625 0.49999921875
vt 0.440365625 0.49765546875
vt 0.44530703125 0.49765625
vt 0.4344578125 0.8966867187500001
vt 0.4313328125 0.8966867187500001
vt 0.4313328125 0.89434296875
vt 0.4344578125 0.89434296875
vt 0.08523710937500001 0.5390625
vt 0.078821484375 0.5390625
vt 0.078821484375 0.53671875
vt 0.08523710937500001 0.53671875
vt 0.4313328125 0.8966867187500001
vt 0.4280421875 0.8966867187500001
vt 0.4280421875 0.89434296875
vt 0.4313328125 0.89434296875
vt 0.45806796875 0.5
vt 0.4531265625 0.5
vt 0.4531265625 0.49765625
vt 0.45806796875 0.49765625
vt 0.4280421875 0.8966867187500001
vt 0.4249171875 0.8966867187500001
vt 0.4249171875 0.89434296875
vt 0.4280421875 0.89434296875
vt 0.032895703125 0.578125
vt 0.029604296874999998 0.578125
vt 0.029604296874999998 0.57578125
vt 0.032895703125 0.57578125
vt 0.4765625 0.5
vt 0.471621875 0.5
vt 0.471621875 0.49765625
vt 0.4765625 0.49765625
vt 0.036020703125 0.578125
vt 0.032895703125 0.578125
vt 0.032895703125 0.57578125
vt 0.036020703125 0.57578125
vt 0.39774140625 0.546875
vt 0.391325 0.546875
vt 0.391325 0.54453125
vt 0.39774140625 0.54453125
vt 0.50494140625 0.5625
vt 0.5 0.5625
vt 0.5 0.56015625
vt 0.50494140625 0.56015625
vt 0.029604296874999998 0.578125
vt 0.026479296875000002 0.578125
vt 0.026479296875000002 0.57578125
vt 0.029604296874999998 0.57578125
vt 0.44036640625 0.47831250000000003
vt 0.4453125 0.47831328124999994
vt 0.44530703125 0.48065625
vt 0.44036640625 0.48065625
vt 0.43132578125 0.875
vt 0.4344578125 0.875
vt 0.4344578125 0.87734375
vt 0.4313328125 0.87734375
vt 0.42803515625 0.8750203125
vt 0.43132578125 0.875
vt 0.4313328125 0.87734375
vt 0.4280421875 0.8773640625
vt 0.453125 0.47833359374999995
vt 0.45806796875 0.47833359374999995
vt 0.45806796875 0.48067734375000004
vt 0.45312734375 0.48067734375000004
vt 0.4249171875 0.8750203125
vt 0.42803515625 0.8750203125
vt 0.4280421875 0.8773640625
vt 0.4249171875 0.8773640625
vt 0.07882539062499999 0.5173757812499999
vt 0.085241015625 0.51739609375
vt 0.08523710937500001 0.51973984375
vt 0.078821484375 0.51971953125
vt 0.50000234375 0.54081171875
vt 0.504940625 0.54081171875
vt 0.50494140625 0.54315546875
vt 0.5 0.54315546875
vt 0.026480078124999994 0.5564359375000001
vt 0.029612890625 0.5564359375000001
vt 0.029605078125000003 0.5587796875000001
vt 0.026480078125 0.5587796875000001
vt 0.39132109375 0.52520859375
vt 0.39773671875 0.5251859375
vt 0.397740625 0.5275296875
vt 0.391325 0.52755234375
vt 0.029612890625 0.5564359375000001
vt 0.032903515625 0.5564585937500001
vt 0.032895703125 0.55880234375
vt 0.029605078125000003 0.5587796875000001
vt 0.47162072313488607 0.47833359377929274
vt 0.4765566606967133 0.4783335946439172
vt 0.4765625 0.48067734375000004
vt 0.4716210936882411 0.48067734375000004
vt 0.032903515625 0.5564585937500001
vt 0.036020703125 0.5564585937500001
vt 0.036020703125 0.55880234375
vt 0.032895703125 0.55880234375
vn -0.9998463225439147 -0.01753086693264425 -2.9603054528433665e-15
vn 0.9998463225439147 -0.017530866932644006 2.964599276858435e-15
vn 0.03669334948326316 0.9993265722994158 -1.3663201195426186e-17
vn 1.224646799147353e-16 -1 1.224646799147357e-16
vn -0.2694966407213523 -1.5093746942006334e-16 -0.9630013295109755
vn -0.21847234485072714 9.275117204553384e-17 0.9758431403332327
vn 0.2184723448507213 1.4626146361026521e-16 0.9758431403332338
vn 1.224646799147353e-16 -1 1.224646799147357e-16
vn 0.269496640721358 -8.492982973198876e-17 -0.963001329510974
vn -0.0366933494832634 0.9993265722994158 -2.311012164184497e-16
vn -0.8580431664525271 -0.5135775739887022 -2.4794075890034066e-15
vn -0.2336068660540453 -0.11573049673673057 0.9654192272051957
vn 0.23519869084003622 -0.005989083161325842 0.9719288588729219
vn 0.8580431664525273 -0.513577573988702 2.6051978154232324e-15
vn 0.24679108670151603 -0.401752507790538 -0.8818668164800728
vn -0.2504240449084287 -0.36950480893516324 -0.8948485871394614
vn 2.9629076969683865e-15 -1.224646799147353e-16 -1
vn 0.19714694895506973 -0.000003880762997764811 0.98037394931865
vn 1 1.224646799147357e-16 2.9629076969683865e-15
vn -0.19714741307170391 0.000002617866699708896 0.9803738559918261
vn 2.9629076969683865e-15 -1.224646799147353e-16 -1
vn -1 -1.224646799147357e-16 -2.9629076969683865e-15
vn -0.09062770181249949 0.9954548639889974 0.02926146655298251
vn -0.0824413824795551 0.9965959153312137 -3.6631400647275825e-16
vn -0.043532823655817315 0.9790529706980443 -0.19889739523655484
vn 0.08672508592839313 0.9961151276654835 -0.01527782401687706
vn 0.08244138247955489 0.9965959153312138 1.222184069220181e-16
vn 0.09811928157678493 0.9752532512902647 -0.19812547143318932
vn -0.2458236675187237 0.1982285529826935 0.9488288387638899
vn -0.24101904728684073 0.24956674812736693 -0.9378839251602914
vn -0.9853479129246507 0.17055641440601135 -2.9403820520938205e-15
vn 0.24582366751872348 0.19822855298269318 -0.94882883876389
vn 0.24101904728684082 0.24956674812736715 0.9378839251602913
vn 0.9853479129246507 0.17055641440601157 2.898607778698546e-15
vn -0.28227954586645954 0.27646150488590887 -0.9186333840557093
vn -0.2579191687784583 -0.3413151435427786 -0.9038703862639829
vn -0.4045552557503043 -1.6153933987925227e-16 -0.9145135565123167
vn 0.33930383949564197 0.3323104753927421 -0.8800242340116352
vn 0.40455525575030976 -6.245188007268152e-17 -0.9145135565123143
vn 0.24566934383225633 -0.325104441640742 -0.9132106413782584
vn 2.9629076969683865e-15 -1.224646799147353e-16 -1
vn 2.9629076969683865e-15 -1.224646799147353e-16 -1
vn 2.9629076969683865e-15 -1.224646799147353e-16 -1
vn 2.9629076969683865e-15 -1.224646799147353e-16 -1
vn 2.9629076969683865e-15 -1.224646799147353e-16 -1
vn 2.9629076969683865e-15 -1.224646799147353e-16 -1
vn 0.7227992671818523 -0.6910580434097975 2.2262177141849033e-15
vn 0.6047230683405445 0.796435817010258 1.6942033763177468e-15
vn 1 1.224646799147357e-16 2.9629076969683865e-15
vn -0.7227992671818521 -0.6910580434097977 -2.0569573100075347e-15
vn -1 -1.224646799147357e-16 -2.9629076969683865e-15
vn -0.6047230683405448 0.796435817010258 -1.8892738911233317e-15
vn -0.10010367001103358 0.994977012423062 -4.1844747571938473e-16
vn -0.10010367001104653 0.9949770124230607 -6.597746675240751e-15
vn -0.10010367001107084 0.9949770124230584 -4.1844747571949473e-16
vn -0.10010367001105196 0.9949770124230601 2.7450286380126596e-15
vn 0.10010367001103333 0.994977012423062 1.7474839302156416e-16
vn 0.10010367001105172 0.9949770124230602 7.414270504730152e-15
vn 0.1001036700110706 0.9949770124230584 1.7474839302167507e-16
vn 0.10010367001104617 0.9949770124230609 -6.186294900603294e-15
vn 0.9992643782532069 0.037582052158336765 -0.0076349007721258424
vn 0.6549331503688021 0.04935684809899124 -0.7540732524720191
vn -0.9948042313474867 -0.10008628667499744 0.018635356523184318
vn -2.9629076969683865e-15 1.224646799147353e-16 1
vn -0.9970561636644002 0.07513980562510082 -0.015264865195966811
vn -2.9629076969683865e-15 1.224646799147353e-16 1
vn 0.999269038126783 -0.037582227414870814 0.006997544119966599
vn -0.6522497957534306 0.06562221790418112 -0.7551582141888842
vn -0.8910361337190472 -0.439182653685233 0.1147745838982173
vn -0.8852116724388215 -0.465188451036851 -2.565831322958983e-15
vn -0.6784000096500404 -0.7346927431973349 -1.9200626985841925e-15
vn -1 -1.224646799147357e-16 -2.9629076969683865e-15
vn -1 -1.224646799147357e-16 -2.9629076969683865e-15
vn -1 -1.224646799147357e-16 -2.9629076969683865e-15
vn 0.8910051962359484 -0.442226149004638 -0.10269261617597872
vn 0.8852116724388215 -0.46518845103685075 2.6797696324715014e-15
vn 0.6784000096500407 -0.7346927431973347 2.1000105218468735e-15
vn 1 1.224646799147357e-16 2.9629076969683865e-15
vn 1 1.224646799147357e-16 2.9629076969683865e-15
vn 1 1.224646799147357e-16 2.9629076969683865e-15
vn -2.8883280622306305e-15 0.2665899282317013 0.9638100487987332
vn -0.06173765608461463 0.23158539401635364 -0.9708535765497639
vn 1.224646799147353e-16 -1 1.224646799147357e-16
vn 2.9629076969683865e-15 -1.224646799147353e-16 -1
vn -2.9629076969683865e-15 1.224646799147353e-16 1
vn -1.224646799147353e-16 1 -1.224646799147357e-16
vn 2.8230323617718554e-15 0.2665899282317011 -0.9638100487987332
vn 0.061737656084614574 0.23158539401635386 0.9708535765497638
vn 1.224646799147353e-16 -1 1.224646799147357e-16
vn -2.9629076969683865e-15 1.224646799147353e-16 1
vn 2.9629076969683865e-15 -1.224646799147353e-16 -1
vn -1.224646799147353e-16 1 -1.224646799147357e-16
vn -0.04945468216609678 0.6227715647075888 0.7808391720472994
vn -0.7009615293202375 1.4986683021882476e-18 0.7131990846972771
vn 0.0631825790200096 0.8182935097756043 0.5713175067924169
vn 0.7009615293202333 1.7318472694368077e-16 0.7131990846972813
vn 0.002084006497917146 -0.863965281183923 0.5035470681333587
vn 0.7756048940602416 -0.37336932376281484 0.5089522535392684
vn -0.6639283930703257 -0.3207376011597186 0.6755194150262186
vn -0.0010904763176178159 -0.9646626538020691 0.26348581597678133
vn -0.39758393984656504 0.9175658073272364 -1.2903739184574393e-15
vn -0.9999740737783334 0.00003219106713964195 -0.007200745440558265
vn 0.3973840568316762 0.9176517596715582 -0.0010767300925926886
vn 0.9999728638147876 0.0000321949857244618 -0.007366858050458314
vn -0.0007060763527371693 -0.9999934720780934 -0.00354362207119713
vn 0.9028698386326064 -0.4298810187584852 -0.005325804981271847
vn -0.9029307619522118 -0.4297651019476391 -0.004242200883232582
vn 0.0012941728516466873 -0.999988013125721 -0.00472215221091164
vn 0.21542223488196166 -0.40195740342706787 0.8899570251133648
vn -0.7654789750139384 -0.643456866923383 -0.0022801799828448006
vn -0.0037761082895233066 -0.4092814951710911 -0.9124003500200459
vn 0.7664265853211124 -0.64231208690401 -0.005047011990780596
vn -0.21530340372001583 -0.40201013152175263 0.8899619646369383
vn -0.7645553234988627 -0.644536455988568 -0.005283390128162423
vn 0.0037761897226529315 -0.40923762787868556 -0.91242002625951
vn 0.766320409860737 -0.6424545480959888 -0.0022766338420830185
vn -0.23519870517344485 0.005977745828625442 -0.9719289251995454
vn 0.9999992025241048 -0.0012629058131218601 -0.000004479025306643798
vn 0.004138546570889328 -0.005849851376568437 0.9999743255059865
vn -0.9999949264963771 0.0012457913454441815 0.0029317205578332246
vn 0.23519103439348146 0.009844450854585372 -0.9718993076076842
vn 0.999992730830128 0.0024306082001199956 0.0029377594661517967
vn -0.004138428900306927 -0.009543776265420254 0.9999458934066546
vn -0.9999969777368444 -0.002458544557264012 -0.000008708474467820446
vn -0.15379493667160002 0.5044386832403175 0.8496403546824698
vn 0.06421142623396102 0.8912181022412966 -0.44900688967812363
vn -0.7486897565734247 0.6629159500538744 -0.0024681098426556918
vn 0.11838625873971328 0.747151867491367 0.6540250611756223
vn 0.7486897565734246 0.6629159500538745 -0.002468109842651254
vn -0.127447277957572 0.43535515097570315 -0.8911919455763322
vn -0.25945302898784633 0.11119415528050515 0.9593330941755772
vn 0.1714152272372425 -9.96597537299261e-17 -0.9851988732592039
vn -0.9193634537862959 0.393401365627592 -0.0024910569000080743
vn 0.21507442324252085 1.4593774042254918e-16 0.9765976615100496
vn 0.9191421795712726 0.3939180769591194 -0.002490457347499362
vn -0.20812226119678331 -0.08905681581655527 -0.9740400443261837
vn 0.9999997063185644 0.00003572369198075064 -0.0007655629321799658
vn 0.9998487577703045 -0.015298535936582897 -0.008271419671160074
vn 0.9999997069478723 1.2237088820172433e-16 -0.0007655744051365787
vn 0.9998588278888226 -0.014780405698748545 -0.00799148923356085
vn -0.9999997063096986 0.00003571768621962528 -0.0007655747930483725
vn -0.999858309548073 0.014815430932497506 -0.007991485090668441
vn -0.9999997069483307 -1.2255839977740246e-16 -0.0007655738063519711
vn -0.9998553367311874 0.014969988231131595 -0.008074965171663154
vn 0.011680681471846128 -0.0000012210263183957346 0.9999317785123455
vn -0.000021811192813464466 -0.9999805476092817 -0.006237301284462592
vn -0.011675120392350278 -1.238861230276044e-16 -0.9999318434592551
vn -0.00005102234211136123 0.9999999986982929 3.674084227134834e-7
vn -0.011417437228521315 -0.0000014934907489240925 0.9999348189381657
vn 0.000051040435400507694 0.9999999986973694 3.675387112628188e-7
vn 0.01141187594223212 -1.210591535770917e-16 -0.9999348824235903
vn 0.000026036808408368468 -0.9999772058512091 -0.006751821983244063
vn 0.32320800003833994 0.000008890807023627298 0.9463279498314366
vn -0.000013754185543136989 -0.9999805473697658 -0.006237362654690532
vn 0.30923036991814934 -7.859253986988508e-17 -0.9509871599134684
vn -0.000032194151458182385 0.9999999994817415 2.318281206565198e-7
vn -0.3230507944119347 0.000008634066394253843 0.9463816271226269
vn 0.00003219023251590623 0.9999999994818677 2.318000001128589e-7
vn -0.30938834080082545 -1.543451898425839e-16 -0.95093577836598
vn 0.000016426883717727046 -0.9999772055595967 -0.006751895391499091
vn 0.003204394931411971 -0.9999896713087145 -0.0032232171836488487
vn -0.000031863212713582333 0.9999999994922093 5.632354468088683e-7
vn 0.000030954952288147144 0.9999999995207035 6.197103663993757e-7
vn 0.003458577357543023 -0.999988107760082 -0.003438398038737195
vn -0.00003218409366997771 0.9999999994808169 0.000001597067056633699
vn -0.9999728638147876 -0.0000321949857244618 0.007366858050458818
vn 0.00003225687623533585 -0.9999999994403895 -0.00000887214690012432
vn 0.00003237466830713555 -0.9999999994509245 0.000007073331437293182
vn -0.999972864333032 -1.2155917684037154e-16 0.007366858054276651
vn -0.00003219411206426231 0.9999999994817415 2.3717588956344227e-7
vn -0.000032266281548152176 -0.9999999994255311 -0.000010383878638285954
vn 0.9999740737783333 -0.000032191067139641934 0.007200745440558297
vn 0.00003217850053555794 0.9999999994805404 0.000001861007560608956
vn 0.00003219023235393744 0.9999999994818678 2.3179967398044593e-7
vn 0.9999740742964522 1.2334334191773123e-16 0.007200745444289798
vn -0.00003240149138709319 -0.9999999994403247 0.00000833631267676146
vn 0.3232081963421155 0.000008890813451867573 0.9463278827859982
vn -0.9999728638147874 -0.00003219498572698461 0.007366858050459507
vn 0.9999734878698049 0.00003203066952187373 -0.007281657196922938
vn -0.999974073777628 -0.00003219498572461864 0.0072007455209967585
vn 0.3092304164612829 0.000010284827031120562 -0.9509871447235256
vn -0.9999728638147874 -0.00003219498572281433 0.007366858050457358
vn 0.9999740737783333 -0.00003219106713720626 0.007200745440558836
vn -0.3093883374888112 0.000010179709155638638 -0.950935779389062
vn 0.9999740737783333 -0.00003219106713842687 0.007200745440561097
vn -0.9999740737979782 0.00003157483955483387 -0.007200745440944158
vn -0.3230509693552395 0.00000902380854183492 0.9463815674014424
vn 0.9999740737783333 -0.00003219106713895634 0.007200745440556985
vn 0.3236613739505822 -0.0010014773125425526 0.9461724536550481
vn -0.9999728638147876 -0.00003219498572606422 0.007366858050459078
vn -0.9999728638147874 -0.00003219498572571526 0.007366858050459037
vn 0.30831795081862157 0.000010151644146724355 -0.951283365301817
vn -0.9999728638147874 -0.00003219498572482594 0.007366858050461359
vn 0.9999715715187396 0.0016312742278233683 -0.007361732047301126
vn -0.32403403972588823 0.000008666331441369284 0.9460454222836324
vn 0.9999740737783333 -0.00003219106713911023 0.0072007454405592685
vn -0.9999719697880788 -0.0016992650133094984 -0.007291922693256833
vn 0.9999728639625534 -0.000032751794508694395 0.0073668355383375685
vn -0.3088935671636426 0.0011064725540370674 -0.951095967756886
vn 0.9999740737783333 -0.00003219106713989698 0.007200745440556959
usemtl m_084e7548-2300-4378-46d0-9b20b1ffff30
f 546/1785/447 544/1786/447 543/1787/447 547/1788/447
f 552/1789/448 550/1790/448 549/1791/448 553/1792/448
f 490/1793/449 492/1794/449 491/1795/449 493/1796/449
f 463/1797/450 470/1798/450 469/1799/450 464/1800/450
f 463/1801/451 472/1802/451 477/1803/451 470/1804/451
f 469/1805/452 474/1806/452 473/1807/452 464/1808/452
f 468/1809/453 475/1810/453 474/1811/453 469/1812/453
f 468/1813/454 469/1814/454 470/1815/454 467/1816/454
f 470/1817/455 477/1818/455 476/1819/455 467/1820/455
f 494/1821/456 491/1822/456 492/1823/456 495/1824/456
f 542/1825/457 543/1826/457 544/1827/457 545/1828/457
f 564/1829/458 570/1830/458 568/1831/458 565/1832/458
f 565/1833/459 568/1834/459 569/1835/459 567/1836/459
f 548/1837/460 549/1838/460 550/1839/460 551/1840/460
f 465/1841/461 476/1842/461 477/1843/461 471/1844/461
f 471/1845/462 477/1846/462 472/1847/462 461/1848/462
f 509/1849/463 512/1850/463 513/1851/463 510/1852/463
f 566/1853/464 562/1854/464 565/1855/464 567/1856/464
f 478/1857/465 481/1858/465 466/1859/465 465/1860/465
f 562/1861/466 563/1862/466 564/1863/466 565/1864/466
f 508/1865/467 509/1866/467 510/1867/467 511/1868/467
f 482/1869/468 483/1870/468 461/1871/468 462/1872/468
f 486/1873/469 484/1874/469 482/1875/469 480/1876/469
f 487/1877/470 485/1878/470 479/1879/470 483/1880/470
f 522/1881/471 523/1882/471 524/1883/471 525/1884/471
f 485/1885/472 488/1886/472 478/1887/472 479/1888/472
f 489/1889/473 486/1890/473 480/1891/473 481/1892/473
f 526/1893/474 527/1894/474 528/1895/474 529/1896/474
f 492/1897/475 490/1898/475 484/1899/475 486/1900/475
f 493/1901/476 491/1902/476 485/1903/476 487/1904/476
f 490/1905/477 493/1906/477 487/1907/477 484/1908/477
f 491/1909/478 494/1910/478 488/1911/478 485/1912/478
f 495/1913/479 492/1914/479 486/1915/479 489/1916/479
f 494/1917/480 495/1918/480 489/1919/480 488/1920/480
f 497/1921/481 496/1922/481 483/1923/481 479/1924/481
f 499/1925/482 498/1926/482 471/1927/482 461/1928/482
f 496/1929/483 499/1930/483 461/1931/483 483/1932/483
f 500/1933/484 497/1934/484 479/1935/484 478/1936/484
f 501/1937/485 500/1938/485 478/1939/485 465/1940/485
f 498/1941/486 501/1942/486 465/1943/486 471/1944/486
f 503/1945/487 502/1946/487 496/1947/487 497/1948/487
f 505/1949/488 504/1950/488 498/1951/488 499/1952/488
f 502/1953/489 505/1954/489 499/1955/489 496/1956/489
f 506/1957/490 503/1958/490 497/1959/490 500/1960/490
f 507/1961/491 506/1962/491 500/1963/491 501/1964/491
f 504/1965/492 507/1966/492 501/1967/492 498/1968/492
f 509/1969/493 508/1970/493 502/1971/493 503/1972/493
f 511/1973/494 510/1974/494 504/1975/494 505/1976/494
f 508/1977/495 511/1978/495 505/1979/495 502/1980/495
f 512/1981/496 509/1982/496 503/1983/496 506/1984/496
f 513/1985/497 512/1986/497 506/1987/497 507/1988/497
f 510/1989/498 513/1990/498 507/1991/498 504/1992/498
f 515/1993/499 514/1994/499 484/1995/499 487/1996/499
f 516/1997/500 515/1998/500 487/1999/500 483/2000/500
f 517/2001/501 516/2002/501 483/2003/501 482/2004/501
f 514/2005/502 517/2006/502 482/2007/502 484/2008/502
f 519/2009/503 518/2010/503 488/2011/503 489/2012/503
f 520/2013/504 519/2014/504 489/2015/504 481/2016/504
f 521/2017/505 520/2018/505 481/2019/505 478/2020/505
f 518/2021/506 521/2022/506 478/2023/506 488/2024/506
f 523/2025/507 522/2026/507 514/2027/507 515/2028/507
f 524/2029/508 523/2030/508 515/2031/508 516/2032/508
f 525/2033/509 524/2034/509 516/2035/509 517/2036/509
f 522/2037/510 525/2038/510 517/2039/510 514/2040/510
f 527/2041/511 526/2042/511 518/2043/511 519/2044/511
f 528/2045/512 527/2046/512 519/2047/512 520/2048/512
f 529/2049/513 528/2050/513 520/2051/513 521/2052/513
f 526/2053/514 529/2054/514 521/2055/514 518/2056/514
f 531/2057/515 530/2058/515 461/2059/515 472/2060/515
f 533/2061/516 532/2062/516 473/2063/516 462/2064/516
f 530/2065/517 533/2066/517 462/2067/517 461/2068/517
f 532/2069/518 534/2070/518 464/2071/518 473/2072/518
f 535/2073/519 531/2074/519 472/2075/519 463/2076/519
f 534/2077/520 535/2078/520 463/2079/520 464/2080/520
f 537/2081/521 536/2082/521 466/2083/521 475/2084/521
f 539/2085/522 538/2086/522 476/2087/522 465/2088/522
f 536/2089/523 539/2090/523 465/2091/523 466/2092/523
f 538/2093/524 540/2094/524 467/2095/524 476/2096/524
f 541/2097/525 537/2098/525 475/2099/525 468/2100/525
f 540/2101/526 541/2102/526 468/2103/526 467/2104/526
f 543/2105/527 542/2106/527 530/2107/527 531/2108/527
f 545/2109/528 544/2110/528 532/2111/528 533/2112/528
f 542/2113/529 545/2114/529 533/2115/529 530/2116/529
f 544/2117/530 546/2118/530 534/2119/530 532/2120/530
f 547/2121/531 543/2122/531 531/2123/531 535/2124/531
f 546/2125/532 547/2126/532 535/2127/532 534/2128/532
f 549/2129/533 548/2130/533 536/2131/533 537/2132/533
f 551/2133/534 550/2134/534 538/2135/534 539/2136/534
f 548/2137/535 551/2138/535 539/2139/535 536/2140/535
f 550/2141/536 552/2142/536 540/2143/536 538/2144/536
f 553/2145/537 549/2146/537 537/2147/537 541/2148/537
f 552/2149/538 553/2150/538 541/2151/538 540/2152/538
f 555/2153/539 554/2154/539 480/2155/539 482/2156/539
f 556/2157/540 555/2158/540 482/2159/540 462/2160/540
f 554/2161/541 557/2162/541 481/2163/541 480/2164/541
f 557/2165/542 558/2166/542 466/2167/542 481/2168/542
f 560/2169/543 559/2170/543 474/2171/543 475/2172/543
f 558/2173/544 560/2174/544 475/2175/544 466/2176/544
f 561/2177/545 556/2178/545 462/2179/545 473/2180/545
f 559/2181/546 561/2182/546 473/2183/546 474/2184/546
f 593/2185/547 594/2186/547 595/2187/547 596/2188/547
f 619/2189/548 620/2190/548 621/2191/548 622/2192/548
f 594/2193/549 597/2194/549 598/2195/549 595/2196/549
f 615/2197/550 616/2198/550 617/2199/550 618/2200/550
f 579/2201/551 580/2202/551 581/2203/551 582/2204/551
f 567/2205/552 569/2206/552 560/2207/552 558/2208/552
f 570/2209/553 564/2210/553 556/2211/553 561/2212/553
f 583/2213/554 584/2214/554 585/2215/554 586/2216/554
f 572/2217/555 571/2218/555 569/2219/555 568/2220/555
f 573/2221/556 572/2222/556 568/2223/556 559/2224/556
f 574/2225/557 573/2226/557 559/2227/557 560/2228/557
f 571/2229/558 574/2230/558 560/2231/558 569/2232/558
f 576/2233/559 575/2234/559 568/2235/559 570/2236/559
f 577/2237/560 576/2238/560 570/2239/560 561/2240/560
f 578/2241/561 577/2242/561 561/2243/561 559/2244/561
f 575/2245/562 578/2246/562 559/2247/562 568/2248/562
f 580/2249/563 579/2250/563 571/2251/563 572/2252/563
f 581/2253/564 580/2254/564 572/2255/564 573/2256/564
f 582/2257/565 581/2258/565 573/2259/565 574/2260/565
f 579/2261/566 582/2262/566 574/2263/566 571/2264/566
f 584/2265/567 583/2266/567 575/2267/567 576/2268/567
f 585/2269/568 584/2270/568 576/2271/568 577/2272/568
f 586/2273/569 585/2274/569 577/2275/569 578/2276/569
f 583/2277/570 586/2278/570 578/2279/570 575/2280/570
f 588/2281/571 587/2282/571 563/2283/571 562/2284/571
f 590/2285/572 589/2286/572 554/2287/572 555/2288/572
f 587/2289/573 590/2290/573 555/2291/573 563/2292/573
f 591/2293/574 588/2294/574 562/2295/574 566/2296/574
f 592/2297/575 591/2298/575 566/2299/575 557/2300/575
f 589/2301/576 592/2302/576 557/2303/576 554/2304/576
f 594/2305/577 593/2306/577 587/2307/577 588/2308/577
f 596/2309/578 595/2310/578 589/2311/578 590/2312/578
f 593/2313/579 596/2314/579 590/2315/579 587/2316/579
f 597/2317/580 594/2318/580 588/2319/580 591/2320/580
f 598/2321/581 597/2322/581 591/2323/581 592/2324/581
f 595/2325/582 598/2326/582 592/2327/582 589/2328/582
f 600/2329/583 599/2330/583 566/2331/583 567/2332/583
f 601/2333/584 600/2334/584 567/2335/584 558/2336/584
f 602/2337/585 601/2338/585 558/2339/585 557/2340/585
f 599/2341/586 602/2342/586 557/2343/586 566/2344/586
f 604/2345/587 603/2346/587 564/2347/587 563/2348/587
f 605/2349/588 604/2350/588 563/2351/588 555/2352/588
f 606/2353/589 605/2354/589 555/2355/589 556/2356/589
f 603/2357/590 606/2358/590 556/2359/590 564/2360/590
f 608/2361/591 607/2362/591 599/2363/591 600/2364/591
f 609/2365/592 608/2366/592 600/2367/592 601/2368/592
f 610/2369/593 609/2370/593 601/2371/593 602/2372/593
f 607/2373/594 610/2374/594 602/2375/594 599/2376/594
f 612/2377/595 611/2378/595 603/2379/595 604/2380/595
f 613/2381/596 612/2382/596 604/2383/596 605/2384/596
f 614/2385/597 613/2386/597 605/2387/597 606/2388/597
f 611/2389/598 614/2390/598 606/2391/598 603/2392/598
f 616/2393/599 615/2394/599 623/2395/599 624/2396/599
f 651/2397/600 650/2398/600 649/2399/600 652/2400/600
f 618/2401/601 617/2402/601 625/2403/601 626/2404/601
f 633/2405/602 636/2406/602 637/2407/602 634/2408/602
f 620/2409/603 619/2410/603 627/2411/603 628/2412/603
f 639/2413/604 640/2414/604 641/2415/604 642/2416/604
f 622/2417/605 621/2418/605 629/2419/605 630/2420/605
f 657/2421/606 660/2422/606 661/2423/606 658/2424/606
f 654/2425/607 647/2426/607 650/2427/607 651/2428/607
f 632/2429/608 635/2430/608 636/2431/608 633/2432/608
f 644/2433/609 645/2434/609 640/2435/609 639/2436/609
f 656/2437/610 659/2438/610 660/2439/610 657/2440/610
f 631/2441/611 632/2442/611 633/2443/611 634/2444/611
f 624/2445/612 623/2446/612 607/2447/612 608/2448/612
f 647/2449/613 648/2450/613 649/2451/613 650/2452/613
f 653/2453/614 654/2454/614 651/2455/614 652/2456/614
f 626/2457/615 625/2458/615 609/2459/615 610/2460/615
f 635/2461/616 638/2462/616 637/2463/616 636/2464/616
f 655/2465/617 656/2466/617 657/2467/617 658/2468/617
f 628/2469/618 627/2470/618 611/2471/618 612/2472/618
f 645/2473/619 646/2474/619 641/2475/619 640/2476/619
f 643/2477/620 644/2478/620 639/2479/620 642/2480/620
f 630/2481/621 629/2482/621 613/2483/621 614/2484/621
f 659/2485/622 662/2486/622 661/2487/622 660/2488/622
f 632/2489/623 631/2490/623 623/2491/623 615/2492/623
f 631/2493/624 634/2494/624 607/2495/624 623/2496/624
f 635/2497/625 632/2498/625 615/2499/625 618/2500/625
f 634/2501/626 637/2502/626 610/2503/626 607/2504/626
f 638/2505/627 635/2506/627 618/2507/627 626/2508/627
f 637/2509/628 638/2510/628 626/2511/628 610/2512/628
f 642/2513/629 641/2514/629 612/2515/629 613/2516/629
f 644/2517/630 643/2518/630 629/2519/630 621/2520/630
f 643/2521/631 642/2522/631 613/2523/631 629/2524/631
f 645/2525/632 644/2526/632 621/2527/632 620/2528/632
f 646/2529/633 645/2530/633 620/2531/633 628/2532/633
f 641/2533/634 646/2534/634 628/2535/634 612/2536/634
f 648/2537/635 647/2538/635 616/2539/635 624/2540/635
f 649/2541/636 648/2542/636 624/2543/636 608/2544/636
f 652/2545/637 649/2546/637 608/2547/637 609/2548/637
f 654/2549/638 653/2550/638 625/2551/638 617/2552/638
f 653/2553/639 652/2554/639 609/2555/639 625/2556/639
f 647/2557/640 654/2558/640 617/2559/640 616/2560/640
f 656/2561/641 655/2562/641 627/2563/641 619/2564/641
f 655/2565/642 658/2566/642 611/2567/642 627/2568/642
f 659/2569/643 656/2570/643 619/2571/643 622/2572/643
f 658/2573/644 661/2574/644 614/2575/644 611/2576/644
f 662/2577/645 659/2578/645 622/2579/645 630/2580/645
f 661/2581/646 662/2582/646 630/2583/646 614/2584/646
o cuboid
v 0.04375 1.7046874999999988 0.11875000000000001
v 0.04375 1.7046874999999988 -0.11875
v 0.04375 1.4921875 0.11875000000000001
v 0.04375 1.4921875 -0.10625
v -0.04375 1.7046874999999988 0.11875000000000001
v -0.04375 1.7046874999999988 -0.10625
v -0.04375 1.4921875 0.11875000000000001
v -0.04375 1.4921875 -0.10625
v 0.043749999999999956 1.6600469344408222 0.24203481952281722
v -0.043749999999999956 1.6600469344408222 0.24203481952281722
v 0.043749999999999956 1.474328065559176 0.1454651804771828
v -0.043749999999999956 1.474328065559176 0.1454651804771828
v 0.04374999999999997 1.5176862410421437 0.33367067040390985
v -0.04374999999999997 1.5176862410421437 0.33367067040390985
v 0.04374999999999997 1.4301862410421442 0.1587909071943288
v -0.04374999999999997 1.4301862410421442 0.1587909071943288
v 0.04374999999999997 1.6584038550346847 -0.23962046203819026
v 0.04374999999999997 1.4634711449653133 -0.15412953796180978
v -0.04374999999999997 1.6584038550346847 -0.23962046203819026
v -0.04374999999999997 1.4634711449653133 -0.15412953796180978
v 0.04375 1.5546875000000004 0.11875000000000001
v 0.04375 1.5546875000000004 -0.10875000000000001
v 0.04374999999999997 1.5224576869791882 -0.176227722777086
v -0.04374999999999997 1.5224576869791882 -0.176227722777086
v -0.04375 1.5546875000000004 -0.10625
v -0.04375 1.5546875000000004 0.11875000000000001
v -0.043749999999999956 1.5314718393355058 0.16477910828630984
v -0.04374999999999997 1.4426862410421442 0.2037668598362453
v 0.04374999999999997 1.4426862410421442 0.2037668598362453
v 0.043749999999999956 1.5314718393355058 0.16477910828630984
v -0.06874999999999995 1.474328065559176 0.1454651804771828
v -0.06875 1.5546875000000004 0.11875000000000002
v -0.06874999999999995 1.5314718393355058 0.16477910828630984
v -0.06875 1.4921875 0.11875000000000002
v -0.06874999999999998 1.4301862410421442 0.1587909071943288
v -0.06874999999999998 1.4426862410421442 0.2037668598362453
v -0.06875 1.5546875000000004 -0.10625
v -0.06875 1.4921875 -0.10625
v -0.06874999999999998 1.5224576869791882 -0.176227722777086
v -0.06874999999999998 1.4634711449653133 -0.15412953796180978
v 0.06874999999999998 1.4634711449653133 -0.15412953796180978
v 0.06875 1.5546875000000004 -0.10875000000000001
v 0.06874999999999998 1.5224576869791882 -0.176227722777086
v 0.06875 1.4921875 -0.10625
v 0.06875 1.5546875000000004 0.11875000000000002
v 0.06875 1.4921875 0.11875000000000002
v 0.06874999999999995 1.5314718393355058 0.16477910828630984
v 0.06874999999999995 1.474328065559176 0.1454651804771828
v 0.06874999999999998 1.4426862410421442 0.2037668598362453
v 0.06874999999999998 1.4301862410421442 0.1587909071943288
vt 0.276721484375 0.84375
vt 0.277033984375 0.8515625
vt 0.248596484375 0.8515625
vt 0.248596484375 0.84375
vt 0.290466015625 0.9453125
vt 0.290466015625 0.953125
vt 0.262341015625 0.953125
vt 0.262341015625 0.9453125
vt 0.3984375 0.703125
vt 0.40625 0.703125
vt 0.40625 0.734375
vt 0.3984375 0.7328125
vt 0.3296875 0.9375
vt 0.3296875 0.965625
vt 0.31875 0.965625
vt 0.31875 0.9375
vt 0.525 0.6796875
vt 0.525 0.68552265625
vt 0.5140625 0.68552265625
vt 0.5140625 0.6796875
vt 0.0484375 0.6484375
vt 0.0484375 0.6563109375
vt 0.0375 0.6563109375
vt 0.0375 0.6484375
vt 0.248596484375 0.84375
vt 0.248596484375 0.8515625
vt 0.24284257812499999 0.84866015625
vt 0.245257421875 0.8415171875
vt 0.046875 0.4921875
vt 0.0546875 0.4921875
vt 0.0546875 0.5078125
vt 0.046875 0.5078125
vt 0.293805078125 0.9430796875
vt 0.296219921875 0.95022265625
vt 0.290466015625 0.953125
vt 0.290466015625 0.9453125
vt 0.5296875 0.5078125
vt 0.540625 0.5078125
vt 0.540625 0.5118296875
vt 0.5296875 0.5118296875
vt 0.245257421875 0.8415171875
vt 0.24284257812499999 0.84866015625
vt 0.237969140625 0.8375625
vt 0.243591015625 0.836
vt 0.2890625 0.546875
vt 0.296875 0.546875
vt 0.296875 0.5703125
vt 0.2890625 0.5703125
vt 0.295471484375 0.9375625
vt 0.301093359375 0.939125
vt 0.296219921875 0.95022265625
vt 0.293805078125 0.9430796875
vt 0.5140625 0.59375
vt 0.525 0.59375
vt 0.525 0.59951328125
vt 0.5140625 0.59951328125
vt 0.03125 0.4921875
vt 0.0390625 0.4921875
vt 0.0390625 0.5078125
vt 0.03125 0.5063359375
vt 0.282706640625 0.8401601562500001
vt 0.285468359375 0.84753359375
vt 0.277033984375 0.8515625
vt 0.276721484375 0.84375
vt 0.4984375 0.65625
vt 0.509375 0.65625
vt 0.509375 0.66322890625
vt 0.4984375 0.66322890625
vt 0.262341015625 0.9453125
vt 0.262341015625 0.953125
vt 0.253594140625 0.94909609375
vt 0.256355859375 0.9417226562500001
vt 0.11603437500000001 1
vt 0.11603437500000001 0.98125
vt 0.144471875 0.98125
vt 0.145721875 1
vt 0.145721875 1
vt 0.144471875 0.98125
vt 0.15290625000000002 0.97722109375
vt 0.16083046875 0.99421484375
vt 0.0375 0.6750609375000001
vt 0.0375 0.6563109375
vt 0.0484375 0.6563109375
vt 0.0484375 0.6750609375000001
vt 0.12041953125 0.95515234375
vt 0.12834375 0.93815859375
vt 0.137090625 0.9421875
vt 0.137090625 0.9609375
vt 0.137090625 0.9609375
vt 0.137090625 0.9421875
vt 0.165215625 0.9421875
vt 0.165215625 0.9609375
vt 0.165215625 0.9609375
vt 0.165215625 0.9421875
vt 0.17096953125 0.93928515625
vt 0.1806265625 0.9553578125
vt 0.1806265625 0.9553578125
vt 0.17096953125 0.93928515625
vt 0.17584296875 0.9281874999999999
vt 0.19208046875 0.9375625000000001
vt 0.09375 0.5078125
vt 0.09375 0.4921875
vt 0.1015625 0.4921875
vt 0.1015625 0.5078125
vt 0.08916953125 0.9766250000000001
vt 0.10540703125 0.9672499999999999
vt 0.11028046875 0.97834765625
vt 0.10062343750000001 0.9944203125
vt 0.10062343750000001 0.9944203125
vt 0.11028046875 0.97834765625
vt 0.11603437500000001 0.98125
vt 0.11603437500000001 1
vt 0.5390625 0.828125
vt 0.5390625 0.8203125
vt 0.546875 0.8203125
vt 0.546875 0.828125
vt 0.54375 0.5078125
vt 0.54375 0.5118296875
vt 0.540625 0.5118296875
vt 0.540625 0.5078125
vt 0.5109375 0.68552265625
vt 0.5109375 0.6796875
vt 0.5140625 0.6796875
vt 0.5140625 0.68552265625
vt 0.4921875 0.9375
vt 0.4921875 0.921875
vt 0.5 0.921875
vt 0.5 0.9375
vt 0.528125 0.59375
vt 0.528125 0.59951328125
vt 0.525 0.59951328125
vt 0.525 0.59375
vt 0.359375 0.6015625
vt 0.359375 0.5703125
vt 0.3671875 0.5703125
vt 0.3671875 0.6015625
vt 0.315625 0.965625
vt 0.315625 0.9375
vt 0.31875 0.9375
vt 0.31875 0.965625
vt 0.09375 0.453125
vt 0.09375 0.4609375
vt 0.0859375 0.4609375
vt 0.0859375 0.453125
vt 0.0515625 0.6484375
vt 0.0515625 0.6563109375
vt 0.0484375 0.6563109375
vt 0.0484375 0.6484375
vt 0.4953125 0.66322890625
vt 0.4953125 0.65625
vt 0.4984375 0.65625
vt 0.4984375 0.66322890625
vt 0.034375 0.6563109375
vt 0.034375 0.6484375
vt 0.0375 0.6484375
vt 0.0375 0.6563109375
vt 0.5390625 0.84375
vt 0.5390625 0.8359375
vt 0.546875 0.8359375
vt 0.546875 0.84375
vt 0.5125 0.65625
vt 0.5125 0.66322890625
vt 0.509375 0.66322890625
vt 0.509375 0.65625
vt 0.3828125 0.5703125
vt 0.3828125 0.6015625
vt 0.375 0.6015625
vt 0.375 0.5703125
vt 0.3328125 0.9375
vt 0.3328125 0.965625
vt 0.3296875 0.965625
vt 0.3296875 0.9375
vt 0.546875 0.8046875
vt 0.546875 0.8125
vt 0.5390625 0.8125
vt 0.5390625 0.8046875
vt 0.5265625 0.5118296875
vt 0.5265625 0.5078125
vt 0.5296875 0.5078125
vt 0.5296875 0.5118296875
vt 0.0859375 0.4921875
vt 0.0859375 0.5078125
vt 0.078125 0.5078125
vt 0.078125 0.4921875
vt 0.528125 0.6796875
vt 0.528125 0.68552265625
vt 0.525 0.68552265625
vt 0.525 0.6796875
vt 0.5109375 0.59951328125
vt 0.5109375 0.59375
vt 0.5140625 0.59375
vt 0.5140625 0.59951328125
vn 1 0 0
vn -1 0 0
vn 0 1 0
vn 0 -1 0
vn 0 -0.9634809989110744 0.2677767068609933
vn 0 -0.35082044407762325 -0.9364427457229723
vn 1 0 1.2060010132277144e-15
vn 0 0.9402586270286241 0.34046103198199773
vn -1 -3.4824809531968597e-16 1.030355429183171e-15
vn 0 -0.8313413434087495 -0.5557621530289154
vn 1 1.3596479134457276e-16 -4.022766034399568e-16
vn 0 0.541251759038583 0.8408605909053177
vn -1 2.786108002746946e-16 -7.743326819914738e-17
vn 0 -0.28900246321460127 -0.9573283534168896
vn 0 0.9447297158544653 -0.32785021577168627
vn 1 -1.3070817577889423e-16 -3.488984894727115e-16
vn 0 -0.8575827408325334 0.5143460339364542
vn -1 0 -3.96634450424234e-16
vn 1 0 0
vn 1 -2.657572873970871e-17 -3.98635931095627e-16
vn 0 -0.42261826174069833 -0.9063077870366505
vn -1 -1.5225426564992086e-16 -3.265103263633572e-16
vn -1 0 0
vn -1 0 9.045007599207856e-16
vn -1 9.030778267656948e-17 -1.5029738980518505e-16
vn 0 -0.866025403784438 0.5000000000000011
vn 1 1.2469351248434715e-16 -7.1991832999038e-17
vn 1 -4.170803700228446e-16 6.941383023201866e-16
vn 0 0.8928613404873043 0.4503316851646287
vn -3.373894821225755e-16 -0.8313413434087493 -0.5557621530289157
vn 0 -0.9634809989110744 0.2677767068609933
vn 0 0.4020653546130414 0.9156109712207959
vn 0 -0.2890024632146013 -0.9573283534168896
vn 0 1 0
vn 0 -1 0
vn 0 0.9082929356817893 -0.41833472601561233
vn 0 -0.3508204440776232 -0.9364427457229723
vn 0 -0.8575827408325335 0.5143460339364542
vn 0 -0.3508204440776232 -0.9364427457229723
vn 0 0.9023534521466035 -0.43099680671567336
vn 0 -0.8575827408325335 0.5143460339364542
vn 0 1 0
vn 0 -1 0
vn -3.3649740040610744e-16 0.8928613404873043 0.4503316851646286
vn 0 -0.8313413434087493 -0.5557621530289159
vn 0 0.4020653546130414 0.9156109712207959
vn 0 -0.9634809989110744 0.2677767068609933
vn 0 -0.2890024632146012 -0.9573283534168896
usemtl m_084e7548-2300-4378-46d0-9b20b1ffff30
f 706/2585/647 704/2586/647 707/2587/647 708/2588/647
f 696/2589/648 694/2590/648 699/2591/648 700/2592/648
f 667/2593/649 663/2594/649 664/2595/649 668/2596/649
f 666/2597/650 665/2598/650 669/2599/650 670/2600/650
f 677/2601/651 691/2602/651 690/2603/651 678/2604/651
f 682/2605/652 686/2606/652 685/2607/652 680/2608/652
f 708/2609/653 707/2610/653 709/2611/653 710/2612/653
f 672/2613/654 671/2614/654 663/2615/654 667/2616/654
f 693/2617/655 695/2618/655 694/2619/655 696/2620/655
f 673/2621/656 674/2622/656 669/2623/656 665/2624/656
f 710/2625/657 709/2626/657 711/2627/657 712/2628/657
f 676/2629/658 675/2630/658 671/2631/658 672/2632/658
f 697/2633/659 698/2634/659 695/2635/659 693/2636/659
f 677/2637/660 678/2638/660 674/2639/660 673/2640/660
f 679/2641/661 681/2642/661 668/2643/661 664/2644/661
f 703/2645/662 705/2646/662 704/2647/662 706/2648/662
f 682/2649/663 680/2650/663 666/2651/663 670/2652/663
f 700/2653/664 699/2654/664 701/2655/664 702/2656/664
f 663/2657/665 683/2658/665 684/2659/665 664/2660/665
f 664/2661/666 684/2662/666 685/2663/666 679/2664/666
f 679/2665/667 685/2666/667 686/2667/667 681/2668/667
f 681/2669/668 686/2670/668 687/2671/668 668/2672/668
f 668/2673/669 687/2674/669 688/2675/669 667/2676/669
f 667/2677/670 688/2678/670 689/2679/670 672/2680/670
f 672/2681/671 689/2682/671 690/2683/671 676/2684/671
f 676/2685/672 690/2686/672 691/2687/672 675/2688/672
f 675/2689/673 691/2690/673 692/2691/673 671/2692/673
f 671/2693/674 692/2694/674 683/2695/674 663/2696/674
f 694/2697/675 695/2698/675 689/2699/675 688/2700/675
f 693/2701/676 696/2702/676 669/2703/676 674/2704/676
f 698/2705/677 697/2706/677 678/2707/677 690/2708/677
f 695/2709/678 698/2710/678 690/2711/678 689/2712/678
f 697/2713/679 693/2714/679 674/2715/679 678/2716/679
f 699/2717/680 694/2718/680 688/2719/680 687/2720/680
f 696/2721/681 700/2722/681 670/2723/681 669/2724/681
f 701/2725/682 699/2726/682 687/2727/682 686/2728/682
f 702/2729/683 701/2730/683 686/2731/683 682/2732/683
f 700/2733/684 702/2734/684 682/2735/684 670/2736/684
f 705/2737/685 703/2738/685 680/2739/685 685/2740/685
f 704/2741/686 705/2742/686 685/2743/686 684/2744/686
f 703/2745/687 706/2746/687 666/2747/687 680/2748/687
f 707/2749/688 704/2750/688 684/2751/688 683/2752/688
f 706/2753/689 708/2754/689 665/2755/689 666/2756/689
f 709/2757/690 707/2758/690 683/2759/690 692/2760/690
f 708/2761/691 710/2762/691 673/2763/691 665/2764/691
f 711/2765/692 709/2766/692 692/2767/692 691/2768/692
f 712/2769/693 711/2770/693 691/2771/693 677/2772/693
f 710/2773/694 712/2774/694 677/2775/694 673/2776/694