# Made in Blockbench 5.1.5
mtllib BlackWingBody.mtl

o Toe
v -0.21250000000000005 0.07500000000000001 -0.22500000000000006
v -0.21250000000000005 0.1375 0.012499999999999952
v -0.21250000000000002 0.006250000000000033 -0.22500000000000003
v -0.21250000000000002 0.006250000000000033 0.01249999999999997
v -0.06250000000000004 0.07500000000000001 -0.22500000000000006
v -0.06250000000000006 0.1375 0.012499999999999952
v -0.06250000000000003 0.006250000000000033 -0.22500000000000003
v -0.06250000000000003 0.006250000000000033 0.01249999999999997
v -0.21250000000000005 0.1375 -0.08125000000000006
v -0.21250000000000002 0.006250000000000033 -0.08125000000000003
v -0.06250000000000003 0.006250000000000033 -0.08125000000000003
v -0.06250000000000006 0.1375 -0.08125000000000006
vt 0.17265625 0.70234375
vt 0.190625 0.70234375
vt 0.190625 0.71875
vt 0.17265625 0.7109375
vt 0.31953125 0.9921875
vt 0.3015625 1
vt 0.3015625 0.98359375
vt 0.31953125 0.98359375
vt 0.28125 0.671875
vt 0.28125 0.6953125
vt 0.265625 0.6953125
vt 0.265625 0.671875
vt 0.23671875 0.740625
vt 0.23671875 0.72265625
vt 0.25546875 0.72265625
vt 0.25546875 0.740625
vt 0.4609375 0.78125
vt 0.4609375 0.7890625
vt 0.4453125 0.7890625
vt 0.4453125 0.78125
vt 0.1171875 0.96875
vt 0.1015625 0.96875
vt 0.1015625 0.953125
vt 0.1171875 0.953125
vt 0.20234375 0.71875
vt 0.190625 0.71875
vt 0.190625 0.70234375
vt 0.20234375 0.70234375
vt 0.25546875 0.7109375
vt 0.25546875 0.72265625
vt 0.23671875 0.72265625
vt 0.23671875 0.7109375
vt 0.28984375 0.98359375
vt 0.3015625 0.98359375
vt 0.3015625 1
vt 0.28984375 1
vt 0.3515625 0.875
vt 0.3515625 0.859375
vt 0.3671875 0.859375
vt 0.3671875 0.875
vn -1 -1.2246467991473532e-16 1.4997597826618576e-32
vn 1 1.2246467991473532e-16 -1.4997597826618576e-32
vn -1.1230869089844074e-16 0.917070056253235 -0.39872611141445014
vn 1.2246467991473532e-16 -1 1.2246467991473532e-16
vn 0 -1.2246467991473532e-16 -1
vn 0 1.2246467991473532e-16 1
vn -1 -1.2246467991473532e-16 1.4997597826618576e-32
vn 1.2246467991473532e-16 -1 1.2246467991473532e-16
vn 1 1.2246467991473532e-16 -1.4997597826618576e-32
vn -1.2246467991473532e-16 1 -1.2246467991473532e-16
usemtl m_7ecca7f4-36ac-79de-f5df-1a8ab898bcc7
f 3/1/1 10/2/1 9/3/1 1/4/1
f 5/5/2 12/6/2 11/7/2 7/8/2
f 1/9/3 9/10/3 12/11/3 5/12/3
f 7/13/4 11/14/4 10/15/4 3/16/4
f 3/17/5 1/18/5 5/19/5 7/20/5
f 6/21/6 2/22/6 4/23/6 8/24/6
f 2/25/7 9/26/7 10/27/7 4/28/7
f 4/29/8 10/30/8 11/31/8 8/32/8
f 8/33/9 11/34/9 12/35/9 6/36/9
f 6/37/10 12/38/10 9/39/10 2/40/10
o Shin
v -0.05000000000000008 0.37500000000000006 0.05416687499999993
v -0.2250000000000001 0.37500000000000006 -0.10000000000000009
v -0.2250000000000001 0.37500000000000006 0.10624999999999991
v -0.26250000000000007 0.13854187499999998 -0.11250000000000006
v -0.26250000000000007 0.13854187499999998 0.16874999999999996
v -0.05000000000000008 0.37500000000000006 -0.10000000000000009
v -0.05000000000000008 0.37500000000000006 0.10624999999999991
v -0.012500000000000051 0.13854187500000004 -0.11250000000000006
v -0.012500000000000051 0.13854187500000004 0.16874999999999996
v -0.22013875000000005 0.13854187500000004 -0.11250000000000006
v -0.21388875000000004 0.13854187500000004 0.16874999999999996
v -0.05486125000000005 0.13854187500000004 -0.11250000000000006
v -0.06111125000000005 0.13854187500000004 0.16874999999999996
v -0.19097250000000007 0.37500000000000006 0.10624999999999991
v -0.08402750000000009 0.37500000000000006 0.10624999999999991
v -0.19097250000000007 0.37500000000000006 -0.10000000000000009
v -0.08402750000000009 0.37500000000000006 -0.10000000000000009
v -0.2250000000000001 0.37500000000000006 0.03749999999999992
v -0.26250000000000007 0.13854187499999998 0.05670749999999995
v -0.2250000000000001 0.37500000000000006 -0.02291687500000008
v -0.26250000000000007 0.13854187499999998 -0.02789625000000005
v -0.22013875000000005 0.13854187500000004 0.01585374999999995
v -0.05486125000000005 0.13854187500000004 0.01585374999999995
v -0.012500000000000051 0.13854187500000004 0.05670749999999995
v -0.012500000000000051 0.13854187500000004 -0.02789625000000005
v -0.05000000000000008 0.37500000000000006 -0.02291687500000008
v -0.08402750000000009 0.37500000000000006 0.05416687499999993
v -0.08402750000000009 0.37500000000000006 -0.02291687500000008
v -0.19097250000000007 0.37500000000000006 0.05416687499999993
v -0.19097250000000007 0.37500000000000006 -0.02291687500000008
v -0.22013875000000002 0.006250000000000033 -0.11250000000000003
v -0.26250000000000007 0.006249999999999978 -0.027896250000000036
v -0.22013875000000002 0.006250000000000033 0.015853749999999965
v -0.26250000000000007 0.006249999999999978 -0.11250000000000003
v -0.26250000000000007 0.006249999999999978 0.056707499999999966
v -0.21388875000000002 0.006250000000000033 0.056707499999999966
v -0.26250000000000007 0.006249999999999978 0.16874999999999998
v -0.21388875000000002 0.006250000000000033 0.16874999999999998
v -0.061111250000000034 0.006250000000000033 0.056707499999999966
v -0.061111250000000034 0.006250000000000033 0.16874999999999998
v -0.054861250000000035 0.006250000000000033 0.015853749999999965
v -0.012500000000000034 0.006250000000000033 -0.027896250000000036
v -0.012500000000000034 0.006250000000000033 0.056707499999999966
v -0.012500000000000034 0.006250000000000033 0.16874999999999998
v -0.012500000000000034 0.006250000000000033 -0.11250000000000003
v -0.054861250000000035 0.006250000000000033 -0.11250000000000003
v -0.24925812500000005 0.17826687499999994 0.15824999999999995
v -0.21698062500000007 0.178266875 0.15824999999999995
v -0.20176375000000007 0.33461500000000005 0.11674999999999994
v -0.22435812500000007 0.33461500000000005 0.11674999999999994
v -0.05064187500000008 0.33461500000000005 0.11674999999999994
v -0.058019375000000054 0.178266875 0.15824999999999995
v -0.07323625000000007 0.33461500000000005 0.11674999999999994
v -0.025741875000000056 0.178266875 0.15824999999999995
v -0.23311937500000005 0.16444687499999994 0.21304749999999995
v -0.2130612500000001 0.33461500000000005 0.12779749999999993
v -0.06193875000000008 0.33461500000000005 0.12779749999999993
v -0.04188062500000005 0.164446875 0.21304749999999995
vt 0.103515625 0.8685109375
vt 0.11409140625 0.8685109375
vt 0.11471328125 0.8984375
vt 0.105078125 0.8984375
vt 0.035546875 0.890625
vt 0.02591171875 0.890625
vt 0.02653359375 0.8606984375
vt 0.037109375 0.8606984375
vt 0.255034375 0.80234375
vt 0.255034375 0.81197890625
vt 0.25078125 0.81197890625
vt 0.25078125 0.80234375
vt 0.17578125 0.99609375
vt 0.17578125 0.98551796875
vt 0.1810765625 0.98004921875
vt 0.1810765625 0.99609375
vt 0.1484375 0.8766515625
vt 0.1537328125 0.8766515625
vt 0.157378125 0.90625
vt 0.153125 0.90625
vt 0.2017359375 0.99609375
vt 0.2017359375 0.98004921875
vt 0.20703125 0.98551796875
vt 0.20703125 0.99609375
vt 0.1015625 0.6875
vt 0.1015625 0.671875
vt 0.125 0.671875
vt 0.125 0.6875
vt 0.0529515625 0.83661421875
vt 0.0720484375 0.83661421875
vt 0.069184375 0.867186875
vt 0.055815625 0.867186875
vt 0.27265625 0.80234375
vt 0.27265625 0.81197890625
vt 0.268403125 0.81197890625
vt 0.268403125 0.80234375
vt 0.268403125 0.80234375
vt 0.268403125 0.81197890625
vt 0.255034375 0.81197890625
vt 0.255034375 0.80234375
vt 0.175 0.90625
vt 0.170746875 0.90625
vt 0.1743921875 0.8766515625
vt 0.1796875 0.8766515625
vt 0.170746875 0.90625
vt 0.157378125 0.90625
vt 0.1537328125 0.8766515625
vt 0.1743921875 0.8766515625
vt 0.130859375 0.8984375
vt 0.122265625 0.8984375
vt 0.12466640625 0.8685109375
vt 0.138671875 0.8685109375
vt 0.122265625 0.8984375
vt 0.11471328125 0.8984375
vt 0.11409140625 0.8685109375
vt 0.12466640625 0.8685109375
vt 0.20703125 0.9609375
vt 0.20703125 0.97494296875
vt 0.2009546875 0.97494296875
vt 0.2009546875 0.9609375
vt 0.20703125 0.97494296875
vt 0.20703125 0.98551796875
vt 0.2017359375 0.98004921875
vt 0.2009546875 0.97494296875
vt 0.2009546875 0.9609375
vt 0.2009546875 0.97494296875
vt 0.1818578125 0.97494296875
vt 0.1818578125 0.9609375
vt 0.2009546875 0.97494296875
vt 0.2017359375 0.98004921875
vt 0.1810765625 0.98004921875
vt 0.1818578125 0.97494296875
vt 0.1818578125 0.9609375
vt 0.1818578125 0.97494296875
vt 0.17578125 0.97494296875
vt 0.17578125 0.9609375
vt 0.1818578125 0.97494296875
vt 0.1810765625 0.98004921875
vt 0.17578125 0.98551796875
vt 0.17578125 0.97494296875
vt 0.001953125 0.8606984375
vt 0.01595859375 0.8606984375
vt 0.01627578125 0.890625
vt 0.009765625 0.890625
vt 0.01595859375 0.8606984375
vt 0.02653359375 0.8606984375
vt 0.02591171875 0.890625
vt 0.01627578125 0.890625
vt 0.25078125 0.828125
vt 0.25078125 0.8216148437499999
vt 0.255034375 0.8216148437499999
vt 0.255034375 0.828125
vt 0.25078125 0.8216148437499999
vt 0.25078125 0.81197890625
vt 0.255034375 0.81197890625
vt 0.255034375 0.8216148437499999
vt 0.255034375 0.828125
vt 0.255034375 0.8216148437499999
vt 0.268403125 0.8216148437499999
vt 0.268403125 0.828125
vt 0.255034375 0.8216148437499999
vt 0.255034375 0.81197890625
vt 0.268403125 0.81197890625
vt 0.268403125 0.8216148437499999
vt 0.268403125 0.828125
vt 0.268403125 0.8216148437499999
vt 0.27265625 0.81953125
vt 0.27265625 0.828125
vt 0.268403125 0.8216148437499999
vt 0.268403125 0.81197890625
vt 0.27265625 0.81197890625
vt 0.27265625 0.81953125
vt 0.3515625 0.8359375
vt 0.3671875 0.8359375
vt 0.3671875 0.8515625
vt 0.3515625 0.8515625
vt 0.103515625 0.85197421875
vt 0.11409140625 0.85197421875
vt 0.11409140625 0.8685109375
vt 0.103515625 0.8685109375
vt 0.1743921875 0.86011484375
vt 0.1796875 0.86011484375
vt 0.1796875 0.8766515625
vt 0.1743921875 0.8766515625
vt 0.11409140625 0.85197421875
vt 0.12466640625 0.85197421875
vt 0.12466640625 0.8685109375
vt 0.11409140625 0.8685109375
vt 0.12466640625 0.85197421875
vt 0.138671875 0.85197421875
vt 0.138671875 0.8685109375
vt 0.12466640625 0.8685109375
vt 0.046875 0.8200775
vt 0.0529515625 0.8200775
vt 0.0529515625 0.83661421875
vt 0.046875 0.83661421875
vt 0.0529515625 0.8200775
vt 0.0720484375 0.8200775
vt 0.0720484375 0.83661421875
vt 0.0529515625 0.83661421875
vt 0.3203125 0.875
vt 0.34375 0.875
vt 0.34375 0.890625
vt 0.3203125 0.890625
vt 0.01595859375 0.84416171875
vt 0.02653359375 0.84416171875
vt 0.02653359375 0.8606984375
vt 0.01595859375 0.8606984375
vt 0.001953125 0.84416171875
vt 0.01595859375 0.84416171875
vt 0.01595859375 0.8606984375
vt 0.001953125 0.8606984375
vt 0.0720484375 0.8200775
vt 0.078125 0.8200775
vt 0.078125 0.83661421875
vt 0.0720484375 0.83661421875
vt 0.02653359375 0.84416171875
vt 0.037109375 0.84416171875
vt 0.037109375 0.8606984375
vt 0.02653359375 0.8606984375
vt 0.3515625 0.640625
vt 0.3671875 0.640625
vt 0.3671875 0.65625
vt 0.3515625 0.65625
vt 0.1484375 0.86011484375
vt 0.1537328125 0.86011484375
vt 0.1537328125 0.8766515625
vt 0.1484375 0.8766515625
vt 0.05256484375 0.8417509375
vt 0.04853046875 0.8417509375
vt 0.046875 0.83661421875
vt 0.0529515625 0.83661421875
vt 0.0544625 0.8619715625
vt 0.05256484375 0.8417509375
vt 0.052951484375 0.836614921875
vt 0.055810859375 0.86718734375
vt 0.05163828125 0.8619715625
vt 0.0544625 0.8619715625
vt 0.055810859375 0.867187265625
vt 0.051557734375 0.8671871875
vt 0.04853046875 0.8417509375
vt 0.051646953125 0.86197078125
vt 0.051567734375 0.86718671875
vt 0.046875390625 0.836615390625
vt 0.070533984375 0.86197140625
vt 0.073358203125 0.86197171875
vt 0.073438046875 0.86718734375
vt 0.069184921875 0.867186953125
vt 0.0703125 0.61499578125
vt 0.0703125 0.6353051562500001
vt 0.062510234375 0.640625
vt 0.0625 0.60991828125
vt 0.07646953125 0.8417509375
vt 0.07243515625 0.8417509375
vt 0.0720484375 0.83661421875
vt 0.078125 0.83661421875
vt 0.073358203125 0.86197171875
vt 0.07646953125 0.8417509375
vt 0.0781246875 0.8366153125
vt 0.073438046875 0.8671875
vt 0.51953125 0.9140625
vt 0.5215484375 0.9211265625
vt 0.5175140625 0.9211265625
vt 0.460175 0.8984375
vt 0.4362515625 0.8984375
vt 0.44105078125 0.892874609375
vt 0.4609375 0.89688375
vt 0.339844140625 0.4765625
vt 0.338431640625 0.47518125
vt 0.341255859375 0.47518125
vt 0.234375 0.5927971875
vt 0.234375 0.6167203906250001
vt 0.229991640625 0.6171875
vt 0.2265625 0.597172890625
vt 0.371093359375 0.4765625
vt 0.369681640625 0.47518125
vt 0.372505859375 0.47518125
vt 0.0078125 0.5925015625000001
vt 0.0078125 0.616424140625
vt 0.0029234375 0.6171875
vt 0 0.5972999999999999
vt 0.09765625 0.4765625
vt 0.0996734375 0.4836265625
vt 0.0956390625 0.4836265625
vt 0.452658125 0.5859375
vt 0.42873515625 0.5859375
vt 0.433110703125 0.5800363281250001
vt 0.453125 0.5841982031249999
vn -0.9876568835806939 0.15663294773345598 -1.9182003808279153e-17
vn 0.987656883580694 0.1566329477334562 -1.9182003808279183e-17
vn -1.2246467991473532e-16 1 -1.2246467991473532e-16
vn 1.2246467991473532e-16 -1 1.2246467991473532e-16
vn -6.464882578353379e-18 0.0527897723886958 -0.998605647856625
vn 1.2246467991473532e-16 -1 1.2246467991473532e-16
vn 1.2246467991473532e-16 -1 1.2246467991473532e-16
vn -3.12948159958037e-17 0.25554156527083877 0.966798070136122
vn -1.2246467991473532e-16 1 -1.2246467991473532e-16
vn -1.2246467991473532e-16 1 -1.2246467991473532e-16
vn -6.464882578353379e-18 0.0527897723886958 -0.9986056478566251
vn -6.464882578353379e-18 0.0527897723886958 -0.9986056478566251
vn -0.9876568835806941 0.15663294773345598 -1.9182003808279153e-17
vn -0.9876568835806941 0.15663294773345598 -1.9182003808279153e-17
vn 1.2246467991473532e-16 -1 1.2246467991473532e-16
vn 1.2246467991473532e-16 -1 1.2246467991473532e-16
vn 1.2246467991473532e-16 -1 1.2246467991473532e-16
vn 1.2246467991473532e-16 -1 1.2246467991473532e-16
vn 1.2246467991473532e-16 -1 1.2246467991473532e-16
vn 1.2246467991473532e-16 -1 1.2246467991473532e-16
vn 0.9876568835806939 0.1566329477334562 -1.9182003808279183e-17
vn 0.9876568835806939 0.1566329477334562 -1.9182003808279183e-17
vn -1.2246467991473532e-16 1 -1.2246467991473532e-16
vn -1.2246467991473532e-16 1 -1.2246467991473532e-16
vn -1.2246467991473532e-16 1 -1.2246467991473532e-16
vn -1.2246467991473532e-16 1 -1.2246467991473532e-16
vn -1.2246467991473532e-16 1 -1.2246467991473532e-16
vn -1.2246467991473532e-16 1 -1.2246467991473532e-16
vn 1 1.2246467991473532e-16 -1.4997597826618576e-32
vn -1 -1.2246467991473532e-16 1.4997597826618576e-32
vn 0 -1.2246467991473532e-16 -1
vn -1 -1.2246467991473532e-16 1.4997597826618576e-32
vn -1 -1.2246467991473532e-16 1.4997597826618576e-32
vn 0 1.2246467991473532e-16 1
vn 0 1.2246467991473532e-16 1
vn 0 -1.2246467991473532e-16 -1
vn 1 1.2246467991473532e-16 -1.4997597826618576e-32
vn 1 1.2246467991473532e-16 -1.4997597826618576e-32
vn 0 1.2246467991473532e-16 1
vn 1 1.2246467991473532e-16 -1.4997597826618576e-32
vn -1 -1.2246467991473532e-16 1.4997597826618576e-32
vn 0 -1.2246467991473532e-16 -1
vn -3.1294790223803444e-17 0.2555413548264864 0.9667981257602043
vn 0.006159648646202071 0.2559845905041421 0.9666612375351472
vn -3.0815984209847023e-17 0.2516316070176505 0.9678230904197909
vn 0.030018599980298842 0.25196508243064003 0.9672706347713362
vn -3.0815984209847023e-17 0.2516316070176505 0.9678230904197909
vn 0.03088766553592741 0.25923438830594053 0.9653204048591254
vn -3.129479022380344e-17 0.2555413548264863 0.9667981257602043
vn 0.006195347815388625 0.2574662326737467 0.9662674353915869
vn 1.1874643134575601e-16 -0.9696381963226613 -0.24454400060548698
vn 0.9565055328605536 0.03248688252848819 0.2898995827363829
vn -1.2246467991473532e-16 1 -1.2246467991473532e-16
vn -0.6398236652953208 0.403188746421409 0.6542663922953663
vn -1.2246467991473532e-16 1 -1.2246467991473532e-16
vn -0.6739925205171606 0.26584932965073665 0.689244670789103
vn 1.1874643134575601e-16 -0.9696381963226613 -0.24454400060548698
vn 0.9016560071200951 0.27392491988646434 0.3346364939594026
usemtl m_7ecca7f4-36ac-79de-f5df-1a8ab898bcc7
f 16/41/11 33/42/11 32/43/11 14/44/11
f 18/45/12 38/46/12 37/47/12 20/48/12
f 29/49/13 40/50/13 38/51/13 18/52/13
f 57/53/14 54/54/14 53/55/14 58/56/14
f 20/57/15 24/58/15 29/59/15 18/60/15
f 43/61/16 45/62/16 44/63/16 46/64/16
f 24/65/17 35/66/17 34/67/17 22/68/17
f 23/69/18 25/70/18 27/71/18 26/72/18
f 14/73/19 32/74/19 42/75/19 28/76/19
f 28/77/20 42/78/20 40/79/20 29/80/20
f 14/81/21 28/82/21 22/83/21 16/84/21
f 28/85/22 29/86/22 24/87/22 22/88/22
f 15/89/23 30/90/23 31/91/23 17/92/23
f 30/93/24 32/94/24 33/95/24 31/96/24
f 49/97/25 47/98/25 48/99/25 50/100/25
f 47/101/26 44/102/26 45/103/26 48/104/26
f 50/105/27 48/106/27 51/107/27 52/108/27
f 48/109/28 45/110/28 53/111/28 51/112/28
f 52/113/29 51/114/29 55/115/29 56/116/29
f 51/117/30 53/118/30 54/119/30 55/120/30
f 21/121/31 36/122/31 13/123/31 19/124/31
f 36/125/32 37/126/32 38/127/32 13/128/32
f 19/129/33 13/130/33 39/131/33 27/132/33
f 13/133/34 38/134/34 40/135/34 39/136/34
f 27/137/35 39/138/35 41/139/35 26/140/35
f 39/141/36 40/142/36 42/143/36 41/144/36
f 26/145/37 41/146/37 30/147/37 15/148/37
f 41/149/38 42/150/38 32/151/38 30/152/38
f 45/153/39 43/154/39 22/155/39 34/156/39
f 46/157/40 44/158/40 33/159/40 16/160/40
f 43/161/41 46/162/41 16/163/41 22/164/41
f 44/165/42 47/166/42 31/167/42 33/168/42
f 47/169/43 49/170/43 17/171/43 31/172/43
f 49/173/44 50/174/44 23/175/44 17/176/44
f 50/177/45 52/178/45 25/179/45 23/180/45
f 53/181/46 45/182/46 34/183/46 35/184/46
f 55/185/47 54/186/47 37/187/47 36/188/47
f 56/189/48 55/190/48 36/191/48 21/192/48
f 52/193/49 56/194/49 21/195/49 25/196/49
f 54/197/50 57/198/50 20/199/50 37/200/50
f 58/201/51 53/202/51 35/203/51 24/204/51
f 57/205/52 58/206/52 24/207/52 20/208/52
f 60/209/53 59/210/53 17/211/53 23/212/53
f 61/213/54 60/214/54 23/215/54 26/216/54
f 62/217/55 61/218/55 26/219/55 15/220/55
f 59/221/56 62/222/56 15/223/56 17/224/56
f 65/225/57 63/226/57 19/227/57 27/228/57
f 64/229/58 65/230/58 27/231/58 25/232/58
f 66/233/59 64/234/59 25/235/59 21/236/59
f 63/237/60 66/238/60 21/239/60 19/240/60
f 67/241/61 59/242/61 60/243/61
f 68/244/62 67/245/62 60/246/62 61/247/62
f 68/248/63 61/249/63 62/250/63
f 67/251/64 68/252/64 62/253/64 59/254/64
f 69/255/65 63/256/65 65/257/65
f 70/258/66 69/259/66 65/260/66 64/261/66
f 70/262/67 64/263/67 66/264/67
f 69/265/68 70/266/68 66/267/68 63/268/68
o Thigh
v -0.2187500000000001 0.70625 -0.09000000000000012
v -0.2187500000000001 0.70625 0.08999999999999987
v -0.21250000000000008 0.3812500000000001 -0.09000000000000008
v -0.21250000000000008 0.3812500000000001 0.08999999999999991
v -0.05625000000000011 0.6612500000000001 -0.09000000000000011
v -0.05625000000000011 0.6612500000000001 0.08999999999999989
v -0.05625000000000008 0.3812500000000001 -0.09000000000000008
v -0.05625000000000008 0.3812500000000001 0.08999999999999991
v -0.2687500000000001 0.5697500000000001 -0.1125000000000001
v -0.2687500000000001 0.5697500000000001 0.1124999999999999
v -0.056250000000000105 0.5697500000000001 0.1124999999999999
v -0.056250000000000105 0.5697500000000001 -0.1125000000000001
v -0.13750000000000012 0.5697500000000001 -0.1125000000000001
v -0.13750000000000012 0.7087500000000001 -0.09000000000000012
v -0.13750000000000012 0.7087500000000001 0.08999999999999987
v -0.13750000000000012 0.5697500000000001 0.1124999999999999
v -0.1375000000000001 0.3812500000000001 0.08999999999999991
v -0.1375000000000001 0.3812500000000001 -0.09000000000000008
vt 0.2378125 0.765625
vt 0.240625 0.7890625
vt 0.2125 0.7890625
vt 0.2153125 0.765625
vt 0.19875 0.793125
vt 0.2015625 0.8166875
vt 0.1734375 0.8166875
vt 0.17625 0.793125
vt 0.4140625 0.7109375
vt 0.4140625 0.71875
vt 0.390625 0.71875
vt 0.390625 0.7109375
vt 0.255859375 0.7021875
vt 0.246484375 0.7021875
vt 0.246484375 0.6796875
vt 0.255859375 0.6796875
vt 0.18515625 0.7737296875
vt 0.16875 0.7737296875
vt 0.16875 0.75
vt 0.178125 0.75
vt 0.228125 0.96875
vt 0.2375 0.96875
vt 0.2375 0.9924796875
vt 0.22109375 0.9924796875
vt 0.285625 0.8125
vt 0.2828125 0.796875
vt 0.3109375 0.796875
vt 0.308125 0.8125
vt 0.29919671875 0.72458671875
vt 0.31560296875 0.72458671875
vt 0.31560296875 0.7421875
vt 0.30544671875 0.7418796875
vt 0.17625 0.828125
vt 0.1734375 0.8166875
vt 0.2015625 0.8166875
vt 0.19875 0.828125
vt 0.319531484375 0.7106292187500001
vt 0.309375 0.7109375
vt 0.309375 0.69333671875
vt 0.32578125 0.6933365625
vt 0.29921875 0.69333671875
vt 0.309375 0.69333671875
vt 0.309375 0.7109375
vt 0.29921875 0.7050765625
vt 0.34375 0.8515625
vt 0.34375 0.8671875
vt 0.3203125 0.8671875
vt 0.3203125 0.8515625
vt 0.32580328125 0.7363262500000001
vt 0.31560296875 0.7421875
vt 0.31560296875 0.72458625
vt 0.325715078125 0.7245860937499999
vt 0.24765625 0.9924796875
vt 0.2375 0.9924796875
vt 0.2375 0.96875
vt 0.24765625 0.96875
vt 0.236328125 0.6796875
vt 0.246484375 0.6796875
vt 0.246484375 0.7021875
vt 0.236328125 0.7021875
vt 0.15859375 0.75
vt 0.16875 0.75
vt 0.16875 0.7737296875
vt 0.15859375 0.7737296875
vn -0.9582450041664715 -0.2859484428878729 3.5018584530380326e-17
vn 1 1.2246467991473532e-16 -1.4997597826618576e-32
vn -0.030754675786974797 0.9995269630766537 -1.2240674959932985e-16
vn 1.2246467991473532e-16 -1 1.2246467991473532e-16
vn 1.451476526097007e-17 -0.11852205281617387 -0.9929514202599441
vn 1.4514765260970067e-17 -0.11852205281617359 0.9929514202599441
vn -0.9389874363505114 0.3439514418866341 -4.212190323685834e-17
vn -1.9568706904530695e-17 0.15979061814520892 0.9871509298748454
vn 1 1.2246467991473532e-16 -1.4997597826618576e-32
vn -0.004916574979921313 0.15978868684743822 -0.9871389987463967
vn -1.95687069045307e-17 0.15979061814520876 -0.9871509298748457
vn 0.5046965873311554 0.8632967941190823 -1.0572336556321058e-16
vn 0.09301110178732779 0.15909793726779775 0.9828717013432829
vn 1.451476526097007e-17 -0.11852205281617362 0.9929514202599441
vn 1.2246467991473532e-16 -1 1.2246467991473532e-16
vn 1.451476526097007e-17 -0.11852205281617387 -0.9929514202599441
usemtl m_7ecca7f4-36ac-79de-f5df-1a8ab898bcc7
f 74/269/69 80/270/69 79/271/69 73/272/69
f 77/273/70 82/274/70 81/275/70 78/276/70
f 72/277/71 85/278/71 84/279/71 71/280/71
f 73/281/72 88/282/72 87/283/72 74/284/72
f 79/285/73 83/286/73 88/287/73 73/288/73
f 74/289/74 87/290/74 86/291/74 80/292/74
f 71/293/75 79/294/75 80/295/75 72/296/75
f 80/297/76 86/298/76 85/299/76 72/300/76
f 76/301/77 81/302/77 82/303/77 75/304/77
f 71/305/78 84/306/78 83/307/78 79/308/78
f 82/309/79 83/310/79 84/311/79 75/312/79
f 75/313/80 84/314/80 85/315/80 76/316/80
f 76/317/81 85/318/81 86/319/81 81/320/81
f 81/321/82 86/322/82 87/323/82 78/324/82
f 78/325/83 87/326/83 88/327/83 77/328/83
f 77/329/84 88/330/84 83/331/84 82/332/84
o Toe
v 0.21250000000000005 0.07500000000000001 -0.22500000000000006
v 0.21250000000000005 0.1375 0.012499999999999952
v 0.21250000000000002 0.006250000000000033 -0.22500000000000003
v 0.21250000000000002 0.006250000000000033 0.01249999999999997
v 0.06250000000000004 0.07500000000000001 -0.22500000000000006
v 0.06250000000000006 0.1375 0.012499999999999952
v 0.06250000000000003 0.006250000000000033 -0.22500000000000003
v 0.06250000000000003 0.006250000000000033 0.01249999999999997
v 0.21250000000000005 0.1375 -0.08125000000000006
v 0.21250000000000002 0.006250000000000033 -0.08125000000000003
v 0.06250000000000003 0.006250000000000033 -0.08125000000000003
v 0.06250000000000006 0.1375 -0.08125000000000006
vt 0.190625 0.71875
vt 0.190625 0.70234375
vt 0.17265625 0.70234375
vt 0.17265625 0.7109375
vt 0.3015625 0.98359375
vt 0.3015625 1
vt 0.31953125 0.9921875
vt 0.31953125 0.98359375
vt 0.265625 0.6953125
vt 0.28125 0.6953125
vt 0.28125 0.671875
vt 0.265625 0.671875
vt 0.25546875 0.72265625
vt 0.23671875 0.72265625
vt 0.23671875 0.740625
vt 0.25546875 0.740625
vt 0.4453125 0.7890625
vt 0.4609375 0.7890625
vt 0.4609375 0.78125
vt 0.4453125 0.78125
vt 0.1015625 0.953125
vt 0.1015625 0.96875
vt 0.1171875 0.96875
vt 0.1171875 0.953125
vt 0.190625 0.70234375
vt 0.190625 0.71875
vt 0.20234375 0.71875
vt 0.20234375 0.70234375
vt 0.23671875 0.72265625
vt 0.25546875 0.72265625
vt 0.25546875 0.7109375
vt 0.23671875 0.7109375
vt 0.3015625 1
vt 0.3015625 0.98359375
vt 0.28984375 0.98359375
vt 0.28984375 1
vt 0.3671875 0.859375
vt 0.3515625 0.859375
vt 0.3515625 0.875
vt 0.3671875 0.875
vn 1 -1.2246467991473532e-16 1.4997597826618576e-32
vn -1 1.2246467991473532e-16 -1.4997597826618576e-32
vn 1.1230869089844074e-16 0.917070056253235 -0.39872611141445014
vn -1.2246467991473532e-16 -1 1.2246467991473532e-16
vn 0 -1.2246467991473532e-16 -1
vn 0 1.2246467991473532e-16 1
vn 1 -1.2246467991473532e-16 1.4997597826618576e-32
vn -1.2246467991473532e-16 -1 1.2246467991473532e-16
vn -1 1.2246467991473532e-16 -1.4997597826618576e-32
vn 1.2246467991473532e-16 1 -1.2246467991473532e-16
usemtl m_7ecca7f4-36ac-79de-f5df-1a8ab898bcc7
f 97/333/85 98/334/85 91/335/85 89/336/85
f 99/337/86 100/338/86 93/339/86 95/340/86
f 100/341/87 97/342/87 89/343/87 93/344/87
f 98/345/88 99/346/88 95/347/88 91/348/88
f 93/349/89 89/350/89 91/351/89 95/352/89
f 92/353/90 90/354/90 94/355/90 96/356/90
f 98/357/91 97/358/91 90/359/91 92/360/91
f 99/361/92 98/362/92 92/363/92 96/364/92
f 100/365/93 99/366/93 96/367/93 94/368/93
f 97/369/94 100/370/94 94/371/94 90/372/94
o Shin
v 0.05000000000000008 0.37500000000000006 0.05416687499999993
v 0.2250000000000001 0.37500000000000006 -0.10000000000000009
v 0.2250000000000001 0.37500000000000006 0.10624999999999991
v 0.26250000000000007 0.13854187499999998 -0.11250000000000006
v 0.26250000000000007 0.13854187499999998 0.16874999999999996
v 0.05000000000000008 0.37500000000000006 -0.10000000000000009
v 0.05000000000000008 0.37500000000000006 0.10624999999999991
v 0.012500000000000051 0.13854187500000004 -0.11250000000000006
v 0.012500000000000051 0.13854187500000004 0.16874999999999996
v 0.22013875000000005 0.13854187500000004 -0.11250000000000006
v 0.21388875000000004 0.13854187500000004 0.16874999999999996
v 0.05486125000000005 0.13854187500000004 -0.11250000000000006
v 0.06111125000000005 0.13854187500000004 0.16874999999999996
v 0.19097250000000007 0.37500000000000006 0.10624999999999991
v 0.08402750000000009 0.37500000000000006 0.10624999999999991
v 0.19097250000000007 0.37500000000000006 -0.10000000000000009
v 0.08402750000000009 0.37500000000000006 -0.10000000000000009
v 0.2250000000000001 0.37500000000000006 0.03749999999999992
v 0.26250000000000007 0.13854187499999998 0.05670749999999995
v 0.2250000000000001 0.37500000000000006 -0.02291687500000008
v 0.26250000000000007 0.13854187499999998 -0.02789625000000005
v 0.22013875000000005 0.13854187500000004 0.01585374999999995
v 0.05486125000000005 0.13854187500000004 0.01585374999999995
v 0.012500000000000051 0.13854187500000004 0.05670749999999995
v 0.012500000000000051 0.13854187500000004 -0.02789625000000005
v 0.05000000000000008 0.37500000000000006 -0.02291687500000008
v 0.08402750000000009 0.37500000000000006 0.05416687499999993
v 0.08402750000000009 0.37500000000000006 -0.02291687500000008
v 0.19097250000000007 0.37500000000000006 0.05416687499999993
v 0.19097250000000007 0.37500000000000006 -0.02291687500000008
v 0.22013875000000002 0.006250000000000033 -0.11250000000000003
v 0.26250000000000007 0.006249999999999978 -0.027896250000000036
v 0.22013875000000002 0.006250000000000033 0.015853749999999965
v 0.26250000000000007 0.006249999999999978 -0.11250000000000003
v 0.26250000000000007 0.006249999999999978 0.056707499999999966
v 0.21388875000000002 0.006250000000000033 0.056707499999999966
v 0.26250000000000007 0.006249999999999978 0.16874999999999998
v 0.21388875000000002 0.006250000000000033 0.16874999999999998
v 0.061111250000000034 0.006250000000000033 0.056707499999999966
v 0.061111250000000034 0.006250000000000033 0.16874999999999998
v 0.054861250000000035 0.006250000000000033 0.015853749999999965
v 0.012500000000000034 0.006250000000000033 -0.027896250000000036
v 0.012500000000000034 0.006250000000000033 0.056707499999999966
v 0.012500000000000034 0.006250000000000033 0.16874999999999998
v 0.012500000000000034 0.006250000000000033 -0.11250000000000003
v 0.054861250000000035 0.006250000000000033 -0.11250000000000003
v 0.24925812500000005 0.17826687499999994 0.15824999999999995
v 0.21698062500000007 0.178266875 0.15824999999999995
v 0.20176375000000007 0.33461500000000005 0.11674999999999994
v 0.22435812500000007 0.33461500000000005 0.11674999999999994
v 0.05064187500000008 0.33461500000000005 0.11674999999999994
v 0.058019375000000054 0.178266875 0.15824999999999995
v 0.07323625000000007 0.33461500000000005 0.11674999999999994
v 0.025741875000000056 0.178266875 0.15824999999999995
v 0.23311937500000005 0.16444687499999994 0.21304749999999995
v 0.2130612500000001 0.33461500000000005 0.12779749999999993
v 0.06193875000000008 0.33461500000000005 0.12779749999999993
v 0.04188062500000005 0.164446875 0.21304749999999995
vt 0.11471328125 0.8984375
vt 0.11409140625 0.8685109375
vt 0.103515625 0.8685109375
vt 0.105078125 0.8984375
vt 0.02653359375 0.8606984375
vt 0.02591171875 0.890625
vt 0.035546875 0.890625
vt 0.037109375 0.8606984375
vt 0.25078125 0.81197890625
vt 0.255034375 0.81197890625
vt 0.255034375 0.80234375
vt 0.25078125 0.80234375
vt 0.1810765625 0.98004921875
vt 0.17578125 0.98551796875
vt 0.17578125 0.99609375
vt 0.1810765625 0.99609375
vt 0.157378125 0.90625
vt 0.1537328125 0.8766515625
vt 0.1484375 0.8766515625
vt 0.153125 0.90625
vt 0.20703125 0.98551796875
vt 0.2017359375 0.98004921875
vt 0.2017359375 0.99609375
vt 0.20703125 0.99609375
vt 0.125 0.671875
vt 0.1015625 0.671875
vt 0.1015625 0.6875
vt 0.125 0.6875
vt 0.069184375 0.867186875
vt 0.0720484375 0.83661421875
vt 0.0529515625 0.83661421875
vt 0.055815625 0.867186875
vt 0.268403125 0.81197890625
vt 0.27265625 0.81197890625
vt 0.27265625 0.80234375
vt 0.268403125 0.80234375
vt 0.255034375 0.81197890625
vt 0.268403125 0.81197890625
vt 0.268403125 0.80234375
vt 0.255034375 0.80234375
vt 0.1743921875 0.8766515625
vt 0.170746875 0.90625
vt 0.175 0.90625
vt 0.1796875 0.8766515625
vt 0.1537328125 0.8766515625
vt 0.157378125 0.90625
vt 0.170746875 0.90625
vt 0.1743921875 0.8766515625
vt 0.12466640625 0.8685109375
vt 0.122265625 0.8984375
vt 0.130859375 0.8984375
vt 0.138671875 0.8685109375
vt 0.11409140625 0.8685109375
vt 0.11471328125 0.8984375
vt 0.122265625 0.8984375
vt 0.12466640625 0.8685109375
vt 0.2009546875 0.97494296875
vt 0.20703125 0.97494296875
vt 0.20703125 0.9609375
vt 0.2009546875 0.9609375
vt 0.2017359375 0.98004921875
vt 0.20703125 0.98551796875
vt 0.20703125 0.97494296875
vt 0.2009546875 0.97494296875
vt 0.1818578125 0.97494296875
vt 0.2009546875 0.97494296875
vt 0.2009546875 0.9609375
vt 0.1818578125 0.9609375
vt 0.1810765625 0.98004921875
vt 0.2017359375 0.98004921875
vt 0.2009546875 0.97494296875
vt 0.1818578125 0.97494296875
vt 0.17578125 0.97494296875
vt 0.1818578125 0.97494296875
vt 0.1818578125 0.9609375
vt 0.17578125 0.9609375
vt 0.17578125 0.98551796875
vt 0.1810765625 0.98004921875
vt 0.1818578125 0.97494296875
vt 0.17578125 0.97494296875
vt 0.01627578125 0.890625
vt 0.01595859375 0.8606984375
vt 0.001953125 0.8606984375
vt 0.009765625 0.890625
vt 0.02591171875 0.890625
vt 0.02653359375 0.8606984375
vt 0.01595859375 0.8606984375
vt 0.01627578125 0.890625
vt 0.255034375 0.8216148437499999
vt 0.25078125 0.8216148437499999
vt 0.25078125 0.828125
vt 0.255034375 0.828125
vt 0.255034375 0.81197890625
vt 0.25078125 0.81197890625
vt 0.25078125 0.8216148437499999
vt 0.255034375 0.8216148437499999
vt 0.268403125 0.8216148437499999
vt 0.255034375 0.8216148437499999
vt 0.255034375 0.828125
vt 0.268403125 0.828125
vt 0.268403125 0.81197890625
vt 0.255034375 0.81197890625
vt 0.255034375 0.8216148437499999
vt 0.268403125 0.8216148437499999
vt 0.27265625 0.81953125
vt 0.268403125 0.8216148437499999
vt 0.268403125 0.828125
vt 0.27265625 0.828125
vt 0.27265625 0.81197890625
vt 0.268403125 0.81197890625
vt 0.268403125 0.8216148437499999
vt 0.27265625 0.81953125
vt 0.3671875 0.8515625
vt 0.3671875 0.8359375
vt 0.3515625 0.8359375
vt 0.3515625 0.8515625
vt 0.11409140625 0.8685109375
vt 0.11409140625 0.85197421875
vt 0.103515625 0.85197421875
vt 0.103515625 0.8685109375
vt 0.1796875 0.8766515625
vt 0.1796875 0.86011484375
vt 0.1743921875 0.86011484375
vt 0.1743921875 0.8766515625
vt 0.12466640625 0.8685109375
vt 0.12466640625 0.85197421875
vt 0.11409140625 0.85197421875
vt 0.11409140625 0.8685109375
vt 0.138671875 0.8685109375
vt 0.138671875 0.85197421875
vt 0.12466640625 0.85197421875
vt 0.12466640625 0.8685109375
vt 0.0529515625 0.83661421875
vt 0.0529515625 0.8200775
vt 0.046875 0.8200775
vt 0.046875 0.83661421875
vt 0.0720484375 0.83661421875
vt 0.0720484375 0.8200775
vt 0.0529515625 0.8200775
vt 0.0529515625 0.83661421875
vt 0.34375 0.890625
vt 0.34375 0.875
vt 0.3203125 0.875
vt 0.3203125 0.890625
vt 0.02653359375 0.8606984375
vt 0.02653359375 0.84416171875
vt 0.01595859375 0.84416171875
vt 0.01595859375 0.8606984375
vt 0.01595859375 0.8606984375
vt 0.01595859375 0.84416171875
vt 0.001953125 0.84416171875
vt 0.001953125 0.8606984375
vt 0.078125 0.83661421875
vt 0.078125 0.8200775
vt 0.0720484375 0.8200775
vt 0.0720484375 0.83661421875
vt 0.037109375 0.8606984375
vt 0.037109375 0.84416171875
vt 0.02653359375 0.84416171875
vt 0.02653359375 0.8606984375
vt 0.3671875 0.65625
vt 0.3671875 0.640625
vt 0.3515625 0.640625
vt 0.3515625 0.65625
vt 0.1537328125 0.8766515625
vt 0.1537328125 0.86011484375
vt 0.1484375 0.86011484375
vt 0.1484375 0.8766515625
vt 0.046875 0.83661421875
vt 0.04853046875 0.8417509375
vt 0.05256484375 0.8417509375
vt 0.0529515625 0.83661421875
vt 0.052951484375 0.836614921875
vt 0.05256484375 0.8417509375
vt 0.0544625 0.8619715625
vt 0.055810859375 0.86718734375
vt 0.055810859375 0.867187265625
vt 0.0544625 0.8619715625
vt 0.05163828125 0.8619715625
vt 0.051557734375 0.8671871875
vt 0.051567734375 0.86718671875
vt 0.051646953125 0.86197078125
vt 0.04853046875 0.8417509375
vt 0.046875390625 0.836615390625
vt 0.073438046875 0.86718734375
vt 0.073358203125 0.86197171875
vt 0.070533984375 0.86197140625
vt 0.069184921875 0.867186953125
vt 0.062510234375 0.640625
vt 0.0703125 0.6353051562500001
vt 0.0703125 0.61499578125
vt 0.0625 0.60991828125
vt 0.0720484375 0.83661421875
vt 0.07243515625 0.8417509375
vt 0.07646953125 0.8417509375
vt 0.078125 0.83661421875
vt 0.0781246875 0.8366153125
vt 0.07646953125 0.8417509375
vt 0.073358203125 0.86197171875
vt 0.073438046875 0.8671875
vt 0.5215484375 0.9211265625
vt 0.51953125 0.9140625
vt 0.5175140625 0.9211265625
vt 0.44105078125 0.892874609375
vt 0.4362515625 0.8984375
vt 0.460175 0.8984375
vt 0.4609375 0.89688375
vt 0.338431640625 0.47518125
vt 0.339844140625 0.4765625
vt 0.341255859375 0.47518125
vt 0.229991640625 0.6171875
vt 0.234375 0.6167203906250001
vt 0.234375 0.5927971875
vt 0.2265625 0.597172890625
vt 0.369681640625 0.47518125
vt 0.371093359375 0.4765625
vt 0.372505859375 0.47518125
vt 0.0029234375 0.6171875
vt 0.0078125 0.616424140625
vt 0.0078125 0.5925015625000001
vt 0 0.5972999999999999
vt 0.0996734375 0.4836265625
vt 0.09765625 0.4765625
vt 0.0956390625 0.4836265625
vt 0.433110703125 0.5800363281250001
vt 0.42873515625 0.5859375
vt 0.452658125 0.5859375
vt 0.453125 0.5841982031249999
vn 0.9876568835806939 0.15663294773345598 -1.9182003808279153e-17
vn -0.987656883580694 0.1566329477334562 -1.9182003808279183e-17
vn 1.2246467991473532e-16 1 -1.2246467991473532e-16
vn -1.2246467991473532e-16 -1 1.2246467991473532e-16
vn 6.4648825783533785e-18 0.052789772388695796 -0.9986056478566251
vn -1.2246467991473532e-16 -1 1.2246467991473532e-16
vn -1.2246467991473532e-16 -1 1.2246467991473532e-16
vn 3.12948159958037e-17 0.25554156527083877 0.966798070136122
vn 1.2246467991473532e-16 1 -1.2246467991473532e-16
vn 1.2246467991473532e-16 1 -1.2246467991473532e-16
vn 6.464882578353379e-18 0.0527897723886958 -0.9986056478566251
vn 6.464882578353379e-18 0.0527897723886958 -0.9986056478566251
vn 0.9876568835806941 0.15663294773345598 -1.9182003808279153e-17
vn 0.9876568835806939 0.15663294773345598 -1.9182003808279153e-17
vn -1.2246467991473532e-16 -1 1.2246467991473532e-16
vn -1.2246467991473532e-16 -1 1.2246467991473532e-16
vn -1.2246467991473532e-16 -1 1.2246467991473532e-16
vn -1.2246467991473532e-16 -1 1.2246467991473532e-16
vn -1.2246467991473532e-16 -1 1.2246467991473532e-16
vn -1.2246467991473532e-16 -1 1.2246467991473532e-16
vn -0.9876568835806939 0.1566329477334562 -1.9182003808279183e-17
vn -0.9876568835806939 0.15663294773345623 -1.9182003808279186e-17
vn 1.2246467991473532e-16 1 -1.2246467991473532e-16
vn 1.2246467991473532e-16 1 -1.2246467991473532e-16
vn 1.2246467991473532e-16 1 -1.2246467991473532e-16
vn 1.2246467991473532e-16 1 -1.2246467991473532e-16
vn 1.2246467991473532e-16 1 -1.2246467991473532e-16
vn 1.2246467991473532e-16 1 -1.2246467991473532e-16
vn -1 1.2246467991473532e-16 -1.4997597826618576e-32
vn 1 -1.2246467991473532e-16 1.4997597826618576e-32
vn 0 -1.2246467991473532e-16 -1
vn 1 -1.2246467991473532e-16 1.4997597826618576e-32
vn 1 -1.2246467991473532e-16 1.4997597826618576e-32
vn 0 1.2246467991473532e-16 1
vn 0 1.2246467991473532e-16 1
vn 0 -1.2246467991473532e-16 -1
vn -1 1.2246467991473532e-16 -1.4997597826618576e-32
vn -1 1.2246467991473532e-16 -1.4997597826618576e-32
vn 0 1.2246467991473532e-16 1
vn -1 1.2246467991473532e-16 -1.4997597826618576e-32
vn 1 -1.2246467991473532e-16 1.4997597826618576e-32
vn 0 -1.2246467991473532e-16 -1
vn 3.1294790223803444e-17 0.2555413548264864 0.9667981257602043
vn -0.006159648646202071 0.2559845905041422 0.9666612375351471
vn 3.0815984209847023e-17 0.2516316070176505 0.9678230904197909
vn -0.03001859998029885 0.25196508243064003 0.9672706347713362
vn 3.081598420984703e-17 0.2516316070176506 0.9678230904197909
vn -0.0308876655359274 0.2592343883059405 0.9653204048591254
vn 3.1294790223803444e-17 0.2555413548264864 0.9667981257602043
vn -0.0061953478153886285 0.2574662326737467 0.9662674353915869
vn -1.1874643134575601e-16 -0.9696381963226613 -0.24454400060548698
vn -0.9565055328605534 0.032486882528488185 0.2898995827363829
vn 1.2246467991473532e-16 1 -1.2246467991473532e-16
vn 0.6398236652953205 0.4031887464214092 0.6542663922953665
vn 1.2246467991473532e-16 1 -1.2246467991473532e-16
vn 0.6739925205171602 0.2658493296507367 0.6892446707891032
vn -1.1874643134575601e-16 -0.9696381963226613 -0.24454400060548698
vn -0.9016560071200951 0.27392491988646434 0.33463649395940254
usemtl m_7ecca7f4-36ac-79de-f5df-1a8ab898bcc7
f 120/373/95 121/374/95 104/375/95 102/376/95
f 125/377/96 126/378/96 106/379/96 108/380/96
f 126/381/97 128/382/97 117/383/97 106/384/97
f 141/385/98 142/386/98 145/387/98 146/388/98
f 117/389/99 112/390/99 108/391/99 106/392/99
f 132/393/100 133/394/100 131/395/100 134/396/100
f 122/397/101 123/398/101 112/399/101 110/400/101
f 115/401/102 113/402/102 111/403/102 114/404/102
f 130/405/103 120/406/103 102/407/103 116/408/103
f 128/409/104 130/410/104 116/411/104 117/412/104
f 110/413/105 116/414/105 102/415/105 104/416/105
f 112/417/106 117/418/106 116/419/106 110/420/106
f 119/421/107 118/422/107 103/423/107 105/424/107
f 121/425/108 120/426/108 118/427/108 119/428/108
f 136/429/109 135/430/109 137/431/109 138/432/109
f 133/433/110 132/434/110 135/435/110 136/436/110
f 139/437/111 136/438/111 138/439/111 140/440/111
f 141/441/112 133/442/112 136/443/112 139/444/112
f 143/445/113 139/446/113 140/447/113 144/448/113
f 142/449/114 141/450/114 139/451/114 143/452/114
f 101/453/115 124/454/115 109/455/115 107/456/115
f 126/457/116 125/458/116 124/459/116 101/460/116
f 127/461/117 101/462/117 107/463/117 115/464/117
f 128/465/118 126/466/118 101/467/118 127/468/118
f 129/469/119 127/470/119 115/471/119 114/472/119
f 130/473/120 128/474/120 127/475/120 129/476/120
f 118/477/121 129/478/121 114/479/121 103/480/121
f 120/481/122 130/482/122 129/483/122 118/484/122
f 110/485/123 131/486/123 133/487/123 122/488/123
f 121/489/124 132/490/124 134/491/124 104/492/124
f 104/493/125 134/494/125 131/495/125 110/496/125
f 119/497/126 135/498/126 132/499/126 121/500/126
f 105/501/127 137/502/127 135/503/127 119/504/127
f 111/505/128 138/506/128 137/507/128 105/508/128
f 113/509/129 140/510/129 138/511/129 111/512/129
f 122/513/130 133/514/130 141/515/130 123/516/130
f 125/517/131 142/518/131 143/519/131 124/520/131
f 124/521/132 143/522/132 144/523/132 109/524/132
f 109/525/133 144/526/133 140/527/133 113/528/133
f 108/529/134 145/530/134 142/531/134 125/532/134
f 123/533/135 141/534/135 146/535/135 112/536/135
f 112/537/136 146/538/136 145/539/136 108/540/136
f 105/541/137 147/542/137 148/543/137 111/544/137
f 111/545/138 148/546/138 149/547/138 114/548/138
f 114/549/139 149/550/139 150/551/139 103/552/139
f 103/553/140 150/554/140 147/555/140 105/556/140
f 107/557/141 151/558/141 153/559/141 115/560/141
f 115/561/142 153/562/142 152/563/142 113/564/142
f 113/565/143 152/566/143 154/567/143 109/568/143
f 109/569/144 154/570/144 151/571/144 107/572/144
f 147/573/145 155/574/145 148/575/145
f 148/576/146 155/577/146 156/578/146 149/579/146
f 149/580/147 156/581/147 150/582/147
f 150/583/148 156/584/148 155/585/148 147/586/148
f 151/587/149 157/588/149 153/589/149
f 153/590/150 157/591/150 158/592/150 152/593/150
f 152/594/151 158/595/151 154/596/151
f 154/597/152 158/598/152 157/599/152 151/600/152
o Thigh
v 0.2187500000000001 0.70625 -0.09000000000000012
v 0.2187500000000001 0.70625 0.08999999999999987
v 0.21250000000000008 0.3812500000000001 -0.09000000000000008
v 0.21250000000000008 0.3812500000000001 0.08999999999999991
v 0.05625000000000011 0.6612500000000001 -0.09000000000000011
v 0.05625000000000011 0.6612500000000001 0.08999999999999989
v 0.05625000000000008 0.3812500000000001 -0.09000000000000008
v 0.05625000000000008 0.3812500000000001 0.08999999999999991
v 0.2687500000000001 0.5697500000000001 -0.1125000000000001
v 0.2687500000000001 0.5697500000000001 0.1124999999999999
v 0.056250000000000105 0.5697500000000001 0.1124999999999999
v 0.056250000000000105 0.5697500000000001 -0.1125000000000001
v 0.13750000000000012 0.5697500000000001 -0.1125000000000001
v 0.13750000000000012 0.7087500000000001 -0.09000000000000012
v 0.13750000000000012 0.7087500000000001 0.08999999999999987
v 0.13750000000000012 0.5697500000000001 0.1124999999999999
v 0.1375000000000001 0.3812500000000001 0.08999999999999991
v 0.1375000000000001 0.3812500000000001 -0.09000000000000008
vt 0.2125 0.7890625
vt 0.240625 0.7890625
vt 0.2378125 0.765625
vt 0.2153125 0.765625
vt 0.1734375 0.8166875
vt 0.2015625 0.8166875
vt 0.19875 0.793125
vt 0.17625 0.793125
vt 0.390625 0.71875
vt 0.4140625 0.71875
vt 0.4140625 0.7109375
vt 0.390625 0.7109375
vt 0.246484375 0.6796875
vt 0.246484375 0.7021875
vt 0.255859375 0.7021875
vt 0.255859375 0.6796875
vt 0.16875 0.75
vt 0.16875 0.7737296875
vt 0.18515625 0.7737296875
vt 0.178125 0.75
vt 0.2375 0.9924796875
vt 0.2375 0.96875
vt 0.228125 0.96875
vt 0.22109375 0.9924796875
vt 0.3109375 0.796875
vt 0.2828125 0.796875
vt 0.285625 0.8125
vt 0.308125 0.8125
vt 0.31560296875 0.7421875
vt 0.31560296875 0.72458671875
vt 0.29919671875 0.72458671875
vt 0.30544671875 0.7418796875
vt 0.2015625 0.8166875
vt 0.1734375 0.8166875
vt 0.17625 0.828125
vt 0.19875 0.828125
vt 0.309375 0.69333671875
vt 0.309375 0.7109375
vt 0.319531484375 0.7106292187500001
vt 0.32578125 0.6933365625
vt 0.309375 0.7109375
vt 0.309375 0.69333671875
vt 0.29921875 0.69333671875
vt 0.29921875 0.7050765625
vt 0.3203125 0.8671875
vt 0.34375 0.8671875
vt 0.34375 0.8515625
vt 0.3203125 0.8515625
vt 0.31560296875 0.72458625
vt 0.31560296875 0.7421875
vt 0.32580328125 0.7363262500000001
vt 0.325715078125 0.7245860937499999
vt 0.2375 0.96875
vt 0.2375 0.9924796875
vt 0.24765625 0.9924796875
vt 0.24765625 0.96875
vt 0.246484375 0.7021875
vt 0.246484375 0.6796875
vt 0.236328125 0.6796875
vt 0.236328125 0.7021875
vt 0.16875 0.7737296875
vt 0.16875 0.75
vt 0.15859375 0.75
vt 0.15859375 0.7737296875
vn 0.9582450041664716 -0.2859484428878729 3.5018584530380326e-17
vn -1 1.2246467991473532e-16 -1.4997597826618576e-32
vn 0.030754675786974797 0.9995269630766537 -1.2240674959932985e-16
vn -1.2246467991473532e-16 -1 1.2246467991473532e-16
vn -1.451476526097007e-17 -0.11852205281617387 -0.9929514202599441
vn -1.4514765260970067e-17 -0.11852205281617359 0.9929514202599441
vn 0.9389874363505113 0.34395144188663407 -4.2121903236858335e-17
vn 1.9568706904530695e-17 0.15979061814520892 0.9871509298748454
vn -1 1.2246467991473532e-16 -1.4997597826618576e-32
vn 0.004916574979921301 0.15978868684743822 -0.9871389987463967
vn 1.95687069045307e-17 0.15979061814520876 -0.9871509298748457
vn -0.5046965873311554 0.8632967941190823 -1.0572336556321058e-16
vn -0.09301110178732776 0.15909793726779775 0.9828717013432829
vn -1.451476526097007e-17 -0.11852205281617362 0.9929514202599441
vn -1.2246467991473532e-16 -1 1.2246467991473532e-16
vn -1.451476526097007e-17 -0.11852205281617387 -0.9929514202599441
usemtl m_7ecca7f4-36ac-79de-f5df-1a8ab898bcc7
f 167/601/153 168/602/153 162/603/153 161/604/153
f 169/605/154 170/606/154 165/607/154 166/608/154
f 172/609/155 173/610/155 160/611/155 159/612/155
f 175/613/156 176/614/156 161/615/156 162/616/156
f 176/617/157 171/618/157 167/619/157 161/620/157
f 174/621/158 175/622/158 162/623/158 168/624/158
f 168/625/159 167/626/159 159/627/159 160/628/159
f 173/629/160 174/630/160 168/631/160 160/632/160
f 170/633/161 169/634/161 164/635/161 163/636/161
f 171/637/162 172/638/162 159/639/162 167/640/162
f 172/641/163 171/642/163 170/643/163 163/644/163
f 173/645/164 172/646/164 163/647/164 164/648/164
f 174/649/165 173/650/165 164/651/165 169/652/165
f 175/653/166 174/654/166 169/655/166 166/656/166
f 176/657/167 175/658/167 166/659/167 165/660/167
f 171/661/168 176/662/168 165/663/168 170/664/168
o Pelvis
v -0.13750000000000015 0.79375 -0.10036750000000012
v -0.13750000000000015 0.79375 0.10036749999999987
v -0.13750000000000012 0.67254125 -0.10036750000000011
v -0.13750000000000012 0.67254125 0.10036749999999989
v 0.13749999999999987 0.79375 -0.10036750000000012
v 0.13749999999999987 0.79375 0.10036749999999987
v 0.1374999999999999 0.67254125 -0.10036750000000011
v 0.1374999999999999 0.67254125 0.10036749999999989
v -0.04583312500000011 0.6124999999999999 -0.13125000000000012
v -0.04583312500000011 0.6124999999999999 0.1312499999999999
v 0.04583312499999989 0.6124999999999999 -0.13125000000000012
v 0.04583312499999989 0.6124999999999999 0.1312499999999999
v -0.045833125000000134 0.79375 0.13124999999999987
v 0.04583312499999987 0.79375 0.13124999999999987
v -0.045833125000000134 0.79375 -0.13125000000000014
v 0.04583312499999987 0.79375 -0.13125000000000014
v -0.04583312500000012 0.7181356249999999 -0.13125000000000012
v -0.13750000000000012 0.7181356249999999 -0.10036750000000012
v -0.13750000000000012 0.7181356249999999 0.10036749999999987
v -0.04583312500000012 0.7181356249999999 0.1312499999999999
v 0.045833124999999884 0.7181356249999999 0.1312499999999999
v 0.1374999999999999 0.7181356249999999 0.10036749999999987
v 0.1374999999999999 0.7181356249999999 -0.10036750000000012
v 0.045833124999999884 0.7181356249999999 -0.13125000000000012
v -0.04982437500000013 0.79375 -0.15559562500000013
v -0.049824375000000115 0.7181356249999999 -0.1555956250000001
v -0.1539906250000001 0.7181356249999999 -0.11221375000000013
v -0.15399062500000013 0.79375 -0.11221375000000013
v -0.1539906250000001 0.7181356249999999 0.11221374999999988
v -0.15399062500000013 0.79375 0.11221374999999988
v -0.049824375000000115 0.7181356249999999 0.15559562499999988
v -0.04982437500000013 0.79375 0.15559562499999985
v 0.04982437499999988 0.7181356249999999 0.15559562499999988
v 0.049824374999999865 0.79375 0.15559562499999985
v 0.15399062499999988 0.7181356249999999 0.11221374999999988
v 0.15399062499999985 0.79375 0.11221374999999988
v 0.15399062499999988 0.7181356249999999 -0.11221375000000013
v 0.15399062499999985 0.79375 -0.11221375000000013
v 0.04982437499999988 0.7181356249999999 -0.1555956250000001
v 0.049824374999999865 0.79375 -0.15559562500000013
vt 0.0625 0.9921875
vt 0.0625 1
vt 0.0390625 1
vt 0.0390625 0.9921875
vt 0.1328125 0.8359375
vt 0.1328125 0.84375
vt 0.109375 0.84375
vt 0.109375 0.8359375
vt 0.12734375 0.9680046875
vt 0.13880234375 0.96414453125
vt 0.13880234375 0.99695703125
vt 0.12734375 0.993096875
vt 0.28042265625 0.8671875
vt 0.2765625 0.8515625
vt 0.309375 0.8515625
vt 0.30551484375 0.8671875
vt 0.1171875 0.6196078125
vt 0.1171875 0.6328125
vt 0.1015625 0.6328125
vt 0.1015625 0.62711328125
vt 0.171875 0.62711328125
vt 0.171875 0.6328125
vt 0.15625 0.6328125
vt 0.15625 0.6196078125
vt 0.28823515625 0.9609375
vt 0.284375 0.9453125
vt 0.3171875 0.9453125
vt 0.31332734375 0.9609375
vt 0.0546875 0.65625
vt 0.046875 0.65625
vt 0.046875 0.625
vt 0.0546875 0.625
vt 0.3828125 0.7836703125
vt 0.3828125 0.796875
vt 0.3671875 0.796875
vt 0.3671875 0.79117578125
vt 0.203125 0.765625
vt 0.203125 0.78125
vt 0.1953125 0.78125
vt 0.1953125 0.765625
vt 0.16171875 0.993096875
vt 0.15026015625 0.99695703125
vt 0.15026015625 0.96414453125
vt 0.16171875 0.9680046875
vt 0.15026015625 0.99695703125
vt 0.13880234375 0.99695703125
vt 0.13880234375 0.96414453125
vt 0.15026015625 0.96414453125
vt 0.2734375 0.62711328125
vt 0.2734375 0.6328125
vt 0.2578125 0.6328125
vt 0.2578125 0.6196078125
vt 0.265625 0.96875
vt 0.265625 0.984375
vt 0.2578125 0.984375
vt 0.2578125 0.96875
vt 0.4453125 0.8203125
vt 0.4453125 0.8125
vt 0.4609375 0.8125
vt 0.4609375 0.8203125
vt 0.3359375 0.6953125
vt 0.3359375 0.6875
vt 0.3671875 0.6875
vt 0.3671875 0.6953125
vt 0.4453125 0.8046875
vt 0.4453125 0.796875
vt 0.4609375 0.796875
vt 0.4609375 0.8046875
vt 0.015625 0.9296875
vt 0.015625 0.921875
vt 0.03125 0.921875
vt 0.03125 0.9296875
vt 0.4453125 0.8515625
vt 0.4453125 0.84375
vt 0.4609375 0.84375
vt 0.4609375 0.8515625
vt 0.3515625 0.890625
vt 0.3515625 0.8828125
vt 0.3828125 0.8828125
vt 0.3828125 0.890625
vt 0.4453125 0.8359375
vt 0.4453125 0.828125
vt 0.4609375 0.828125
vt 0.4609375 0.8359375
vt 0.1328125 0.5546875
vt 0.1328125 0.546875
vt 0.1484375 0.546875
vt 0.1484375 0.5546875
vt 0.16378046875 0.94753828125
vt 0.150759375 0.9529609375
vt 0.15026015625 0.94991796875
vt 0.16171875 0.9460578125
vt 0.150759375 0.9611015625
vt 0.16378046875 0.96652421875
vt 0.16171875 0.9680046875
vt 0.15026015625 0.96414453125
vt 0.16378046875 0.91948515625
vt 0.16378046875 0.94753828125
vt 0.16171875 0.9460578125
vt 0.16171875 0.920965625
vt 0.16378046875 0.96652421875
vt 0.16378046875 0.99457734375
vt 0.16171875 0.993096875
vt 0.16171875 0.9680046875
vt 0.150759375 0.9140625
vt 0.16378046875 0.91948515625
vt 0.16171875 0.920965625
vt 0.15026015625 0.91710546875
vt 0.16378046875 0.99457734375
vt 0.150759375 1
vt 0.15026015625 0.99695703125
vt 0.16171875 0.993096875
vt 0.138303125 0.9140625
vt 0.150759375 0.9140625
vt 0.15026015625 0.91710546875
vt 0.13880234375 0.91710546875
vt 0.150759375 1
vt 0.138303125 1
vt 0.13880234375 0.99695703125
vt 0.15026015625 0.99695703125
vt 0.12528203125 0.91948515625
vt 0.138303125 0.9140625
vt 0.13880234375 0.91710546875
vt 0.12734375 0.920965625
vt 0.138303125 1
vt 0.12528203125 0.99457734375
vt 0.12734375 0.993096875
vt 0.13880234375 0.99695703125
vt 0.12528203125 0.94753828125
vt 0.12528203125 0.91948515625
vt 0.12734375 0.920965625
vt 0.12734375 0.9460578125
vt 0.12528203125 0.99457734375
vt 0.12528203125 0.96652421875
vt 0.12734375 0.9680046875
vt 0.12734375 0.993096875
vt 0.138303125 0.9529609375
vt 0.12528203125 0.94753828125
vt 0.12734375 0.9460578125
vt 0.13880234375 0.94991796875
vt 0.12528203125 0.96652421875
vt 0.138303125 0.9611015625
vt 0.13880234375 0.96414453125
vt 0.12734375 0.9680046875
vt 0.150759375 0.9529609375
vt 0.138303125 0.9529609375
vt 0.13880234375 0.94991796875
vt 0.15026015625 0.94991796875
vt 0.138303125 0.9611015625
vt 0.150759375 0.9611015625
vt 0.15026015625 0.96414453125
vt 0.13880234375 0.96414453125
vn -1 -1.2246467991473532e-16 1.4997597826618576e-32
vn 1 1.2246467991473532e-16 -1.4997597826618576e-32
vn -1.2246467991473532e-16 1 -1.2246467991473532e-16
vn 0.5479218088729881 -0.8365295519952374 1.0244532382431369e-16
vn 0.31926749143182326 -7.695645559466948e-17 -0.9476646394768724
vn 0.3192674914318233 1.5515443788542697e-16 0.9476646394768724
vn -0.5479218088729879 -0.8365295519952376 1.0244532382431371e-16
vn 1.2246467991473532e-16 -1 1.2246467991473532e-16
vn -0.31926749143182326 7.695645559466948e-17 0.9476646394768724
vn 0 1.2246467991473532e-16 1
vn -1.2246467991473532e-16 1 -1.2246467991473532e-16
vn -1.2246467991473532e-16 1 -1.2246467991473532e-16
vn -0.3192674914318233 -1.5515443788542697e-16 -0.9476646394768724
vn 0 -1.2246467991473532e-16 -1
vn -0.3844588485131695 -1.6013493539719822e-16 -0.9231421308768916
vn -1 -1.2246467991473532e-16 1.4997597826618576e-32
vn -0.3844588485131695 6.59696757500922e-17 0.9231421308768916
vn 0 1.2246467991473532e-16 1
vn 0.3844588485131695 1.6013493539719822e-16 0.9231421308768916
vn 1 1.2246467991473532e-16 -1.4997597826618576e-32
vn 0.3844588485131695 -6.59696757500922e-17 -0.9231421308768916
vn 0 -1.2246467991473532e-16 -1
vn 1.2246467991473532e-16 -1 1.2246467991473532e-16
vn -1.2246467991473532e-16 1 -1.2246467991473532e-16
vn 1.2246467991473532e-16 -1 1.2246467991473532e-16
vn -1.2246467991473532e-16 1 -1.2246467991473532e-16
vn 1.2246467991473532e-16 -1 1.2246467991473532e-16
vn -1.2246467991473532e-16 1 -1.2246467991473532e-16
vn 1.2246467991473532e-16 -1 1.2246467991473532e-16
vn -1.2246467991473532e-16 1 -1.2246467991473532e-16
vn 1.2246467991473532e-16 -1 1.2246467991473532e-16
vn -1.2246467991473532e-16 1 -1.2246467991473532e-16
vn 1.2246467991473532e-16 -1 1.2246467991473532e-16
vn -1.2246467991473532e-16 1 -1.2246467991473532e-16
vn 1.2246467991473532e-16 -1 1.2246467991473532e-16
vn -1.2246467991473532e-16 1 -1.2246467991473532e-16
vn 1.2246467991473532e-16 -1 1.2246467991473532e-16
vn -1.2246467991473532e-16 1 -1.2246467991473532e-16
usemtl m_7ecca7f4-36ac-79de-f5df-1a8ab898bcc7
f 180/665/169 195/666/169 194/667/169 179/668/169
f 183/669/170 199/670/170 198/671/170 184/672/170
f 181/673/171 192/674/171 190/675/171 182/676/171
f 184/677/172 188/678/172 187/679/172 183/680/172
f 187/681/173 200/682/173 199/683/173 183/684/173
f 184/685/174 198/686/174 197/687/174 188/688/174
f 179/689/175 185/690/175 186/691/175 180/692/175
f 185/693/176 187/694/176 188/695/176 186/696/176
f 186/697/177 196/698/177 195/699/177 180/700/177
f 188/701/178 197/702/178 196/703/178 186/704/178
f 178/705/179 189/706/179 191/707/179 177/708/179
f 189/709/180 190/710/180 192/711/180 191/712/180
f 179/713/181 194/714/181 193/715/181 185/716/181
f 185/717/182 193/718/182 200/719/182 187/720/182
f 201/721/183 202/722/183 203/723/183 204/724/183
f 204/725/184 203/726/184 205/727/184 206/728/184
f 206/729/185 205/730/185 207/731/185 208/732/185
f 208/733/186 207/734/186 209/735/186 210/736/186
f 210/737/187 209/738/187 211/739/187 212/740/187
f 212/741/188 211/742/188 213/743/188 214/744/188
f 214/745/189 213/746/189 215/747/189 216/748/189
f 216/749/190 215/750/190 202/751/190 201/752/190
f 203/753/191 202/754/191 193/755/191 194/756/191
f 201/757/192 204/758/192 177/759/192 191/760/192
f 205/761/193 203/762/193 194/763/193 195/764/193
f 204/765/194 206/766/194 178/767/194 177/768/194
f 207/769/195 205/770/195 195/771/195 196/772/195
f 206/773/196 208/774/196 189/775/196 178/776/196
f 209/777/197 207/778/197 196/779/197 197/780/197
f 208/781/198 210/782/198 190/783/198 189/784/198
f 211/785/199 209/786/199 197/787/199 198/788/199
f 210/789/200 212/790/200 182/791/200 190/792/200
f 213/793/201 211/794/201 198/795/201 199/796/201
f 212/797/202 214/798/202 181/799/202 182/800/202
f 215/801/203 213/802/203 199/803/203 200/804/203
f 214/805/204 216/806/204 192/807/204 181/808/204
f 202/809/205 215/810/205 200/811/205 193/812/205
f 216/813/206 201/814/206 191/815/206 192/816/206
o Body
v -0.16875000000000015 0.928239375 -0.11160687500000015
v -0.16875000000000015 0.928239375 0.11160687499999984
v -0.13400000000000015 0.8 -0.09375000000000012
v -0.13400000000000015 0.8 0.09374999999999988
v 0.16874999999999987 0.928239375 -0.11160687500000015
v 0.16874999999999987 0.928239375 0.11160687499999984
v 0.13399999999999987 0.8 -0.09375000000000012
v 0.13399999999999987 0.8 0.09374999999999988
v -1.3088412665887338e-16 0.8 0.13124999999999987
v -1.3088412665887338e-16 0.8 -0.13125000000000014
v -1.465889206707141e-16 0.928239375 -0.17500000000000013
v -0.15900000000000014 0.86679375 -0.09375000000000014
v -0.15900000000000014 0.86679375 0.09374999999999986
v 0.15899999999999986 0.86679375 0.09374999999999986
v 0.15899999999999986 0.86679375 -0.09375000000000014
v -1.3906400187292823e-16 0.86679375 -0.13125000000000014
v 0.16874999999999984 1.0938925 -0.11160687500000016
v -1.7178350272914764e-16 1.13396875 -0.21875000000000017
v -1.7178350272914764e-16 1.13396875 0.15624999999999983
v 0.16874999999999984 1.0938925 0.11160687499999983
v -0.16875000000000018 1.0938925 0.11160687499999983
v -0.16875000000000018 1.0938925 -0.11160687500000016
v -0.09381250000000016 1.11059125 0.08771374999999983
v -1.7178350272914764e-16 1.13396875 -0.09279875000000017
v -1.7178350272914764e-16 1.13396875 0.11779874999999983
v -0.09381250000000016 1.11059125 -0.06271375000000017
v 0.09381249999999983 1.11059125 -0.06271375000000017
v 0.09381249999999983 1.11059125 0.08771374999999983
v -0.08026062500000018 1.1888993749999999 0.07315624999999983
v -1.7810153210637379e-16 1.185559375 -0.07241875000000018
v -1.7810153210637379e-16 1.185559375 0.09741874999999982
v -0.08026062500000018 1.1888993749999999 -0.04815625000000018
v 0.08026062499999982 1.1888993749999999 -0.04815625000000018
v 0.08026062499999982 1.1888993749999999 0.07315624999999983
v -1.6979582443370654e-16 1.117738125 -0.21368750000000017
v 0.15014937499999984 1.08253125 -0.11775437500000016
v 0.15014937499999984 1.0575706249999999 -0.11775437500000016
v -1.6626179993306706e-16 1.088880625 -0.20662500000000017
v -0.15058312500000018 1.08253125 -0.11775437500000016
v -0.15058312500000018 1.0575706249999999 -0.11775437500000016
v -0.00043375000000017006 1.119693125 -0.19772500000000018
v 0.15014937499999984 1.08253125 -0.10180875000000017
v 0.15014937499999984 1.0575706249999999 -0.10180875000000017
v -0.0004337500000001665 1.09083625 -0.19066250000000018
v -0.15058312500000018 1.086441875 -0.10177562500000016
v -0.15058312500000018 1.06148125 -0.10177562500000016
v -1.6871025158668735e-16 1.1088737499999999 0.15624999999999983
v -0.12308625000000016 1.083825625 0.12276812499999984
v -0.12308625000000015 0.928239375 0.12276812499999985
v 0.12308624999999983 1.083825625 0.12276812499999984
v 0.12308624999999984 0.928239375 0.12276812499999985
v 0.12308624999999986 0.86679375 0.10312499999999986
v 0.12308624999999986 0.820716875 0.10312499999999986
v -1.3342121212458197e-16 0.820716875 0.13124999999999987
v -0.12308625000000013 0.86679375 0.10312499999999986
v -0.12308625000000013 0.820716875 0.10312499999999986
v -1.6871025158668735e-16 1.1088737499999999 0.21042124999999984
v -0.12308625000000016 1.083825625 0.17693937499999984
v -0.12308625000000015 0.928239375 0.17576874999999986
v -0.00005437500000014659 0.928239375 0.20901999999999987
v 0.12308624999999983 1.083825625 0.17693937499999984
v 0.12308624999999984 0.928239375 0.17530687499999986
v -0.00006375000000013771 0.855684375 0.18418624999999986
v 0.12308624999999986 0.8538656249999999 0.15579124999999985
v 0.12308624999999986 0.820716875 0.15755062499999986
v -0.00001812500000013342 0.820716875 0.18575312499999985
v -0.12308625000000013 0.85750375 0.15633062499999986
v -0.12308625000000013 0.820716875 0.15770624999999985
vt 0.4140625 0.9375
vt 0.4140625 0.9453125
vt 0.390625 0.9453125
vt 0.390625 0.9375
vt 0.4140625 0.921875
vt 0.4140625 0.9296875
vt 0.390625 0.9296875
vt 0.390625 0.921875
vt 0.10569921875 0.71875
vt 0.10266640625 0.70737265625
vt 0.12389609375 0.70737265625
vt 0.12086328125 0.71875
vt 0.03628125 0.825
vt 0.01953125 0.8296875
vt 0.01953125 0.796875
vt 0.03628125 0.8015625
vt 0.41102109375 0.5703125
vt 0.4140625 0.57869296875
vt 0.3936421875 0.57869296875
vt 0.3936421875 0.57037421875
vt 0.4455384375 0.9841196875
vt 0.453125 0.984231171875
vt 0.453125 1
vt 0.4453125 0.999895390625
vt 0.222372265625 0.5078125
vt 0.226521796875 0.5078125
vt 0.2265625 0.5234375
vt 0.22218734375 0.5234246874999999
vt 0.00278125 0.8015625
vt 0.01953125 0.796875
vt 0.01953125 0.8296875
vt 0.00278125 0.825
vt 0.4140625 0.953125
vt 0.4140625 0.9609375
vt 0.390625 0.9609375
vt 0.39366640625 0.953125
vt 0.12086328125 0.6959953125
vt 0.12389609375 0.70737265625
vt 0.10266640625 0.70737265625
vt 0.10569921875 0.6959953125
vt 0.11886171875 0.77616796875
vt 0.12109375 0.76839140625
vt 0.14453125 0.76839140625
vt 0.14676328125 0.77616796875
vt 0.26625953125 0.71266078125
vt 0.265625 0.703513359375
vt 0.281389140625 0.703125
vt 0.28217984375 0.71266078125
vt 0.281236875 0.5713140624999999
vt 0.27168734375 0.570486953125
vt 0.27168734375 0.5546875
vt 0.28125 0.555369453125
vt 0.04854921875 0.78398046875
vt 0.05078125 0.77620390625
vt 0.07421875 0.77620390625
vt 0.07645078125 0.78398046875
vt 0.375 0.84481765625
vt 0.375358828125 0.836734921875
vt 0.39576359375 0.8359375
vt 0.39736625 0.84481765625
vt 0.37468203125 0.828125
vt 0.3654815625 0.826061015625
vt 0.367260390625 0.8046875
vt 0.375 0.8046875
vt 0.32030640625 0.53125
vt 0.297510859375 0.53125
vt 0.296875 0.52819515625
vt 0.31910703125 0.5278153125
vt 0.343729765625 0.839761796875
vt 0.327790625 0.8429198437500001
vt 0.327790625 0.820340078125
vt 0.34375 0.8203125
vt 0.07645078125 0.8046875
vt 0.04854921875 0.8046875
vt 0.04854921875 0.78398046875
vt 0.07645078125 0.78398046875
vt 0.28224234375 0.73524046875
vt 0.26629703125 0.73210921875
vt 0.26625953125 0.71266078125
vt 0.28219 0.71266078125
vt 0.421875 0.89119734375
vt 0.421875 0.9138553125
vt 0.4140625 0.912726796875
vt 0.41460140625 0.890625
vt 0.14676328125 0.796875
vt 0.11886171875 0.796875
vt 0.11886171875 0.77616796875
vt 0.14676328125 0.77616796875
vt 0.216302578125 0.953110703125
vt 0.212519921875 0.9395109375
vt 0.2170659375 0.93143
vt 0.222662890625 0.953103671875
vt 0.193716796875 0.93951875
vt 0.189955859375 0.953125
vt 0.175774609375 0.953125
vt 0.189167578125 0.93144765625
vt 0.212519921875 0.9395109375
vt 0.193716796875 0.93951875
vt 0.18916421875 0.93144171875
vt 0.21706578125 0.93143015625
vt 0.145995859375 0.828110703125
vt 0.142213203125 0.8145109375
vt 0.14675921875 0.80643
vt 0.160157109375 0.82809375
vt 0.123410078125 0.81451875
vt 0.119649140625 0.828125
vt 0.113280390625 0.828125
vt 0.118860859375 0.80644765625
vt 0.142213203125 0.8145109375
vt 0.123410078125 0.81451875
vt 0.1188575 0.80644171875
vt 0.1467590625 0.80643015625
vt 0.467932109375 0.551948046875
vt 0.456481015625 0.5546875
vt 0.453125 0.546875
vt 0.4672084375 0.546875
vt 0.125 0.5588303906250001
vt 0.122393984375 0.5703125
vt 0.115491015625 0.569653359375
vt 0.115491015625 0.5556076562500001
vt 0.44117578125 0.71875
vt 0.42601171875 0.71875
vt 0.4241921875 0.7109375
vt 0.4429953125 0.7109375
vt 0.475744609375 0.997260546875
vt 0.464293515625 1
vt 0.4609375 0.9921875
vt 0.4750209375 0.9921875
vt 0.2421875 0.5588303906250001
vt 0.239581484375 0.5703125
vt 0.232678515625 0.569653359375
vt 0.232678515625 0.5556076562500001
vt 0.35523828125 0.578125
vt 0.34007421875 0.578125
vt 0.3382546875 0.5703125
vt 0.3570578125 0.5703125
vt 0.369239765625 0.9921875
vt 0.391943046875 0.9921875
vt 0.392670703125 1
vt 0.3671875 0.9999503125
vt 0.28369921875 0.839209375
vt 0.28369921875 0.8423296875
vt 0.28125 0.84375
vt 0.28125 0.82304296875
vt 0.30552296875 0.84304390625
vt 0.28369921875 0.839209375
vt 0.281250078125 0.823043359375
vt 0.303415234375 0.823095390625
vt 0.50581640625 0.6966328125
vt 0.50581640625 0.6738846875
vt 0.507747109375 0.671875
vt 0.5078125 0.6973584374999999
vt 0.31010234375 0.901709375
vt 0.288258203125 0.905692109375
vt 0.29015125 0.885313828125
vt 0.312454609375 0.885848828125
vt 0.31010234375 0.9048296875
vt 0.31010234375 0.901709375
vt 0.3125 0.88554296875
vt 0.3125 0.90625
vt 0.0234375 0.578125
vt 0.0234375 0.60092015625
vt 0.015625 0.601875078125
vt 0.0157140625 0.5791733593749999
vt 0.4921875 0.703125
vt 0.4921875 0.7109375
vt 0.484375 0.7109375
vt 0.484375 0.703125
vt 0.06926546875 0.484375
vt 0.04701796875 0.484375
vt 0.04801328125 0.4826475
vt 0.07016953125 0.48259312499999996
vt 0.545818828125 0.978376484375
vt 0.523161171875 0.978376484375
vt 0.52412828125 0.9765625
vt 0.546875 0.9766778125
vt 0.421875 0.648749453125
vt 0.421875 0.67086734375
vt 0.414146953125 0.671875
vt 0.4140625 0.64967203125
vt 0.515625 0.90625
vt 0.515625 0.9031296875
vt 0.5234375 0.902640625
vt 0.5234375 0.9057609375
vt 0.16212578125 0.7359186718749999
vt 0.17807015625 0.73905078125
vt 0.17807 0.7421875
vt 0.156251484375 0.737176953125
vt 0.16212578125 0.716470234375
vt 0.16212578125 0.7359186718749999
vt 0.15625 0.737177265625
vt 0.15625 0.716470234375
vt 0.259431171875 0.99686953125
vt 0.27537375 0.9937259375
vt 0.28125 0.994984609375
vt 0.25943234375 1
vt 0.27537375 0.9937259375
vt 0.27537375 0.9742775
vt 0.28124953125 0.9742775
vt 0.28124953125 0.99498453125
vt 0.5019375 0.5312234375
vt 0.5025578125 0.5234375
vt 0.50719765625 0.5234375
vt 0.5078125 0.53125
vt 0.00364375 0.484375
vt 0.00364375 0.478615625
vt 0.0054421875 0.47602578124999995
vt 0.0078125 0.484375
vt 0.44372109375 0.5703125
vt 0.4279390625 0.5703125
vt 0.4279390625 0.5625
vt 0.4453125 0.5625
vt 0.4921875 0.947365625
vt 0.4921875 0.953125
vt 0.484375 0.953125
vt 0.48739921875 0.94477578125
vt 0.453125 0.487096875
vt 0.43909140625 0.487096875
vt 0.4375 0.484375
vt 0.453125 0.4846328125
vt 0.50529296875 0.53908359375
vt 0.50587578125 0.5471265625
vt 0.5 0.5471265625
vt 0.50065390625 0.5390625
vt 0.43415375 0.90625
vt 0.450402734375 0.90625
vt 0.44865875 0.9140625
vt 0.432409765625 0.9140625
vt 0.1450921875 0.6524265625
vt 0.14523828125 0.671875
vt 0.1384671875 0.671875
vt 0.1384671875 0.6524265625
vt 0 0.578125
vt 0 0.561876015625
vt 0.0078125 0.56013203125
vt 0.0078125 0.576381015625
vt 0.21413671875 0.66570078125
vt 0.214340625 0.6462523437500001
vt 0.2209078125 0.6462523437500001
vt 0.2209078125 0.66570078125
vt 0.214340625 0.6462523437500001
vt 0.2167796875 0.63695546875
vt 0.22336328125 0.638571875
vt 0.2209078125 0.6462523437500001
vt 0.2167796875 0.63695546875
vt 0.21656015625 0.6328125
vt 0.22336328125 0.6328125
vt 0.22336328125 0.638571875
vt 0.3283640625 0.98790078125
vt 0.34375234375 0.984375
vt 0.34375 0.99118828125
vt 0.3283640625 0.99470390625
vt 0.142834375 0.63898671875
vt 0.1426625 0.64358515625
vt 0.13601171875 0.64474609375
vt 0.13601171875 0.63898671875
vt 0.34375234375 0.984375
vt 0.3591359375 0.98788125
vt 0.3591359375 0.99470390625
vt 0.34375 0.99118828125
vt 0.1426625 0.64358515625
vt 0.1450921875 0.6524265625
vt 0.1384671875 0.6524265625
vt 0.13601171875 0.64474609375
vn -0.9365486805018365 -0.350537542996851 4.292846800120713e-17
vn 0.9365486805018365 -0.3505375429968508 4.29284680012071e-17
vn 0.04157844161563915 0.9991352426938082 -1.223587776880286e-16
vn 1.2246467991473532e-16 -1 1.2246467991473532e-16
vn -0.22870849073112368 -0.08560250425044413 -0.9697240006999642
vn -0.22001855557325722 0.04338111978319718 0.9745306119613757
vn 0.22510178598050545 0.05164030979110121 0.9729658084193226
vn 1.2246467991473532e-16 -1 1.2246467991473532e-16
vn 0.2295510881018235 -9.108255771223965e-17 -0.9732966135517317
vn -0.041578441615639394 0.9991352426938082 -1.223587776880286e-16
vn -0.9876436744659414 -0.15671621577684255 1.9192201202559617e-17
vn -0.21695827050869385 -0.25866535660895407 0.9412870668123723
vn 0.20866640905178582 -0.31672688916317926 0.9252796374147915
vn 0.9876436744659414 -0.15671621577684233 1.9192201202559586e-17
vn 0.2186758618762844 -0.30415066955397047 -0.9271856543554455
vn -0.18867409242339223 -0.5695937529244643 -0.7999781518751832
vn 0.5372367346587131 -3.7498043619888296e-17 -0.8434314974751913
vn 0.2610402265215551 -0.0075667671719597965 0.9652982669476521
vn 1 1.2246467991473532e-16 -1.4997597826618576e-32
vn -0.2610984431054624 -0.0072627663805346155 0.9652848570408662
vn -0.4939300940954635 -0.20670327169411432 -0.8445749342822079
vn -1 -1.2246467991473532e-16 1.4997597826618576e-32
vn -0.22948414188037958 0.9724867933317862 -0.040080736279234995
vn -0.2417993590757365 0.9703262698446143 -1.1883069604937978e-16
vn -0.21750103019070482 0.9760600913191678 -1.1953288666094921e-16
vn 0.23375864524493675 0.9719381998669155 0.026325489790534284
vn 0.24179935907573633 0.9703262698446145 -1.188306960493798e-16
vn 0.2175010301907046 0.9760600913191678 -1.1953288666094921e-16
vn -0.27373227584554116 0.22137125235294436 0.9359836589343373
vn -0.2569390881858122 0.3550701818355441 -0.8988367320784778
vn -0.985353580857059 0.17052366607650546 -2.0883126183946452e-17
vn 0.27373227584554133 0.22137125235294436 -0.9359836589343372
vn 0.25693908818581185 0.3550701818355444 0.8988367320784778
vn 0.9853535808570588 0.17052366607650565 -2.0883126183946477e-17
vn 0.4752290852915391 -0.26198961411889893 -0.8399516406239097
vn 0.3138052415895449 -7.784860867746894e-17 -0.9494873724020386
vn 0.5141884142387017 0.03321401423790464 -0.8570338989333465
vn -0.46482005781872926 -0.2907344858425458 -0.8363108109974806
vn -0.4743984642783291 -0.17004046565721273 -0.8637316349013976
vn -0.32053589722445475 -1.5525732477723928e-16 -0.9472363689124875
vn -0.3023753502245819 -0.9470762495847791 0.10777627312628121
vn -1 -1.2246467991473532e-16 1.4997597826618576e-32
vn 0.21571115378841116 0.9764572177680253 -1.1958152062439421e-16
vn 0.3445448147667007 -0.9118581082172661 0.22316733877476047
vn -0.2607954440903136 0.9573487389481452 -0.1243749507583119
vn 1 1.2246467991473532e-16 -1.4997597826618576e-32
vn -0.2624817823391899 8.602594703769463e-17 0.9649369481681394
vn -0.23743301690399218 8.988551087554514e-17 0.9714039131503788
vn 0.2500250132268409 -0.06289348074197891 0.9661945470975689
vn 0.23743301690399218 1.4803982770821983e-16 0.9714039131503788
vn 0.24129840752518317 -0.2955041257416368 0.9243659395474726
vn 0.6516066561345679 1.7269524428184666e-16 0.758557028628123
vn 0.22275705793333778 1.4666750273774762e-16 0.9748739883394589
vn -0.25257817939699845 8.756203920275376e-17 0.9675764896340225
vn -0.21192356714411006 -0.3080618203539323 0.9274622992494829
vn -0.22675113996007026 -0.2965704192623458 0.9277014104470065
vn -0.19941337785654747 0.9799154579512672 -1.2000503290150322e-16
vn -1 -1.2246467991473532e-16 1.4997597826618576e-32
vn 0.1994133778565473 0.9799154579512674 -1.2000503290150324e-16
vn 1 1.2246467991473532e-16 -1.4997597826618576e-32
vn 1 1.2246467991473532e-16 -1.4997597826618576e-32
vn 1 1.2246467991473532e-16 -1.4997597826618576e-32
vn 1.2246467991473532e-16 -1 1.2246467991473532e-16
vn -1 -1.2246467991473532e-16 1.4997597826618576e-32
vn 1.2246467991473532e-16 -1 1.2246467991473532e-16
vn -1 -1.2246467991473532e-16 1.4997597826618576e-32
usemtl m_7ecca7f4-36ac-79de-f5df-1a8ab898bcc7
f 220/817/207 229/818/207 228/819/207 219/820/207
f 223/821/208 231/822/208 230/823/208 224/824/208
f 245/825/209 247/826/209 246/827/209 248/828/209
f 219/829/210 226/830/210 225/831/210 220/832/210
f 219/833/211 228/834/211 232/835/211 226/836/211
f 282/837/212 279/838/212 283/839/212 284/840/212
f 281/841/213 280/842/213 279/843/213 282/844/213
f 224/845/214 225/846/214 226/847/214 223/848/214
f 226/849/215 232/850/215 231/851/215 223/852/215
f 249/853/216 246/854/216 247/855/216 250/856/216
f 217/857/217 228/858/217 229/859/217 218/860/217
f 275/861/218 283/862/218 279/863/218 276/864/218
f 276/865/219 279/866/219 280/867/219 278/868/219
f 222/869/220 230/870/220 231/871/220 221/872/220
f 221/873/221 231/874/221 232/875/221 227/876/221
f 227/877/222 232/878/222 228/879/222 217/880/222
f 257/881/223 258/882/223 259/883/223 260/884/223
f 277/885/224 273/886/224 276/887/224 278/888/224
f 233/889/225 236/890/225 222/891/225 221/892/225
f 273/893/226 274/894/226 275/895/226 276/896/226
f 261/897/227 257/898/227 260/899/227 262/900/227
f 237/901/228 238/902/228 217/903/228 218/904/228
f 241/905/229 239/906/229 237/907/229 235/908/229
f 242/909/230 240/910/230 234/911/230 238/912/230
f 239/913/231 242/914/231 238/915/231 237/916/231
f 240/917/232 243/918/232 233/919/232 234/920/232
f 244/921/233 241/922/233 235/923/233 236/924/233
f 243/925/234 244/926/234 236/927/234 233/928/234
f 247/929/235 245/930/235 239/931/235 241/932/235
f 248/933/236 246/934/236 240/935/236 242/936/236
f 245/937/237 248/938/237 242/939/237 239/940/237
f 246/941/238 249/942/238 243/943/238 240/944/238
f 250/945/239 247/946/239 241/947/239 244/948/239
f 249/949/240 250/950/240 244/951/240 243/952/240
f 252/953/241 251/954/241 234/955/241 233/956/241
f 253/957/242 252/958/242 233/959/242 221/960/242
f 254/961/243 253/962/243 221/963/243 227/964/243
f 251/965/244 255/966/244 238/967/244 234/968/244
f 256/969/245 254/970/245 227/971/245 217/972/245
f 255/973/246 256/974/246 217/975/246 238/976/246
f 258/977/247 257/978/247 251/979/247 252/980/247
f 259/981/248 258/982/248 252/983/248 253/984/248
f 260/985/249 259/986/249 253/987/249 254/988/249
f 257/989/250 261/990/250 255/991/250 251/992/250
f 262/993/251 260/994/251 254/995/251 256/996/251
f 261/997/252 262/998/252 256/999/252 255/1000/252
f 264/1001/253 263/1002/253 235/1003/253 237/1004/253
f 265/1005/254 264/1006/254 237/1007/254 218/1008/254
f 263/1009/255 266/1010/255 236/1011/255 235/1012/255
f 266/1013/256 267/1014/256 222/1015/256 236/1016/256
f 267/1017/257 268/1018/257 230/1019/257 222/1020/257
f 268/1021/258 269/1022/258 224/1023/258 230/1024/258
f 269/1025/259 270/1026/259 225/1027/259 224/1028/259
f 272/1029/260 271/1030/260 229/1031/260 220/1032/260
f 270/1033/261 272/1034/261 220/1035/261 225/1036/261
f 271/1037/262 265/1038/262 218/1039/262 229/1040/262
f 274/1041/263 273/1042/263 263/1043/263 264/1044/263
f 275/1045/264 274/1046/264 264/1047/264 265/1048/264
f 273/1049/265 277/1050/265 266/1051/265 263/1052/265
f 277/1053/266 278/1054/266 267/1055/266 266/1056/266
f 278/1057/267 280/1058/267 268/1059/267 267/1060/267
f 280/1061/268 281/1062/268 269/1063/268 268/1064/268
f 281/1065/269 282/1066/269 270/1067/269 269/1068/269
f 284/1069/270 283/1070/270 271/1071/270 272/1072/270
f 282/1073/271 284/1074/271 272/1075/271 270/1076/271
f 283/1077/272 275/1078/272 265/1079/272 271/1080/272
o cuboid
v 0.621803125 1.33117 0.1625
v 0.615260625 1.20634125 0.1625
v 0.15 1.13125 0.1625
v 0.125 0.78125 0.1625
v 0.61722375 1.24379 0.17500000000000002
v 0.125 0.958333125 0.19375
v 0.620494375 1.306204375 0.17500000000000002
v 0.125 1.054166875 0.19375
v 0.125 0.958333125 0.13125
v 0.125 1.054166875 0.13125
v 0.61722375 1.24379 0.15
v 0.620494375 1.306204375 0.15
vt 0.50546875 0.6296875
vt 0.50390625 0.6328125
vt 0.50234375 0.6296875
vt 0.257280703125 0.7890625
vt 0.25 0.78125
vt 0.31952828125 0.78125
vt 0.32114078125 0.78410734375
vt 0.057551640625 0.7421875
vt 0.0544525 0.740574765625
vt 0.0544525 0.67104671875
vt 0.0625 0.67832828125
vt 0.469011640625 0.695080078125
vt 0.476300859375 0.6922689843750001
vt 0.476300859375 0.703125
vt 0.22330765625 0.8359375
vt 0.2265625 0.8383427343750001
vt 0.156636640625 0.8515625
vt 0.14227015625 0.8359375
vt 0.3068871875 0.75
vt 0.311152421875 0.753993359375
vt 0.241728828125 0.7578125
vt 0.235722578125 0.75
vt 0.00390625 0.6299476562499999
vt 0.0078125 0.6520828125
vt 0 0.6520828125
vt 0.0078125 0.6520828125
vt 0.0078125 0.6640625
vt 0 0.6640625
vt 0 0.6520828125
vt 0.06189546875 0.934040625
vt 0.062240625 0.956515625
vt 0.000667890625 0.99219765625
vt 0.000736640625 0.98731453125
vt 0.062240625 0.956515625
vt 0.062240625 0.9684953125
vt 0.000259375 1
vt 0.00066796875 0.99219765625
vt 0.50546875 0.621875
vt 0.50234375 0.621875
vt 0.50390625 0.6171875
vt 0.50546875 0.621875
vt 0.50546875 0.6296875
vt 0.50234375 0.6296875
vt 0.50234375 0.621875
vn 0.9986287882430792 -0.05235019858758415 0
vn -0.17946765504311135 0.4190397685121027 0.8900545113635738
vn -0.19448327387913203 0.4472901467737219 -0.8729878468686703
vn -0.951222574264694 0.30850545247896166 0
vn 0.2202326183547892 -0.3192115490948535 0.9217383472206512
vn 0.0388478256655968 -0.0020356956200801722 0.9992430647166874
vn -1 0 0
vn -1 0 0
vn 0.13699293413615535 -0.17214708647221785 -0.975499009028658
vn 0.03781393069165375 0 -0.9992847975655623
vn 0.9986288110807415 -0.052349762936089776 0
vn 0.9986298473095081 -0.05232999199874437 0
usemtl m_7ecca7f4-36ac-79de-f5df-1a8ab898bcc7
f 296/1081/273 285/1082/273 291/1083/273
f 287/1084/274 292/1085/274 291/1086/274 285/1087/274
f 285/1088/275 296/1089/275 294/1090/275 287/1091/275
f 294/1092/276 292/1093/276 287/1094/276
f 286/1095/277 289/1096/277 290/1097/277 288/1098/277
f 289/1099/278 291/1100/278 292/1101/278 290/1102/278
f 288/1103/279 290/1104/279 293/1105/279
f 290/1106/280 292/1107/280 294/1108/280 293/1109/280
f 288/1110/281 293/1111/281 295/1112/281 286/1113/281
f 293/1114/282 294/1115/282 296/1116/282 295/1117/282
f 295/1118/283 289/1119/283 286/1120/283
f 295/1121/284 296/1122/284 291/1123/284 289/1124/284
o cuboid
v -0.621803125 1.33117 0.1625
v -0.615260625 1.20634125 0.1625
v -0.15 1.13125 0.1625
v -0.125 0.78125 0.1625
v -0.61722375 1.24379 0.17500000000000002
v -0.125 0.958333125 0.19375
v -0.620494375 1.306204375 0.17500000000000002
v -0.125 1.054166875 0.19375
v -0.125 0.958333125 0.13125
v -0.125 1.054166875 0.13125
v -0.61722375 1.24379 0.15
v -0.620494375 1.306204375 0.15
vt 0.50390625 0.59375
vt 0.50234375 0.590625
vt 0.50546875 0.590625
vt 0.140384765625 0.756199921875
vt 0.140384765625 0.68667171875
vt 0.1484375 0.693952421875
vt 0.14348234375 0.7578125
vt 0.25 0.765625
vt 0.319528046875 0.765625
vt 0.32114078125 0.7684891406250001
vt 0.2572815625 0.7734375
vt 0.328386640625 0.523205078125
vt 0.335675859375 0.5203939843750001
vt 0.335675859375 0.53125
vt 0.10287421875 0.787803984375
vt 0.089654453125 0.85772984375
vt 0.0859375 0.854475
vt 0.0859375 0.7734375
vt 0.0129946875 0.71694375
vt 0.00917546875 0.7863673437500001
vt 0.0026303125 0.782102109375
vt 0.0026303125 0.7109375
vt 0.1875 0.6520828125
vt 0.19140625 0.6299476562499999
vt 0.1953125 0.6520828125
vt 0.1953125 0.6640625
vt 0.1875 0.6640625
vt 0.1875 0.6520828125
vt 0.1953125 0.6520828125
vt 0.116519609375 0.93751015625
vt 0.054946875 0.901828125
vt 0.05529203125 0.879353125
vt 0.116450859375 0.93262703125
vt 0.116928125 0.9453125
vt 0.054946875 0.9138078125
vt 0.054946875 0.901828125
vt 0.11651953125 0.93751015625
vt 0.50546875 0.5828125
vt 0.50234375 0.5828125
vt 0.50390625 0.578125
vt 0.50546875 0.590625
vt 0.50234375 0.590625
vt 0.50234375 0.5828125
vt 0.50546875 0.5828125
vn -0.9986287882430792 -0.05235019858758415 0
vn 0.17946765504311138 0.41903976851210273 0.8900545113635738
vn 0.19448327387913203 0.4472901467737219 -0.8729878468686703
vn 0.951222574264694 0.30850545247896166 0
vn -0.2202326183547893 -0.31921154909485383 0.9217383472206511
vn -0.038847825665596795 -0.002035695620080149 0.9992430647166874
vn 1 0 0
vn 1 0 0
vn -0.13699293413615538 -0.17214708647221788 -0.975499009028658
vn -0.03781393069165375 0 -0.9992847975655623
vn -0.9986288110807415 -0.052349762936089776 0
vn -0.9986298473095081 -0.05232999199874437 0
usemtl m_7ecca7f4-36ac-79de-f5df-1a8ab898bcc7
f 297/1125/285 308/1126/285 303/1127/285
f 303/1128/286 304/1129/286 299/1130/286 297/1131/286
f 306/1132/287 308/1133/287 297/1134/287 299/1135/287
f 304/1136/288 306/1137/288 299/1138/288
f 302/1139/289 301/1140/289 298/1141/289 300/1142/289
f 304/1143/290 303/1144/290 301/1145/290 302/1146/290
f 302/1147/291 300/1148/291 305/1149/291
f 306/1150/292 304/1151/292 302/1152/292 305/1153/292
f 307/1154/293 305/1155/293 300/1156/293 298/1157/293
f 308/1158/294 306/1159/294 305/1160/294 307/1161/294
f 301/1162/295 307/1163/295 298/1164/295
f 303/1165/296 308/1166/296 307/1167/296 301/1168/296
o cylinder
v -0.171155 0.7125 0.175
v -0.171155 1.05625 0.175
v -0.21875 0.7125 0.222595
v -0.21875 1.05625 0.222595
v -0.21875 0.7125 0.28990499999999997
v -0.21875 1.05625 0.28990499999999997
v -0.171155 0.7125 0.33749999999999997
v -0.171155 1.05625 0.33749999999999997
v -0.10384500000000002 0.7125 0.175
v -0.10384500000000002 1.05625 0.175
v -0.05625000000000001 0.7125 0.222595
v -0.05625000000000001 1.05625 0.222595
v -0.05625000000000001 0.7125 0.28990499999999997
v -0.05625000000000001 1.05625 0.28990499999999997
v -0.10384500000000002 0.7125 0.33749999999999997
v -0.10384500000000002 1.05625 0.33749999999999997
v -0.10384500000000002 0.785416875 0.33749999999999997
v -0.171155 0.785416875 0.33749999999999997
v -0.10384500000000002 0.839583125 0.33749999999999997
v -0.171155 0.839583125 0.33749999999999997
v -0.21875 0.785416875 0.28990499999999997
v -0.21875 0.839583125 0.28990499999999997
v -0.21875 0.785416875 0.222595
v -0.21875 0.839583125 0.222595
v -0.171155 0.785416875 0.175
v -0.171155 0.839583125 0.175
v -0.10384500000000002 0.785416875 0.175
v -0.10384500000000002 0.839583125 0.175
v -0.05625000000000001 0.785416875 0.222595
v -0.05625000000000001 0.839583125 0.222595
v -0.05625000000000001 0.785416875 0.28990499999999997
v -0.05625000000000001 0.839583125 0.28990499999999997
v -0.09721625 0.785416875 0.353504375
v -0.09721625 0.839583125 0.353504375
v -0.17778375000000002 0.839583125 0.353504375
v -0.17778375000000002 0.785416875 0.353504375
v -0.23475437500000002 0.839583125 0.29653375
v -0.23475437500000002 0.785416875 0.29653375
v -0.23475437500000002 0.839583125 0.21596624999999997
v -0.23475437500000002 0.785416875 0.21596624999999997
v -0.17778375000000002 0.839583125 0.15899562499999997
v -0.17778375000000002 0.785416875 0.15899562499999997
v -0.09721625 0.839583125 0.15899562499999997
v -0.09721625 0.785416875 0.15899562499999997
v -0.04024562500000001 0.839583125 0.21596624999999997
v -0.04024562500000001 0.785416875 0.21596624999999997
v -0.04024562500000001 0.839583125 0.29653375
v -0.04024562500000001 0.785416875 0.29653375
v -0.11031500000000001 0.7125 0.3218775
v -0.07187750000000001 0.7125 0.283429375
v -0.07187750000000001 0.7125 0.22906749999999998
v -0.11031812500000002 0.7125 0.19062749999999998
v -0.164681875 0.7125 0.19062749999999998
v -0.2031225 0.7125 0.22906749999999998
v -0.2031225 0.7125 0.283429375
v -0.164681875 0.7125 0.32186937499999996
v -0.15432875000000001 1.1749999999999998 0.2156225
v -0.12067375000000001 1.1749999999999998 0.21562749999999997
v -0.0968775 1.1749999999999998 0.23942375
v -0.0968775 1.1749999999999998 0.27307624999999996
v -0.12067375000000001 1.1749999999999998 0.2968725
v -0.15432625 1.1749999999999998 0.2968725
v -0.17812250000000002 1.1749999999999998 0.27307624999999996
v -0.17812250000000002 1.1749999999999998 0.23942375
v -0.12067375000000001 1.00625 0.2968725
v -0.1375 1.00625 0.25625125
v -0.15432625 1.00625 0.2968725
v -0.17812250000000002 1.00625 0.27307624999999996
v -0.17812250000000002 1.00625 0.23942375
v -0.15432875000000001 1.00625 0.2156225
v -0.12067375000000001 1.00625 0.21562749999999997
v -0.0968775 1.00625 0.23942375
v -0.0968775 1.00625 0.27307624999999996
v -0.07187750000000001 0.75625 0.283429375
v -0.1375 0.75625 0.256248125
v -0.07187750000000001 0.75625 0.22906749999999998
v -0.164681875 0.75625 0.32186937499999996
v -0.11031500000000001 0.75625 0.3218775
v -0.2031225 0.75625 0.283429375
v -0.11031812500000002 0.75625 0.19062749999999998
v -0.164681875 0.75625 0.19062749999999998
v -0.2031225 0.75625 0.22906749999999998
v -0.1605 0.66875 0.31177374999999996
v -0.10902312500000001 0.6875 0.32499999999999996
v -0.11449687500000001 0.66875 0.31178124999999995
v -0.16597687500000002 0.6875 0.32499999999999996
v -0.19302687500000001 0.66875 0.23324937499999998
v -0.20625000000000002 0.6875 0.284726875
v -0.19302687500000001 0.66875 0.27924812499999996
v -0.20625000000000002 0.6875 0.22777312499999997
v -0.11450000000000002 0.66875 0.20072312499999997
v -0.16597687500000002 0.6875 0.18749999999999997
v -0.1605 0.66875 0.20072312499999997
v -0.10902312500000001 0.6875 0.18749999999999997
v -0.08197312500000001 0.66875 0.27924812499999996
v -0.06875 0.6875 0.22777312499999997
v -0.08197312500000001 0.66875 0.23324937499999998
v -0.06875 0.6875 0.284726875
vt 0.5049375 0.7890625
vt 0.5106875 0.7890625
vt 0.511371875 0.79193046875
vt 0.504253125 0.79193046875
vt 0.0859375 0.890625
vt 0.0859375 0.8671875
vt 0.09375 0.8671875
vt 0.09375 0.890625
vt 0.449600078125 0.6677052343750001
vt 0.44904109375 0.671875
vt 0.433212421875 0.671875
vt 0.434330390625 0.6635355468749999
vt 0.265625 0.50862125
vt 0.265625 0.5154171875
vt 0.2578125 0.5162259375
vt 0.2578125 0.5078125
vt 0.34375 0.609375
vt 0.34375 0.5859375
vt 0.3515625 0.5859375
vt 0.3515625 0.609375
vt 0.171875 0.577566015625
vt 0.168232109375 0.578125
vt 0.1640625 0.5628553125
vt 0.171875 0.561736640625
vt 0.2236875 0.4921875
vt 0.2294375 0.4921875
vt 0.230121875 0.49505546874999995
vt 0.223003125 0.49505546874999995
vt 0.078125 0.609375
vt 0.078125 0.5859375
vt 0.0859375 0.5859375
vt 0.0859375 0.609375
vt 0.0703125 0.5697534375
vt 0.06667046875 0.5703125
vt 0.0625 0.5550430468750001
vt 0.0703125 0.5539246875
vt 0.4887896875 0.9921875
vt 0.495585078125 0.9921875
vt 0.49639421875 1
vt 0.48798078125 1
vt 0.28125 0.609375
vt 0.28125 0.5859375
vt 0.2890625 0.5859375
vt 0.2890625 0.609375
vt 0.0390625 0.5619409375
vt 0.03542046875 0.5625
vt 0.03125 0.5472305468750001
vt 0.0390625 0.5461121875
vt 0.2705628125 0.4921875
vt 0.27631359375 0.492188125
vt 0.27699765625 0.49505539062500004
vt 0.269878125 0.49505539062500004
vt 0.09375 0.609375
vt 0.09375 0.5859375
vt 0.1015625 0.5859375
vt 0.1015625 0.609375
vt 0.0234375 0.5697534375
vt 0.01979546875 0.5703125
vt 0.015625 0.5550430468750001
vt 0.0234375 0.5539246875
vt 0.47996046875 0.6015625
vt 0.47316453125 0.6015625
vt 0.47235578125 0.59375
vt 0.48076921875 0.59375
vt 0.359375 0.609375
vt 0.359375 0.5859375
vt 0.3671875 0.5859375
vt 0.3671875 0.609375
vt 0.4453125 0.8822534375
vt 0.44167046875 0.8828125
vt 0.4375 0.8675430468750001
vt 0.4453125 0.8664246875
vt 0.5049375 0.7734375
vt 0.5106875 0.7734375
vt 0.511371875 0.77630546875
vt 0.504253125 0.77630546875
vt 0.109375 0.609375
vt 0.109375 0.5859375
vt 0.1171875 0.5859375
vt 0.1171875 0.609375
vt 0.2578125 0.5697534375
vt 0.25417046875 0.5703125
vt 0.25 0.5550430468750001
vt 0.2578125 0.5539246875
vt 0.015625 0.507603984375
vt 0.015625 0.50080859375
vt 0.0234375 0.5
vt 0.0234375 0.5084134375
vt 0.296875 0.609375
vt 0.296875 0.5859375
vt 0.3046875 0.5859375
vt 0.3046875 0.609375
vt 0.0546875 0.5619409375
vt 0.05104546875 0.5625
vt 0.046875 0.5472305468750001
vt 0.0546875 0.5461121875
vt 0.3046875 0.5078125
vt 0.3046875 0.515625
vt 0.296875 0.515625
vt 0.296875 0.5078125
vt 0.4921875 0.6875
vt 0.4921875 0.6953125
vt 0.484375 0.6953125
vt 0.484375 0.6875
vt 0.4921875 0.5078125
vt 0.4921875 0.515625
vt 0.484375 0.515625
vt 0.484375 0.5078125
vt 0.09375 0.5
vt 0.09375 0.5078125
vt 0.0859375 0.5078125
vt 0.0859375 0.5
vt 0.3203125 0.5078125
vt 0.3203125 0.515625
vt 0.3125 0.515625
vt 0.3125 0.5078125
vt 0.4921875 0.671875
vt 0.4921875 0.6796875
vt 0.484375 0.6796875
vt 0.484375 0.671875
vt 0.5 0.65625
vt 0.5 0.6640625
vt 0.4921875 0.6640625
vt 0.4921875 0.65625
vt 0.5 0.640625
vt 0.5 0.6484375
vt 0.4921875 0.6484375
vt 0.4921875 0.640625
vt 0.4921875 0.6171875
vt 0.4921875 0.625
vt 0.484375 0.625
vt 0.484375 0.6171875
vt 0.4921875 0.578125
vt 0.4921875 0.5859375
vt 0.484375 0.5859375
vt 0.484375 0.578125
vt 0.3515625 0.5
vt 0.3515625 0.5078125
vt 0.34375 0.5078125
vt 0.34375 0.5
vt 0.3828125 0.5
vt 0.3828125 0.5078125
vt 0.375 0.5078125
vt 0.375 0.5
vt 0.4921875 0.5390625
vt 0.4921875 0.546875
vt 0.484375 0.546875
vt 0.484375 0.5390625
vt 0.4765625 0.5078125
vt 0.4765625 0.515625
vt 0.46875 0.515625
vt 0.46875 0.5078125
vt 0.0390625 0.5
vt 0.0390625 0.5078125
vt 0.03125 0.5078125
vt 0.03125 0.5
vt 0.3359375 0.5
vt 0.3359375 0.5078125
vt 0.328125 0.5078125
vt 0.328125 0.5
vt 0.24496484375 0.9131859375
vt 0.25503515625 0.9131859375
vt 0.25420703125 0.91518671875
vt 0.24579296875 0.91518671875
vt 0.25503515625 0.8602515625
vt 0.24496484375 0.8602515625
vt 0.24579296875 0.85825078125
vt 0.25420703125 0.85825078125
vt 0.23784296875 0.9203078125
vt 0.24496484375 0.9131859375
vt 0.24579296875 0.91518671875
vt 0.23984375 0.9211359375
vt 0.24496484375 0.8602515625
vt 0.23784296875 0.8531296875000001
vt 0.23984375 0.8523015625
vt 0.24579296875 0.85825078125
vt 0.23784296875 0.9303781250000001
vt 0.23784296875 0.9203078125
vt 0.23984375 0.9211359375
vt 0.23984375 0.92955
vt 0.23784296875 0.8531296875000001
vt 0.23784296875 0.8430593749999999
vt 0.23984375 0.8438875
vt 0.23984375 0.8523015625
vt 0.24496484375 0.9375
vt 0.23784296875 0.9303781250000001
vt 0.23984375 0.92955
vt 0.24579296875 0.93549921875
vt 0.23784296875 0.8430593749999999
vt 0.24496484375 0.8359375
vt 0.24579296875 0.83793828125
vt 0.23984375 0.8438875
vt 0.25503515625 0.9375
vt 0.24496484375 0.9375
vt 0.24579296875 0.93549921875
vt 0.25420703125 0.93549921875
vt 0.24496484375 0.8359375
vt 0.25503515625 0.8359375
vt 0.25420703125 0.83793828125
vt 0.24579296875 0.83793828125
vt 0.26215703125 0.9303781250000001
vt 0.25503515625 0.9375
vt 0.25420703125 0.93549921875
vt 0.26015625 0.92955
vt 0.25503515625 0.8359375
vt 0.26215703125 0.8430593749999999
vt 0.26015625 0.8438875
vt 0.25420703125 0.83793828125
vt 0.26215703125 0.9203078125
vt 0.26215703125 0.9303781250000001
vt 0.26015625 0.92955
vt 0.26015625 0.9211359375
vt 0.26215703125 0.8430593749999999
vt 0.26215703125 0.8531296875000001
vt 0.26015625 0.8523015625
vt 0.26015625 0.8438875
vt 0.25503515625 0.9131859375
vt 0.26215703125 0.9203078125
vt 0.26015625 0.9211359375
vt 0.25420703125 0.91518671875
vt 0.26215703125 0.8531296875000001
vt 0.25503515625 0.8602515625
vt 0.25420703125 0.85825078125
vt 0.26015625 0.8523015625
vt 0.1166796875 0.65703125
vt 0.11328125 0.648828125
vt 0.121484375 0.6522257812500001
vt 0.121484375 0.6522257812500001
vt 0.11328125 0.648828125
vt 0.121484375 0.64543046875
vt 0.121484375 0.64543046875
vt 0.11328125 0.648828125
vt 0.11667890625 0.640625
vt 0.11667890625 0.640625
vt 0.11328125 0.648828125
vt 0.10988359375 0.640625
vt 0.10988359375 0.640625
vt 0.11328125 0.648828125
vt 0.105078125 0.64543046875
vt 0.105078125 0.64543046875
vt 0.11328125 0.648828125
vt 0.105078125 0.6522257812500001
vt 0.105078125 0.6522257812500001
vt 0.11328125 0.648828125
vt 0.10988359375 0.6570304687499999
vt 0.10988359375 0.6570304687499999
vt 0.11328125 0.648828125
vt 0.1166796875 0.65703125
vt 0.46664609375 0.7578125
vt 0.46875 0.752734375
vt 0.470853125 0.7578125
vt 0.470853125 0.7578125
vt 0.46875 0.752734375
vt 0.473828125 0.7548375
vt 0.473828125 0.7548375
vt 0.46875 0.752734375
vt 0.473828125 0.75063125
vt 0.473828125 0.75063125
vt 0.46875 0.752734375
vt 0.470853125 0.74765625
vt 0.470853125 0.74765625
vt 0.46875 0.752734375
vt 0.466646875 0.74765625
vt 0.466646875 0.74765625
vt 0.46875 0.752734375
vt 0.463671875 0.75063125
vt 0.463671875 0.75063125
vt 0.46875 0.752734375
vt 0.463671875 0.7548375
vt 0.463671875 0.7548375
vt 0.46875 0.752734375
vt 0.46664609375 0.7578125
vt 0.1484375 0.5859375
vt 0.15625 0.5859375
vt 0.15625 0.609375
vt 0.1484375 0.609375
vt 0.3125 0.5859375
vt 0.3203125 0.5859375
vt 0.3203125 0.609375
vt 0.3125 0.609375
vt 0.1640625 0.5859375
vt 0.171875 0.5859375
vt 0.171875 0.609375
vt 0.1640625 0.609375
vt 0.265625 0.5859375
vt 0.2734375 0.5859375
vt 0.2734375 0.609375
vt 0.265625 0.609375
vt 0.390625 0.7265625
vt 0.3984375 0.7265625
vt 0.3984375 0.75
vt 0.390625 0.75
vt 0.0625 0.578125
vt 0.0703125 0.578125
vt 0.0703125 0.6015625
vt 0.0625 0.6015625
vt 0.390625 0.78125
vt 0.3984375 0.78125
vt 0.3984375 0.8046875
vt 0.390625 0.8046875
vt 0.328125 0.5859375
vt 0.3359375 0.5859375
vt 0.3359375 0.609375
vt 0.328125 0.609375
vt 0.39011640625 0.53125
vt 0.38332109375 0.53125
vt 0.38332109375 0.52578125
vt 0.39011640625 0.52578125
vt 0.43699140625 0.53125
vt 0.43019609375 0.53125
vt 0.43019609375 0.52578125
vt 0.43699140625 0.52578125
vt 0.3984375 0.5078125
vt 0.390625 0.5078125
vt 0.390625 0.5
vt 0.3984375 0.5
vt 0.4921875 0.53125
vt 0.484375 0.53125
vt 0.484375 0.5234375
vt 0.4921875 0.5234375
vt 0.5 0.609375
vt 0.4921875 0.609375
vt 0.4921875 0.6015625
vt 0.5 0.6015625
vt 0.40574140625 0.53125
vt 0.39894609375 0.53125
vt 0.39894609375 0.52578125
vt 0.40574140625 0.52578125
vt 0.4140625 0.5078125
vt 0.40625 0.5078125
vt 0.40625 0.5
vt 0.4140625 0.5
vt 0.42136640625 0.53125
vt 0.41457109375 0.53125
vt 0.41457109375 0.52578125
vt 0.42136640625 0.52578125
vt 0.43071875 0.5201687500000001
vt 0.43646953125 0.5201687500000001
vt 0.43699140625 0.52578125
vt 0.43019609375 0.52578125
vt 0.46262890625 0.47890625
vt 0.4644171875 0.4765625
vt 0.46305078125 0.48203125
vt 0.4609375 0.48203125
vt 0.269878125 0.49505539062500004
vt 0.276996875 0.49505539062500004
vt 0.27764453125 0.498549140625
vt 0.26923046875 0.498549140625
vt 0.21526953125 0.4765625
vt 0.21705859375 0.47890625
vt 0.21875 0.48203125
vt 0.21663515625 0.48203125
vt 0.41509375 0.5201687500000001
vt 0.42084375 0.5201687500000001
vt 0.42136640625 0.52578125
vt 0.41457109375 0.52578125
vt 0.5216484375 0.715625
vt 0.5234375 0.71328125
vt 0.52207109375 0.71875
vt 0.51995703125 0.71875
vt 0.223003125 0.49505546874999995
vt 0.230121875 0.49505546874999995
vt 0.23076953125 0.49854921875
vt 0.22235546875 0.49854921875
vt 0.2578125 0.4765625
vt 0.2596015625 0.47890625
vt 0.26129296875 0.48203125
vt 0.25917890625 0.48203125
vt 0.39946875 0.5201687500000001
vt 0.40521875 0.5201687500000001
vt 0.40574140625 0.52578125
vt 0.39894609375 0.52578125
vt 0.24387890625 0.47890625
vt 0.24566796875 0.4765625
vt 0.2443015625 0.48203125
vt 0.2421875 0.48203125
vt 0.504253125 0.79193046875
vt 0.511371875 0.79193046875
vt 0.51201953125 0.79542421875
vt 0.50360546875 0.79542421875
vt 0.23089453125 0.4765625
vt 0.23268359375 0.47890625
vt 0.234375 0.48203125
vt 0.2322609375 0.48203125
vt 0.38384375 0.5201687500000001
vt 0.38959375 0.5201687500000001
vt 0.39011640625 0.52578125
vt 0.38332109375 0.52578125
vt 0.2794609375 0.47890625
vt 0.28125 0.4765625
vt 0.27988359375 0.48203125
vt 0.27776953125 0.48203125
vt 0.504253125 0.77630546875
vt 0.511371875 0.77630546875
vt 0.51201953125 0.77979921875
vt 0.50360546875 0.77979921875
vt 0.2890625 0.47890625
vt 0.2908515625 0.48124999999999996
vt 0.29254296875 0.484375
vt 0.29042890625 0.484375
vn 0 -0.5763291416253716 -0.8172176702160584
vn 0 0 -1
vn 0.00014056630123887083 0.32372334095721134 -0.9461517736392064
vn 0 -1 0
vn -0.7071067811865476 0 -0.7071067811865476
vn -0.6691534505281597 0.3236502212076348 -0.6689425939185716
vn -0.8172176702160585 -0.5763291416253717 0
vn -1 0 0
vn -0.946157884325307 0.3237055111193804 0
vn 0 -1 0
vn -0.7071067811865476 0 0.7071067811865476
vn -0.6690343040717537 0.3237069661753491 0.6690343040717537
vn -0.00013325058758217954 -0.5761757827772022 0.8173257915821326
vn 0 0 1
vn 0 0.3237055111193804 0.946157884325307
vn 0 -1 0
vn 0.7071067811865476 0 -0.7071067811865476
vn 0.6690343040717537 0.3237069661753491 -0.6690343040717537
vn 0.8172176702160585 -0.5763291416253717 0
vn 1 0 0
vn 0.946157884325307 0.3237055111193804 0
vn 0 -1 0
vn 0.7071067811865476 0 0.7071067811865476
vn 0.6690343040717537 0.3237069661753491 0.6690343040717537
vn 0 0 1
vn 0 0 1
vn -0.7071067811865476 0 0.7071067811865476
vn -0.7071067811865476 0 0.7071067811865476
vn -1 0 0
vn -1 0 0
vn -0.7071067811865476 0 -0.7071067811865476
vn -0.7071067811865476 0 -0.7071067811865476
vn 0 0 -1
vn 0 0 -1
vn 0.7071067811865476 0 -0.7071067811865476
vn 0.7071067811865476 0 -0.7071067811865476
vn 1 0 0
vn 1 0 0
vn 0.7071067811865476 0 0.7071067811865476
vn 0.7071067811865476 0 0.7071067811865476
vn 0 1 0
vn 0 -1 0
vn 0 1 0
vn 0 -1 0
vn 0 1 0
vn 0 -1 0
vn 0 1 0
vn 0 -1 0
vn 0 1 0
vn 0 -1 0
vn 0 1 0
vn 0 -1 0
vn 0 1 0
vn 0 -1 0
vn 0 1 0
vn 0 -1 0
vn 0 -1 0
vn 0 -1 0
vn 0 -1 0
vn 0 -1 0
vn 0 -1 0
vn 0 -1 0
vn 0 -1 0
vn 0 -1 0
vn 0 1 0
vn 0 1 0
vn 0 1 0
vn 0 1 0
vn 0 1 0
vn 0 1 0
vn 0 1 0
vn 0 1 0
vn 0 0 -1
vn 0.7071067811865476 0 -0.7071067811865476
vn 1 0 0
vn 0.7072181979939245 0 0.7069953468207738
vn -0.00014856633322888645 0 0.9999999889640224
vn -0.7071067811865476 0 0.7071067811865476
vn -1 0 0
vn -0.7071067811865476 0 -0.7071067811865476
vn -1 0 0
vn 0.0001494476169409649 0 -0.9999999888327049
vn 0.7071010327481783 0 -0.7071125295781853
vn -0.7072044911337374 0 -0.707009057735664
vn -0.7071010327481783 0 0.7071125295781852
vn 0 0 1
vn 0.7071010327481783 0 0.7071125295781852
vn 1 0 0
vn 0.00015885721411971234 0.22486273777434856 -0.9743904371067126
vn 0.9239375803693453 -0.00003517880183604745 -0.38254326074797346
vn 0 -0.44721359549995787 0.8944271909999161
vn -0.9240455743116904 -0.00025181816466518514 -0.38228224282928747
vn 0.9743937762881226 0.2248483238340291 0
vn 0.3828398069892604 0.00005272530791399773 0.9238147430109934
vn -0.8944271909999161 -0.44721359549995787 0
vn 0.38241916580265783 -0.00017162527950229626 -0.9239889350915209
vn 0 0.22484832383402914 0.9743937762881225
vn -0.9238934295376359 -0.000011820346687960197 0.3826498800698427
vn 0 -0.44721359549995787 -0.8944271909999161
vn 0.9239359106971716 -0.0000965840913632618 0.3825472828235767
vn -0.9743937762881226 0.2248483238340291 0
vn -0.38259447531939195 -0.000026798582029571552 -0.9239163743201629
vn 0.8944271909999161 -0.44721359549995787 0
vn -0.38293148858780574 0.00012848778667378093 0.9237767363052698
usemtl m_7ecca7f4-36ac-79de-f5df-1a8ab898bcc7
f 399/1169/297 401/1170/297 400/1171/297 402/1172/297
f 318/1173/298 336/1174/298 334/1175/298 310/1176/298
f 365/1177/299 366/1178/299 318/1179/299 310/1180/299
f 361/1181/300 362/1182/300 311/1183/300 309/1184/300
f 310/1185/301 334/1186/301 332/1187/301 312/1188/301
f 372/1189/302 365/1190/302 310/1191/302 312/1192/302
f 395/1193/303 397/1194/303 396/1195/303 398/1196/303
f 312/1197/304 332/1198/304 330/1199/304 314/1200/304
f 371/1201/305 372/1202/305 312/1203/305 314/1204/305
f 363/1205/306 364/1206/306 315/1207/306 313/1208/306
f 314/1209/307 330/1210/307 328/1211/307 316/1212/307
f 370/1213/308 371/1214/308 314/1215/308 316/1216/308
f 391/1217/309 393/1218/309 392/1219/309 394/1220/309
f 316/1221/310 328/1222/310 327/1223/310 324/1224/310
f 369/1225/311 370/1226/311 316/1227/311 324/1228/311
f 359/1229/312 360/1230/312 317/1231/312 319/1232/312
f 320/1233/313 338/1234/313 336/1235/313 318/1236/313
f 366/1237/314 367/1238/314 320/1239/314 318/1240/314
f 403/1241/315 405/1242/315 404/1243/315 406/1244/315
f 322/1245/316 340/1246/316 338/1247/316 320/1248/316
f 367/1249/317 368/1250/317 322/1251/317 320/1252/317
f 357/1253/318 358/1254/318 321/1255/318 323/1256/318
f 324/1257/319 327/1258/319 340/1259/319 322/1260/319
f 368/1261/320 369/1262/320 324/1263/320 322/1264/320
f 323/1265/321 325/1266/321 326/1267/321 315/1268/321
f 341/1269/322 342/1270/322 343/1271/322 344/1272/322
f 315/1273/323 326/1274/323 329/1275/323 313/1276/323
f 344/1277/324 343/1278/324 345/1279/324 346/1280/324
f 313/1281/325 329/1282/325 331/1283/325 311/1284/325
f 346/1285/326 345/1286/326 347/1287/326 348/1288/326
f 311/1289/327 331/1290/327 333/1291/327 309/1292/327
f 348/1293/328 347/1294/328 349/1295/328 350/1296/328
f 309/1297/329 333/1298/329 335/1299/329 317/1300/329
f 350/1301/330 349/1302/330 351/1303/330 352/1304/330
f 317/1305/331 335/1306/331 337/1307/331 319/1308/331
f 352/1309/332 351/1310/332 353/1311/332 354/1312/332
f 319/1313/333 337/1314/333 339/1315/333 321/1316/333
f 354/1317/334 353/1318/334 355/1319/334 356/1320/334
f 321/1321/335 339/1322/335 325/1323/335 323/1324/335
f 356/1325/336 355/1326/336 342/1327/336 341/1328/336
f 343/1329/337 342/1330/337 327/1331/337 328/1332/337
f 341/1333/338 344/1334/338 326/1335/338 325/1336/338
f 345/1337/339 343/1338/339 328/1339/339 330/1340/339
f 344/1341/340 346/1342/340 329/1343/340 326/1344/340
f 347/1345/341 345/1346/341 330/1347/341 332/1348/341
f 346/1349/342 348/1350/342 331/1351/342 329/1352/342
f 349/1353/343 347/1354/343 332/1355/343 334/1356/343
f 348/1357/344 350/1358/344 333/1359/344 331/1360/344
f 351/1361/345 349/1362/345 334/1363/345 336/1364/345
f 350/1365/346 352/1366/346 335/1367/346 333/1368/346
f 353/1369/347 351/1370/347 336/1371/347 338/1372/347
f 352/1373/348 354/1374/348 337/1375/348 335/1376/348
f 355/1377/349 353/1378/349 338/1379/349 340/1380/349
f 354/1381/350 356/1382/350 339/1383/350 337/1384/350
f 342/1385/351 355/1386/351 340/1387/351 327/1388/351
f 356/1389/352 341/1390/352 325/1391/352 339/1392/352
f 386/1393/353 383/1394/353 382/1395/353
f 382/1396/354 383/1397/354 384/1398/354
f 384/1399/355 383/1400/355 388/1401/355
f 388/1402/356 383/1403/356 389/1404/356
f 389/1405/357 383/1406/357 390/1407/357
f 390/1408/358 383/1409/358 387/1410/358
f 387/1411/359 383/1412/359 385/1413/359
f 385/1414/360 383/1415/360 386/1416/360
f 378/1417/361 374/1418/361 379/1419/361
f 379/1420/362 374/1421/362 380/1422/362
f 380/1423/363 374/1424/363 381/1425/363
f 381/1426/364 374/1427/364 373/1428/364
f 373/1429/365 374/1430/365 375/1431/365
f 375/1432/366 374/1433/366 376/1434/366
f 376/1435/367 374/1436/367 377/1437/367
f 377/1438/368 374/1439/368 378/1440/368
f 373/1441/369 375/1442/369 370/1443/369 369/1444/369
f 375/1445/370 376/1446/370 371/1447/370 370/1448/370
f 376/1449/371 377/1450/371 372/1451/371 371/1452/371
f 377/1453/372 378/1454/372 365/1455/372 372/1456/372
f 378/1457/373 379/1458/373 366/1459/373 365/1460/373
f 379/1461/374 380/1462/374 367/1463/374 366/1464/374
f 380/1465/375 381/1466/375 368/1467/375 367/1468/375
f 381/1469/376 373/1470/376 369/1471/376 368/1472/376
f 382/1473/377 384/1474/377 359/1475/377 358/1476/377
f 385/1477/378 386/1478/378 357/1479/378 364/1480/378
f 387/1481/379 385/1482/379 364/1483/379 363/1484/379
f 386/1485/380 382/1486/380 358/1487/380 357/1488/380
f 384/1489/381 388/1490/381 360/1491/381 359/1492/381
f 388/1493/382 389/1494/382 361/1495/382 360/1496/382
f 389/1497/383 390/1498/383 362/1499/383 361/1500/383
f 390/1501/384 387/1502/384 363/1503/384 362/1504/384
f 393/1505/385 391/1506/385 364/1507/385 357/1508/385
f 392/1509/386 393/1510/386 357/1511/386 323/1512/386
f 394/1513/387 392/1514/387 323/1515/387 315/1516/387
f 391/1517/388 394/1518/388 315/1519/388 364/1520/388
f 397/1521/389 395/1522/389 362/1523/389 363/1524/389
f 396/1525/390 397/1526/390 363/1527/390 313/1528/390
f 398/1529/391 396/1530/391 313/1531/391 311/1532/391
f 395/1533/392 398/1534/392 311/1535/392 362/1536/392
f 401/1537/393 399/1538/393 360/1539/393 361/1540/393
f 400/1541/394 401/1542/394 361/1543/394 309/1544/394
f 402/1545/395 400/1546/395 309/1547/395 317/1548/395
f 399/1549/396 402/1550/396 317/1551/396 360/1552/396
f 405/1553/397 403/1554/397 358/1555/397 359/1556/397
f 404/1557/398 405/1558/398 359/1559/398 319/1560/398
f 406/1561/399 404/1562/399 319/1563/399 321/1564/399
f 403/1565/400 406/1566/400 321/1567/400 358/1568/400
o cylinder
v 0.171155 0.7125 0.175
v 0.171155 1.05625 0.175
v 0.21875 0.7125 0.222595
v 0.21875 1.05625 0.222595
v 0.21875 0.7125 0.28990499999999997
v 0.21875 1.05625 0.28990499999999997
v 0.171155 0.7125 0.33749999999999997
v 0.171155 1.05625 0.33749999999999997
v 0.10384500000000002 0.7125 0.175
v 0.10384500000000002 1.05625 0.175
v 0.05625000000000001 0.7125 0.222595
v 0.05625000000000001 1.05625 0.222595
v 0.05625000000000001 0.7125 0.28990499999999997
v 0.05625000000000001 1.05625 0.28990499999999997
v 0.10384500000000002 0.7125 0.33749999999999997
v 0.10384500000000002 1.05625 0.33749999999999997
v 0.10384500000000002 0.785416875 0.33749999999999997
v 0.171155 0.785416875 0.33749999999999997
v 0.10384500000000002 0.839583125 0.33749999999999997
v 0.171155 0.839583125 0.33749999999999997
v 0.21875 0.785416875 0.28990499999999997
v 0.21875 0.839583125 0.28990499999999997
v 0.21875 0.785416875 0.222595
v 0.21875 0.839583125 0.222595
v 0.171155 0.785416875 0.175
v 0.171155 0.839583125 0.175
v 0.10384500000000002 0.785416875 0.175
v 0.10384500000000002 0.839583125 0.175
v 0.05625000000000001 0.785416875 0.222595
v 0.05625000000000001 0.839583125 0.222595
v 0.05625000000000001 0.785416875 0.28990499999999997
v 0.05625000000000001 0.839583125 0.28990499999999997
v 0.09721625 0.785416875 0.353504375
v 0.09721625 0.839583125 0.353504375
v 0.17778375000000002 0.839583125 0.353504375
v 0.17778375000000002 0.785416875 0.353504375
v 0.23475437500000002 0.839583125 0.29653375
v 0.23475437500000002 0.785416875 0.29653375
v 0.23475437500000002 0.839583125 0.21596624999999997
v 0.23475437500000002 0.785416875 0.21596624999999997
v 0.17778375000000002 0.839583125 0.15899562499999997
v 0.17778375000000002 0.785416875 0.15899562499999997
v 0.09721625 0.839583125 0.15899562499999997
v 0.09721625 0.785416875 0.15899562499999997
v 0.04024562500000001 0.839583125 0.21596624999999997
v 0.04024562500000001 0.785416875 0.21596624999999997
v 0.04024562500000001 0.839583125 0.29653375
v 0.04024562500000001 0.785416875 0.29653375
v 0.11031500000000001 0.7125 0.3218775
v 0.07187750000000001 0.7125 0.283429375
v 0.07187750000000001 0.7125 0.22906749999999998
v 0.11031812500000002 0.7125 0.19062749999999998
v 0.164681875 0.7125 0.19062749999999998
v 0.2031225 0.7125 0.22906749999999998
v 0.2031225 0.7125 0.283429375
v 0.164681875 0.7125 0.32186937499999996
v 0.15432875000000001 1.1749999999999998 0.2156225
v 0.12067375000000001 1.1749999999999998 0.21562749999999997
v 0.0968775 1.1749999999999998 0.23942375
v 0.0968775 1.1749999999999998 0.27307624999999996
v 0.12067375000000001 1.1749999999999998 0.2968725
v 0.15432625 1.1749999999999998 0.2968725
v 0.17812250000000002 1.1749999999999998 0.27307624999999996
v 0.17812250000000002 1.1749999999999998 0.23942375
v 0.12067375000000001 1.00625 0.2968725
v 0.1375 1.00625 0.25625125
v 0.15432625 1.00625 0.2968725
v 0.17812250000000002 1.00625 0.27307624999999996
v 0.17812250000000002 1.00625 0.23942375
v 0.15432875000000001 1.00625 0.2156225
v 0.12067375000000001 1.00625 0.21562749999999997
v 0.0968775 1.00625 0.23942375
v 0.0968775 1.00625 0.27307624999999996
v 0.07187750000000001 0.75625 0.283429375
v 0.1375 0.75625 0.256248125
v 0.07187750000000001 0.75625 0.22906749999999998
v 0.164681875 0.75625 0.32186937499999996
v 0.11031500000000001 0.75625 0.3218775
v 0.2031225 0.75625 0.283429375
v 0.11031812500000002 0.75625 0.19062749999999998
v 0.164681875 0.75625 0.19062749999999998
v 0.2031225 0.75625 0.22906749999999998
v 0.1605 0.66875 0.31177374999999996
v 0.10902312500000001 0.6875 0.32499999999999996
v 0.11449687500000001 0.66875 0.31178124999999995
v 0.16597687500000002 0.6875 0.32499999999999996
v 0.19302687500000001 0.66875 0.23324937499999998
v 0.20625000000000002 0.6875 0.284726875
v 0.19302687500000001 0.66875 0.27924812499999996
v 0.20625000000000002 0.6875 0.22777312499999997
v 0.11450000000000002 0.66875 0.20072312499999997
v 0.16597687500000002 0.6875 0.18749999999999997
v 0.1605 0.66875 0.20072312499999997
v 0.10902312500000001 0.6875 0.18749999999999997
v 0.08197312500000001 0.66875 0.27924812499999996
v 0.06875 0.6875 0.22777312499999997
v 0.08197312500000001 0.66875 0.23324937499999998
v 0.06875 0.6875 0.284726875
vt 0.511371875 0.79193046875
vt 0.5106875 0.7890625
vt 0.5049375 0.7890625
vt 0.504253125 0.79193046875
vt 0.09375 0.8671875
vt 0.0859375 0.8671875
vt 0.0859375 0.890625
vt 0.09375 0.890625
vt 0.433212421875 0.671875
vt 0.44904109375 0.671875
vt 0.449600078125 0.6677052343750001
vt 0.434330390625 0.6635355468749999
vt 0.2578125 0.5162259375
vt 0.265625 0.5154171875
vt 0.265625 0.50862125
vt 0.2578125 0.5078125
vt 0.3515625 0.5859375
vt 0.34375 0.5859375
vt 0.34375 0.609375
vt 0.3515625 0.609375
vt 0.1640625 0.5628553125
vt 0.168232109375 0.578125
vt 0.171875 0.577566015625
vt 0.171875 0.561736640625
vt 0.230121875 0.49505546874999995
vt 0.2294375 0.4921875
vt 0.2236875 0.4921875
vt 0.223003125 0.49505546874999995
vt 0.0859375 0.5859375
vt 0.078125 0.5859375
vt 0.078125 0.609375
vt 0.0859375 0.609375
vt 0.0625 0.5550430468750001
vt 0.06667046875 0.5703125
vt 0.0703125 0.5697534375
vt 0.0703125 0.5539246875
vt 0.49639421875 1
vt 0.495585078125 0.9921875
vt 0.4887896875 0.9921875
vt 0.48798078125 1
vt 0.2890625 0.5859375
vt 0.28125 0.5859375
vt 0.28125 0.609375
vt 0.2890625 0.609375
vt 0.03125 0.5472305468750001
vt 0.03542046875 0.5625
vt 0.0390625 0.5619409375
vt 0.0390625 0.5461121875
vt 0.27699765625 0.49505539062500004
vt 0.27631359375 0.492188125
vt 0.2705628125 0.4921875
vt 0.269878125 0.49505539062500004
vt 0.1015625 0.5859375
vt 0.09375 0.5859375
vt 0.09375 0.609375
vt 0.1015625 0.609375
vt 0.015625 0.5550430468750001
vt 0.01979546875 0.5703125
vt 0.0234375 0.5697534375
vt 0.0234375 0.5539246875
vt 0.47235578125 0.59375
vt 0.47316453125 0.6015625
vt 0.47996046875 0.6015625
vt 0.48076921875 0.59375
vt 0.3671875 0.5859375
vt 0.359375 0.5859375
vt 0.359375 0.609375
vt 0.3671875 0.609375
vt 0.4375 0.8675430468750001
vt 0.44167046875 0.8828125
vt 0.4453125 0.8822534375
vt 0.4453125 0.8664246875
vt 0.511371875 0.77630546875
vt 0.5106875 0.7734375
vt 0.5049375 0.7734375
vt 0.504253125 0.77630546875
vt 0.1171875 0.5859375
vt 0.109375 0.5859375
vt 0.109375 0.609375
vt 0.1171875 0.609375
vt 0.25 0.5550430468750001
vt 0.25417046875 0.5703125
vt 0.2578125 0.5697534375
vt 0.2578125 0.5539246875
vt 0.0234375 0.5
vt 0.015625 0.50080859375
vt 0.015625 0.507603984375
vt 0.0234375 0.5084134375
vt 0.3046875 0.5859375
vt 0.296875 0.5859375
vt 0.296875 0.609375
vt 0.3046875 0.609375
vt 0.046875 0.5472305468750001
vt 0.05104546875 0.5625
vt 0.0546875 0.5619409375
vt 0.0546875 0.5461121875
vt 0.296875 0.515625
vt 0.3046875 0.515625
vt 0.3046875 0.5078125
vt 0.296875 0.5078125
vt 0.484375 0.6953125
vt 0.4921875 0.6953125
vt 0.4921875 0.6875
vt 0.484375 0.6875
vt 0.484375 0.515625
vt 0.4921875 0.515625
vt 0.4921875 0.5078125
vt 0.484375 0.5078125
vt 0.0859375 0.5078125
vt 0.09375 0.5078125
vt 0.09375 0.5
vt 0.0859375 0.5
vt 0.3125 0.515625
vt 0.3203125 0.515625
vt 0.3203125 0.5078125
vt 0.3125 0.5078125
vt 0.484375 0.6796875
vt 0.4921875 0.6796875
vt 0.4921875 0.671875
vt 0.484375 0.671875
vt 0.4921875 0.6640625
vt 0.5 0.6640625
vt 0.5 0.65625
vt 0.4921875 0.65625
vt 0.4921875 0.6484375
vt 0.5 0.6484375
vt 0.5 0.640625
vt 0.4921875 0.640625
vt 0.484375 0.625
vt 0.4921875 0.625
vt 0.4921875 0.6171875
vt 0.484375 0.6171875
vt 0.484375 0.5859375
vt 0.4921875 0.5859375
vt 0.4921875 0.578125
vt 0.484375 0.578125
vt 0.34375 0.5078125
vt 0.3515625 0.5078125
vt 0.3515625 0.5
vt 0.34375 0.5
vt 0.375 0.5078125
vt 0.3828125 0.5078125
vt 0.3828125 0.5
vt 0.375 0.5
vt 0.484375 0.546875
vt 0.4921875 0.546875
vt 0.4921875 0.5390625
vt 0.484375 0.5390625
vt 0.46875 0.515625
vt 0.4765625 0.515625
vt 0.4765625 0.5078125
vt 0.46875 0.5078125
vt 0.03125 0.5078125
vt 0.0390625 0.5078125
vt 0.0390625 0.5
vt 0.03125 0.5
vt 0.328125 0.5078125
vt 0.3359375 0.5078125
vt 0.3359375 0.5
vt 0.328125 0.5
vt 0.25420703125 0.91518671875
vt 0.25503515625 0.9131859375
vt 0.24496484375 0.9131859375
vt 0.24579296875 0.91518671875
vt 0.24579296875 0.85825078125
vt 0.24496484375 0.8602515625
vt 0.25503515625 0.8602515625
vt 0.25420703125 0.85825078125
vt 0.24579296875 0.91518671875
vt 0.24496484375 0.9131859375
vt 0.23784296875 0.9203078125
vt 0.23984375 0.9211359375
vt 0.23984375 0.8523015625
vt 0.23784296875 0.8531296875000001
vt 0.24496484375 0.8602515625
vt 0.24579296875 0.85825078125
vt 0.23984375 0.9211359375
vt 0.23784296875 0.9203078125
vt 0.23784296875 0.9303781250000001
vt 0.23984375 0.92955
vt 0.23984375 0.8438875
vt 0.23784296875 0.8430593749999999
vt 0.23784296875 0.8531296875000001
vt 0.23984375 0.8523015625
vt 0.23984375 0.92955
vt 0.23784296875 0.9303781250000001
vt 0.24496484375 0.9375
vt 0.24579296875 0.93549921875
vt 0.24579296875 0.83793828125
vt 0.24496484375 0.8359375
vt 0.23784296875 0.8430593749999999
vt 0.23984375 0.8438875
vt 0.24579296875 0.93549921875
vt 0.24496484375 0.9375
vt 0.25503515625 0.9375
vt 0.25420703125 0.93549921875
vt 0.25420703125 0.83793828125
vt 0.25503515625 0.8359375
vt 0.24496484375 0.8359375
vt 0.24579296875 0.83793828125
vt 0.25420703125 0.93549921875
vt 0.25503515625 0.9375
vt 0.26215703125 0.9303781250000001
vt 0.26015625 0.92955
vt 0.26015625 0.8438875
vt 0.26215703125 0.8430593749999999
vt 0.25503515625 0.8359375
vt 0.25420703125 0.83793828125
vt 0.26015625 0.92955
vt 0.26215703125 0.9303781250000001
vt 0.26215703125 0.9203078125
vt 0.26015625 0.9211359375
vt 0.26015625 0.8523015625
vt 0.26215703125 0.8531296875000001
vt 0.26215703125 0.8430593749999999
vt 0.26015625 0.8438875
vt 0.26015625 0.9211359375
vt 0.26215703125 0.9203078125
vt 0.25503515625 0.9131859375
vt 0.25420703125 0.91518671875
vt 0.25420703125 0.85825078125
vt 0.25503515625 0.8602515625
vt 0.26215703125 0.8531296875000001
vt 0.26015625 0.8523015625
vt 0.11328125 0.648828125
vt 0.1166796875 0.65703125
vt 0.121484375 0.6522257812500001
vt 0.11328125 0.648828125
vt 0.121484375 0.6522257812500001
vt 0.121484375 0.64543046875
vt 0.11328125 0.648828125
vt 0.121484375 0.64543046875
vt 0.11667890625 0.640625
vt 0.11328125 0.648828125
vt 0.11667890625 0.640625
vt 0.10988359375 0.640625
vt 0.11328125 0.648828125
vt 0.10988359375 0.640625
vt 0.105078125 0.64543046875
vt 0.11328125 0.648828125
vt 0.105078125 0.64543046875
vt 0.105078125 0.6522257812500001
vt 0.11328125 0.648828125
vt 0.105078125 0.6522257812500001
vt 0.10988359375 0.6570304687499999
vt 0.11328125 0.648828125
vt 0.10988359375 0.6570304687499999
vt 0.1166796875 0.65703125
vt 0.46875 0.752734375
vt 0.46664609375 0.7578125
vt 0.470853125 0.7578125
vt 0.46875 0.752734375
vt 0.470853125 0.7578125
vt 0.473828125 0.7548375
vt 0.46875 0.752734375
vt 0.473828125 0.7548375
vt 0.473828125 0.75063125
vt 0.46875 0.752734375
vt 0.473828125 0.75063125
vt 0.470853125 0.74765625
vt 0.46875 0.752734375
vt 0.470853125 0.74765625
vt 0.466646875 0.74765625
vt 0.46875 0.752734375
vt 0.466646875 0.74765625
vt 0.463671875 0.75063125
vt 0.46875 0.752734375
vt 0.463671875 0.75063125
vt 0.463671875 0.7548375
vt 0.46875 0.752734375
vt 0.463671875 0.7548375
vt 0.46664609375 0.7578125
vt 0.15625 0.609375
vt 0.15625 0.5859375
vt 0.1484375 0.5859375
vt 0.1484375 0.609375
vt 0.3203125 0.609375
vt 0.3203125 0.5859375
vt 0.3125 0.5859375
vt 0.3125 0.609375
vt 0.171875 0.609375
vt 0.171875 0.5859375
vt 0.1640625 0.5859375
vt 0.1640625 0.609375
vt 0.2734375 0.609375
vt 0.2734375 0.5859375
vt 0.265625 0.5859375
vt 0.265625 0.609375
vt 0.3984375 0.75
vt 0.3984375 0.7265625
vt 0.390625 0.7265625
vt 0.390625 0.75
vt 0.0703125 0.6015625
vt 0.0703125 0.578125
vt 0.0625 0.578125
vt 0.0625 0.6015625
vt 0.3984375 0.8046875
vt 0.3984375 0.78125
vt 0.390625 0.78125
vt 0.390625 0.8046875
vt 0.3359375 0.609375
vt 0.3359375 0.5859375
vt 0.328125 0.5859375
vt 0.328125 0.609375
vt 0.38332109375 0.52578125
vt 0.38332109375 0.53125
vt 0.39011640625 0.53125
vt 0.39011640625 0.52578125
vt 0.43019609375 0.52578125
vt 0.43019609375 0.53125
vt 0.43699140625 0.53125
vt 0.43699140625 0.52578125
vt 0.390625 0.5
vt 0.390625 0.5078125
vt 0.3984375 0.5078125
vt 0.3984375 0.5
vt 0.484375 0.5234375
vt 0.484375 0.53125
vt 0.4921875 0.53125
vt 0.4921875 0.5234375
vt 0.4921875 0.6015625
vt 0.4921875 0.609375
vt 0.5 0.609375
vt 0.5 0.6015625
vt 0.39894609375 0.52578125
vt 0.39894609375 0.53125
vt 0.40574140625 0.53125
vt 0.40574140625 0.52578125
vt 0.40625 0.5
vt 0.40625 0.5078125
vt 0.4140625 0.5078125
vt 0.4140625 0.5
vt 0.41457109375 0.52578125
vt 0.41457109375 0.53125
vt 0.42136640625 0.53125
vt 0.42136640625 0.52578125
vt 0.43699140625 0.52578125
vt 0.43646953125 0.5201687500000001
vt 0.43071875 0.5201687500000001
vt 0.43019609375 0.52578125
vt 0.46305078125 0.48203125
vt 0.4644171875 0.4765625
vt 0.46262890625 0.47890625
vt 0.4609375 0.48203125
vt 0.27764453125 0.498549140625
vt 0.276996875 0.49505539062500004
vt 0.269878125 0.49505539062500004
vt 0.26923046875 0.498549140625
vt 0.21875 0.48203125
vt 0.21705859375 0.47890625
vt 0.21526953125 0.4765625
vt 0.21663515625 0.48203125
vt 0.42136640625 0.52578125
vt 0.42084375 0.5201687500000001
vt 0.41509375 0.5201687500000001
vt 0.41457109375 0.52578125
vt 0.52207109375 0.71875
vt 0.5234375 0.71328125
vt 0.5216484375 0.715625
vt 0.51995703125 0.71875
vt 0.23076953125 0.49854921875
vt 0.230121875 0.49505546874999995
vt 0.223003125 0.49505546874999995
vt 0.22235546875 0.49854921875
vt 0.26129296875 0.48203125
vt 0.2596015625 0.47890625
vt 0.2578125 0.4765625
vt 0.25917890625 0.48203125
vt 0.40574140625 0.52578125
vt 0.40521875 0.5201687500000001
vt 0.39946875 0.5201687500000001
vt 0.39894609375 0.52578125
vt 0.2443015625 0.48203125
vt 0.24566796875 0.4765625
vt 0.24387890625 0.47890625
vt 0.2421875 0.48203125
vt 0.51201953125 0.79542421875
vt 0.511371875 0.79193046875
vt 0.504253125 0.79193046875
vt 0.50360546875 0.79542421875
vt 0.234375 0.48203125
vt 0.23268359375 0.47890625
vt 0.23089453125 0.4765625
vt 0.2322609375 0.48203125
vt 0.39011640625 0.52578125
vt 0.38959375 0.5201687500000001
vt 0.38384375 0.5201687500000001
vt 0.38332109375 0.52578125
vt 0.27988359375 0.48203125
vt 0.28125 0.4765625
vt 0.2794609375 0.47890625
vt 0.27776953125 0.48203125
vt 0.51201953125 0.77979921875
vt 0.511371875 0.77630546875
vt 0.504253125 0.77630546875
vt 0.50360546875 0.77979921875
vt 0.29254296875 0.484375
vt 0.2908515625 0.48124999999999996
vt 0.2890625 0.47890625
vt 0.29042890625 0.484375
vn 0 -0.5763291416253716 -0.8172176702160584
vn 0 0 -1
vn -0.0001405663012388606 0.32372334095721134 -0.9461517736392064
vn 0 -1 0
vn 0.7071067811865476 0 -0.7071067811865476
vn 0.6691534505281597 0.3236502212076348 -0.6689425939185716
vn 0.8172176702160584 -0.5763291416253716 0
vn 1 0 0
vn 0.946157884325307 0.3237055111193804 0
vn 0 -1 0
vn 0.7071067811865476 0 0.7071067811865476
vn 0.6690343040717537 0.3237069661753491 0.6690343040717537
vn 0.00013325058758220006 -0.5761757827772022 0.8173257915821326
vn 0 0 1
vn 0 0.3237055111193804 0.946157884325307
vn 0 -1 0
vn -0.7071067811865476 0 -0.7071067811865476
vn -0.6690343040717537 0.3237069661753491 -0.6690343040717537
vn -0.8172176702160585 -0.5763291416253716 0
vn -1 0 0
vn -0.946157884325307 0.3237055111193804 0
vn 0 -1 0
vn -0.7071067811865476 0 0.7071067811865476
vn -0.6690343040717537 0.3237069661753491 0.6690343040717537
vn 0 0 1
vn 0 0 1
vn 0.7071067811865476 0 0.7071067811865476
vn 0.7071067811865476 0 0.7071067811865476
vn 1 0 0
vn 1 0 0
vn 0.7071067811865476 0 -0.7071067811865476
vn 0.7071067811865476 0 -0.7071067811865476
vn 0 0 -1
vn 0 0 -1
vn -0.7071067811865476 0 -0.7071067811865476
vn -0.7071067811865476 0 -0.7071067811865476
vn -1 0 0
vn -1 0 0
vn -0.7071067811865476 0 0.7071067811865476
vn -0.7071067811865476 0 0.7071067811865476
vn 0 1 0
vn 0 -1 0
vn 0 1 0
vn 0 -1 0
vn 0 1 0
vn 0 -1 0
vn 0 1 0
vn 0 -1 0
vn 0 1 0
vn 0 -1 0
vn 0 1 0
vn 0 -1 0
vn 0 1 0
vn 0 -1 0
vn 0 1 0
vn 0 -1 0
vn 0 -1 0
vn 0 -1 0
vn 0 -1 0
vn 0 -1 0
vn 0 -1 0
vn 0 -1 0
vn 0 -1 0
vn 0 -1 0
vn 0 1 0
vn 0 1 0
vn 0 1 0
vn 0 1 0
vn 0 1 0
vn 0 1 0
vn 0 1 0
vn 0 1 0
vn 0 0 -1
vn -0.7071067811865476 0 -0.7071067811865476
vn -1 0 0
vn -0.7072181979939245 0 0.7069953468207738
vn 0.00014856633322888645 0 0.9999999889640224
vn 0.7071067811865476 0 0.7071067811865476
vn 1 0 0
vn 0.7071067811865476 0 -0.7071067811865476
vn 1 0 0
vn -0.0001494476169409649 0 -0.9999999888327049
vn -0.7071010327481783 0 -0.7071125295781853
vn 0.7072044911337374 0 -0.707009057735664
vn 0.7071010327481783 0 0.7071125295781852
vn 0 0 1
vn -0.7071010327481783 0 0.7071125295781852
vn -1 0 0
vn -0.00015885721411970183 0.22486273777434854 -0.9743904371067126
vn -0.9239375803693453 -0.00003517880183604746 -0.3825432607479735
vn 0 -0.44721359549995787 0.8944271909999161
vn 0.9240455743116903 -0.0002518181646649251 -0.38228224282928763
vn -0.9743937762881226 0.22484832383402914 0
vn -0.38283980698926046 0.00005272530791399773 0.9238147430109934
vn 0.8944271909999161 -0.44721359549995787 0
vn -0.38241916580265806 -0.00017162527950229635 -0.9239889350915208
vn 0 0.22484832383402917 0.9743937762881225
vn 0.9238934295376359 -0.000011820346687956175 0.3826498800698427
vn 0 -0.44721359549995787 -0.8944271909999161
vn -0.9239359106971716 -0.00009658409136326187 0.382547282823577
vn 0.9743937762881226 0.22484832383402914 0
vn 0.38259447531939195 -0.000026798582029571552 -0.9239163743201629
vn -0.8944271909999161 -0.44721359549995787 0
vn 0.3829314885878058 0.000128487786673781 0.9237767363052699
usemtl m_7ecca7f4-36ac-79de-f5df-1a8ab898bcc7
f 498/1569/401 499/1570/401 497/1571/401 500/1572/401
f 432/1573/402 434/1574/402 416/1575/402 408/1576/402
f 416/1577/403 464/1578/403 463/1579/403 408/1580/403
f 409/1581/404 460/1582/404 459/1583/404 407/1584/404
f 430/1585/405 432/1586/405 408/1587/405 410/1588/405
f 408/1589/406 463/1590/406 470/1591/406 410/1592/406
f 494/1593/407 495/1594/407 493/1595/407 496/1596/407
f 428/1597/408 430/1598/408 410/1599/408 412/1600/408
f 410/1601/409 470/1602/409 469/1603/409 412/1604/409
f 413/1605/410 462/1606/410 461/1607/410 411/1608/410
f 426/1609/411 428/1610/411 412/1611/411 414/1612/411
f 412/1613/412 469/1614/412 468/1615/412 414/1616/412
f 490/1617/413 491/1618/413 489/1619/413 492/1620/413
f 425/1621/414 426/1622/414 414/1623/414 422/1624/414
f 414/1625/415 468/1626/415 467/1627/415 422/1628/415
f 415/1629/416 458/1630/416 457/1631/416 417/1632/416
f 434/1633/417 436/1634/417 418/1635/417 416/1636/417
f 418/1637/418 465/1638/418 464/1639/418 416/1640/418
f 502/1641/419 503/1642/419 501/1643/419 504/1644/419
f 436/1645/420 438/1646/420 420/1647/420 418/1648/420
f 420/1649/421 466/1650/421 465/1651/421 418/1652/421
f 419/1653/422 456/1654/422 455/1655/422 421/1656/422
f 438/1657/423 425/1658/423 422/1659/423 420/1660/423
f 422/1661/424 467/1662/424 466/1663/424 420/1664/424
f 424/1665/425 423/1666/425 421/1667/425 413/1668/425
f 441/1669/426 440/1670/426 439/1671/426 442/1672/426
f 427/1673/427 424/1674/427 413/1675/427 411/1676/427
f 443/1677/428 441/1678/428 442/1679/428 444/1680/428
f 429/1681/429 427/1682/429 411/1683/429 409/1684/429
f 445/1685/430 443/1686/430 444/1687/430 446/1688/430
f 431/1689/431 429/1690/431 409/1691/431 407/1692/431
f 447/1693/432 445/1694/432 446/1695/432 448/1696/432
f 433/1697/433 431/1698/433 407/1699/433 415/1700/433
f 449/1701/434 447/1702/434 448/1703/434 450/1704/434
f 435/1705/435 433/1706/435 415/1707/435 417/1708/435
f 451/1709/436 449/1710/436 450/1711/436 452/1712/436
f 437/1713/437 435/1714/437 417/1715/437 419/1716/437
f 453/1717/438 451/1718/438 452/1719/438 454/1720/438
f 423/1721/439 437/1722/439 419/1723/439 421/1724/439
f 440/1725/440 453/1726/440 454/1727/440 439/1728/440
f 425/1729/441 440/1730/441 441/1731/441 426/1732/441
f 424/1733/442 442/1734/442 439/1735/442 423/1736/442
f 426/1737/443 441/1738/443 443/1739/443 428/1740/443
f 427/1741/444 444/1742/444 442/1743/444 424/1744/444
f 428/1745/445 443/1746/445 445/1747/445 430/1748/445
f 429/1749/446 446/1750/446 444/1751/446 427/1752/446
f 430/1753/447 445/1754/447 447/1755/447 432/1756/447
f 431/1757/448 448/1758/448 446/1759/448 429/1760/448
f 432/1761/449 447/1762/449 449/1763/449 434/1764/449
f 433/1765/450 450/1766/450 448/1767/450 431/1768/450
f 434/1769/451 449/1770/451 451/1771/451 436/1772/451
f 435/1773/452 452/1774/452 450/1775/452 433/1776/452
f 436/1777/453 451/1778/453 453/1779/453 438/1780/453
f 437/1781/454 454/1782/454 452/1783/454 435/1784/454
f 438/1785/455 453/1786/455 440/1787/455 425/1788/455
f 423/1789/456 439/1790/456 454/1791/456 437/1792/456
f 481/1793/457 484/1794/457 480/1795/457
f 481/1796/458 480/1797/458 482/1798/458
f 481/1799/459 482/1800/459 486/1801/459
f 481/1802/460 486/1803/460 487/1804/460
f 481/1805/461 487/1806/461 488/1807/461
f 481/1808/462 488/1809/462 485/1810/462
f 481/1811/463 485/1812/463 483/1813/463
f 481/1814/464 483/1815/464 484/1816/464
f 472/1817/465 476/1818/465 477/1819/465
f 472/1820/466 477/1821/466 478/1822/466
f 472/1823/467 478/1824/467 479/1825/467
f 472/1826/468 479/1827/468 471/1828/468
f 472/1829/469 471/1830/469 473/1831/469
f 472/1832/470 473/1833/470 474/1834/470
f 472/1835/471 474/1836/471 475/1837/471
f 472/1838/472 475/1839/472 476/1840/472
f 468/1841/473 473/1842/473 471/1843/473 467/1844/473
f 469/1845/474 474/1846/474 473/1847/474 468/1848/474
f 470/1849/475 475/1850/475 474/1851/475 469/1852/475
f 463/1853/476 476/1854/476 475/1855/476 470/1856/476
f 464/1857/477 477/1858/477 476/1859/477 463/1860/477
f 465/1861/478 478/1862/478 477/1863/478 464/1864/478
f 466/1865/479 479/1866/479 478/1867/479 465/1868/479
f 467/1869/480 471/1870/480 479/1871/480 466/1872/480
f 457/1873/481 482/1874/481 480/1875/481 456/1876/481
f 455/1877/482 484/1878/482 483/1879/482 462/1880/482
f 462/1881/483 483/1882/483 485/1883/483 461/1884/483
f 456/1885/484 480/1886/484 484/1887/484 455/1888/484
f 458/1889/485 486/1890/485 482/1891/485 457/1892/485
f 459/1893/486 487/1894/486 486/1895/486 458/1896/486
f 460/1897/487 488/1898/487 487/1899/487 459/1900/487
f 461/1901/488 485/1902/488 488/1903/488 460/1904/488
f 462/1905/489 489/1906/489 491/1907/489 455/1908/489
f 455/1909/490 491/1910/490 490/1911/490 421/1912/490
f 421/1913/491 490/1914/491 492/1915/491 413/1916/491
f 413/1917/492 492/1918/492 489/1919/492 462/1920/492
f 460/1921/493 493/1922/493 495/1923/493 461/1924/493
f 461/1925/494 495/1926/494 494/1927/494 411/1928/494
f 411/1929/495 494/1930/495 496/1931/495 409/1932/495
f 409/1933/496 496/1934/496 493/1935/496 460/1936/496
f 458/1937/497 497/1938/497 499/1939/497 459/1940/497
f 459/1941/498 499/1942/498 498/1943/498 407/1944/498
f 407/1945/499 498/1946/499 500/1947/499 415/1948/499
f 415/1949/500 500/1950/500 497/1951/500 458/1952/500
f 456/1953/501 501/1954/501 503/1955/501 457/1956/501
f 457/1957/502 503/1958/502 502/1959/502 417/1960/502
f 417/1961/503 502/1962/503 504/1963/503 419/1964/503
f 419/1965/504 504/1966/504 501/1967/504 456/1968/504