# Made in Blockbench 5.1.6
mtllib RadioVillain_Body.mtl

o Toe
v -0.21249999999999936 0.03749999999999996 -0.2062500000000007
v -0.21250000000000002 0.11249999999999988 0.01249999999999929
v -0.21249999999999936 0.006249999999999957 -0.2062500000000007
v -0.2125 0.006249999999999985 0.012499999999999303
v -0.06249999999999943 0.03749999999999998 -0.20625000000000027
v -0.0625000000000001 0.1124999999999999 0.012499999999999734
v -0.06249999999999943 0.006249999999999971 -0.20625000000000027
v -0.06250000000000008 0.006249999999999999 0.012499999999999747
v -0.21249999999999963 0.11249999999999986 -0.11250000000000061
v -0.21249999999999963 0.006249999999999971 -0.1125000000000006
v -0.06249999999999971 0.006249999999999985 -0.11250000000000016
v -0.06249999999999972 0.11249999999999989 -0.11250000000000017
v -0.21249999999999947 0.09374999999999988 -0.1656250000000007
v -0.062499999999999556 0.09374999999999989 -0.16562500000000024
v -0.062499999999999556 0.006249999999999978 -0.16562500000000024
v -0.21249999999999947 0.006249999999999964 -0.1656250000000007
vt 0.396484375 0.84375
vt 0.38984375 0.84140625
vt 0.38984375 0.83046875
vt 0.396484375 0.83046875
vt 0.400390625 0.76796875
vt 0.40703125 0.76796875
vt 0.40703125 0.77890625
vt 0.400390625 0.78125
vt 0.546875 1
vt 0.546875 0.9921875
vt 0.5625 0.9921875
vt 0.5625 1
vt 0.22421875 0.65625
vt 0.22421875 0.662890625
vt 0.20546875 0.662890625
vt 0.20546875 0.65625
vt 0.5546875 0.46875
vt 0.5546875 0.4765625
vt 0.5390625 0.4765625
vt 0.5390625 0.46875
vt 0.140625 0.5546875
vt 0.125 0.5546875
vt 0.125 0.5390625
vt 0.140625 0.5390625
vt 0.412109375 0.84375
vt 0.396484375 0.84375
vt 0.396484375 0.83046875
vt 0.412109375 0.83046875
vt 0.22421875 0.640625
vt 0.22421875 0.65625
vt 0.20546875 0.65625
vt 0.20546875 0.640625
vt 0.384765625 0.76796875
vt 0.400390625 0.76796875
vt 0.400390625 0.78125
vt 0.384765625 0.78125
vt 0.4453125 0.859375
vt 0.4453125 0.84375
vt 0.4609375 0.84375
vt 0.4609375 0.859375
vt 0.5625 0.9765625
vt 0.5625 0.984375
vt 0.546875 0.984375
vt 0.546875 0.9765625
vt 0.412109375 0.771875
vt 0.40703125 0.77890625
vt 0.40703125 0.76796875
vt 0.412109375 0.76796875
vt 0.20546875 0.66796875
vt 0.20546875 0.662890625
vt 0.22421875 0.662890625
vt 0.22421875 0.66796875
vt 0.384765625 0.83046875
vt 0.38984375 0.83046875
vt 0.38984375 0.84140625
vt 0.384765625 0.834375
vn -1 -1.224646799147357e-16 -2.9629076969683865e-15
vn 1 1.224646799147357e-16 2.9629076969683865e-15
vn 8.706322791784438e-16 0.9429903335828899 -0.33282011773513703
vn 1.224646799147353e-16 -1 1.224646799147357e-16
vn 2.9629076969683865e-15 -1.224646799147353e-16 -1
vn -2.9629076969683865e-15 1.224646799147353e-16 1
vn -1 -1.224646799147357e-16 -2.9629076969683865e-15
vn 1.224646799147353e-16 -1 1.224646799147357e-16
vn 1 1.224646799147357e-16 2.9629076969683865e-15
vn -1.224646799147353e-16 1 -1.224646799147357e-16
vn 2.330265812328747e-15 0.5854905538443594 -0.8106792283998802
vn 1 1.224646799147357e-16 2.9629076969683865e-15
vn 1.224646799147353e-16 -1 1.224646799147357e-16
vn -1 -1.224646799147357e-16 -2.9629076969683865e-15
usemtl m_b486289d-1bb0-a945-f555-93e2e004edc1
f 9/1/1 13/2/1 16/3/1 10/4/1
f 11/5/2 15/6/2 14/7/2 12/8/2
f 12/9/3 14/10/3 13/11/3 9/12/3
f 10/13/4 16/14/4 15/15/4 11/16/4
f 3/17/5 1/18/5 5/19/5 7/20/5
f 6/21/6 2/22/6 4/23/6 8/24/6
f 2/25/7 9/26/7 10/27/7 4/28/7
f 4/29/8 10/30/8 11/31/8 8/32/8
f 8/33/9 11/34/9 12/35/9 6/36/9
f 6/37/10 12/38/10 9/39/10 2/40/10
f 1/41/11 13/42/11 14/43/11 5/44/11
f 5/45/12 14/46/12 15/47/12 7/48/12
f 7/49/13 15/50/13 16/51/13 3/52/13
f 3/53/14 16/54/14 13/55/14 1/56/14
o Shin
v -0.018750000000000336 0.3749999999999999 0.07210365853658522
v -0.25624999999999976 0.37499999999999983 -0.10000000000000081
v -0.25625000000000037 0.3749999999999999 0.10624999999999915
v -0.2624999999999997 0.11979166666666664 -0.1125000000000008
v -0.2625000000000005 0.11979166666666669 0.16874999999999918
v -0.018749999999999836 0.3749999999999999 -0.1000000000000001
v -0.018750000000000447 0.3749999999999999 0.10624999999999986
v -0.012499999999999761 0.11979166666666667 -0.11250000000000004
v -0.012500000000000608 0.11979166666666671 0.16874999999999993
v -0.2201388888888886 0.11979166666666666 -0.11250000000000068
v -0.21388888888888952 0.11979166666666669 0.19374999999999934
v -0.05486111111111083 0.11979166666666666 -0.11250000000000018
v -0.06111111111111173 0.1197916666666667 0.19374999999999978
v -0.21006944444444492 0.3749999999999999 0.13124999999999928
v -0.06493055555555606 0.3749999999999999 0.13124999999999973
v -0.21006944444444425 0.3749999999999999 -0.10000000000000067
v -0.06493055555555538 0.3749999999999999 -0.10000000000000024
v -0.25625000000000026 0.3749999999999999 0.07210365853658451
v -0.26250000000000023 0.11979166666666666 0.07210365853658453
v -0.2562500000000001 0.3749999999999999 0.0064786585365845285
v -0.2625 0.11979166666666666 0.006478658536584541
v -0.22013888888888894 0.11979166666666666 0.006478658536584666
v -0.05486111111111118 0.11979166666666669 0.0064786585365851565
v -0.012500000000000316 0.11979166666666669 0.07210365853658526
v -0.012500000000000122 0.11979166666666669 0.006478658536585281
v -0.01875000000000014 0.3749999999999999 0.006478658536585231
v -0.06493055555555588 0.3749999999999999 0.07210365853658508
v -0.06493055555555569 0.3749999999999999 0.006478658536585094
v -0.21006944444444475 0.3749999999999999 0.07210365853658465
v -0.21006944444444456 0.3749999999999999 0.006478658536584666
v -0.2201388888888886 0.00624999999999995 -0.11250000000000066
v -0.2625 0.00624999999999995 0.0064786585365845546
v -0.22013888888888894 0.006249999999999978 0.0064786585365846795
v -0.2624999999999997 0.006249999999999922 -0.1125000000000008
v -0.2625000000000002 0.00624999999999995 0.07210365853658454
v -0.21388888888888913 0.006249999999999978 0.07210365853658468
v -0.2625000000000005 0.006249999999999978 0.16874999999999918
v -0.2138888888888895 0.0062500000000000056 0.19374999999999937
v -0.06111111111111135 0.006249999999999978 0.07210365853658514
v -0.06111111111111171 0.0062500000000000056 0.1937499999999998
v -0.054861111111111166 0.006249999999999978 0.00647865853658517
v -0.012500000000000122 0.0062500000000000056 0.006478658536585295
v -0.012500000000000303 0.0062500000000000056 0.07210365853658528
v -0.012500000000000594 0.006250000000000033 0.16874999999999993
v -0.012499999999999761 0.006249999999999978 -0.11250000000000004
v -0.05486111111111082 0.00624999999999995 -0.11250000000000016
v -0.18997916666666734 0.11979166666666669 0.21249999999999944
v -0.085020833333334 0.1197916666666667 0.21249999999999974
v -0.08764479166666725 0.3313431969367824 0.1597812499999997
v -0.1873552083333339 0.3313431969367824 0.1597812499999994
v -0.1899791666666673 0.024019270833333356 0.21249999999999944
v -0.08502083333333399 0.024019270833333356 0.21249999999999974
v -0.17122916666666715 0.11858072232102423 0.1555633442586251
v -0.10377083333333384 0.11858072232102426 0.1555633442586253
v -0.1054572916666672 0.31259319693678234 0.14931334425862527
v -0.16954270833333385 0.31259319693678234 0.14931334425862508
v -0.17122916666666715 0.03026927083333336 0.1555633442586251
v -0.10377083333333383 0.03026927083333336 0.1555633442586253
vt 0.048828125 0.92121484375
vt 0.06370078125 0.92121484375
vt 0.06370078125 0.953125
vt 0.050390624999999994 0.953125
vt 0.035546875000000006 0.9453125
vt 0.022236718750000002 0.9453125
vt 0.022236718750000002 0.91340234375
vt 0.037109375 0.91340234375
vt 0.00655390625 0.75234375
vt 0.00655390625 0.76565390625
vt 0.0007812500000000007 0.76565390625
vt 0.0007812500000000007 0.75234375
vt 0.1015625 0.79609375
vt 0.1015625 0.78122109375
vt 0.1068578125 0.78122109375
vt 0.1068578125 0.79609375
vt 0.1796875 0.8664984375
vt 0.1849828125 0.8664984375
vt 0.18624140625 0.8984375
vt 0.18046875 0.8984375
vt 0.5078125 0.5559691318018747
vt 0.5071531995505669 0.5625
vt 0.47430584127135594 0.5625
vt 0.47496088630848016 0.5557001566838391
vt 0.1275171875 0.79609375
vt 0.1275171875 0.78122109375
vt 0.1328125 0.78122109375
vt 0.1328125 0.79609375
vt 0.375 0.8671875
vt 0.375 0.8515625
vt 0.3984375 0.8515625
vt 0.3984375 0.8671875
vt 0.15625 0.5296482493782174
vt 0.1640625 0.5289933199840063
vt 0.1640625 0.5618406517660582
vt 0.1565219883568064 0.5625
vt 0.33172109375 0.5538609375
vt 0.34015390624999997 0.5538609375
vt 0.33994296875 0.578125
vt 0.33193203125 0.578125
vt 0.03046875 0.75234375
vt 0.03046875 0.76565390625
vt 0.02469609375 0.76565390625
vt 0.02469609375 0.75234375
vt 0.02469609375 0.75234375
vt 0.02469609375 0.76565390625
vt 0.00655390625 0.76565390625
vt 0.00655390625 0.75234375
vt 0.21015625 0.8984375
vt 0.20438359375 0.8984375
vt 0.2056421875 0.8664984375
vt 0.2109375 0.8664984375
vt 0.20438359375 0.8984375
vt 0.18624140625 0.8984375
vt 0.1849828125 0.8664984375
vt 0.2056421875 0.8664984375
vt 0.076171875 0.953125
vt 0.07190390625 0.953125
vt 0.07190390625 0.92121484375
vt 0.083984375 0.92121484375
vt 0.07190390625 0.953125
vt 0.06370078125 0.953125
vt 0.06370078125 0.92121484375
vt 0.07190390625 0.92121484375
vt 0.1328125 0.7609375
vt 0.1328125 0.7730179687500001
vt 0.1267359375 0.7730179687500001
vt 0.1267359375 0.7578125
vt 0.1328125 0.7730179687500001
vt 0.1328125 0.78122109375
vt 0.1275171875 0.78122109375
vt 0.1267359375 0.7730179687500001
vt 0.1267359375 0.7578125
vt 0.1267359375 0.7730179687500001
vt 0.1076390625 0.7730179687500001
vt 0.1076390625 0.7578125
vt 0.1267359375 0.7730179687500001
vt 0.1275171875 0.78122109375
vt 0.1068578125 0.78122109375
vt 0.1076390625 0.7730179687500001
vt 0.1076390625 0.7578125
vt 0.1076390625 0.7730179687500001
vt 0.1015625 0.7730179687500001
vt 0.1015625 0.7609375
vt 0.1076390625 0.7730179687500001
vt 0.1068578125 0.78122109375
vt 0.1015625 0.78122109375
vt 0.1015625 0.7730179687500001
vt 0.001953125 0.91340234375
vt 0.01403359375 0.91340234375
vt 0.01403359375 0.9453125
vt 0.009765625 0.9453125
vt 0.01403359375 0.91340234375
vt 0.022236718750000002 0.91340234375
vt 0.022236718750000002 0.9453125
vt 0.01403359375 0.9453125
vt 0.0007812500000000007 0.778125
vt 0.0007812500000000007 0.7738570312499999
vt 0.00655390625 0.7738570312499999
vt 0.00655390625 0.78125
vt 0.0007812500000000007 0.7738570312499999
vt 0.0007812500000000007 0.76565390625
vt 0.00655390625 0.76565390625
vt 0.00655390625 0.7738570312499999
vt 0.00655390625 0.78125
vt 0.00655390625 0.7738570312499999
vt 0.02469609375 0.7738570312499999
vt 0.02469609375 0.78125
vt 0.00655390625 0.7738570312499999
vt 0.00655390625 0.76565390625
vt 0.02469609375 0.76565390625
vt 0.02469609375 0.7738570312499999
vt 0.02469609375 0.78125
vt 0.02469609375 0.7738570312499999
vt 0.03046875 0.7738570312499999
vt 0.03046875 0.778125
vt 0.02469609375 0.7738570312499999
vt 0.02469609375 0.76565390625
vt 0.03046875 0.76565390625
vt 0.03046875 0.7738570312499999
vt 0.4453125 0.890625
vt 0.4609375 0.890625
vt 0.4609375 0.90625
vt 0.4453125 0.90625
vt 0.048828125 0.907021875
vt 0.06370078125 0.907021875
vt 0.06370078125 0.92121484375
vt 0.048828125 0.92121484375
vt 0.2056421875 0.85230546875
vt 0.2109375 0.85230546875
vt 0.2109375 0.8664984375
vt 0.2056421875 0.8664984375
vt 0.06370078125 0.907021875
vt 0.07190390625 0.907021875
vt 0.07190390625 0.92121484375
vt 0.06370078125 0.92121484375
vt 0.07190390625 0.907021875
vt 0.083984375 0.907021875
vt 0.083984375 0.92121484375
vt 0.07190390625 0.92121484375
vt 0.140625 0.6095129086891596
vt 0.1474578125 0.6095129086891596
vt 0.1474578125 0.6237058774391597
vt 0.140625 0.6237058774391597
vt 0.33172109375 0.542821875
vt 0.34015390624999997 0.542821875
vt 0.34015390624999997 0.5538609375
vt 0.33172109375 0.5538609375
vt 0.328125 0.609375
vt 0.3515625 0.609375
vt 0.3515625 0.625
vt 0.328125 0.625
vt 0.014033593750000002 0.899209375
vt 0.022236718750000002 0.899209375
vt 0.022236718750000002 0.91340234375
vt 0.014033593750000002 0.91340234375
vt 0.001953125 0.899209375
vt 0.014033593750000002 0.899209375
vt 0.014033593750000002 0.91340234375
vt 0.001953125 0.91340234375
vt 0.2431671875 0.61732421875
vt 0.25 0.61732421875
vt 0.25 0.6315171875000001
vt 0.2431671875 0.6315171875000001
vt 0.022236718750000002 0.899209375
vt 0.037109375 0.899209375
vt 0.037109375 0.91340234375
vt 0.022236718750000002 0.91340234375
vt 0.4453125 0.8671875
vt 0.4609375 0.8671875
vt 0.4609375 0.8828125
vt 0.4453125 0.8828125
vt 0.1796875 0.85230546875
vt 0.1849828125 0.85230546875
vt 0.1849828125 0.8664984375
vt 0.1796875 0.8664984375
vt 0.24317734375 0.6585046875
vt 0.23936875 0.6315171875000001
vt 0.2431671875 0.6315171875000001
vt 0.2476125 0.6640625
vt 0.45861171875 0.4609375
vt 0.47107578125 0.4609375
vt 0.47391484375 0.46875
vt 0.45577265625 0.46875
vt 0.15125625 0.6237058774391597
vt 0.14744474636558483 0.6506926968647766
vt 0.14300846179909932 0.65625
vt 0.14745857317815694 0.6237058774391597
vt 0.54171640625 0.6171875
vt 0.52859609375 0.6171875
vt 0.5256078125 0.609375
vt 0.5447046875 0.609375
vt 0.23936875 0.6315171875000001
vt 0.23936875 0.6195453125
vt 0.2431671875 0.61732421875
vt 0.2431671875 0.6315171875000001
vt 0.15125625 0.6117340024391597
vt 0.15125625 0.6237058774391597
vt 0.1474578125 0.6237058774391597
vt 0.1474578125 0.6095129086891596
vt 0.03125 0.591403125
vt 0.032057812500000005 0.5671515625
vt 0.03955078125 0.567303125
vt 0.033189062500000005 0.59375
vt 0.21474453125 0.4296875
vt 0.22275546875 0.4296875
vt 0.22498203125 0.4375
vt 0.21251796875 0.4375
vt 0.48126644403400654 0.578125
vt 0.5055314266825593 0.578125
vt 0.5078125 0.5828483402557525
vt 0.4811678152761657 0.5859375
vt 0.57452890625 0.828125
vt 0.56609609375 0.828125
vt 0.56375234375 0.8203125
vt 0.57687265625 0.8203125
vt 0.032057812500000005 0.5671515625
vt 0.032057812500000005 0.5561125
vt 0.03955078125 0.55533125
vt 0.03955078125 0.567303125
vt 0.390625 0.426309375
vt 0.390625 0.43734843749999996
vt 0.3828125 0.4375
vt 0.3828125 0.42552812500000003
vn -0.9997002597681283 0.024482455341260086 -2.965017830385177e-15
vn 0.9997002597681283 0.024482455341260385 2.9590213582713883e-15
vn -1.224646799147353e-16 1 -1.224646799147357e-16
vn 1.224646799147353e-16 -1 1.224646799147357e-16
vn 2.9533689823324533e-15 0.04892094630305184 -0.9988026536873107
vn 0.464707139928579 0.2171794592727456 0.8584173557014084
vn 1.224646799147353e-16 -1 1.224646799147357e-16
vn 1.224646799147353e-16 -1 1.224646799147357e-16
vn -0.4462285680651735 0.2191680449952743 0.8676666601267186
vn -2.9653145691250432e-15 0.032197720821661655 0.999481518975659
vn -1.224646799147353e-16 1 -1.224646799147357e-16
vn -1.224646799147353e-16 1 -1.224646799147357e-16
vn 2.9533689823324533e-15 0.04892094630305184 -0.9988026536873107
vn 2.9533689823324533e-15 0.04892094630305184 -0.9988026536873107
vn -0.9997002597681283 0.024482455341260086 -2.965017830385177e-15
vn -0.9997002597681283 0.02448245534126009 -2.965017830385177e-15
vn 1.224646799147353e-16 -1 1.224646799147357e-16
vn 1.224646799147353e-16 -1 1.224646799147357e-16
vn 1.224646799147353e-16 -1 1.224646799147357e-16
vn 1.224646799147353e-16 -1 1.224646799147357e-16
vn 1.224646799147353e-16 -1 1.224646799147357e-16
vn 1.224646799147353e-16 -1 1.224646799147357e-16
vn 0.9997002597681283 0.024482455341260388 2.9590213582713883e-15
vn 0.9997002597681283 0.024482455341260388 2.9590213582713883e-15
vn -1.224646799147353e-16 1 -1.224646799147357e-16
vn -1.224646799147353e-16 1 -1.224646799147357e-16
vn -1.224646799147353e-16 1 -1.224646799147357e-16
vn -1.224646799147353e-16 1 -1.224646799147357e-16
vn -1.224646799147353e-16 1 -1.224646799147357e-16
vn -1.224646799147353e-16 1 -1.224646799147357e-16
vn 1 1.224646799147357e-16 2.9629076969683865e-15
vn -1 -1.224646799147357e-16 -2.9629076969683865e-15
vn 2.9629076969683865e-15 -1.224646799147353e-16 -1
vn -1 -1.224646799147357e-16 -2.9629076969683865e-15
vn -1 -1.224646799147357e-16 -2.9629076969683865e-15
vn -0.4573480126207646 5.2897368087728146e-17 0.8892878023181455
vn -2.9629076969683865e-15 1.224646799147353e-16 1
vn 2.9629076969683865e-15 -1.224646799147353e-16 -1
vn 1 1.224646799147357e-16 2.9629076969683865e-15
vn 1 1.224646799147357e-16 2.9629076969683865e-15
vn 0.4573480126207595 1.6491532403821238e-16 0.8892878023181481
vn 1 1.224646799147357e-16 2.9629076969683865e-15
vn -1 -1.224646799147357e-16 -2.9629076969683865e-15
vn 2.9629076969683865e-15 -1.224646799147353e-16 -1
vn 0.6046612078126822 0.19964716064269503 0.771055014258917
vn -2.547213470524303e-15 0.5470669068818365 0.8370888838078907
vn -0.5921633918817641 0.20175891351990013 0.7801511764589949
vn -1.9492042935236234e-15 -0.7258345264060218 0.6878693482609515
vn 0.61708444190892 1.7193813033727243e-16 0.7868969383305268
vn -0.6170844419089246 2.0796033019793466e-17 0.7868969383305232
vn -0.9498324799637469 0.0018187411773893478 0.3127538204186294
vn -2.5273431147589426e-15 -0.48746520042720737 0.8731424158592128
vn 0.524306916490763 0.022864086106620492 0.8512223510261332
vn -4.450331234641113e-16 0.994029058677404 0.10911567488181748
vn -0.9498225594795383 -7.801408218291619e-17 0.3127892349550082
vn 0.9498225594795363 1.5462534926199687e-16 0.3127892349550138
usemtl m_b486289d-1bb0-a945-f555-93e2e004edc1
f 20/57/15 37/58/15 36/59/15 18/60/15
f 22/61/16 42/62/16 41/63/16 24/64/16
f 33/65/17 44/66/17 42/67/17 22/68/17
f 61/69/18 58/70/18 57/71/18 62/72/18
f 24/73/19 28/74/19 33/75/19 22/76/19
f 23/77/20 31/78/20 29/79/20 25/80/20
f 47/81/21 49/82/21 48/83/21 50/84/21
f 28/85/22 39/86/22 38/87/22 26/88/22
f 21/89/23 27/90/23 30/91/23 19/92/23
f 69/93/24 70/94/24 71/95/24 72/96/24
f 18/97/25 36/98/25 46/99/25 32/100/25
f 32/101/26 46/102/26 44/103/26 33/104/26
f 18/105/27 32/106/27 26/107/27 20/108/27
f 32/109/28 33/110/28 28/111/28 26/112/28
f 19/113/29 34/114/29 35/115/29 21/116/29
f 34/117/30 36/118/30 37/119/30 35/120/30
f 53/121/31 51/122/31 52/123/31 54/124/31
f 51/125/32 48/126/32 49/127/32 52/128/32
f 54/129/33 52/130/33 55/131/33 56/132/33
f 52/133/34 49/134/34 57/135/34 55/136/34
f 56/137/35 55/138/35 59/139/35 60/140/35
f 55/141/36 57/142/36 58/143/36 59/144/36
f 25/145/37 40/146/37 17/147/37 23/148/37
f 40/149/38 41/150/38 42/151/38 17/152/38
f 23/153/39 17/154/39 43/155/39 31/156/39
f 17/157/40 42/158/40 44/159/40 43/160/40
f 31/161/41 43/162/41 45/163/41 30/164/41
f 43/165/42 44/166/42 46/167/42 45/168/42
f 30/169/43 45/170/43 34/171/43 19/172/43
f 45/173/44 46/174/44 36/175/44 34/176/44
f 49/177/45 47/178/45 26/179/45 38/180/45
f 50/181/46 48/182/46 37/183/46 20/184/46
f 47/185/47 50/186/47 20/187/47 26/188/47
f 48/189/48 51/190/48 35/191/48 37/192/48
f 51/193/49 53/194/49 21/195/49 35/196/49
f 53/197/50 54/198/50 27/199/50 21/200/50
f 73/201/51 74/202/51 70/203/51 69/204/51
f 57/205/52 49/206/52 38/207/52 39/208/52
f 59/209/53 58/210/53 41/211/53 40/212/53
f 60/213/54 59/214/54 40/215/54 25/216/54
f 56/217/55 60/218/55 25/219/55 29/220/55
f 58/221/56 61/222/56 24/223/56 41/224/56
f 62/225/57 57/226/57 39/227/57 28/228/57
f 61/229/58 62/230/58 28/231/58 24/232/58
f 65/233/59 64/234/59 29/235/59 31/236/59
f 66/237/60 65/238/60 31/239/60 30/240/60
f 63/241/61 66/242/61 30/243/61 27/244/61
f 68/245/62 67/246/62 54/247/62 56/248/62
f 64/249/63 68/250/63 56/251/63 29/252/63
f 67/253/64 63/254/64 27/255/64 54/256/64
f 71/257/65 70/258/65 64/259/65 65/260/65
f 72/261/66 71/262/66 65/263/66 66/264/66
f 69/265/67 72/266/67 66/267/67 63/268/67
f 74/269/68 73/270/68 67/271/68 68/272/68
f 70/273/69 74/274/69 68/275/69 64/276/69
f 73/277/70 69/278/70 63/279/70 67/280/70
o Thigh
v -0.05624999999999984 0.6612500000000002 -0.09500000000000028
v -0.0562500000000004 0.6612500000000002 0.09499999999999972
v -0.056249999999999814 0.38125 -0.09500000000000025
v -0.05625000000000037 0.38125 0.09499999999999975
v -0.05625000000000038 0.5697500000000001 0.09499999999999974
v -0.05624999999999983 0.5697500000000001 -0.09500000000000026
v -0.13749999999999976 0.5697500000000001 -0.09500000000000051
v -0.1374999999999998 0.7087500000000001 -0.09500000000000053
v -0.13750000000000034 0.7087500000000001 0.09499999999999947
v -0.13750000000000032 0.5697500000000001 0.09499999999999949
v -0.1375000000000003 0.38125 0.09499999999999952
v -0.13749999999999973 0.38125 -0.09500000000000049
v -0.21874999999999978 0.7062500000000002 -0.09500000000000076
v -0.21875000000000033 0.7062500000000002 0.09499999999999924
v -0.21249999999999974 0.38125 -0.09500000000000071
v -0.2125000000000003 0.38125 0.0949999999999993
v -0.15199999999999975 0.4088545276038864 -0.09500000000000053
v -0.15449999999999978 0.5697500000000001 -0.09500000000000056
v -0.21749999999999975 0.4088545276038864 -0.09500000000000072
v -0.2227499999999998 0.6872248995423391 -0.09500000000000078
v -0.15249999999999977 0.6872248995423391 -0.09500000000000057
v -0.22275000000000036 0.6872248995423391 0.09499999999999922
v -0.2175000000000003 0.4088545276038864 0.09499999999999928
v -0.15250000000000036 0.6872248995423391 0.09499999999999943
v -0.15450000000000033 0.5697500000000001 0.09499999999999945
v -0.1520000000000003 0.4088545276038864 0.09499999999999947
v -0.27453396099452787 0.5700094271462254 -0.12312500000000091
v -0.15199999999999966 0.40885452760388635 -0.12312500000000053
v -0.1544999999999997 0.5697500000000001 -0.12312500000000055
v -0.24832921898671428 0.40885452760388635 -0.12312500000000082
v -0.2534887030023412 0.6872248995423391 -0.12312500000000087
v -0.1524999999999997 0.6872248995423391 -0.12312500000000057
v -0.27453396099452854 0.5700094271462255 0.12312499999999908
v -0.25348870300234194 0.6872248995423391 0.12312499999999912
v -0.248329218986715 0.4088545276038864 0.12312499999999918
v -0.15250000000000044 0.6872248995423391 0.12312499999999943
v -0.15450000000000041 0.5697500000000001 0.12312499999999944
v -0.15200000000000038 0.4088545276038864 0.12312499999999947
vt 0.3046875 0.6953125
vt 0.3046875 0.71875
vt 0.2734375 0.71875
vt 0.2734375 0.6953125
vt 0.1525 0.715
vt 0.1525 0.7385625
vt 0.12875 0.7385625
vt 0.12875 0.715
vt 0.53125 0.890625
vt 0.53125 0.8984375
vt 0.5078125 0.8984375
vt 0.5078125 0.890625
vt 0.373046875 0.7581249999999999
vt 0.363671875 0.7581249999999999
vt 0.363671875 0.734375
vt 0.373046875 0.734375
vt 0.117033203125 0.68066015625
vt 0.102029296875 0.680628125
vt 0.101716796875 0.66051640625
vt 0.113757421875 0.66051640625
vt 0.276867578125 0.65270390625
vt 0.288908203125 0.65270390625
vt 0.288595703125 0.672815625
vt 0.273591796875 0.67284765625
vt 0.3359375 1
vt 0.3359375 0.984375
vt 0.3671875 0.984375
vt 0.3671875 1
vt 0.273591796875 0.67284765625
vt 0.288595703125 0.672815625
vt 0.288845703125 0.6875
vt 0.276222265625 0.6875
vt 0.12875 0.75
vt 0.12875 0.7385625
vt 0.1525 0.7385625
vt 0.1525 0.75
vt 0.11440273437500001 0.6953125
vt 0.10177929687500001 0.6953125
vt 0.102029296875 0.680628125
vt 0.117033203125 0.68066015625
vt 0.2435 0.8498125
vt 0.25365624999999997 0.8498125
vt 0.25365624999999997 0.8671875
vt 0.2435 0.86125
vt 0.3984375 0.984375
vt 0.3984375 1
vt 0.375 1
vt 0.375 0.984375
vt 0.2643125 0.8065625
vt 0.25415625000000003 0.8125
vt 0.25415625000000003 0.795125
vt 0.2643125 0.795125
vt 0.2643125 0.795125
vt 0.25415625000000003 0.795125
vt 0.25415625000000003 0.7715624999999999
vt 0.2643125 0.7715624999999999
vt 0.353515625 0.734375
vt 0.363671875 0.734375
vt 0.363671875 0.7581249999999999
vt 0.353515625 0.7581249999999999
vt 0.2435 0.8262499999999999
vt 0.25365624999999997 0.8262499999999999
vt 0.25365624999999997 0.8498125
vt 0.2435 0.8498125
vt 0.25546875 0.82970078125
vt 0.25578125 0.8498125
vt 0.25365624999999997 0.8498125
vt 0.25365624999999997 0.8262499999999999
vt 0.26365625 0.82970078125
vt 0.25546875 0.82970078125
vt 0.25365624999999997 0.8262499999999999
vt 0.26303125 0.8262499999999999
vt 0.25553125 0.8644968749999999
vt 0.2643125 0.8644968749999999
vt 0.2638125 0.8668750000000001
vt 0.25365624999999997 0.8671875
vt 0.25578125 0.8498125
vt 0.25553125 0.8644968749999999
vt 0.25365624999999997 0.8671875
vt 0.25365624999999997 0.8498125
vt 0.5078125 0.859375
vt 0.53125 0.859375
vt 0.53125 0.8671875
vt 0.5078125 0.8671875
vt 0.53125 0.8828125
vt 0.5078125 0.8828125
vt 0.5078125 0.875
vt 0.53125 0.875
vt 0.25228125 0.8098093749999999
vt 0.25203125 0.795125
vt 0.25415625000000003 0.795125
vt 0.25415625000000003 0.8125
vt 0.2435 0.8098093749999999
vt 0.25228125 0.8098093749999999
vt 0.25415625000000003 0.8125
vt 0.244 0.8121875000000001
vt 0.25234375 0.77501328125
vt 0.24415625 0.77501328125
vt 0.24478125 0.7715624999999999
vt 0.25415625000000003 0.7715624999999999
vt 0.25203125 0.795125
vt 0.25234375 0.77501328125
vt 0.25415625000000003 0.7715624999999999
vt 0.25415625000000003 0.795125
vt 0.4900390625 0.43394921875000003
vt 0.4900390625 0.4540640625
vt 0.4865234375 0.4540640625
vt 0.4865234375 0.43394921875000003
vt 0.3810203125 0.68703125
vt 0.3689796875 0.68703125
vt 0.3689796875 0.6835156250000001
vt 0.3771671875 0.6835156250000001
vt 0.25931328125 0.60984375
vt 0.27193671875000003 0.60984375
vt 0.26809453125 0.6133593749999999
vt 0.25931328125 0.6133593749999999
vt 0.4900390625 0.4540640625
vt 0.4900390625 0.46875
vt 0.4865234375 0.46875
vt 0.4865234375 0.4540640625
vt 0.27193671875000003 0.60984375
vt 0.27193671875000003 0.640625
vt 0.26809453125 0.637109375
vt 0.26809453125 0.6133593749999999
vt 0.3810203125 0.65625
vt 0.3810203125 0.68703125
vt 0.3771671875 0.6835156250000001
vt 0.3771671875 0.659765625
vt 0.5412109375 0.921875
vt 0.5412109375 0.9071890625
vt 0.5447265625 0.9071890625
vt 0.5447265625 0.921875
vt 0.27193671875000003 0.640625
vt 0.25931328125 0.640625
vt 0.25931328124999997 0.637109375
vt 0.26809453125 0.637109375
vt 0.3689796875 0.65625
vt 0.3810203125 0.65625
vt 0.3771671875 0.659765625
vt 0.3689796875 0.659765625
vt 0.5412109375 0.9071890625
vt 0.5412109375 0.88707421875
vt 0.5447265625 0.88707421875
vt 0.5447265625 0.9071890625
vn -0.9870361763062059 -0.16049793351574507 -2.9048417559089206e-15
vn 1 1.224646799147357e-16 2.9629076969683865e-15
vn -0.030754675786973416 0.9995269630766537 -2.1353001520632067e-16
vn 1.224646799147353e-16 -1 1.224646799147357e-16
vn 2.9629076969683865e-15 -1.224646799147353e-16 -1
vn -2.9629076969683865e-15 1.224646799147353e-16 1
vn -0.9842615928949595 0.17671761867985059 -2.9379179160257623e-15
vn -2.9629076969683865e-15 1.224646799147353e-16 1
vn 1 1.224646799147357e-16 2.9629076969683865e-15
vn 2.9629076969683865e-15 -1.224646799147353e-16 -1
vn 2.9629076969683865e-15 -1.224646799147353e-16 -1
vn 0.504696587331155 0.8632967941190828 1.389646037673946e-15
vn -2.9629076969683865e-15 1.224646799147353e-16 1
vn -2.9629076969683865e-15 1.224646799147353e-16 1
vn 1.224646799147353e-16 -1 1.224646799147357e-16
vn 2.9629076969683865e-15 -1.224646799147353e-16 -1
vn 2.9629076969683865e-15 -1.224646799147353e-16 -1
vn 2.9629076969683865e-15 -1.224646799147353e-16 -1
vn 2.9629076969683865e-15 -1.224646799147353e-16 -1
vn 2.9629076969683865e-15 -1.224646799147353e-16 -1
vn -0.9786045453234142 0.20575019774560044 -2.9247120717363008e-15
vn -0.9839889230160128 -0.1782296254324386 -2.8936415197058704e-15
vn -2.9629076969683865e-15 1.224646799147353e-16 1
vn -2.9629076969683865e-15 1.224646799147353e-16 1
vn -2.9629076969683865e-15 1.224646799147353e-16 1
vn -2.9629076969683865e-15 1.224646799147353e-16 1
vn 0.9998793065379747 0.01553616288338356 2.9606474621661613e-15
vn 1.224646799147353e-16 -1 1.224646799147357e-16
vn -1.224646799147353e-16 1 -1.224646799147357e-16
vn 0.9998551076573835 -0.017022446693764095 2.9645630428169336e-15
vn -1.224646799147353e-16 1 -1.224646799147357e-16
vn 1.224646799147353e-16 -1 1.224646799147357e-16
vn 0.9998551076573835 -0.017022446693764095 2.9645630428169336e-15
vn -1.224646799147353e-16 1 -1.224646799147357e-16
vn 1.224646799147353e-16 -1 1.224646799147357e-16
vn 0.9998793065379747 0.01553616288338356 2.9606474621661613e-15
usemtl m_b486289d-1bb0-a945-f555-93e2e004edc1
f 109/281/71 107/282/71 101/283/71 104/284/71
f 77/285/72 80/286/72 79/287/72 78/288/72
f 88/289/73 83/290/73 82/291/73 87/292/73
f 89/293/74 86/294/74 85/295/74 90/296/74
f 101/297/75 103/298/75 102/299/75 104/300/75
f 109/301/76 112/302/76 111/303/76 107/304/76
f 105/305/77 101/306/77 107/307/77 108/308/77
f 107/309/78 111/310/78 110/311/78 108/312/78
f 76/313/79 79/314/79 80/315/79 75/316/79
f 105/317/80 106/318/80 103/319/80 101/320/80
f 80/321/81 81/322/81 82/323/81 75/324/81
f 75/325/82 82/326/82 83/327/82 76/328/82
f 76/329/83 83/330/83 84/331/83 79/332/83
f 79/333/84 84/334/84 85/335/84 78/336/84
f 78/337/85 85/338/85 86/339/85 77/340/85
f 77/341/86 86/342/86 81/343/86 80/344/86
f 91/345/87 92/346/87 81/347/87 86/348/87
f 93/349/88 91/350/88 86/351/88 89/352/88
f 95/353/89 94/354/89 87/355/89 82/356/89
f 92/357/90 95/358/90 82/359/90 81/360/90
f 94/361/91 96/362/91 88/363/91 87/364/91
f 97/365/92 93/366/92 89/367/92 90/368/92
f 98/369/93 99/370/93 84/371/93 83/372/93
f 96/373/94 98/374/94 83/375/94 88/376/94
f 100/377/95 97/378/95 90/379/95 85/380/95
f 99/381/96 100/382/96 85/383/96 84/384/96
f 102/385/97 103/386/97 92/387/97 91/388/97
f 104/389/98 102/390/98 91/391/98 93/392/98
f 106/393/99 105/394/99 94/395/99 95/396/99
f 103/397/100 106/398/100 95/399/100 92/400/100
f 105/401/101 108/402/101 96/403/101 94/404/101
f 109/405/102 104/406/102 93/407/102 97/408/102
f 110/409/103 111/410/103 99/411/103 98/412/103
f 108/413/104 110/414/104 98/415/104 96/416/104
f 112/417/105 109/418/105 97/419/105 100/420/105
f 111/421/106 112/422/106 100/423/106 99/424/106
o cuboid
v -0.8250000000000001 1.0437500000000015 0.10937499999999997
v -0.8250000000000001 1.0437500000000015 -0.11718749999999994
v -0.8250000000000001 0.9187500000000018 0.10937499999999997
v -0.8250000000000001 0.9187500000000018 -0.11718749999999994
v -0.6250000000000001 1.0437500000000015 0.08437499999999995
v -0.6250000000000001 1.0437500000000015 -0.11718749999999994
v -0.6250000000000001 0.9187500000000018 0.08437499999999995
v -0.6250000000000001 0.9187500000000018 -0.11718749999999994
v -0.6250000000000001 0.993750000000002 -0.11718749999999994
v -0.85 0.993750000000002 -0.11718749999999994
v -0.85 0.993750000000002 0.10937499999999997
v -0.6250000000000001 0.993750000000002 0.08437499999999995
v -0.7250000000000001 0.993750000000002 -0.11718749999999994
v -0.7250000000000001 1.0437500000000015 -0.11718749999999994
v -0.7250000000000001 1.0437500000000015 0.10937499999999997
v -0.7250000000000001 0.993750000000002 0.10937499999999997
v -0.7250000000000001 0.9187500000000018 0.10937499999999997
v -0.7250000000000001 0.9187500000000018 -0.11718749999999994
v -0.85 0.993750000000002 -0.042187500000000024
v -0.8250000000000001 0.9187500000000018 -0.042187500000000024
v -0.7250000000000001 0.9187500000000018 -0.042187500000000024
v -0.6250000000000001 0.9187500000000018 -0.042187500000000024
v -0.6250000000000001 0.993750000000002 -0.042187500000000024
v -0.6250000000000001 1.0437500000000015 -0.042187500000000024
v -0.7250000000000001 1.0437500000000015 -0.042187500000000024
v -0.8250000000000001 1.0437500000000015 -0.042187500000000024
v -0.6250000000000001 0.8812500000000015 -0.14843749999999997
v -0.7250000000000001 0.8812500000000015 -0.14843749999999997
v -0.7250000000000001 0.8812500000000018 -0.042187500000000024
v -0.6250000000000001 0.8812500000000018 -0.042187500000000024
v -0.6812500000000001 0.9187500000000018 -0.042187500000000024
v -0.6812500000000001 0.9187500000000018 0.10937499999999997
v -0.6812500000000001 0.993750000000002 0.10937499999999997
v -0.6812500000000001 1.0437500000000015 0.10937499999999997
v -0.6812500000000001 1.0437500000000015 -0.042187500000000024
v -0.6812500000000001 1.0437500000000015 -0.11718749999999994
v -0.6812500000000001 0.993750000000002 -0.11718749999999994
v -0.6812500000000001 0.8812500000000015 -0.14843749999999997
v -0.6812500000000001 0.8812500000000018 -0.042187500000000024
v -0.7250000000000001 0.8937500000000017 -0.11718749999999994
v -0.8171875000000001 0.8937500000000017 -0.042187500000000024
v -0.7250000000000001 0.8937500000000017 -0.042187500000000024
v -0.8171875000000001 0.8937500000000017 -0.11718749999999994
v -0.8171875000000001 0.8937500000000017 0.10937499999999997
v -0.7250000000000001 0.8937500000000017 0.10937499999999997
v -0.6812500000000001 0.8937500000000017 -0.042187500000000024
v -0.6812500000000001 0.8937500000000017 0.10937499999999997
vt 0.36865234375 0.88608671875
vt 0.37802734375 0.88608671875
vt 0.37802734375 0.89596875
vt 0.36865234375 0.89596875
vt 0.1828125 0.6953125
vt 0.1828125 0.6859375
vt 0.1953125 0.6859375
vt 0.1953125 0.6953125
vt 0.014746093750000001 0.6171875
vt 0.014746093750000001 0.6265625
vt 0.003222656250000004 0.6265625
vt 0.003222656250000004 0.6171875
vt 0.371484375 0.984375
vt 0.383984375 0.984375
vt 0.383984375 0.99375
vt 0.368359375 0.99375
vt 0.365625 0.86875
vt 0.35 0.86875
vt 0.35 0.859375
vt 0.3625 0.859375
vt 0.34658203125 0.9625
vt 0.33720703125 0.9625
vt 0.33720703125 0.953125
vt 0.34658203125 0.953125
vt 0.3625 0.875
vt 0.35 0.875
vt 0.35 0.86875
vt 0.365625 0.86875
vt 0.44677734375 0.9227
vt 0.45615234375 0.9227
vt 0.45615234375 0.9296875
vt 0.44677734375 0.9296875
vt 0.368359375 0.99375
vt 0.383984375 0.99375
vt 0.383984375 1
vt 0.371484375 1
vt 0.34658203125 0.96875
vt 0.33720703125 0.96875
vt 0.33720703125 0.9625
vt 0.34658203125 0.9625
vt 0.3375 0.86875
vt 0.34453125 0.86875
vt 0.34453125 0.875
vt 0.3375 0.875
vt 0.2078125 0.6953125
vt 0.20078125 0.6953125
vt 0.20078125 0.6859375
vt 0.2078125 0.6859375
vt 0.4140625 0.5234375
vt 0.40636796875000003 0.5234375
vt 0.40636796875000003 0.5171875
vt 0.4140625 0.5171875
vt 0.4140625 0.5171875
vt 0.40636796875000003 0.5171875
vt 0.40636796875000003 0.5078125
vt 0.4140625 0.5078125
vt 0.475 0.97421875
vt 0.46796875 0.97421875
vt 0.46796875 0.9609375
vt 0.475 0.9609375
vt 0.0328125 0.5322796875
vt 0.039843750000000004 0.5322796875
vt 0.039843750000000004 0.546875
vt 0.0328125 0.546875
vt 0.39697265625 0.89596875
vt 0.37802734375 0.89596875
vt 0.37802734375 0.88608671875
vt 0.39697265625 0.88608671875
vt 0.003222656250000004 0.6455078125
vt 0.003222656250000004 0.6265625
vt 0.014746093750000001 0.6265625
vt 0.014746093750000001 0.6455078125
vt 0.3515625 0.5203125
vt 0.34375 0.5234375
vt 0.34375 0.5078125
vt 0.3515625 0.5078125
vt 0.32138671875 0.953125
vt 0.33720703125 0.953125
vt 0.33720703125 0.9625
vt 0.32138671875 0.9625
vt 0.32138671875 0.9625
vt 0.33720703125 0.9625
vt 0.33720703125 0.96875
vt 0.32138671875 0.96875
vt 0.2078125 0.6859375
vt 0.20078125 0.6859375
vt 0.20078125 0.6669921875
vt 0.2078125 0.6701171875
vt 0.1953125 0.6669921875
vt 0.1953125 0.6859375
vt 0.1828125 0.6859375
vt 0.1828125 0.6669921875
vt 0.47509765625 0.9296875
vt 0.45615234375 0.9296875
vt 0.45615234375 0.9227
vt 0.47509765625 0.9227
vt 0.407421875 0.5484375
vt 0.411328125 0.553125
vt 0.411328125 0.5625
vt 0.35048828125 0.9484375
vt 0.34658203125 0.9625
vt 0.34658203125 0.953125
vt 0.33720703125 0.9484375
vt 0.35048828125 0.9484375
vt 0.34658203125 0.953125
vt 0.33720703125 0.953125
vt 0.38125 0.4921875
vt 0.37421875 0.4921875
vt 0.37421875 0.48750000000000004
vt 0.38125 0.48750000000000004
vt 0.407421875 0.5484375
vt 0.420703125 0.5484375
vt 0.420703125 0.553125
vt 0.411328125 0.553125
vt 0.014746093750000001 0.6265625
vt 0.020214843749999996 0.6265625
vt 0.020214843749999996 0.6455078125
vt 0.014746093750000001 0.6455078125
vt 0.383984375 0.984375
vt 0.389453125 0.984375
vt 0.389453125 0.99375
vt 0.383984375 0.99375
vt 0.383984375 0.99375
vt 0.389453125 0.99375
vt 0.389453125 1
vt 0.383984375 1
vt 0.1953125 0.6669921875
vt 0.20078125 0.6669921875
vt 0.20078125 0.6859375
vt 0.1953125 0.6859375
vt 0.1953125 0.6859375
vt 0.20078125 0.6859375
vt 0.20078125 0.6953125
vt 0.1953125 0.6953125
vt 0.35 0.875
vt 0.34453125 0.875
vt 0.34453125 0.86875
vt 0.35 0.86875
vt 0.0453125 0.546875
vt 0.039843750000000004 0.546875
vt 0.039843750000000004 0.5322796875
vt 0.0453125 0.5322796875
vt 0.4625 0.9609375
vt 0.46796875 0.9609375
vt 0.46796875 0.97421875
vt 0.4625 0.97421875
vt 0.36875 0.48750000000000004
vt 0.37421875 0.48750000000000004
vt 0.37421875 0.4921875
vt 0.36875 0.4921875
vt 0.5078125 0.6640625
vt 0.515625 0.6640625
vt 0.515625 0.671875
vt 0.5078125 0.671875
vt 0.36865234375 0.8828125
vt 0.37802734375 0.8828125
vt 0.37802734375 0.88608671875
vt 0.36865234375 0.88608671875
vt 0.35 0.85625
vt 0.3615234375 0.85625
vt 0.3625 0.859375
vt 0.35 0.859375
vt 0.37802734375 0.8828125
vt 0.39697265625 0.8828125
vt 0.39697265625 0.88608671875
vt 0.37802734375 0.88608671875
vt 0.3724609375 0.98125
vt 0.383984375 0.98125
vt 0.383984375 0.984375
vt 0.371484375 0.984375
vt 0.5078125 0.6484375
vt 0.515625 0.6484375
vt 0.515625 0.65625
vt 0.5078125 0.65625
vt 0.4765625 0.59375
vt 0.4921875 0.59375
vt 0.4921875 0.6015625
vt 0.4765625 0.6015625
vt 0.383984375 0.98125
vt 0.389453125 0.98125
vt 0.389453125 0.984375
vt 0.383984375 0.984375
vn -0.9486832980505144 -0.3162277660168363 0
vn 0 1 0
vn 0 -1 0
vn 0 0 1
vn 0 0 -1
vn 1 0 0
vn 0 0 -1
vn -0.8944271909999143 0.44721359549996115 0
vn 0 0 1
vn 1 0 0
vn 0 0 -1
vn 0 1 0
vn 0.4061384660534478 0 0.9138115486202572
vn 0.4061384660534478 0 0.913811548620257
vn 0 -1 2.0898315757650014e-15
vn 0 0.2676438637860938 -0.963517909629941
vn -0.9486832980505144 -0.3162277660168363 0
vn 0 -1 0
vn 0 -1 0
vn 1 0 0
vn 1 0 0
vn 0 1 0
vn 0 1 0
vn -0.8944271909999143 0.44721359549996115 0
vn -1 0 0
vn 1 0 0
vn 1 0 0
vn 0 0 1
vn -1 0 0
vn 0 -1 0
vn 0 0 1
vn 0 0 1
vn 0 1 0
vn 0 1 0
vn 0 0 -1
vn 0 0.2676438637860938 -0.963517909629941
vn 0 -1 2.0898315757650014e-15
vn 0 0 1
vn 1 0 0
vn -0.9544799780350304 -0.2982749931359454 0
vn 0 0 -1
vn -0.9544799780350303 -0.29827499313594535 0
vn 0 0 1
vn 0 0 -1
vn 1 0 0
vn 0 0 1
usemtl none
f 116/425/107 132/426/107 131/427/107 122/428/107
f 114/429/108 138/430/108 137/431/108 126/432/108
f 152/433/109 154/434/109 153/435/109 155/436/109
f 115/437/110 129/438/110 128/439/110 123/440/110
f 122/441/111 125/442/111 130/443/111 116/444/111
f 121/445/112 135/446/112 134/447/112 120/448/112
f 114/449/113 126/450/113 125/451/113 122/452/113
f 122/453/114 131/454/114 138/455/114 114/456/114
f 123/457/115 128/458/115 127/459/115 113/460/115
f 118/461/116 136/462/116 135/463/116 121/464/116
f 121/465/117 149/466/117 148/467/117 118/468/117
f 118/469/118 148/470/118 147/471/118 136/472/118
f 117/473/119 146/474/119 145/475/119 124/476/119
f 124/477/120 145/478/120 144/479/120 119/480/120
f 142/481/121 151/482/121 150/483/121 139/484/121
f 139/485/122 150/486/122 149/487/122 121/488/122
f 123/489/123 131/490/123 132/491/123 115/492/123
f 156/493/124 153/494/124 154/495/124 157/496/124
f 119/497/125 144/498/125 143/499/125 134/500/125
f 119/501/126 134/502/126 135/503/126 124/504/126
f 124/505/127 135/506/127 136/507/127 117/508/127
f 136/509/128 147/510/128 146/511/128 117/512/128
f 127/513/129 137/514/129 138/515/129 113/516/129
f 113/517/130 138/518/130 131/519/130 123/520/130
f 140/521/131 130/522/131 125/523/131
f 139/524/132 121/525/132 120/526/132
f 142/527/133 139/528/133 120/529/133 134/530/133
f 134/531/134 143/532/134 151/533/134 142/534/134
f 140/535/135 141/536/135 133/537/135 130/538/135
f 154/539/136 158/540/136 159/541/136 157/542/136
f 129/543/137 144/544/137 145/545/137 128/546/137
f 128/547/138 145/548/138 146/549/138 127/550/138
f 127/551/139 146/552/139 147/553/139 137/554/139
f 137/555/140 147/556/140 148/557/140 126/558/140
f 126/559/141 148/560/141 149/561/141 125/562/141
f 125/563/142 149/564/142 150/565/142 140/566/142
f 140/567/143 150/568/143 151/569/143 141/570/143
f 141/571/144 151/572/144 143/573/144 133/574/144
f 154/575/145 152/576/145 130/577/145 133/578/145
f 155/579/146 153/580/146 132/581/146 116/582/146
f 152/583/147 155/584/147 116/585/147 130/586/147
f 153/587/148 156/588/148 115/589/148 132/590/148
f 156/591/149 157/592/149 129/593/149 115/594/149
f 158/595/150 154/596/150 133/597/150 143/598/150
f 159/599/151 158/600/151 143/601/151 144/602/151
f 157/603/152 159/604/152 144/605/152 129/606/152
o Toe
v 0.21249999999999936 0.03749999999999996 -0.2062500000000007
v 0.21250000000000002 0.11249999999999988 0.01249999999999929
v 0.21249999999999936 0.006249999999999957 -0.2062500000000007
v 0.2125 0.006249999999999985 0.012499999999999303
v 0.06249999999999943 0.03749999999999998 -0.20625000000000027
v 0.0625000000000001 0.1124999999999999 0.012499999999999734
v 0.06249999999999943 0.006249999999999971 -0.20625000000000027
v 0.06250000000000008 0.006249999999999999 0.012499999999999747
v 0.21249999999999963 0.11249999999999986 -0.11250000000000061
v 0.21249999999999963 0.006249999999999971 -0.1125000000000006
v 0.06249999999999971 0.006249999999999985 -0.11250000000000016
v 0.06249999999999972 0.11249999999999989 -0.11250000000000017
v 0.21249999999999947 0.09374999999999988 -0.1656250000000007
v 0.062499999999999556 0.09374999999999989 -0.16562500000000024
v 0.062499999999999556 0.006249999999999978 -0.16562500000000024
v 0.21249999999999947 0.006249999999999964 -0.1656250000000007
vt 0.40703125 0.74453125
vt 0.40703125 0.75546875
vt 0.400390625 0.7578125
vt 0.400390625 0.74453125
vt 0.38984375 0.73203125
vt 0.38984375 0.72109375
vt 0.396484375 0.72109375
vt 0.396484375 0.734375
vt 0.5546875 0.8515625
vt 0.5703125 0.8515625
vt 0.5703125 0.859375
vt 0.5546875 0.859375
vt 0.35703125 0.795703125
vt 0.33828125 0.795703125
vt 0.33828125 0.7890625
vt 0.35703125 0.7890625
vt 0.5703125 0.875
vt 0.5546875 0.875
vt 0.5546875 0.8671875
vt 0.5703125 0.8671875
vt 0.4609375 0.8203125
vt 0.4609375 0.8359375
vt 0.4453125 0.8359375
vt 0.4453125 0.8203125
vt 0.400390625 0.74453125
vt 0.400390625 0.7578125
vt 0.384765625 0.7578125
vt 0.384765625 0.74453125
vt 0.35703125 0.7890625
vt 0.33828125 0.7890625
vt 0.33828125 0.7734375
vt 0.35703125 0.7734375
vt 0.396484375 0.734375
vt 0.396484375 0.72109375
vt 0.412109375 0.72109375
vt 0.412109375 0.734375
vt 0.1875 0.5390625
vt 0.203125 0.5390625
vt 0.203125 0.5546875
vt 0.1875 0.5546875
vt 0.5703125 0.84375
vt 0.5546875 0.84375
vt 0.5546875 0.8359375
vt 0.5703125 0.8359375
vt 0.38984375 0.72109375
vt 0.38984375 0.73203125
vt 0.384765625 0.725
vt 0.384765625 0.72109375
vt 0.33828125 0.795703125
vt 0.35703125 0.795703125
vt 0.35703125 0.80078125
vt 0.33828125 0.80078125
vt 0.40703125 0.75546875
vt 0.40703125 0.74453125
vt 0.412109375 0.74453125
vt 0.412109375 0.7484375
vn 1 -1.224646799147357e-16 -2.9629076969683865e-15
vn -1 1.224646799147357e-16 2.9629076969683865e-15
vn -8.706322791784438e-16 0.9429903335828899 -0.33282011773513703
vn -1.224646799147353e-16 -1 1.224646799147357e-16
vn -2.9629076969683865e-15 -1.224646799147353e-16 -1
vn 2.9629076969683865e-15 1.224646799147353e-16 1
vn 1 -1.224646799147357e-16 -2.9629076969683865e-15
vn -1.224646799147353e-16 -1 1.224646799147357e-16
vn -1 1.224646799147357e-16 2.9629076969683865e-15
vn 1.224646799147353e-16 1 -1.224646799147357e-16
vn -2.330265812328747e-15 0.5854905538443594 -0.8106792283998802
vn -1 1.224646799147357e-16 2.9629076969683865e-15
vn -1.224646799147353e-16 -1 1.224646799147357e-16
vn 1 -1.224646799147357e-16 -2.9629076969683865e-15
usemtl m_b486289d-1bb0-a945-f555-93e2e004edc1
f 175/607/153 172/608/153 168/609/153 169/610/153
f 173/611/154 174/612/154 170/613/154 171/614/154
f 172/615/155 173/616/155 171/617/155 168/618/155
f 174/619/156 175/620/156 169/621/156 170/622/156
f 164/623/157 160/624/157 162/625/157 166/626/157
f 163/627/158 161/628/158 165/629/158 167/630/158
f 169/631/159 168/632/159 161/633/159 163/634/159
f 170/635/160 169/636/160 163/637/160 167/638/160
f 171/639/161 170/640/161 167/641/161 165/642/161
f 168/643/162 171/644/162 165/645/162 161/646/162
f 173/647/163 172/648/163 160/649/163 164/650/163
f 174/651/164 173/652/164 164/653/164 166/654/164
f 175/655/165 174/656/165 166/657/165 162/658/165
f 172/659/166 175/660/166 162/661/166 160/662/166
o Shin
v 0.018750000000000336 0.3749999999999999 0.07210365853658522
v 0.25624999999999976 0.37499999999999983 -0.10000000000000081
v 0.25625000000000037 0.3749999999999999 0.10624999999999915
v 0.2624999999999997 0.11979166666666664 -0.1125000000000008
v 0.2625000000000005 0.11979166666666669 0.16874999999999918
v 0.018749999999999836 0.3749999999999999 -0.1000000000000001
v 0.018750000000000447 0.3749999999999999 0.10624999999999986
v 0.012499999999999761 0.11979166666666667 -0.11250000000000004
v 0.012500000000000608 0.11979166666666671 0.16874999999999993
v 0.2201388888888886 0.11979166666666666 -0.11250000000000068
v 0.21388888888888952 0.11979166666666669 0.19374999999999934
v 0.05486111111111083 0.11979166666666666 -0.11250000000000018
v 0.06111111111111173 0.1197916666666667 0.19374999999999978
v 0.21006944444444492 0.3749999999999999 0.13124999999999928
v 0.06493055555555606 0.3749999999999999 0.13124999999999973
v 0.21006944444444425 0.3749999999999999 -0.10000000000000067
v 0.06493055555555538 0.3749999999999999 -0.10000000000000024
v 0.25625000000000026 0.3749999999999999 0.07210365853658451
v 0.26250000000000023 0.11979166666666666 0.07210365853658453
v 0.2562500000000001 0.3749999999999999 0.0064786585365845285
v 0.2625 0.11979166666666666 0.006478658536584541
v 0.22013888888888894 0.11979166666666666 0.006478658536584666
v 0.05486111111111118 0.11979166666666669 0.0064786585365851565
v 0.012500000000000316 0.11979166666666669 0.07210365853658526
v 0.012500000000000122 0.11979166666666669 0.006478658536585281
v 0.01875000000000014 0.3749999999999999 0.006478658536585231
v 0.06493055555555588 0.3749999999999999 0.07210365853658508
v 0.06493055555555569 0.3749999999999999 0.006478658536585094
v 0.21006944444444475 0.3749999999999999 0.07210365853658465
v 0.21006944444444456 0.3749999999999999 0.006478658536584666
v 0.2201388888888886 0.00624999999999995 -0.11250000000000066
v 0.2625 0.00624999999999995 0.0064786585365845546
v 0.22013888888888894 0.006249999999999978 0.0064786585365846795
v 0.2624999999999997 0.006249999999999922 -0.1125000000000008
v 0.2625000000000002 0.00624999999999995 0.07210365853658454
v 0.21388888888888913 0.006249999999999978 0.07210365853658468
v 0.2625000000000005 0.006249999999999978 0.16874999999999918
v 0.2138888888888895 0.0062500000000000056 0.19374999999999937
v 0.06111111111111135 0.006249999999999978 0.07210365853658514
v 0.06111111111111171 0.0062500000000000056 0.1937499999999998
v 0.054861111111111166 0.006249999999999978 0.00647865853658517
v 0.012500000000000122 0.0062500000000000056 0.006478658536585295
v 0.012500000000000303 0.0062500000000000056 0.07210365853658528
v 0.012500000000000594 0.006250000000000033 0.16874999999999993
v 0.012499999999999761 0.006249999999999978 -0.11250000000000004
v 0.05486111111111082 0.00624999999999995 -0.11250000000000016
v 0.18997916666666734 0.11979166666666669 0.21249999999999944
v 0.085020833333334 0.1197916666666667 0.21249999999999974
v 0.08764479166666725 0.3313431969367824 0.1597812499999997
v 0.1873552083333339 0.3313431969367824 0.1597812499999994
v 0.1899791666666673 0.024019270833333356 0.21249999999999944
v 0.08502083333333399 0.024019270833333356 0.21249999999999974
v 0.17122916666666715 0.11858072232102423 0.1555633442586251
v 0.10377083333333384 0.11858072232102426 0.1555633442586253
v 0.1054572916666672 0.31259319693678234 0.14931334425862527
v 0.16954270833333385 0.31259319693678234 0.14931334425862508
v 0.17122916666666715 0.03026927083333336 0.1555633442586251
v 0.10377083333333383 0.03026927083333336 0.1555633442586253
vt 0.10817421875 1
vt 0.10817421875 0.96808984375
vt 0.123046875 0.96808984375
vt 0.121484375 1
vt 0.11057578125 0.91340234375
vt 0.11057578125 0.9453125
vt 0.097265625 0.9453125
vt 0.095703125 0.91340234375
vt 0.27265625 0.92190390625
vt 0.26688359375 0.92190390625
vt 0.26688359375 0.90859375
vt 0.27265625 0.90859375
vt 0.0806421875 0.77340859375
vt 0.0859375 0.77340859375
vt 0.0859375 0.78828125
vt 0.0806421875 0.78828125
vt 0.21219609375 1
vt 0.2134546875 0.9680609375
vt 0.21875 0.9680609375
vt 0.21796875 1
vt 0.1796875 0.5289933412713559
vt 0.1796875 0.5618406995505669
vt 0.17214397511803572 0.5625
vt 0.171875 0.5296483863084802
vt 0.0546875 0.77340859375
vt 0.059982812499999996 0.77340859375
vt 0.059982812499999996 0.78828125
vt 0.0546875 0.78828125
vt 0 0.6015625
vt 0.0234375 0.6015625
vt 0.0234375 0.6171875
vt 0 0.6171875
vt 0.5071531517660582 0.7890625
vt 0.47430581998400634 0.7890625
vt 0.4749607493782174 0.7822611476235417
vt 0.5078125 0.7825331359803481
vt 0.0038070312499999997 0.5703125
vt 0.0035960937500000003 0.5460484375
vt 0.012028906249999999 0.5460484375
vt 0.011817968750000001 0.5703125
vt 0.24874140625 0.92190390625
vt 0.24296875 0.92190390625
vt 0.24296875 0.90859375
vt 0.24874140625 0.90859375
vt 0.26688359375 0.92190390625
vt 0.24874140625 0.92190390625
vt 0.24874140625 0.90859375
vt 0.26688359375 0.90859375
vt 0.1927953125 0.9680609375
vt 0.19405390625 1
vt 0.18828125 1
vt 0.1875 0.9680609375
vt 0.2134546875 0.9680609375
vt 0.21219609375 1
vt 0.19405390625 1
vt 0.1927953125 0.9680609375
vt 0.09997109375 0.96808984375
vt 0.09997109375 1
vt 0.095703125 1
vt 0.087890625 0.96808984375
vt 0.10817421875 0.96808984375
vt 0.10817421875 1
vt 0.09997109375 1
vt 0.09997109375 0.96808984375
vt 0.0607640625 0.7652054687500001
vt 0.0546875 0.7652054687500001
vt 0.0546875 0.753125
vt 0.0607640625 0.75
vt 0.059982812499999996 0.77340859375
vt 0.0546875 0.77340859375
vt 0.0546875 0.7652054687500001
vt 0.0607640625 0.7652054687500001
vt 0.0798609375 0.7652054687500001
vt 0.0607640625 0.7652054687500001
vt 0.0607640625 0.75
vt 0.0798609375 0.75
vt 0.0806421875 0.77340859375
vt 0.059982812499999996 0.77340859375
vt 0.0607640625 0.7652054687500001
vt 0.0798609375 0.7652054687500001
vt 0.0859375 0.7652054687500001
vt 0.0798609375 0.7652054687500001
vt 0.0798609375 0.75
vt 0.0859375 0.753125
vt 0.0859375 0.77340859375
vt 0.0806421875 0.77340859375
vt 0.0798609375 0.7652054687500001
vt 0.0859375 0.7652054687500001
vt 0.11877890625 0.9453125
vt 0.11877890625 0.91340234375
vt 0.130859375 0.91340234375
vt 0.123046875 0.9453125
vt 0.11057578125 0.9453125
vt 0.11057578125 0.91340234375
vt 0.11877890625 0.91340234375
vt 0.11877890625 0.9453125
vt 0.26688359375 0.9301070312499999
vt 0.27265625 0.9301070312499999
vt 0.27265625 0.934375
vt 0.26688359375 0.9375
vt 0.26688359375 0.92190390625
vt 0.27265625 0.92190390625
vt 0.27265625 0.9301070312499999
vt 0.26688359375 0.9301070312499999
vt 0.24874140625 0.9301070312499999
vt 0.26688359375 0.9301070312499999
vt 0.26688359375 0.9375
vt 0.24874140625 0.9375
vt 0.24874140625 0.92190390625
vt 0.26688359375 0.92190390625
vt 0.26688359375 0.9301070312499999
vt 0.24874140625 0.9301070312499999
vt 0.24296875 0.9301070312499999
vt 0.24874140625 0.9301070312499999
vt 0.24874140625 0.9375
vt 0.24296875 0.934375
vt 0.24296875 0.92190390625
vt 0.24874140625 0.92190390625
vt 0.24874140625 0.9301070312499999
vt 0.24296875 0.9301070312499999
vt 0.4453125 0.8125
vt 0.4453125 0.796875
vt 0.4609375 0.796875
vt 0.4609375 0.8125
vt 0.10817421875 0.96808984375
vt 0.10817421875 0.953896875
vt 0.123046875 0.953896875
vt 0.123046875 0.96808984375
vt 0.1875 0.9680609375
vt 0.1875 0.95386796875
vt 0.1927953125 0.95386796875
vt 0.1927953125 0.9680609375
vt 0.09997109375 0.96808984375
vt 0.09997109375 0.953896875
vt 0.10817421875 0.953896875
vt 0.10817421875 0.96808984375
vt 0.087890625 0.96808984375
vt 0.087890625 0.953896875
vt 0.09997109375 0.953896875
vt 0.09997109375 0.96808984375
vt 0.3525421875 0.6471433774391597
vt 0.3525421875 0.6329504086891596
vt 0.359375 0.6329504086891596
vt 0.359375 0.6471433774391597
vt 0.0035960937500000003 0.5460484375
vt 0.0035960937500000003 0.535009375
vt 0.012028906249999999 0.535009375
vt 0.012028906249999999 0.5460484375
vt 0.3828125 0.9765625
vt 0.3828125 0.9609375
vt 0.40625 0.9609375
vt 0.40625 0.9765625
vt 0.11057578125 0.91340234375
vt 0.11057578125 0.899209375
vt 0.11877890625 0.899209375
vt 0.11877890625 0.91340234375
vt 0.11877890625 0.91340234375
vt 0.11877890625 0.899209375
vt 0.130859375 0.899209375
vt 0.130859375 0.91340234375
vt 0.3359375 0.7018296875000001
vt 0.3359375 0.68763671875
vt 0.3427703125 0.68763671875
vt 0.3427703125 0.7018296875000001
vt 0.095703125 0.91340234375
vt 0.095703125 0.899209375
vt 0.11057578125 0.899209375
vt 0.11057578125 0.91340234375
vt 0.4453125 0.7890625
vt 0.4453125 0.7734375
vt 0.4609375 0.7734375
vt 0.4609375 0.7890625
vt 0.2134546875 0.9680609375
vt 0.2134546875 0.95386796875
vt 0.21875 0.95386796875
vt 0.21875 0.9680609375
vt 0.3427703125 0.7018296875000001
vt 0.34656875 0.7018296875000001
vt 0.34276015625 0.7288171875
vt 0.338325 0.734375
vt 0.018272656249999998 0.4609375
vt 0.02111171875 0.453125
vt 0.03357578125 0.453125
vt 0.03641484375 0.4609375
vt 0.3569915382009007 0.6796875
vt 0.35255525363441514 0.6741301968647766
vt 0.34874375 0.6471433774391597
vt 0.3525414268218431 0.6471433774391597
vt 0.5447046875 0.515625
vt 0.54171640625 0.5234375
vt 0.52859609375 0.5234375
vt 0.5256078125 0.515625
vt 0.3427703125 0.68763671875
vt 0.34656875 0.6898578125
vt 0.34656875 0.7018296875000001
vt 0.3427703125 0.7018296875000001
vt 0.3525421875 0.6471433774391597
vt 0.34874375 0.6471433774391597
vt 0.34874375 0.6351715024391597
vt 0.3525421875 0.6329504086891596
vt 0.41357421875 0.950115625
vt 0.4210671875 0.9499640625
vt 0.421875 0.974215625
vt 0.4199359375 0.9765625
vt 0.56408046875 0.734375
vt 0.56630703125 0.7265625
vt 0.57431796875 0.7265625
vt 0.57654453125 0.734375
vt 0.5338882601612925 1
vt 0.53125 0.9977189266825593
vt 0.53125 0.9734539440340065
vt 0.53697741990554 0.9733553152761657
vt 0.57687265625 0.8046875
vt 0.57452890625 0.8125
vt 0.56609609375 0.8125
vt 0.56375234375 0.8046875
vt 0.41357421875 0.93814375
vt 0.4210671875 0.938925
vt 0.4210671875 0.9499640625
vt 0.41357421875 0.950115625
vt 0.406155246167582 0.4375
vt 0.3986607447245317 0.4375
vt 0.3984375 0.42646319508771335
vt 0.4059131370268372 0.42553057335627176
vn 0.9997002597681283 0.024482455341260086 -2.965017830385177e-15
vn -0.9997002597681283 0.024482455341260385 2.9590213582713883e-15
vn 1.224646799147353e-16 1 -1.224646799147357e-16
vn -1.224646799147353e-16 -1 1.224646799147357e-16
vn -2.9533689823324533e-15 0.048920946303051834 -0.9988026536873107
vn -0.46470713992857887 0.21717945927274554 0.8584173557014083
vn -1.224646799147353e-16 -1 1.224646799147357e-16
vn -1.224646799147353e-16 -1 1.224646799147357e-16
vn 0.4462285680651734 0.21916804499527429 0.8676666601267184
vn 2.9653145691250432e-15 0.032197720821661655 0.999481518975659
vn 1.224646799147353e-16 1 -1.224646799147357e-16
vn 1.224646799147353e-16 1 -1.224646799147357e-16
vn -2.9533689823324533e-15 0.04892094630305184 -0.9988026536873107
vn -2.9533689823324533e-15 0.04892094630305185 -0.9988026536873107
vn 0.9997002597681283 0.024482455341260086 -2.965017830385177e-15
vn 0.9997002597681283 0.02448245534126009 -2.965017830385177e-15
vn -1.224646799147353e-16 -1 1.224646799147357e-16
vn -1.224646799147353e-16 -1 1.224646799147357e-16
vn -1.224646799147353e-16 -1 1.224646799147357e-16
vn -1.224646799147353e-16 -1 1.224646799147357e-16
vn -1.224646799147353e-16 -1 1.224646799147357e-16
vn -1.224646799147353e-16 -1 1.224646799147357e-16
vn -0.9997002597681283 0.024482455341260388 2.9590213582713883e-15
vn -0.9997002597681283 0.024482455341260388 2.9590213582713883e-15
vn 1.224646799147353e-16 1 -1.224646799147357e-16
vn 1.224646799147353e-16 1 -1.224646799147357e-16
vn 1.224646799147353e-16 1 -1.224646799147357e-16
vn 1.224646799147353e-16 1 -1.224646799147357e-16
vn 1.224646799147353e-16 1 -1.224646799147357e-16
vn 1.224646799147353e-16 1 -1.224646799147357e-16
vn -1 1.224646799147357e-16 2.9629076969683865e-15
vn 1 -1.224646799147357e-16 -2.9629076969683865e-15
vn -2.9629076969683865e-15 -1.224646799147353e-16 -1
vn 1 -1.224646799147357e-16 -2.9629076969683865e-15
vn 1 -1.224646799147357e-16 -2.9629076969683865e-15
vn 0.4573480126207646 5.2897368087728146e-17 0.8892878023181455
vn 2.9629076969683865e-15 1.224646799147353e-16 1
vn -2.9629076969683865e-15 -1.224646799147353e-16 -1
vn -1 1.224646799147357e-16 2.9629076969683865e-15
vn -1 1.224646799147357e-16 2.9629076969683865e-15
vn -0.4573480126207595 1.6491532403821238e-16 0.8892878023181481
vn -1 1.224646799147357e-16 2.9629076969683865e-15
vn 1 -1.224646799147357e-16 -2.9629076969683865e-15
vn -2.9629076969683865e-15 -1.224646799147353e-16 -1
vn -0.6046612078126822 0.19964716064269505 0.771055014258917
vn 2.547213470524303e-15 0.5470669068818366 0.8370888838078907
vn 0.5921633918817643 0.2017589135199001 0.7801511764589948
vn 1.9492042935236234e-15 -0.7258345264060218 0.6878693482609515
vn -0.61708444190892 1.7193813033727243e-16 0.7868969383305268
vn 0.6170844419089246 2.0796033019793466e-17 0.7868969383305232
vn 0.9498324799637469 0.001818741177389363 0.3127538204186295
vn 2.5273431147589426e-15 -0.48746520042720737 0.8731424158592128
vn -0.524306916490763 0.02286408610662049 0.8512223510261332
vn 4.450331234641114e-16 0.994029058677404 0.10911567488181749
vn 0.9498225594795383 -7.801408218291619e-17 0.3127892349550082
vn -0.9498225594795363 1.5462534926199687e-16 0.31278923495501376
usemtl m_b486289d-1bb0-a945-f555-93e2e004edc1
f 195/663/167 196/664/167 179/665/167 177/666/167
f 200/667/168 201/668/168 181/669/168 183/670/168
f 201/671/169 203/672/169 192/673/169 181/674/169
f 216/675/170 217/676/170 220/677/170 221/678/170
f 192/679/171 187/680/171 183/681/171 181/682/171
f 188/683/172 190/684/172 182/685/172 184/686/172
f 207/687/173 208/688/173 206/689/173 209/690/173
f 197/691/174 198/692/174 187/693/174 185/694/174
f 189/695/175 186/696/175 180/697/175 178/698/175
f 230/699/176 229/700/176 228/701/176 231/702/176
f 205/703/177 195/704/177 177/705/177 191/706/177
f 203/707/178 205/708/178 191/709/178 192/710/178
f 185/711/179 191/712/179 177/713/179 179/714/179
f 187/715/180 192/716/180 191/717/180 185/718/180
f 194/719/181 193/720/181 178/721/181 180/722/181
f 196/723/182 195/724/182 193/725/182 194/726/182
f 211/727/183 210/728/183 212/729/183 213/730/183
f 208/731/184 207/732/184 210/733/184 211/734/184
f 214/735/185 211/736/185 213/737/185 215/738/185
f 216/739/186 208/740/186 211/741/186 214/742/186
f 218/743/187 214/744/187 215/745/187 219/746/187
f 217/747/188 216/748/188 214/749/188 218/750/188
f 176/751/189 199/752/189 184/753/189 182/754/189
f 201/755/190 200/756/190 199/757/190 176/758/190
f 202/759/191 176/760/191 182/761/191 190/762/191
f 203/763/192 201/764/192 176/765/192 202/766/192
f 204/767/193 202/768/193 190/769/193 189/770/193
f 205/771/194 203/772/194 202/773/194 204/774/194
f 193/775/195 204/776/195 189/777/195 178/778/195
f 195/779/196 205/780/196 204/781/196 193/782/196
f 185/783/197 206/784/197 208/785/197 197/786/197
f 196/787/198 207/788/198 209/789/198 179/790/198
f 179/791/199 209/792/199 206/793/199 185/794/199
f 194/795/200 210/796/200 207/797/200 196/798/200
f 180/799/201 212/800/201 210/801/201 194/802/201
f 186/803/202 213/804/202 212/805/202 180/806/202
f 229/807/203 233/808/203 232/809/203 228/810/203
f 197/811/204 208/812/204 216/813/204 198/814/204
f 200/815/205 217/816/205 218/817/205 199/818/205
f 199/819/206 218/820/206 219/821/206 184/822/206
f 184/823/207 219/824/207 215/825/207 188/826/207
f 183/827/208 220/828/208 217/829/208 200/830/208
f 198/831/209 216/832/209 221/833/209 187/834/209
f 187/835/210 221/836/210 220/837/210 183/838/210
f 188/839/211 223/840/211 224/841/211 190/842/211
f 190/843/212 224/844/212 225/845/212 189/846/212
f 189/847/213 225/848/213 222/849/213 186/850/213
f 213/851/214 226/852/214 227/853/214 215/854/214
f 215/855/215 227/856/215 223/857/215 188/858/215
f 186/859/216 222/860/216 226/861/216 213/862/216
f 223/863/217 229/864/217 230/865/217 224/866/217
f 224/867/218 230/868/218 231/869/218 225/870/218
f 225/871/219 231/872/219 228/873/219 222/874/219
f 226/875/220 232/876/220 233/877/220 227/878/220
f 227/879/221 233/880/221 229/881/221 223/882/221
f 222/883/222 228/884/222 232/885/222 226/886/222
o Thigh
v 0.05624999999999984 0.6612500000000002 -0.09500000000000028
v 0.0562500000000004 0.6612500000000002 0.09499999999999972
v 0.056249999999999814 0.38125 -0.09500000000000025
v 0.05625000000000037 0.38125 0.09499999999999975
v 0.05625000000000038 0.5697500000000001 0.09499999999999974
v 0.05624999999999983 0.5697500000000001 -0.09500000000000026
v 0.13749999999999976 0.5697500000000001 -0.09500000000000051
v 0.1374999999999998 0.7087500000000001 -0.09500000000000053
v 0.13750000000000034 0.7087500000000001 0.09499999999999947
v 0.13750000000000032 0.5697500000000001 0.09499999999999949
v 0.1375000000000003 0.38125 0.09499999999999952
v 0.13749999999999973 0.38125 -0.09500000000000049
v 0.21874999999999978 0.7062500000000002 -0.09500000000000076
v 0.21875000000000033 0.7062500000000002 0.09499999999999924
v 0.21249999999999974 0.38125 -0.09500000000000071
v 0.2125000000000003 0.38125 0.0949999999999993
v 0.15199999999999975 0.4088545276038864 -0.09500000000000053
v 0.15449999999999978 0.5697500000000001 -0.09500000000000056
v 0.21749999999999975 0.4088545276038864 -0.09500000000000072
v 0.2227499999999998 0.6872248995423391 -0.09500000000000078
v 0.15249999999999977 0.6872248995423391 -0.09500000000000057
v 0.22275000000000036 0.6872248995423391 0.09499999999999922
v 0.2175000000000003 0.4088545276038864 0.09499999999999928
v 0.15250000000000036 0.6872248995423391 0.09499999999999943
v 0.15450000000000033 0.5697500000000001 0.09499999999999945
v 0.1520000000000003 0.4088545276038864 0.09499999999999947
v 0.27453396099452787 0.5700094271462254 -0.12312500000000091
v 0.15199999999999966 0.40885452760388635 -0.12312500000000053
v 0.1544999999999997 0.5697500000000001 -0.12312500000000055
v 0.24832921898671428 0.40885452760388635 -0.12312500000000082
v 0.2534887030023412 0.6872248995423391 -0.12312500000000087
v 0.1524999999999997 0.6872248995423391 -0.12312500000000057
v 0.27453396099452854 0.5700094271462255 0.12312499999999908
v 0.25348870300234194 0.6872248995423391 0.12312499999999912
v 0.248329218986715 0.4088545276038864 0.12312499999999918
v 0.15250000000000044 0.6872248995423391 0.12312499999999943
v 0.15450000000000041 0.5697500000000001 0.12312499999999944
v 0.15200000000000038 0.4088545276038864 0.12312499999999947
vt 0.0703125 0.7109375
vt 0.0390625 0.7109375
vt 0.0390625 0.6875
vt 0.0703125 0.6875
vt 0.1915625 0.7385625
vt 0.1678125 0.7385625
vt 0.1678125 0.715
vt 0.1915625 0.715
vt 0.53125 0.8515625
vt 0.5078125 0.8515625
vt 0.5078125 0.84375
vt 0.53125 0.84375
vt 0.308203125 0.6171875
vt 0.308203125 0.6409374999999999
vt 0.298828125 0.6409374999999999
vt 0.298828125 0.6171875
vt 0.327970703125 0.68395390625
vt 0.327658203125 0.704065625
vt 0.312654296875 0.70409765625
vt 0.315930078125 0.68395390625
vt 0.039529296875 0.665003125
vt 0.039216796875 0.64489140625
vt 0.051257421875 0.64489140625
vt 0.054533203125 0.66503515625
vt 0.3359375 0.8515625
vt 0.3671875 0.8515625
vt 0.3671875 0.8671875
vt 0.3359375 0.8671875
vt 0.039279296875 0.6796875
vt 0.039529296875 0.665003125
vt 0.054533203125 0.66503515625
vt 0.051902734375 0.6796875
vt 0.1678125 0.7385625
vt 0.1915625 0.7385625
vt 0.1915625 0.75
vt 0.1678125 0.75
vt 0.327658203125 0.704065625
vt 0.327908203125 0.71875
vt 0.315284765625 0.71875
vt 0.312654296875 0.70409765625
vt 0.25415625000000003 0.7578125
vt 0.25415625000000003 0.7404375
vt 0.2643125 0.7404375
vt 0.2643125 0.751875
vt 0.0546875 0.6171875
vt 0.03125 0.6171875
vt 0.03125 0.6015625
vt 0.0546875 0.6015625
vt 0.10521875 0.732625
vt 0.10521875 0.75
vt 0.0950625 0.7440625000000001
vt 0.0950625 0.732625
vt 0.10521875 0.7090624999999999
vt 0.10521875 0.732625
vt 0.0950625 0.732625
vt 0.0950625 0.7090624999999999
vt 0.308203125 0.6409374999999999
vt 0.308203125 0.6171875
vt 0.318359375 0.6171875
vt 0.318359375 0.6409374999999999
vt 0.25415625000000003 0.7404375
vt 0.25415625000000003 0.7168749999999999
vt 0.2643125 0.7168749999999999
vt 0.2643125 0.7404375
vt 0.25415625000000003 0.7404375
vt 0.25203125 0.7404375
vt 0.25234375 0.72032578125
vt 0.25415625000000003 0.7168749999999999
vt 0.25415625 0.7168749999999999
vt 0.25234375 0.72032578125
vt 0.24415625 0.72032578125
vt 0.24478125 0.7168749999999999
vt 0.244 0.7575000000000001
vt 0.2435 0.7551218749999999
vt 0.25228125 0.7551218749999999
vt 0.25415625000000003 0.7578125
vt 0.25415625000000003 0.7578125
vt 0.25228125 0.7551218749999999
vt 0.25203125 0.7404375
vt 0.25415625000000003 0.7404375
vt 0.5078125 0.7734375
vt 0.5078125 0.765625
vt 0.53125 0.765625
vt 0.53125 0.7734375
vt 0.53125 0.828125
vt 0.53125 0.8359375
vt 0.5078125 0.8359375
vt 0.5078125 0.828125
vt 0.10521875 0.732625
vt 0.10734375 0.732625
vt 0.10709375 0.7473093749999999
vt 0.10521875 0.75
vt 0.10521875 0.75
vt 0.10709375 0.7473093749999999
vt 0.115875 0.7473093749999999
vt 0.115375 0.7496875000000001
vt 0.11459375 0.7090624999999999
vt 0.11521875000000001 0.71251328125
vt 0.10703125 0.71251328125
vt 0.10521875 0.7090624999999999
vt 0.10521875 0.7090624999999999
vt 0.10703125 0.71251328125
vt 0.10734375 0.732625
vt 0.10521875 0.732625
vt 0.1072265625 0.4462515625
vt 0.1037109375 0.4462515625
vt 0.1037109375 0.42613671875000003
vt 0.1072265625 0.42613671875000003
vt 0.3810203125 0.6444531250000001
vt 0.3810203125 0.64796875
vt 0.3689796875 0.64796875
vt 0.3728328125 0.6444531250000001
vt 0.36471796875 0.6992968749999999
vt 0.36087578124999997 0.69578125
vt 0.37349921875000003 0.69578125
vt 0.37349921875000003 0.6992968749999999
vt 0.1072265625 0.4609375
vt 0.1037109375 0.4609375
vt 0.1037109375 0.4462515625
vt 0.1072265625 0.4462515625
vt 0.36471796875 0.723046875
vt 0.36087578124999997 0.7265625
vt 0.36087578124999997 0.69578125
vt 0.36471796875 0.6992968749999999
vt 0.3728328125 0.6444531250000001
vt 0.3689796875 0.64796875
vt 0.3689796875 0.6171875
vt 0.3728328125 0.620703125
vt 0.5412109375 0.8603140625
vt 0.5447265625 0.8603140625
vt 0.5447265625 0.875
vt 0.5412109375 0.875
vt 0.37349921875000003 0.723046875
vt 0.37349921875000003 0.7265625
vt 0.36087578124999997 0.7265625
vt 0.36471796875 0.723046875
vt 0.3728328125 0.620703125
vt 0.3689796875 0.6171875
vt 0.3810203125 0.6171875
vt 0.3810203125 0.620703125
vt 0.5412109375 0.84019921875
vt 0.5447265625 0.84019921875
vt 0.5447265625 0.8603140625
vt 0.5412109375 0.8603140625
vn 0.9870361763062059 -0.16049793351574507 -2.9048417559089206e-15
vn -1 1.224646799147357e-16 2.9629076969683865e-15
vn 0.030754675786973416 0.9995269630766537 -2.1353001520632067e-16
vn -1.224646799147353e-16 -1 1.224646799147357e-16
vn -2.9629076969683865e-15 -1.224646799147353e-16 -1
vn 2.9629076969683865e-15 1.224646799147353e-16 1
vn 0.9842615928949595 0.17671761867985059 -2.9379179160257623e-15
vn 2.9629076969683865e-15 1.224646799147353e-16 1
vn -1 1.224646799147357e-16 2.9629076969683865e-15
vn -2.9629076969683865e-15 -1.224646799147353e-16 -1
vn -2.9629076969683865e-15 -1.224646799147353e-16 -1
vn -0.504696587331155 0.8632967941190828 1.389646037673946e-15
vn 2.9629076969683865e-15 1.224646799147353e-16 1
vn 2.9629076969683865e-15 1.224646799147353e-16 1
vn -1.224646799147353e-16 -1 1.224646799147357e-16
vn -2.9629076969683865e-15 -1.224646799147353e-16 -1
vn -2.9629076969683865e-15 -1.224646799147353e-16 -1
vn -2.9629076969683865e-15 -1.224646799147353e-16 -1
vn -2.9629076969683865e-15 -1.224646799147353e-16 -1
vn -2.9629076969683865e-15 -1.224646799147353e-16 -1
vn 0.9786045453234142 0.20575019774560044 -2.9247120717363008e-15
vn 0.9839889230160128 -0.1782296254324386 -2.8936415197058704e-15
vn 2.9629076969683865e-15 1.224646799147353e-16 1
vn 2.9629076969683865e-15 1.224646799147353e-16 1
vn 2.9629076969683865e-15 1.224646799147353e-16 1
vn 2.9629076969683865e-15 1.224646799147353e-16 1
vn -0.9998793065379747 0.01553616288338356 2.9606474621661613e-15
vn -1.224646799147353e-16 -1 1.224646799147357e-16
vn 1.224646799147353e-16 1 -1.224646799147357e-16
vn -0.9998551076573835 -0.017022446693764095 2.9645630428169336e-15
vn 1.224646799147353e-16 1 -1.224646799147357e-16
vn -1.224646799147353e-16 -1 1.224646799147357e-16
vn -0.9998551076573835 -0.017022446693764095 2.9645630428169336e-15
vn 1.224646799147353e-16 1 -1.224646799147357e-16
vn -1.224646799147353e-16 -1 1.224646799147357e-16
vn -0.9998793065379747 0.01553616288338356 2.9606474621661613e-15
usemtl m_b486289d-1bb0-a945-f555-93e2e004edc1
f 260/887/223 266/888/223 268/889/223 263/890/223
f 238/891/224 239/892/224 236/893/224 237/894/224
f 241/895/225 242/896/225 247/897/225 246/898/225
f 244/899/226 245/900/226 248/901/226 249/902/226
f 261/903/227 262/904/227 260/905/227 263/906/227
f 270/907/228 271/908/228 268/909/228 266/910/228
f 266/911/229 260/912/229 264/913/229 267/914/229
f 269/915/230 270/916/230 266/917/230 267/918/230
f 239/919/231 238/920/231 235/921/231 234/922/231
f 262/923/232 265/924/232 264/925/232 260/926/232
f 241/927/233 240/928/233 239/929/233 234/930/233
f 242/931/234 241/932/234 234/933/234 235/934/234
f 243/935/235 242/936/235 235/937/235 238/938/235
f 244/939/236 243/940/236 238/941/236 237/942/236
f 245/943/237 244/944/237 237/945/237 236/946/237
f 240/947/238 245/948/238 236/949/238 239/950/238
f 240/951/239 251/952/239 250/953/239 245/954/239
f 245/955/240 250/956/240 252/957/240 248/958/240
f 246/959/241 253/960/241 254/961/241 241/962/241
f 241/963/242 254/964/242 251/965/242 240/966/242
f 247/967/243 255/968/243 253/969/243 246/970/243
f 248/971/244 252/972/244 256/973/244 249/974/244
f 243/975/245 258/976/245 257/977/245 242/978/245
f 242/979/246 257/980/246 255/981/246 247/982/246
f 249/983/247 256/984/247 259/985/247 244/986/247
f 244/987/248 259/988/248 258/989/248 243/990/248
f 251/991/249 262/992/249 261/993/249 250/994/249
f 250/995/250 261/996/250 263/997/250 252/998/250
f 253/999/251 264/1000/251 265/1001/251 254/1002/251
f 254/1003/252 265/1004/252 262/1005/252 251/1006/252
f 255/1007/253 267/1008/253 264/1009/253 253/1010/253
f 252/1011/254 263/1012/254 268/1013/254 256/1014/254
f 258/1015/255 270/1016/255 269/1017/255 257/1018/255
f 257/1019/256 269/1020/256 267/1021/256 255/1022/256
f 256/1023/257 268/1024/257 271/1025/257 259/1026/257
f 259/1027/258 271/1028/258 270/1029/258 258/1030/258
o Pelvis
v -0.13749999999999984 0.7937499999999996 -0.10036764705882407
v -0.13750000000000046 0.7937499999999996 0.10036764705882299
v -0.13749999999999984 0.6725414078674948 -0.10036764705882406
v -0.13750000000000046 0.6725414078674948 0.100367647058823
v 0.13750000000000018 0.7937499999999996 -0.10036764705882326
v 0.13749999999999957 0.7937499999999996 0.10036764705882381
v 0.13750000000000018 0.6725414078674948 -0.10036764705882324
v 0.13749999999999957 0.6725414078674948 0.10036764705882383
v -0.04583333333333307 0.6125 -0.13125000000000023
v -0.04583333333333385 0.6125 0.13124999999999978
v 0.045833333333333615 0.6125 -0.13124999999999998
v 0.04583333333333284 0.6125 0.13125000000000003
v -0.04583333333333387 0.7937499999999996 0.13124999999999976
v 0.04583333333333282 0.7937499999999996 0.13125000000000003
v -0.045833333333333094 0.7937499999999996 -0.13125000000000026
v 0.045833333333333594 0.7937499999999996 -0.13124999999999998
v -0.04583333333333309 0.7181353519668737 -0.13125000000000026
v -0.13749999999999984 0.7181353519668736 -0.10036764705882406
v -0.13750000000000046 0.7181353519668737 0.100367647058823
v -0.045833333333333864 0.7181353519668737 0.13124999999999976
v 0.045833333333332824 0.7181353519668737 0.13125000000000003
v 0.13749999999999957 0.7181353519668737 0.10036764705882381
v 0.13750000000000018 0.7181353519668737 -0.10036764705882326
v 0.0458333333333336 0.7181353519668737 -0.13124999999999998
v -0.05082187673533325 0.7937499999999996 -0.16168226374879466
v -0.05082187673533324 0.7181353519668736 -0.16168226374879463
v -0.15811354340200007 0.7181353519668736 -0.1151749108076185
v -0.15811354340200007 0.7937499999999996 -0.1151749108076185
v 0.05082187673533393 0.7937499999999996 -0.16168226374879435
v 0.050821876735333935 0.7181353519668737 -0.16168226374879435
v 0.15811354340200046 0.7937499999999996 -0.11517491080761758
v 0.15811354340200046 0.7181353519668737 -0.11517491080761756
v -0.15811354340200073 0.7181353519668737 0.11517491080761731
v -0.15811354340200073 0.7937499999999996 0.11517491080761731
v -0.0508218767353342 0.7181353519668737 0.16168226374879413
v -0.050821876735334205 0.7937499999999996 0.1616822637487941
v 0.05082187673533297 0.7937499999999996 0.1616822637487944
v 0.05082187673533298 0.7181353519668737 0.1616822637487944
v 0.1581135434019998 0.7181353519668737 0.11517491080761826
v 0.1581135434019998 0.7937499999999996 0.11517491080761824
v -0.05082187673533325 0.771670833333333 -0.16168226374879466
v -0.15811354340200007 0.771670833333333 -0.1151749108076185
v -0.05082187673533324 0.7402163086713154 -0.16168226374879466
v -0.15811354340200007 0.7402163086713154 -0.1151749108076185
v -0.15811354340200073 0.771670833333333 0.11517491080761731
v -0.15811354340200073 0.7402163086713154 0.11517491080761731
v -0.050821876735334205 0.771670833333333 0.1616822637487941
v -0.0508218767353342 0.7402163086713154 0.1616822637487941
v 0.05082187673533297 0.771670833333333 0.1616822637487944
v 0.05082187673533298 0.7402163086713154 0.1616822637487944
v 0.1581135434019998 0.771670833333333 0.11517491080761824
v 0.1581135434019998 0.7402163086713154 0.11517491080761826
v 0.15811354340200046 0.771670833333333 -0.11517491080761758
v 0.15811354340200046 0.7402163086713154 -0.11517491080761756
v 0.05082187673533393 0.771670833333333 -0.16168226374879435
v 0.050821876735333935 0.7402163086713154 -0.16168226374879435
v -0.04709334200720863 0.771670833333333 -0.14370559799260715
v -0.047093342007208626 0.7402163086713154 -0.14370559799260715
v -0.14501000867387542 0.7402163086713154 -0.10657324505143098
v -0.14501000867387542 0.771670833333333 -0.10657324505143098
v -0.14501000867387603 0.7402163086713154 0.10657324505142987
v -0.14501000867387603 0.771670833333333 0.10657324505142987
v -0.04709334200720947 0.7402163086713154 0.14370559799260665
v -0.04709334200720948 0.771670833333333 0.14370559799260665
v 0.04709334200720836 0.7402163086713154 0.14370559799260693
v 0.047093342007208355 0.771670833333333 0.14370559799260693
v 0.14501000867387515 0.7402163086713154 0.10657324505143073
v 0.14501000867387515 0.771670833333333 0.10657324505143072
v 0.14501000867387576 0.7402163086713154 -0.10657324505143012
v 0.14501000867387576 0.771670833333333 -0.10657324505143013
v 0.04709334200720921 0.7402163086713154 -0.14370559799260688
v 0.0470933420072092 0.771670833333333 -0.14370559799260688
vt 0.53125 0.953125
vt 0.53125 0.9609375
vt 0.5078125 0.9609375
vt 0.5078125 0.953125
vt 0.53125 0.9375
vt 0.53125 0.9453125
vt 0.5078125 0.9453125
vt 0.5078125 0.9375
vt 0.115625 0.85786875
vt 0.12708359375 0.8540085937499999
vt 0.12708359375 0.88682109375
vt 0.115625 0.8829609375
vt 0.16323515625 0.671875
vt 0.159375 0.65625
vt 0.1921875 0.65625
vt 0.18832734375 0.671875
vt 0.015625 0.5102328125
vt 0.015625 0.5234375
vt 0 0.5234375
vt 0 0.51773828125
vt 0.3828125 0.51773828125
vt 0.3828125 0.5234375
vt 0.3671875 0.5234375
vt 0.3671875 0.5102328125
vt 0.30386015625 0.671875
vt 0.3 0.65625
vt 0.3328125 0.65625
vt 0.32895234375 0.671875
vt 0.1875 0.7890625
vt 0.1796875 0.7890625
vt 0.1796875 0.7578125
vt 0.1875 0.7578125
vt 0.5 0.9477328125
vt 0.5 0.9609375
vt 0.484375 0.9609375
vt 0.484375 0.95523828125
vt 0.3359375 0.6328125
vt 0.3359375 0.6484375
vt 0.328125 0.6484375
vt 0.328125 0.6328125
vt 0.15 0.8829609375
vt 0.13854140625 0.88682109375
vt 0.13854140625 0.8540085937499999
vt 0.15 0.85786875
vt 0.13854140625 0.88682109375
vt 0.12708359375 0.88682109375
vt 0.12708359375 0.8540085937499999
vt 0.13854140625 0.8540085937499999
vt 0.5 0.97867578125
vt 0.5 0.984375
vt 0.484375 0.984375
vt 0.484375 0.9711703125
vt 0.2890625 0.625
vt 0.2890625 0.640625
vt 0.28125 0.640625
vt 0.28125 0.625
vt 0.5546875 0.5625
vt 0.5546875 0.5703125
vt 0.5390625 0.5703125
vt 0.5390625 0.5625
vt 0.4140625 0.8125
vt 0.4140625 0.8203125
vt 0.3828125 0.8203125
vt 0.3828125 0.8125
vt 0.515625 0.453125
vt 0.515625 0.4609375
vt 0.5 0.4609375
vt 0.5 0.453125
vt 0.0546875 0.71875
vt 0.0546875 0.7265625
vt 0.0390625 0.7265625
vt 0.0390625 0.71875
vt 0.5546875 0.484375
vt 0.5546875 0.4921875
vt 0.5390625 0.4921875
vt 0.5390625 0.484375
vt 0.4609375 0.5546875
vt 0.4609375 0.5625
vt 0.4296875 0.5625
vt 0.4296875 0.5546875
vt 0.5390625 0.453125
vt 0.5390625 0.4609375
vt 0.5234375 0.4609375
vt 0.5234375 0.453125
vt 0.2890625 0.7578125
vt 0.2890625 0.765625
vt 0.2734375 0.765625
vt 0.2734375 0.7578125
vt 0.1760140625 0.98773203125
vt 0.16260312500000002 0.9935453125
vt 0.16197890625 0.98974140625
vt 0.17343750000000002 0.98588125
vt 0.13916562500000002 0.8502046875
vt 0.1525765625 0.85601796875
vt 0.15000000000000002 0.85786875
vt 0.13854140625 0.8540085937499999
vt 0.16260312500000002 0.9935453125
vt 0.149896875 0.9935453125
vt 0.15052109375 0.98974140625
vt 0.16197890625 0.98974140625
vt 0.12645937499999998 0.8502046875
vt 0.13916562500000002 0.8502046875
vt 0.13854140625 0.8540085937499999
vt 0.12708359375 0.8540085937499999
vt 0.149896875 0.9935453125
vt 0.13648593750000002 0.98773203125
vt 0.1390625 0.98588125
vt 0.15052109375 0.98974140625
vt 0.1130484375 0.85601796875
vt 0.12645937499999998 0.8502046875
vt 0.12708359375 0.8540085937499999
vt 0.115625 0.85786875
vt 0.1760140625 0.95893828125
vt 0.1760140625 0.98773203125
vt 0.17343750000000002 0.98588125
vt 0.17343750000000002 0.9607890625
vt 0.1525765625 0.85601796875
vt 0.1525765625 0.88481171875
vt 0.15 0.8829609375
vt 0.15 0.85786875
vt 0.16260312500000002 0.953125
vt 0.1760140625 0.95893828125
vt 0.17343750000000002 0.9607890625
vt 0.16197890625 0.95692890625
vt 0.1525765625 0.88481171875
vt 0.13916562500000002 0.890625
vt 0.13854140625 0.88682109375
vt 0.15 0.8829609375
vt 0.1364859375 0.95893828125
vt 0.149896875 0.953125
vt 0.15052109375 0.95692890625
vt 0.1390625 0.9607890625
vt 0.12645937499999998 0.890625
vt 0.1130484375 0.88481171875
vt 0.115625 0.8829609375
vt 0.12708359375 0.88682109375
vt 0.149896875 0.953125
vt 0.16260312500000002 0.953125
vt 0.16197890625 0.95692890625
vt 0.15052109375 0.95692890625
vt 0.13916562500000002 0.890625
vt 0.12645937499999998 0.890625
vt 0.12708359375 0.88682109375
vt 0.13854140625 0.88682109375
vt 0.13648593750000002 0.98773203125
vt 0.13648593750000002 0.95893828125
vt 0.1390625 0.9607890625
vt 0.1390625 0.98588125
vt 0.1130484375 0.88481171875
vt 0.1130484375 0.85601796875
vt 0.115625 0.85786875
vt 0.115625 0.8829609375
vt 0.328125 0.4609375
vt 0.328125 0.453125
vt 0.34375 0.453125
vt 0.34375 0.4609375
vt 0.5390625 0.7109375
vt 0.5390625 0.703125
vt 0.5546875 0.703125
vt 0.5546875 0.7109375
vt 0.4453125 0.9375
vt 0.4453125 0.9296875
vt 0.4765625 0.9296875
vt 0.4765625 0.9375
vt 0.5078125 0.9296875
vt 0.5078125 0.921875
vt 0.53125 0.921875
vt 0.53125 0.9296875
vt 0.5390625 0.6015625
vt 0.5390625 0.59375
vt 0.5546875 0.59375
vt 0.5546875 0.6015625
vt 0.5390625 0.6953125
vt 0.5390625 0.6875
vt 0.5546875 0.6875
vt 0.5546875 0.6953125
vt 0.328125 0.953125
vt 0.328125 0.9453125
vt 0.34375 0.9453125
vt 0.34375 0.953125
vt 0.5390625 0.7734375
vt 0.5390625 0.765625
vt 0.5546875 0.765625
vt 0.5546875 0.7734375
vt 0.5390625 0.5859375
vt 0.5390625 0.578125
vt 0.5546875 0.578125
vt 0.5546875 0.5859375
vt 0.5390625 0.7421875
vt 0.5390625 0.734375
vt 0.5546875 0.734375
vt 0.5546875 0.7421875
vt 0.4453125 0.921875
vt 0.4453125 0.9140625
vt 0.4765625 0.9140625
vt 0.4765625 0.921875
vt 0.5078125 0.9140625
vt 0.5078125 0.90625
vt 0.53125 0.90625
vt 0.53125 0.9140625
vt 0.421875 0.4609375
vt 0.421875 0.453125
vt 0.4375 0.453125
vt 0.4375 0.4609375
vt 0.265625 0.4609375
vt 0.265625 0.453125
vt 0.28125 0.453125
vt 0.28125 0.4609375
vt 0.2421875 0.4609375
vt 0.2421875 0.453125
vt 0.2578125 0.453125
vt 0.2578125 0.4609375
vt 0.5390625 0.7578125
vt 0.5390625 0.75
vt 0.5546875 0.75
vt 0.5546875 0.7578125
vt 0.0415640625 0.85709296875
vt 0.02932421875 0.8524515625
vt 0.029790625 0.8502046875
vt 0.0432015625 0.85601796875
vt 0.08401171874999999 0.8819234375
vt 0.0962515625 0.87728203125
vt 0.0978890625 0.87835703125
vt 0.084478125 0.8841703125
vt 0.0415640625 0.88373671875
vt 0.0415640625 0.85709296875
vt 0.0432015625 0.85601796875
vt 0.0432015625 0.88481171875
vt 0.0962515625 0.87728203125
vt 0.0962515625 0.85063828125
vt 0.0978890625 0.84956328125
vt 0.0978890625 0.87835703125
vt 0.02932421875 0.888378125
vt 0.0415640625 0.88373671875
vt 0.0432015625 0.88481171875
vt 0.029790625 0.890625
vt 0.0962515625 0.85063828125
vt 0.08401171874999999 0.845996875
vt 0.084478125 0.84375
vt 0.0978890625 0.84956328125
vt 0.01755078125 0.888378125
vt 0.02932421875 0.888378125
vt 0.029790625 0.890625
vt 0.017084375 0.890625
vt 0.08401171874999999 0.845996875
vt 0.07223828125000001 0.845996875
vt 0.071771875 0.84375
vt 0.084478125 0.84375
vt 0.005310937499999998 0.88373671875
vt 0.01755078125 0.888378125
vt 0.017084375 0.890625
vt 0.0036734375000000014 0.88481171875
vt 0.07223828125000001 0.845996875
vt 0.0599984375 0.85063828125
vt 0.0583609375 0.84956328125
vt 0.071771875 0.84375
vt 0.005310937500000001 0.85709296875
vt 0.005310937500000001 0.88373671875
vt 0.0036734375000000014 0.88481171875
vt 0.0036734375000000014 0.85601796875
vt 0.0599984375 0.85063828125
vt 0.0599984375 0.87728203125
vt 0.0583609375 0.87835703125
vt 0.0583609375 0.84956328125
vt 0.01755078125 0.8524515625
vt 0.005310937500000001 0.85709296875
vt 0.0036734375000000014 0.85601796875
vt 0.017084375 0.8502046875
vt 0.0599984375 0.87728203125
vt 0.07223828125000001 0.8819234375
vt 0.071771875 0.8841703125
vt 0.0583609375 0.87835703125
vt 0.02932421875 0.8524515625
vt 0.01755078125 0.8524515625
vt 0.017084375 0.8502046875
vt 0.029790625 0.8502046875
vt 0.07223828125000001 0.8819234375
vt 0.08401171874999999 0.8819234375
vt 0.084478125 0.8841703125
vt 0.071771875 0.8841703125
vn -1 -1.224646799147357e-16 -2.9629076969683865e-15
vn 1 1.224646799147357e-16 2.9629076969683865e-15
vn -1.224646799147353e-16 1 -1.224646799147357e-16
vn 0.547923688440741 -0.8365283208866833 1.7258924868893783e-15
vn 0.3192667777280183 -7.695657244431613e-17 -0.9476648799228387
vn 0.31926677772801265 1.5515437992805709e-16 0.9476648799228407
vn -0.5479236884407408 -0.8365283208866835 -1.5210021407753805e-15
vn 1.224646799147353e-16 -1 1.224646799147357e-16
vn -0.3192667777280184 7.695657244431613e-17 0.9476648799228388
vn -2.9629076969683865e-15 1.224646799147353e-16 1
vn -1.224646799147353e-16 1 -1.224646799147357e-16
vn -1.224646799147353e-16 1 -1.224646799147357e-16
vn -0.3192667777280127 -1.5515437992805709e-16 -0.9476648799228407
vn 2.9629076969683865e-15 -1.224646799147353e-16 -1
vn -0.397710370999962 -1.6106816593021894e-16 -0.9175110139933322
vn -1 -1.224646799147357e-16 -2.9629076969683865e-15
vn -0.39771037099996753 6.365721936365606e-17 0.91751101399333
vn -2.9629076969683865e-15 1.224646799147353e-16 1
vn 0.397710370999962 1.6106816593021894e-16 0.9175110139933322
vn 1 1.224646799147357e-16 2.9629076969683865e-15
vn 0.39771037099996753 -6.365721936365606e-17 -0.91751101399333
vn 2.9629076969683865e-15 -1.224646799147353e-16 -1
vn 1.224646799147353e-16 -1 1.224646799147357e-16
vn -1.224646799147353e-16 1 -1.224646799147357e-16
vn 1.224646799147353e-16 -1 1.224646799147357e-16
vn -1.224646799147353e-16 1 -1.224646799147357e-16
vn 1.224646799147353e-16 -1 1.224646799147357e-16
vn -1.224646799147353e-16 1 -1.224646799147357e-16
vn 1.224646799147353e-16 -1 1.224646799147357e-16
vn -1.224646799147353e-16 1 -1.224646799147357e-16
vn 1.224646799147353e-16 -1 1.224646799147357e-16
vn -1.224646799147353e-16 1 -1.224646799147357e-16
vn 1.224646799147353e-16 -1 1.224646799147357e-16
vn -1.224646799147353e-16 1 -1.224646799147357e-16
vn 1.224646799147353e-16 -1 1.224646799147357e-16
vn -1.224646799147353e-16 1 -1.224646799147357e-16
vn 1.224646799147353e-16 -1 1.224646799147357e-16
vn -1.224646799147353e-16 1 -1.224646799147357e-16
vn -0.3977103709999619 -1.6106816593021894e-16 -0.9175110139933322
vn -0.35458367790978923 -1.5793142651244214e-16 -0.9350242859733469
vn -1 -1.224646799147357e-16 -2.9629076969683865e-15
vn -1 -1.224646799147357e-16 -2.9629076969683865e-15
vn -0.3977103709999675 6.365721936365606e-17 0.91751101399333
vn -0.3545836779097947 7.108347327601729e-17 0.9350242859733446
vn -2.9629076969683865e-15 1.224646799147353e-16 1
vn -2.9629076969683865e-15 1.224646799147353e-16 1
vn 0.3977103709999619 1.6106816593021894e-16 0.9175110139933322
vn 0.3545836779097892 1.5793142651244212e-16 0.9350242859733467
vn 1 1.224646799147357e-16 2.9629076969683865e-15
vn 1 1.224646799147357e-16 2.9629076969683865e-15
vn 0.3977103709999675 -6.365721936365606e-17 -0.91751101399333
vn 0.3545836779097947 -7.108347327601729e-17 -0.9350242859733447
vn 2.9629076969683865e-15 -1.224646799147353e-16 -1
vn 2.9629076969683865e-15 -1.224646799147353e-16 -1
vn -1.224646799147353e-16 1 -1.224646799147357e-16
vn 1.224646799147353e-16 -1 1.224646799147357e-16
vn -1.224646799147353e-16 1 -1.224646799147357e-16
vn 1.224646799147353e-16 -1 1.224646799147357e-16
vn -1.224646799147353e-16 1 -1.224646799147357e-16
vn 1.224646799147353e-16 -1 1.224646799147357e-16
vn -1.224646799147353e-16 1 -1.224646799147357e-16
vn 1.224646799147353e-16 -1 1.224646799147357e-16
vn -1.224646799147353e-16 1 -1.224646799147357e-16
vn 1.224646799147353e-16 -1 1.224646799147357e-16
vn -1.224646799147353e-16 1 -1.224646799147357e-16
vn 1.224646799147353e-16 -1 1.224646799147357e-16
vn -1.224646799147353e-16 1 -1.224646799147357e-16
vn 1.224646799147353e-16 -1 1.224646799147357e-16
vn -1.224646799147353e-16 1 -1.224646799147357e-16
vn 1.224646799147353e-16 -1 1.224646799147357e-16
usemtl m_b486289d-1bb0-a945-f555-93e2e004edc1
f 275/1031/259 290/1032/259 289/1033/259 274/1034/259
f 278/1035/260 294/1036/260 293/1037/260 279/1038/260
f 276/1039/261 287/1040/261 285/1041/261 277/1042/261
f 279/1043/262 283/1044/262 282/1045/262 278/1046/262
f 282/1047/263 295/1048/263 294/1049/263 278/1050/263
f 279/1051/264 293/1052/264 292/1053/264 283/1054/264
f 274/1055/265 280/1056/265 281/1057/265 275/1058/265
f 280/1059/266 282/1060/266 283/1061/266 281/1062/266
f 281/1063/267 291/1064/267 290/1065/267 275/1066/267
f 283/1067/268 292/1068/268 291/1069/268 281/1070/268
f 273/1071/269 284/1072/269 286/1073/269 272/1074/269
f 284/1075/270 285/1076/270 287/1077/270 286/1078/270
f 274/1079/271 289/1080/271 288/1081/271 280/1082/271
f 280/1083/272 288/1084/272 295/1085/272 282/1086/272
f 298/1087/273 315/1088/273 314/1089/273 297/1090/273
f 304/1091/274 317/1092/274 315/1093/274 298/1094/274
f 306/1095/275 319/1096/275 317/1097/275 304/1098/275
f 309/1099/276 321/1100/276 319/1101/276 306/1102/276
f 310/1103/277 323/1104/277 321/1105/277 309/1106/277
f 303/1107/278 325/1108/278 323/1109/278 310/1110/278
f 301/1111/279 327/1112/279 325/1113/279 303/1114/279
f 297/1115/280 314/1116/280 327/1117/280 301/1118/280
f 298/1119/281 297/1120/281 288/1121/281 289/1122/281
f 296/1123/282 299/1124/282 272/1125/282 286/1126/282
f 297/1127/283 301/1128/283 295/1129/283 288/1130/283
f 300/1131/284 296/1132/284 286/1133/284 287/1134/284
f 301/1135/285 303/1136/285 294/1137/285 295/1138/285
f 302/1139/286 300/1140/286 287/1141/286 276/1142/286
f 304/1143/287 298/1144/287 289/1145/287 290/1146/287
f 299/1147/288 305/1148/288 273/1149/288 272/1150/288
f 306/1151/289 304/1152/289 290/1153/289 291/1154/289
f 305/1155/290 307/1156/290 284/1157/290 273/1158/290
f 310/1159/291 309/1160/291 292/1161/291 293/1162/291
f 308/1163/292 311/1164/292 277/1165/292 285/1166/292
f 309/1167/293 306/1168/293 291/1169/293 292/1170/293
f 307/1171/294 308/1172/294 285/1173/294 284/1174/294
f 303/1175/295 310/1176/295 293/1177/295 294/1178/295
f 311/1179/296 302/1180/296 276/1181/296 277/1182/296
f 296/1183/297 312/1184/297 313/1185/297 299/1186/297
f 328/1187/298 329/1188/298 330/1189/298 331/1190/298
f 299/1191/299 313/1192/299 316/1193/299 305/1194/299
f 331/1195/300 330/1196/300 332/1197/300 333/1198/300
f 305/1199/301 316/1200/301 318/1201/301 307/1202/301
f 333/1203/302 332/1204/302 334/1205/302 335/1206/302
f 307/1207/303 318/1208/303 320/1209/303 308/1210/303
f 335/1211/304 334/1212/304 336/1213/304 337/1214/304
f 308/1215/305 320/1216/305 322/1217/305 311/1218/305
f 337/1219/306 336/1220/306 338/1221/306 339/1222/306
f 311/1223/307 322/1224/307 324/1225/307 302/1226/307
f 339/1227/308 338/1228/308 340/1229/308 341/1230/308
f 302/1231/309 324/1232/309 326/1233/309 300/1234/309
f 341/1235/310 340/1236/310 342/1237/310 343/1238/310
f 300/1239/311 326/1240/311 312/1241/311 296/1242/311
f 343/1243/312 342/1244/312 329/1245/312 328/1246/312
f 330/1247/313 329/1248/313 314/1249/313 315/1250/313
f 328/1251/314 331/1252/314 313/1253/314 312/1254/314
f 332/1255/315 330/1256/315 315/1257/315 317/1258/315
f 331/1259/316 333/1260/316 316/1261/316 313/1262/316
f 334/1263/317 332/1264/317 317/1265/317 319/1266/317
f 333/1267/318 335/1268/318 318/1269/318 316/1270/318
f 336/1271/319 334/1272/319 319/1273/319 321/1274/319
f 335/1275/320 337/1276/320 320/1277/320 318/1278/320
f 338/1279/321 336/1280/321 321/1281/321 323/1282/321
f 337/1283/322 339/1284/322 322/1285/322 320/1286/322
f 340/1287/323 338/1288/323 323/1289/323 325/1290/323
f 339/1291/324 341/1292/324 324/1293/324 322/1294/324
f 342/1295/325 340/1296/325 325/1297/325 327/1298/325
f 341/1299/326 343/1300/326 326/1301/326 324/1302/326
f 329/1303/327 342/1304/327 327/1305/327 314/1306/327
f 343/1307/328 328/1308/328 312/1309/328 326/1310/328
o Body
v -0.1687499999999999 0.9244239418207293 -0.11160714285714353
v -0.16875000000000057 0.9244239418207294 0.11160714285714225
v -0.1214999999999999 0.8000000000000005 -0.08928571428571479
v -0.12150000000000043 0.8000000000000005 0.08928571428571382
v 0.16875000000000023 0.9244239418207294 -0.11160714285714253
v 0.16874999999999957 0.9244239418207294 0.11160714285714325
v 0.12150000000000018 0.8000000000000005 -0.08928571428571407
v 0.12149999999999965 0.8000000000000005 0.08928571428571454
v -5.012475887799218e-16 0.8000000000000005 0.12499999999999993
v 2.394793354621751e-16 0.8000000000000005 -0.1250000000000002
v 4.0942352831389404e-16 0.9244239418207293 -0.18750000000000022
v -0.12149999999999991 0.8667937713867813 -0.0892857142857148
v -0.12150000000000044 0.8667937713867813 0.0892857142857138
v -5.09427466613102e-16 0.8667937713867813 0.12499999999999993
v 0.12149999999999964 0.8667937713867813 0.08928571428571452
v 0.12150000000000016 0.8667937713867813 -0.08928571428571408
v 3.2389032315925714e-16 0.8667937713867813 -0.1562500000000002
v 0.16875000000000023 1.1139307255178705 -0.11160714285714256
v 3.862156407067527e-16 1.1139307255178703 -0.18750000000000022
v -6.322838801261306e-16 1.1139307255178705 0.1562499999999999
v 0.16874999999999957 1.1139307255178705 0.11160714285714322
v -0.16875000000000057 1.1139307255178705 0.11160714285714222
v -0.1687499999999999 1.1139307255178703 -0.11160714285714356
v -0.10631250000000043 1.1139307255178705 0.07521350931676972
v 1.4266140746410668e-16 1.1139307255178703 -0.10529891304347846
v -4.813205124137466e-16 1.1139307255178705 0.10529891304347813
v -0.10631249999999999 1.1139307255178703 -0.07521350931677069
v 0.1063125000000001 1.1139307255178705 -0.07521350931677005
v 0.10631249999999966 1.1139307255178705 0.07521350931677036
v -0.09095488903426244 1.188899206373783 0.06065605590062069
v 7.35040632590989e-17 1.1855595178044436 -0.08491847826086978
v -4.2970716244884735e-16 1.1855595178044436 0.08491847826086941
v -0.09095488903426208 1.188899206373783 -0.06065605590062158
v 0.09095488903426208 1.188899206373783 -0.060656055900621036
v 0.09095488903426172 1.188899206373783 0.06065605590062123
v 3.9084603723239743e-16 1.0761206685376163 -0.18750000000000022
v 0.13921875000000025 1.0761206685376163 -0.11941964285714264
v 0.13921875000000025 0.9713975997538158 -0.11941964285714263
v 4.0367091433069436e-16 0.9713975997538158 -0.18750000000000022
v -0.13921874999999986 1.0761206685376163 -0.11941964285714346
v -0.13921874999999986 0.9713975997538158 -0.11941964285714345
v 1.9306513312180463e-16 1.0761206685376163 -0.12074769978053679
v 0.1201811516804142 1.0761206685376163 -0.0894976997805364
v 0.12018115168041421 0.9713975997538158 -0.08949769978053639
v 2.0589001022010156e-16 0.9713975997538158 -0.12074769978053677
v -0.120181151680414 1.0761206685376163 -0.08949769978053711
v -0.12018115168041399 0.9713975997538158 -0.0894976997805371
v 0.1221867986346631 1.0875949298317933 0.12276785714285737
v -6.290586753371352e-16 1.0875949298317933 0.1562499999999999
v 0.12218679863466313 0.9244239418207294 0.1227678571428574
v -0.12218679863466415 1.0875949298317933 0.12276785714285665
v -0.12218679863466413 0.9244239418207294 0.12276785714285668
v -0.12218679863466407 0.8839150123278114 0.10491071428571382
v -5.346719302872539e-16 0.8839150123278116 0.13281249999999992
v 0.12218679863466318 0.8839150123278116 0.10491071428571454
v -1.0654885278966337e-15 1.0875949298317933 0.3035478226780565
v -0.1221867986346646 1.0875949298317933 0.27006567982091334
v -0.12218679863466456 0.9244239418207294 0.26563588117380327
v 0.00010995420437648482 0.9244239418207294 0.29950040077208967
v -0.12218679863466449 0.8839150123278116 0.24334893966955032
v 0.0002199084087540918 0.8839150123278116 0.27201547886612293
v 0.12218679863466277 0.8839150123278116 0.24487844663412411
v 0.1221867986346627 0.9244239418207294 0.26640063465609054
v 0.12218679863466266 1.0875949298317933 0.27006567982091406
vt 0.34375 0.7578125
vt 0.34375 0.765625
vt 0.3203125 0.765625
vt 0.3203125 0.7578125
vt 0.5234375 0.625
vt 0.5234375 0.6328125
vt 0.5 0.6328125
vt 0.5 0.625
vt 0.35569921875 0.9765625
vt 0.35266640625 0.9651859375
vt 0.37389609375 0.9651859375
vt 0.37086328125 0.9765625
vt 0.1714375 0.7845984375
vt 0.15625 0.7890625
vt 0.15625 0.7578125
vt 0.1714375 0.7622765625
vt 0.1640625 0.96875
vt 0.1640625 0.9765625
vt 0.1484375 0.9765625
vt 0.15032265625 0.96875
vt 0.03125 0.8671875
vt 0.03125 0.875
vt 0.015625 0.875
vt 0.015625 0.8671875
vt 0.0859375 0.859375
vt 0.0859375 0.8671875
vt 0.0703125 0.8671875
vt 0.0703125 0.859375
vt 0.1410625 0.7622765625
vt 0.15625 0.7578125
vt 0.15625 0.7890625
vt 0.1410625 0.7845984375
vt 0.08178203125 0.6171875
vt 0.0836671875 0.62621015625
vt 0.06632578125 0.62621015625
vt 0.06632578125 0.618484375
vt 0.37086328125 0.953809375
vt 0.37389609375 0.9651859375
vt 0.35266640625 0.9651859375
vt 0.35569921875 0.953809375
vt 0.32979921875 0.5234375
vt 0.3325890625 0.515625
vt 0.3549109375 0.515625
vt 0.35770078125 0.5234375
vt 0.53969765625 0.9372
vt 0.5390625 0.9296875
vt 0.55477734375 0.9296875
vt 0.55554765625 0.9375
vt 0.4140625 0.46183910470206224
vt 0.40625 0.4609262432388218
vt 0.4066454410634288 0.4453125
vt 0.4140625 0.4460402902192443
vt 0.47823671875 0.6015625
vt 0.4810265625 0.59375
vt 0.5033484375 0.59375
vt 0.50613828125 0.6015625
vt 0.0625 0.63515078125
vt 0.06632578125 0.62621015625
vt 0.0836671875 0.62621015625
vt 0.08555312500000001 0.6340414062499999
vt 0.516009375 0.78825859375
vt 0.5178953125 0.78125
vt 0.53523671875 0.78125
vt 0.5390625 0.7890625
vt 0.234375 0.8671875
vt 0.21875 0.8671875
vt 0.21875 0.8515625
vt 0.234375 0.8515625
vt 0.21862890625 0.6328125
vt 0.2027921875 0.6328125
vt 0.20293984375 0.609375
vt 0.21875 0.609375
vt 0.3046875 0.75
vt 0.2734375 0.75
vt 0.2734375 0.7265625
vt 0.3046875 0.7265625
vt 0.2705170417591274 0.578149988171362
vt 0.2704036480353248 0.5939863009565403
vt 0.25 0.5939863009565403
vt 0.25011513518819667 0.578125
vt 0.421875 1
vt 0.40625 1
vt 0.40625 0.984375
vt 0.421875 0.984375
vt 0.3125 0.9375
vt 0.28125 0.9375
vt 0.28125 0.9140625
vt 0.3125 0.9140625
vt 0.0234375 0.99363125
vt 0.0367265625 0.9898703125
vt 0.04453125 0.99441953125
vt 0.0234375 1
vt 0.0367265625 0.9710671875
vt 0.0234375 0.96730625
vt 0.0234375 0.95703125
vt 0.04453125 0.96651796875
vt 0.0367265625 0.9898703125
vt 0.0367265625 0.9710671875
vt 0.04453125 0.96651796875
vt 0.04453125 0.99441953125
vt 0.0234375 0.96730625
vt 0.0101484375 0.9710671875
vt 0.0023437499999999986 0.96651796875
vt 0.0234375 0.95703125
vt 0.0101484375 0.9898703125
vt 0.0234375 0.99363125
vt 0.0234375 1
vt 0.0023437499999999986 0.99441953125
vt 0.0101484375 0.9710671875
vt 0.0101484375 0.9898703125
vt 0.0023437499999999986 0.99441953125
vt 0.0023437499999999986 0.96651796875
vt 0.5390625 0.4324855092728396
vt 0.5390625 0.44425973012227704
vt 0.53125 0.4453125
vt 0.5316772256387715 0.43151187200740837
vt 0.5536352570543858 0.9609375
vt 0.541860864518884 0.9609375
vt 0.5408864676764473 0.9516796029005715
vt 0.5546875 0.9512625011800405
vt 0.54273828125 0.5078125
vt 0.52757421875 0.5078125
vt 0.5257546875 0.5
vt 0.5445578125 0.5
vt 0.5703125 0.9559230092728396
vt 0.5703125 0.967697230122277
vt 0.5625 0.96875
vt 0.5629272256387715 0.9549493720074084
vt 0.06144775705438573 0.4609375
vt 0.04967336451888403 0.4609375
vt 0.048698967676447324 0.4516796029005715
vt 0.0625 0.4512625011800405
vt 0.55055078125 0.7265625
vt 0.53538671875 0.7265625
vt 0.5335671875 0.71875
vt 0.5523703125 0.71875
vt 0.24600625 0.698213191050275
vt 0.2653772371835612 0.6983986541191908
vt 0.2653319858701663 0.703125
vt 0.24221663904913093 0.7029036874194972
vt 0.24600625 0.685123347300275
vt 0.24600625 0.698213191050275
vt 0.2421875 0.702939753550275
vt 0.2421875 0.679251472300275
vt 0.26537661810399915 0.6848817266653996
vt 0.24600625 0.685123347300275
vt 0.24218819665947536 0.6792525435139855
vt 0.2653039643109022 0.6790571797794738
vt 0.10962419690013879 0.8312693095932904
vt 0.12899375 0.8309693867244022
vt 0.13281190597905734 0.8356952139898066
vt 0.10969648029522171 0.8359375
vt 0.12899375 0.8178795429744022
vt 0.10962264811201189 0.817706474604073
vt 0.10967510745510735 0.8118348339446876
vt 0.1327905911526263 0.8120413559647583
vt 0.12899375 0.8309693867244022
vt 0.12899375 0.8178795429744022
vt 0.1328125 0.8120076679744022
vt 0.1328125 0.8356959492244023
vt 0.00450859375 0.625
vt 0.01953125 0.62890625
vt 0.01953125 0.63725
vt 0.0021289062499999997 0.62873984375
vt 0.234375 0.953125
vt 0.234375 0.96875
vt 0.2265625 0.96875
vt 0.2265625 0.953125
vt 0.37890625 0.94140625
vt 0.36388359375 0.9453125
vt 0.36150390625 0.94157265625
vt 0.37890625 0.9330625
vt 0.01953125 0.62890625
vt 0.03455390625 0.625
vt 0.03693359375 0.62873984375
vt 0.01953125 0.63725
vt 0.39392890625 0.9453125
vt 0.37890625 0.94140625
vt 0.37890625 0.9330625
vt 0.39630859375 0.94157265625
vt 0.2578125 0.6640625
vt 0.2578125 0.6484375
vt 0.265625 0.6484375
vt 0.265625 0.6640625
vt 0.3219281317309492 0.8404632826469268
vt 0.33776484375 0.8404486815424229
vt 0.3437499128236512 0.8437408210903103
vt 0.3219311620129603 0.84375
vt 0.33776484375 0.8404486815424229
vt 0.33776484375 0.820052587792423
vt 0.34375 0.820052587792423
vt 0.34375 0.843740869042423
vt 0.13098515625 0.6685793193786211
vt 0.14682187461474164 0.6685828125800888
vt 0.14682114843690214 0.671875
vt 0.1250023989676848 0.6718701873054813
vt 0.13098515625 0.6481832256286211
vt 0.13098515625 0.6685793193786211
vt 0.125 0.6718715068786212
vt 0.125 0.6481832256286211
vt 0.5954987071130442 0.40055721024059365
vt 0.5988398137098829 0.40496866631504824
vt 0.59375 0.40811761720948936
vt 0.59375 0.3984375
vt 0.08643509349163439 0.46029431332964166
vt 0.07078189587270961 0.4609375
vt 0.0703125 0.453125
vt 0.08612583250726588 0.453125
vt 0.609375 0.898857422730583
vt 0.6089831526129824 0.914518927780077
vt 0.6066471496848717 0.9142424445419038
vt 0.6066471496848717 0.8984375
vt 0.07351800803949307 0.9796033581720377
vt 0.0741872977191848 0.97453984375
vt 0.0784884835308152 0.9747446309260378
vt 0.0783214963781262 0.9793837435650534
vt 0.0308984375 0.6989398437500001
vt 0.015625 0.703125
vt 0.015625 0.6847125000000001
vt 0.0308984375 0.68052734375
vt 0.349612109375 0.88585390625
vt 0.350166015625 0.90625
vt 0.331753515625 0.90625
vt 0.331753515625 0.88585390625
vt 0.346826171875 0.88078984375
vt 0.349612109375 0.88585390625
vt 0.331753515625 0.88585390625
vt 0.329521484375 0.88078984375
vt 0.31247265625 0.9765625
vt 0.3277734375 0.9801453125
vt 0.3277734375 0.99745
vt 0.3125 0.9939625
vt 0.2972265625 0.97995390625
vt 0.31247265625 0.9765625
vt 0.3125 0.9939625
vt 0.2972265625 0.99745
vt 0.052438860219184806 0.97960390625
vt 0.05512870396918481 0.97453984375
vt 0.07028104771918481 0.97453984375
vt 0.07039276646918483 0.97960390625
vt 0.015625 0.703125
vt 0.00035156249999999944 0.6989398437500001
vt 0.00035156249999999944 0.68052734375
vt 0.015625 0.6847125000000001
vt 0.051980266469184806 1
vt 0.052438860219184806 0.97960390625
vt 0.07039276646918483 0.97960390625
vt 0.07039276646918483 1
vn -1 -1.224646799147357e-16 -2.9629076969683865e-15
vn 1 1.224646799147357e-16 2.9629076969683865e-15
vn 0.03669334948326316 0.9993265722994158 -1.3663201195426186e-17
vn 1.224646799147353e-16 -1 1.224646799147357e-16
vn -0.48268938396073574 -1.6636594110701131e-16 -0.8757916182583649
vn -0.28201363787532047 8.295717716536581e-17 0.9594103960518291
vn 0.2820136378753148 1.5203059695334774e-16 0.9594103960518309
vn 1.224646799147353e-16 -1 1.224646799147357e-16
vn 0.44664906441651964 -0.3791521488698064 -0.8104000624773273
vn -0.03669334948326341 0.9993265722994158 -2.311012164184497e-16
vn -0.7733121313711794 -0.63402551011309 -2.2136067350449192e-15
vn -0.20099919665416346 -0.47219782007160915 0.8582706692320327
vn 0.18112185509807785 -0.551832738403653 0.8140488329527638
vn 0.7733121313711796 -0.6340255101130898 2.368898197352472e-15
vn 0.38894080542673376 -0.5922168096884733 -0.7056941973662603
vn -0.436019593080742 -0.42898208944242666 -0.7911139496857037
vn 0.25165573085614 -8.770443829962938e-17 -0.9678168179605385
vn 0.26420698653168473 -0.023738090039151987 0.9641738283883978
vn 1 1.224646799147357e-16 2.9629076969683865e-15
vn -0.2641909157210993 -0.026173991935840156 0.9641151809802551
vn -0.25165573085613424 -1.4934231535564076e-16 -0.9678168179605401
vn -1 -1.224646799147357e-16 -2.9629076969683865e-15
vn -1.224646799147353e-16 1 -1.224646799147357e-16
vn -1.224646799147353e-16 1 -1.224646799147357e-16
vn -1.224646799147353e-16 1 -1.224646799147357e-16
vn -1.224646799147353e-16 1 -1.224646799147357e-16
vn -1.224646799147353e-16 1 -1.224646799147357e-16
vn -1.224646799147353e-16 1 -1.224646799147357e-16
vn -0.2426887036018278 0.2325968676473756 0.9418072468954004
vn -0.23935458699438894 0.26571166779282 -0.9338665275527888
vn -0.9796554989359274 0.20068658003115047 -2.9272058359613624e-15
vn 0.24268870360182768 0.2325968676473754 -0.9418072468954003
vn 0.23935458699438888 0.26571166779282035 0.9338665275527887
vn 0.9796554989359274 0.2006865800311507 2.8780518003879665e-15
vn 0.4393031287654808 -5.621566755335452e-17 -0.898338889872224
vn 0.25575196639172176 -8.70712199107982e-17 -0.966742432960697
vn 0.4358151187068657 0.12576446213087633 -0.89120619520482
vn -0.4339540461737789 -0.1555773740032393 -0.8874004544215999
vn -0.43930312876547534 -1.6381390165296687e-16 -0.8983388898722264
vn -0.255751966391716 -1.4971238531425037e-16 -0.9667424329606985
vn 1.224646799147353e-16 -1 1.224646799147357e-16
vn -0.8437079498758133 -1.6906376709037075e-16 -0.5368024732770447
vn -1.224646799147353e-16 1 -1.224646799147357e-16
vn 1.224646799147353e-16 -1 1.224646799147357e-16
vn -1.224646799147353e-16 1 -1.224646799147357e-16
vn 0.8437079498758164 3.758508095574832e-17 -0.5368024732770396
vn 0.2638296693164265 -0.05844718511666739 0.9627968800013446
vn 0.23308751552745846 1.4763647167239514e-16 0.9724557625441052
vn -0.2642814579178725 8.574537727114002e-17 0.9644455977403826
vn -0.23308751552746423 9.054649571001205e-17 0.9724557625441038
vn -0.21423297449840314 -0.39400194497494173 0.8937934325074948
vn -0.16558647261755258 -0.6684044664216386 0.7251321185505998
vn 0.20340449723158793 -0.4064504693592163 0.890743861311229
vn 0.9957107364961882 0.03731991233790757 -0.08466022306437444
vn -1.224646799147353e-16 1 -1.224646799147357e-16
vn -1 -1.224646799147357e-16 -2.9629076969683865e-15
vn -1 -1.224646799147357e-16 -2.9629076969683865e-15
vn 1.224646799147353e-16 -1 1.224646799147357e-16
vn 1.224646799147353e-16 -1 1.224646799147357e-16
vn 1 1.224646799147357e-16 2.9629076969683865e-15
vn -1.224646799147353e-16 1 -1.224646799147357e-16
vn 1 1.224646799147357e-16 2.9629076969683865e-15
usemtl m_b486289d-1bb0-a945-f555-93e2e004edc1
f 347/1311/329 356/1312/329 355/1313/329 346/1314/329
f 350/1315/330 359/1316/330 358/1317/330 351/1318/330
f 373/1319/331 375/1320/331 374/1321/331 376/1322/331
f 346/1323/332 353/1324/332 352/1325/332 347/1326/332
f 346/1327/333 355/1328/333 360/1329/333 353/1330/333
f 352/1331/334 357/1332/334 356/1333/334 347/1334/334
f 351/1335/335 358/1336/335 357/1337/335 352/1338/335
f 351/1339/336 352/1340/336 353/1341/336 350/1342/336
f 353/1343/337 360/1344/337 359/1345/337 350/1346/337
f 377/1347/338 374/1348/338 375/1349/338 378/1350/338
f 344/1351/339 355/1352/339 356/1353/339 345/1354/339
f 401/1355/340 403/1356/340 404/1357/340 402/1358/340
f 402/1359/341 404/1360/341 405/1361/341 406/1362/341
f 349/1363/342 358/1364/342 359/1365/342 348/1366/342
f 348/1367/343 359/1368/343 360/1369/343 354/1370/343
f 354/1371/344 360/1372/344 355/1373/344 344/1374/344
f 385/1375/345 386/1376/345 387/1377/345 388/1378/345
f 407/1379/346 399/1380/346 402/1381/346 406/1382/346
f 361/1383/347 364/1384/347 349/1385/347 348/1386/347
f 399/1387/348 400/1388/348 401/1389/348 402/1390/348
f 389/1391/349 385/1392/349 388/1393/349 390/1394/349
f 365/1395/350 366/1396/350 344/1397/350 345/1398/350
f 369/1399/351 367/1400/351 365/1401/351 363/1402/351
f 370/1403/352 368/1404/352 362/1405/352 366/1406/352
f 367/1407/353 370/1408/353 366/1409/353 365/1410/353
f 368/1411/354 371/1412/354 361/1413/354 362/1414/354
f 372/1415/355 369/1416/355 363/1417/355 364/1418/355
f 371/1419/356 372/1420/356 364/1421/356 361/1422/356
f 375/1423/357 373/1424/357 367/1425/357 369/1426/357
f 376/1427/358 374/1428/358 368/1429/358 370/1430/358
f 373/1431/359 376/1432/359 370/1433/359 367/1434/359
f 374/1435/360 377/1436/360 371/1437/360 368/1438/360
f 378/1439/361 375/1440/361 369/1441/361 372/1442/361
f 377/1443/362 378/1444/362 372/1445/362 371/1446/362
f 380/1447/363 379/1448/363 362/1449/363 361/1450/363
f 381/1451/364 380/1452/364 361/1453/364 348/1454/364
f 382/1455/365 381/1456/365 348/1457/365 354/1458/365
f 379/1459/366 383/1460/366 366/1461/366 362/1462/366
f 384/1463/367 382/1464/367 354/1465/367 344/1466/367
f 383/1467/368 384/1468/368 344/1469/368 366/1470/368
f 386/1471/369 385/1472/369 379/1473/369 380/1474/369
f 387/1475/370 386/1476/370 380/1477/370 381/1478/370
f 388/1479/371 387/1480/371 381/1481/371 382/1482/371
f 385/1483/372 389/1484/372 383/1485/372 379/1486/372
f 390/1487/373 388/1488/373 382/1489/373 384/1490/373
f 389/1491/374 390/1492/374 384/1493/374 383/1494/374
f 392/1495/375 391/1496/375 364/1497/375 363/1498/375
f 391/1499/376 393/1500/376 349/1501/376 364/1502/376
f 394/1503/377 392/1504/377 363/1505/377 365/1506/377
f 395/1507/378 394/1508/378 365/1509/378 345/1510/378
f 396/1511/379 395/1512/379 345/1513/379 356/1514/379
f 397/1515/380 396/1516/380 356/1517/380 357/1518/380
f 398/1519/381 397/1520/381 357/1521/381 358/1522/381
f 393/1523/382 398/1524/382 358/1525/382 349/1526/382
f 400/1527/383 399/1528/383 392/1529/383 394/1530/383
f 401/1531/384 400/1532/384 394/1533/384 395/1534/384
f 403/1535/385 401/1536/385 395/1537/385 396/1538/385
f 404/1539/386 403/1540/386 396/1541/386 397/1542/386
f 405/1543/387 404/1544/387 397/1545/387 398/1546/387
f 406/1547/388 405/1548/388 398/1549/388 393/1550/388
f 399/1551/389 407/1552/389 391/1553/389 392/1554/389
f 407/1555/390 406/1556/390 393/1557/390 391/1558/390
o cylinder
v -0.0812500000000002 1.002300380500088 0.2312499999999998
v -0.0812500000000002 1.3710503805000878 0.2312499999999998
v -0.10781250000000012 1.002300380500088 0.24726888459481267
v -0.10781250000000012 1.3398003805000878 0.24726888459481267
v -0.08125000000000018 1.002300380500088 0.26328776918962554
v -0.08125000000000018 1.3398003805000878 0.26328776918962554
v -0.05468750000000025 1.002300380500088 0.24726888459481267
v -0.05468750000000025 1.3398003805000878 0.24726888459481267
v -0.05468750000000025 1.002300380500088 0.2152311154051869
v -0.05468750000000025 1.3398003805000878 0.2152311154051869
v -0.0812500000000002 1.002300380500088 0.19921223081037406
v -0.0812500000000002 1.3398003805000878 0.19921223081037406
v -0.10781250000000012 1.002300380500088 0.2152311154051869
v -0.10781250000000012 1.3398003805000878 0.2152311154051869
v -0.08125000000000018 1.2564670471667547 0.26328776918962554
v -0.10781250000000012 1.2564670471667547 0.24726888459481267
v -0.08125000000000018 1.3181954422284832 0.26328776918962554
v -0.10781250000000012 1.3181954422284832 0.24726888459481267
v -0.10781250000000012 1.2564670471667547 0.2152311154051869
v -0.10781250000000012 1.3181954422284832 0.2152311154051869
v -0.0812500000000002 1.2564670471667547 0.19921223081037406
v -0.0812500000000002 1.3181954422284832 0.19921223081037406
v -0.05468750000000025 1.2564670471667547 0.2152311154051869
v -0.05468750000000025 1.3181954422284832 0.2152311154051869
v -0.05468750000000025 1.2564670471667547 0.24726888459481267
v -0.05468750000000025 1.3181954422284832 0.24726888459481267
v -0.08125000000000018 1.2564670471667547 0.2739919346373147
v -0.08125000000000018 1.3181954422284832 0.2739919346373147
v -0.11729014783040609 1.3181954422284832 0.25262096731865724
v -0.11729014783040609 1.2564670471667547 0.25262096731865724
v -0.11729014783040609 1.3181954422284832 0.20987903268134234
v -0.11729014783040609 1.2564670471667547 0.20987903268134234
v -0.08125000000000021 1.3181954422284832 0.18850806536268488
v -0.08125000000000021 1.2564670471667547 0.18850806536268488
v -0.04520985216959429 1.3181954422284832 0.20987903268134234
v -0.04520985216959429 1.2564670471667547 0.20987903268134234
v -0.045209852169594285 1.3181954422284832 0.25262096731865724
v -0.045209852169594285 1.2564670471667547 0.25262096731865724
vt 0.6055671875 0.5267578125
vt 0.60356484375 0.530078125
vt 0.6015625 0.5267578125
vt 0.578125 0.4453125
vt 0.578125 0.4375
vt 0.5859375 0.4375
vt 0.5859375 0.4453125
vt 0.60549765625 0.76823984375
vt 0.609375 0.76823984375
vt 0.60730703125 0.7734375
vt 0.60356484375 0.5234375
vt 0.6055671875 0.5267578125
vt 0.6015625 0.5267578125
vt 0.578125 0.4296875
vt 0.578125 0.421875
vt 0.5859375 0.421875
vt 0.5859375 0.4296875
vt 0.25 0.39323984375
vt 0.25387734375 0.39323984375
vt 0.25206796875 0.3984375
vt 0.59956015625 0.5234375
vt 0.60356484375 0.5234375
vt 0.6015625 0.5267578125
vt 0.578125 0.5078125
vt 0.578125 0.5
vt 0.5859375 0.5
vt 0.5859375 0.5078125
vt 0.60346640625 0.7839359375
vt 0.60747109375 0.7839359375
vt 0.60546875 0.7890625
vt 0.5975578125 0.5267578125
vt 0.59956015625 0.5234375
vt 0.6015625 0.5267578125
vt 0.578125 0.4609375
vt 0.578125 0.453125
vt 0.5859375 0.453125
vt 0.5859375 0.4609375
vt 0.60549765625 0.73698984375
vt 0.609375 0.73698984375
vt 0.60730703125 0.7421875
vt 0.59956015625 0.530078125
vt 0.5975578125 0.5267578125
vt 0.6015625 0.5267578125
vt 0.5859375 1
vt 0.5859375 0.9921875
vt 0.59375 0.9921875
vt 0.59375 1
vt 0.6015625 0.75261484375
vt 0.60543984375 0.75261484375
vt 0.60363046875 0.7578125
vt 0.60356484375 0.530078125
vt 0.59956015625 0.530078125
vt 0.6015625 0.5267578125
vt 0.578125 0.4921875
vt 0.578125 0.484375
vt 0.5859375 0.484375
vt 0.5859375 0.4921875
vt 0.60346640625 0.79956015625
vt 0.60747109375 0.79956015625
vt 0.60546875 0.8046875
vt 0.03125 0.515625
vt 0.03125 0.546875
vt 0.0234375 0.546875
vt 0.0234375 0.515625
vt 0.59375 0.90625
vt 0.59375 0.9140625
vt 0.5859375 0.9140625
vt 0.5859375 0.90625
vt 0.046875 0.75
vt 0.046875 0.78125
vt 0.0390625 0.78125
vt 0.0390625 0.75
vt 0.5390625 0.4140625
vt 0.5390625 0.421875
vt 0.53125 0.421875
vt 0.53125 0.4140625
vt 0.4140625 0.8515625
vt 0.4140625 0.8828125
vt 0.40625 0.8828125
vt 0.40625 0.8515625
vt 0.59375 0.921875
vt 0.59375 0.9296875
vt 0.5859375 0.9296875
vt 0.5859375 0.921875
vt 0.453125 0.734375
vt 0.453125 0.765625
vt 0.4453125 0.765625
vt 0.4453125 0.734375
vt 0.59375 0.9765625
vt 0.59375 0.984375
vt 0.5859375 0.984375
vt 0.5859375 0.9765625
vt 0.0703125 0.6484375
vt 0.0703125 0.6796875
vt 0.0625 0.6796875
vt 0.0625 0.6484375
vt 0.5859375 0.46875
vt 0.5859375 0.4765625
vt 0.578125 0.4765625
vt 0.578125 0.46875
vt 0.046875 0.515625
vt 0.046875 0.546875
vt 0.0390625 0.546875
vt 0.0390625 0.515625
vt 0.59375 0.9375
vt 0.59375 0.9453125
vt 0.5859375 0.9453125
vt 0.5859375 0.9375
vt 0.57298359375 0.709740625
vt 0.57565546875 0.7142453125
vt 0.5743171875 0.7142453125
vt 0.57231484375 0.710925
vt 0.31003046875 0.4263796875
vt 0.30735859375 0.430884375
vt 0.30668984375 0.42969999999999997
vt 0.3086921875 0.4263796875
vt 0.56764140625 0.709740625
vt 0.57298359375 0.709740625
vt 0.57231484375 0.710925
vt 0.56831015625 0.710925
vt 0.30735859375 0.430884375
vt 0.30201640625 0.430884375
vt 0.30268515625 0.42969999999999997
vt 0.30668984375 0.42969999999999997
vt 0.56496953125 0.7142453125
vt 0.56764140625 0.709740625
vt 0.56831015625 0.710925
vt 0.5663078125 0.7142453125
vt 0.30201640625 0.430884375
vt 0.29934453125 0.4263796875
vt 0.3006828125 0.4263796875
vt 0.30268515625 0.42969999999999997
vt 0.56764140625 0.71875
vt 0.56496953125 0.7142453125
vt 0.5663078125 0.7142453125
vt 0.56831015625 0.717565625
vt 0.29934453125 0.4263796875
vt 0.30201640625 0.421875
vt 0.30268515625 0.423059375
vt 0.3006828125 0.4263796875
vt 0.57298359375 0.71875
vt 0.56764140625 0.71875
vt 0.56831015625 0.717565625
vt 0.57231484375 0.717565625
vt 0.30201640625 0.421875
vt 0.30735859375 0.421875
vt 0.30668984375 0.423059375
vt 0.30268515625 0.423059375
vt 0.57565546875 0.7142453125
vt 0.57298359375 0.71875
vt 0.57231484375 0.717565625
vt 0.5743171875 0.7142453125
vt 0.30735859375 0.421875
vt 0.31003046875 0.4263796875
vt 0.3086921875 0.4263796875
vt 0.30668984375 0.423059375
vn 0 -1 0
vn -0.516423652864954 0 0.8563332358151338
vn -0.38808624364317257 0.6597466141933915 0.6435242594924362
vn 0 -1 0
vn 0.5164236528649541 0 0.8563332358151338
vn 0.3880862436431727 0.6597466141933916 0.643524259492436
vn 0 -1 0
vn 1 0 -2.220446049250313e-16
vn 0.76193931775946 0.6476484200955398 -1.6918451478874719e-16
vn 0 -1 0
vn 0.5164236528649535 0 -0.8563332358151341
vn 0.3880862436431723 0.6597466141933918 -0.6435242594924363
vn 0 -1 0
vn -0.5164236528649538 0 -0.8563332358151341
vn -0.3880862436431724 0.6597466141933918 -0.6435242594924362
vn 0 -1 0
vn -1 0 2.220446049250313e-16
vn -0.7619393177594604 0.6476484200955395 1.6918451478874729e-16
vn -0.516423652864954 0 0.8563332358151338
vn -0.5100468801146152 0 0.8601466038329441
vn -1 0 2.220446049250313e-16
vn -1 0 5.970066886348074e-17
vn -0.5164236528649537 0 -0.856333235815134
vn -0.5100468801146152 0 -0.8601466038329442
vn 0.5164236528649535 0 -0.8563332358151341
vn 0.510046880114615 0 -0.8601466038329441
vn 1 0 -2.220446049250313e-16
vn 1 0 -2.220446049250313e-16
vn 0.5164236528649542 0 0.8563332358151339
vn 0.5100468801146155 0 0.8601466038329438
vn 0 1 0
vn 0 -1 0
vn 0 1 0
vn 0 -1 0
vn 0 1 0
vn 0 -1 0
vn 0 1 0
vn 0 -1 0
vn 0 1 0
vn 0 -1 0
vn 0 1 0
vn 0 -1 0
usemtl m_b486289d-1bb0-a945-f555-93e2e004edc1
f 412/1559/391 410/1560/391 408/1561/391
f 411/1562/392 425/1563/392 424/1564/392 413/1565/392
f 411/1566/393 413/1567/393 409/1568/393
f 414/1569/394 412/1570/394 408/1571/394
f 413/1572/395 424/1573/395 433/1574/395 415/1575/395
f 413/1576/396 415/1577/396 409/1578/396
f 416/1579/397 414/1580/397 408/1581/397
f 415/1582/398 433/1583/398 431/1584/398 417/1585/398
f 415/1586/399 417/1587/399 409/1588/399
f 418/1589/400 416/1590/400 408/1591/400
f 417/1592/401 431/1593/401 429/1594/401 419/1595/401
f 417/1596/402 419/1597/402 409/1598/402
f 420/1599/403 418/1600/403 408/1601/403
f 419/1602/404 429/1603/404 427/1604/404 421/1605/404
f 419/1606/405 421/1607/405 409/1608/405
f 410/1609/406 420/1610/406 408/1611/406
f 421/1612/407 427/1613/407 425/1614/407 411/1615/407
f 421/1616/408 411/1617/408 409/1618/408
f 412/1619/409 422/1620/409 423/1621/409 410/1622/409
f 434/1623/410 435/1624/410 436/1625/410 437/1626/410
f 410/1627/411 423/1628/411 426/1629/411 420/1630/411
f 437/1631/412 436/1632/412 438/1633/412 439/1634/412
f 420/1635/413 426/1636/413 428/1637/413 418/1638/413
f 439/1639/414 438/1640/414 440/1641/414 441/1642/414
f 418/1643/415 428/1644/415 430/1645/415 416/1646/415
f 441/1647/416 440/1648/416 442/1649/416 443/1650/416
f 416/1651/417 430/1652/417 432/1653/417 414/1654/417
f 443/1655/418 442/1656/418 444/1657/418 445/1658/418
f 414/1659/419 432/1660/419 422/1661/419 412/1662/419
f 445/1663/420 444/1664/420 435/1665/420 434/1666/420
f 436/1667/421 435/1668/421 424/1669/421 425/1670/421
f 434/1671/422 437/1672/422 423/1673/422 422/1674/422
f 438/1675/423 436/1676/423 425/1677/423 427/1678/423
f 437/1679/424 439/1680/424 426/1681/424 423/1682/424
f 440/1683/425 438/1684/425 427/1685/425 429/1686/425
f 439/1687/426 441/1688/426 428/1689/426 426/1690/426
f 442/1691/427 440/1692/427 429/1693/427 431/1694/427
f 441/1695/428 443/1696/428 430/1697/428 428/1698/428
f 444/1699/429 442/1700/429 431/1701/429 433/1702/429
f 443/1703/430 445/1704/430 432/1705/430 430/1706/430
f 435/1707/431 444/1708/431 433/1709/431 424/1710/431
f 445/1711/432 434/1712/432 422/1713/432 432/1714/432
o cylinder
v -0.018750000000000197 1.002300380500088 0.2312499999999998
v -0.018750000000000197 1.192925380500088 0.2312499999999998
v -0.04062500000000012 1.002300380500088 0.24492513459481266
v -0.04062500000000012 1.177300380500088 0.24492513459481266
v -0.01875000000000019 1.002300380500088 0.25860026918962553
v -0.01875000000000019 1.177300380500088 0.25860026918962553
v 0.003124999999999753 1.002300380500088 0.24492513459481263
v 0.003124999999999753 1.177300380500088 0.24492513459481263
v 0.003124999999999753 1.002300380500088 0.21757486540518692
v 0.003124999999999753 1.177300380500088 0.21757486540518692
v -0.018750000000000204 1.002300380500088 0.20389973081037405
v -0.018750000000000204 1.177300380500088 0.20389973081037405
v -0.04062500000000012 1.002300380500088 0.2175748654051869
v -0.04062500000000012 1.177300380500088 0.2175748654051869
vt 0.1245125 0.39335937499999996
vt 0.122803125 0.39609375
vt 0.12109375 0.39335937499999996
vt 0.2578125 0.46875
vt 0.265625 0.46875
vt 0.265625 0.4921875
vt 0.2578125 0.4921875
vt 0.37958828125 0.3949421875
vt 0.3828125 0.3949421875
vt 0.38100078125 0.3984375
vt 0.122803125 0.390625
vt 0.1245125 0.39335937499999996
vt 0.12109375 0.39335937499999996
vt 0.421875 0.46875
vt 0.4296875 0.46875
vt 0.4296875 0.4921875
vt 0.421875 0.4921875
vt 0.390625 0.3949421875
vt 0.39384921875 0.3949421875
vt 0.39243671875 0.3984375
vt 0.119384375 0.390625
vt 0.122803125 0.390625
vt 0.12109375 0.39335937499999996
vt 0.2109375 0.46875
vt 0.21875 0.46875
vt 0.21875 0.4921875
vt 0.2109375 0.4921875
vt 0.345946875 0.39507734375000003
vt 0.349365625 0.39507734375000003
vt 0.34765625 0.3984375
vt 0.117675 0.39335937499999996
vt 0.119384375 0.390625
vt 0.12109375 0.39335937499999996
vt 0.5 0.46875
vt 0.5078125 0.46875
vt 0.5078125 0.4921875
vt 0.5 0.4921875
vt 0.60615 0.6449421875
vt 0.609375 0.6449421875
vt 0.6075625 0.6484375
vt 0.119384375 0.39609375
vt 0.117675 0.39335937499999996
vt 0.12109375 0.39335937499999996
vt 0.4375 0.46875
vt 0.4453125 0.46875
vt 0.4453125 0.4921875
vt 0.4375 0.4921875
vt 0.6015625 0.6293171875
vt 0.6047875 0.6293171875
vt 0.603375 0.6328125
vt 0.122803125 0.39609375
vt 0.119384375 0.39609375
vt 0.12109375 0.39335937499999996
vt 0.5078125 0.734375
vt 0.515625 0.734375
vt 0.515625 0.7578125
vt 0.5078125 0.7578125
vt 0.603759375 0.6607023437499999
vt 0.607178125 0.6607023437499999
vt 0.60546875 0.6640625
vn 0 -1 0
vn -0.5300897966864832 0 0.8479415118089709
vn -0.2961902913809947 0.8293328158667824 0.47379150669689624
vn 0 -1 0
vn 0.5300897966864832 0 0.847941511808971
vn 0.2961902913809946 0.8293328158667825 0.47379150669689624
vn 0 -1 0
vn 1 0 -2.220446049250313e-16
vn 0.5812381937190972 0.8137334712067343 -1.2906080509169576e-16
vn 0 -1 0
vn 0.5300897966864826 0 -0.8479415118089713
vn 0.29619029138099434 0.8293328158667826 -0.4737915066968963
vn 0 -1 0
vn -0.5300897966864829 0 -0.8479415118089709
vn -0.29619029138099445 0.8293328158667825 -0.4737915066968961
vn 0 -1 0
vn -1 0 2.220446049250313e-16
vn -0.5812381937190978 0.8137334712067341 1.2906080509169588e-16
usemtl m_b486289d-1bb0-a945-f555-93e2e004edc1
f 450/1715/433 448/1716/433 446/1717/433
f 448/1718/434 450/1719/434 451/1720/434 449/1721/434
f 449/1722/435 451/1723/435 447/1724/435
f 452/1725/436 450/1726/436 446/1727/436
f 450/1728/437 452/1729/437 453/1730/437 451/1731/437
f 451/1732/438 453/1733/438 447/1734/438
f 454/1735/439 452/1736/439 446/1737/439
f 452/1738/440 454/1739/440 455/1740/440 453/1741/440
f 453/1742/441 455/1743/441 447/1744/441
f 456/1745/442 454/1746/442 446/1747/442
f 454/1748/443 456/1749/443 457/1750/443 455/1751/443
f 455/1752/444 457/1753/444 447/1754/444
f 458/1755/445 456/1756/445 446/1757/445
f 456/1758/446 458/1759/446 459/1760/446 457/1761/446
f 457/1762/447 459/1763/447 447/1764/447
f 448/1765/448 458/1766/448 446/1767/448
f 458/1768/449 448/1769/449 449/1770/449 459/1771/449
f 459/1772/450 449/1773/450 447/1774/450