# Made in Blockbench 5.1.5
mtllib SquireBody.mtl

o cylinder
v -0.1375 0.002236652351681634 0.006250000000000047
v -0.1375 0.0022366523516816894 -0.12894736842105256
v -0.10513956543960196 0.09687500000000004 0.006250000000000089
v -0.10513956543960196 0.0968750000000001 -0.12894736842105253
v -0.059375 0.06648178118654752 0.006250000000000075
v -0.059375 0.06648178118654757 -0.12894736842105253
v -0.059375 0.002236652351681634 0.006250000000000047
v -0.059375 0.0022366523516816894 -0.12894736842105256
v -0.21562499999999998 0.002236652351681634 0.006250000000000047
v -0.21562499999999998 0.0022366523516816894 -0.12894736842105256
v -0.21562500000000004 0.06648178118654752 0.006250000000000075
v -0.21562500000000004 0.06648178118654763 -0.12894736842105253
v -0.16986043456039812 0.09687500000000004 0.006250000000000089
v -0.16986043456039812 0.0968750000000001 -0.12894736842105253
v -0.08515625 0.050107106775466814 -0.19374999999999978
v -0.08515625 0.0022366523516816894 -0.19374999999999984
v -0.1375 0.0022366523516816894 -0.19374999999999984
v -0.1158185088445333 0.06651334764831851 -0.19374999999999978
v -0.15918149115546673 0.06651334764831851 -0.19374999999999978
v -0.18984375 0.050107106775466814 -0.19374999999999978
v -0.18984375 0.0022366523516816894 -0.19374999999999984
vt 0.66796875 0.25043593750000004
vt 0.656528125 0.25803437500000004
vt 0.6484375 0.234375
vt 0.109375 0.09375
vt 0.125 0.09375
vt 0.125 0.125
vt 0.109375 0.125
vt 0.2554203125 0.09330625000000003
vt 0.2630859375 0.09740781249999997
vt 0.25 0.109375
vt 0.66796875 0.234375
vt 0.66796875 0.25043593750000004
vt 0.6484375 0.234375
vt 0.859375 0.140625
vt 0.875 0.140625
vt 0.875 0.171875
vt 0.859375 0.171875
vt 0.2630859375 0.09740781249999997
vt 0.2630859375 0.109375
vt 0.25 0.109375
vt 0.62890625 0.25043593750000004
vt 0.62890625 0.234375
vt 0.6484375 0.234375
vt 0.078125 0.09375
vt 0.09375 0.09375
vt 0.09375 0.125
vt 0.078125 0.125
vt 0.2369140625 0.109375
vt 0.2369140625 0.09740781249999997
vt 0.25 0.109375
vt 0.640346875 0.25803437500000004
vt 0.62890625 0.25043593750000004
vt 0.6484375 0.234375
vt 0.203125 0.09375
vt 0.21875 0.09375
vt 0.21875 0.125
vt 0.203125 0.125
vt 0.2369140625 0.09740781249999997
vt 0.2445796875 0.09330625000000003
vt 0.25 0.109375
vt 0.656528125 0.25803437500000004
vt 0.640346875 0.25803437500000004
vt 0.6484375 0.234375
vt 0.875 0.9375
vt 0.890625 0.9375
vt 0.890625 0.96875
vt 0.875 0.96875
vt 0.2445796875 0.09330625000000003
vt 0.2554203125 0.09330625000000003
vt 0.25 0.109375
vt 0.49609375 0.40312499999999996
vt 0.49609375 0.436925
vt 0.4765625 0.436925
vt 0.45703125 0.436925
vt 0.45703125 0.436925
vt 0.45703125 0.40312499999999996
vt 0.4765625 0.40312499999999996
vt 0.49609375 0.40312499999999996
vt 0.9375 0.5
vt 0.92596875 0.5
vt 0.921875 0.484375
vt 0.9375 0.484375
vt 0.4765625 0.453125
vt 0.4634765625 0.453125
vt 0.45703125 0.436925
vt 0.4765625 0.436925
vt 0.84375 0.08507626018359549
vt 0.8431604860817422 0.09375
vt 0.8250719772202569 0.09375
vt 0.8265711701205761 0.08014847739296571
vt 0.8804203125 0.09375
vt 0.8695796875 0.09375
vt 0.866909375 0.078125
vt 0.883090625 0.078125
vt 0.359375 0.09315916217959974
vt 0.3486830595445278 0.09375
vt 0.34375 0.07653295028259632
vt 0.359375 0.07511118460235011
vt 0.92581171875 0.09375
vt 0.91384453125 0.09375
vt 0.91384453125 0.078125
vt 0.92990546875 0.078125
vt 0.4896484375 0.453125
vt 0.4765625 0.453125
vt 0.4765625 0.436925
vt 0.49609375 0.436925
vn 0 -4.440892098500626e-16 1
vn 0.5532313418799935 0.8330276600219598 3.6993859532239873e-16
vn 0 4.440892098500626e-16 -1
vn 0 -4.440892098500626e-16 1
vn 1 0 0
vn 0 4.440892098500626e-16 -1
vn 0 -4.440892098500626e-16 1
vn -1 -8.640522984075935e-16 -7.384904993988963e-31
vn 0 4.440892098500626e-16 -1
vn 0 -4.440892098500626e-16 1
vn -0.5532313418799938 0.8330276600219597 3.699385953223987e-16
vn 0 4.440892098500626e-16 -1
vn 0 -4.440892098500626e-16 1
vn 0 1 4.440892098500626e-16
vn 0 4.440892098500626e-16 -1
vn 0 -1 -4.440892098500626e-16
vn 0 -1 -4.440892098500626e-16
vn 0.9291663057404798 1.64162894699122e-16 -0.3696619756975139
vn 0 -1 -4.440892098500626e-16
vn 0.42350685041294983 0.7915083516348359 -0.4406319064089758
vn 0 0.9055372248760174 -0.4242668197771788
vn -0.43643581943072246 0.8156718024635922 -0.3797410778196489
vn -0.9291663057404799 1.6416289469912185e-16 -0.3696619756975136
vn 0 -1 -4.440892098500626e-16
usemtl m_3d478068-9534-e6ba-c28c-3f41e95b72f8
f 5/1/1 3/2/1 1/3/1
f 3/4/2 5/5/2 6/6/2 4/7/2
f 18/8/3 15/9/3 17/10/3
f 7/11/4 5/12/4 1/13/4
f 5/14/5 7/15/5 8/16/5 6/17/5
f 15/18/6 16/19/6 17/20/6
f 11/21/7 9/22/7 1/23/7
f 9/24/8 11/25/8 12/26/8 10/27/8
f 21/28/9 20/29/9 17/30/9
f 13/31/10 11/32/10 1/33/10
f 11/34/11 13/35/11 14/36/11 12/37/11
f 20/38/12 19/39/12 17/40/12
f 3/41/13 13/42/13 1/43/13
f 13/44/14 3/45/14 4/46/14 14/47/14
f 19/48/15 18/49/15 17/50/15
f 9/51/16 10/52/16 2/53/16 8/54/16
f 8/55/17 7/56/17 1/57/17 9/58/17
f 16/59/18 15/60/18 6/61/18 8/62/18
f 17/63/19 16/64/19 8/65/19 2/66/19
f 15/67/20 18/68/20 4/69/20 6/70/20
f 18/71/21 19/72/21 14/73/21 4/74/21
f 19/75/22 20/76/22 12/77/22 14/78/22
f 20/79/23 21/80/23 10/81/23 12/82/23
f 21/83/24 17/84/24 2/85/24 10/86/24
o Shin
v -0.05000000000000029 0.3750692669353308 0.05416666666666644
v -0.22499999999999976 0.3750692669353308 -0.10000000000000073
v -0.22500000000000037 0.3750692669353308 0.10624999999999923
v -0.2624999999999997 0.0677083333333332 -0.1125000000000008
v -0.2625000000000005 0.07187500000000008 0.16874999999999918
v -0.04999999999999983 0.3750692669353308 -0.1000000000000002
v -0.05000000000000044 0.3750692669353308 0.10624999999999976
v -0.012499999999999761 0.06770833333333326 -0.11250000000000006
v -0.012500000000000594 0.07187500000000013 0.16874999999999993
v -0.22013888888888858 0.06770833333333326 -0.11250000000000067
v -0.21388888888888943 0.07187500000000013 0.16874999999999934
v -0.05486111111111082 0.06770833333333326 -0.11250000000000018
v -0.06111111111111164 0.07187500000000013 0.1687499999999998
v -0.19097222222222263 0.3750692669353308 0.10624999999999934
v -0.08402777777777821 0.3750692669353308 0.10624999999999965
v -0.19097222222222202 0.3750692669353308 -0.10000000000000062
v -0.0840277777777776 0.3750692669353308 -0.10000000000000031
v -0.22500000000000017 0.3750692669353308 0.037499999999999235
v -0.2625000000000002 0.0677083333333332 0.056707317073169915
v -0.225 0.3750692669353308 -0.022916666666667408
v -0.26249999999999996 0.0677083333333332 -0.027896341463415457
v -0.22013888888888897 0.06770833333333326 0.015853658536584672
v -0.0548611111111112 0.06770833333333326 0.01585365853658516
v -0.012500000000000263 0.06770833333333326 0.05670731707317066
v -0.012500000000000011 0.06770833333333326 -0.027896341463414718
v -0.05000000000000006 0.3750692669353308 -0.02291666666666689
v -0.08402777777777806 0.3750692669353308 0.05416666666666634
v -0.08402777777777783 0.3750692669353308 -0.02291666666666699
v -0.1909722222222225 0.3750692669353308 0.05416666666666602
v -0.19097222222222227 0.3750692669353308 -0.022916666666667307
v -0.22013888888888858 0.0031249999999998224 -0.11250000000000066
v -0.26249999999999996 0.003124999999999767 -0.02789634146341545
v -0.22013888888888897 0.0031249999999998224 0.01585365853658468
v -0.2624999999999997 0.003124999999999767 -0.11250000000000078
v -0.2625000000000002 0.003124999999999767 0.05670731707316992
v -0.21388888888888907 0.0031249999999998224 0.05670731707317007
v -0.2625000000000005 0.003124999999999767 0.1687499999999992
v -0.2138888888888894 0.0031249999999998224 0.16874999999999934
v -0.0611111111111113 0.0031249999999998224 0.05670731707317052
v -0.061111111111111636 0.0031249999999998224 0.1687499999999998
v -0.054861111111111194 0.0031249999999998224 0.01585365853658517
v -0.012500000000000002 0.0031249999999998224 -0.027896341463414707
v -0.012500000000000254 0.0031249999999998224 0.056707317073170664
v -0.012500000000000585 0.0031249999999998224 0.16874999999999993
v -0.012499999999999753 0.0031249999999998224 -0.11250000000000004
v -0.05486111111111081 0.0031249999999998224 -0.11250000000000017
v -0.0760788579824796 0.3106262385948795 -0.10340667991227083
v -0.19892114201751998 0.3106262385948795 -0.1034066799122712
v -0.23522003973681144 0.3106262385948795 -0.1034066799122713
v -0.23522003973681166 0.3106262385948795 -0.02427379931464513
v -0.23522003973681188 0.3106262385948795 0.04273465449934178
v -0.2352200397368121 0.3106262385948795 0.12328339956135202
v -0.19721780206138537 0.3106262385948795 0.12328339956135213
v -0.07778219793861554 0.3106262385948795 0.12328339956135248
v -0.039779960263188814 0.3106262385948795 0.12328339956135259
v -0.039779960263188606 0.3106262385948795 0.054859081282981635
v -0.03977996026318838 0.3106262385948795 -0.024273799314644556
v -0.03977996026318814 0.3106262385948795 -0.10340667991227073
v -0.15797530868418666 0.3106262385948795 -0.10340667991227108
v -0.16504844185143203 0.10520833333333313 -0.11250000000000052
v -0.11702867804273191 0.3106262385948795 -0.10340667991227095
v -0.10995692207818622 0.10520833333333313 -0.11250000000000035
v -0.16504844185143241 0.10520833333333313 0.015853658536584832
v -0.1099569220781866 0.10520833333333313 0.015853658536584995
v -0.1650484418514324 0.0031249999999998224 0.015853658536584842
v -0.10995692207818658 0.0031249999999998224 0.015853658536585005
v -0.16296494624922334 0.0031249999999998224 0.05670731707317022
v -0.11204001200504654 0.0031249999999998224 0.056707317073170366
v -0.16296494624922367 0.0031249999999998224 0.16874999999999948
v -0.11204001200504687 0.0031249999999998224 0.16874999999999965
v -0.1629649462492237 0.07187500000000013 0.16874999999999948
v -0.11204001200504689 0.07187500000000013 0.16874999999999965
v -0.15740748447495934 0.3106262385948795 0.12328339956135224
v -0.11759639169147551 0.3106262385948795 0.12328339956135237
v -0.1553254623744566 0.3750692669353308 0.10624999999999944
v -0.11967800840353288 0.3750692669353308 0.10624999999999955
v -0.15532546237445646 0.3750692669353308 0.05416666666666613
v -0.11967800840353272 0.3750692669353308 0.05416666666666623
v -0.15532546237445624 0.3750692669353308 -0.0229166666666672
v -0.11967800840353249 0.3750692669353308 -0.022916666666667095
v -0.155325462374456 0.3750692669353308 -0.10000000000000052
v -0.11967800840353227 0.3750692669353308 -0.10000000000000041
v -0.07607885798247954 0.3106262385948795 -0.12042719589941983
v -0.08005331788012852 0.3435076243401989 -0.12042719589941986
v -0.24862858683583616 0.3106262385948795 -0.12042719589942034
v -0.19494668211987093 0.3435076243401989 -0.12042719589942019
v -0.24862858683583616 0.3435076243401989 -0.12042719589942036
v -0.19892114201751993 0.3106262385948795 -0.1204271958994202
v -0.24862858683583644 0.3106262385948795 -0.024273799314645173
v -0.24862858683583644 0.3435076243401989 -0.023595232990656325
v -0.24862858683583666 0.3106262385948795 0.042734654499341745
v -0.24862858683583663 0.3435076243401989 0.04011732724967045
v -0.2486285868358369 0.3106262385948795 0.1328941646386794
v -0.2486285868358369 0.3435076243401989 0.1328941646386794
v -0.1972178020613854 0.3106262385948795 0.13289416463867953
v -0.19409501214180405 0.3435076243401989 0.13289416463867956
v -0.08090498785819693 0.3435076243401989 0.1328941646386799
v -0.11759639169147554 0.3106262385948795 0.13289416463867978
v -0.11863720004750423 0.3435076243401989 0.13289416463867978
v -0.07778219793861557 0.3106262385948795 0.1328941646386799
v -0.02637141316416406 0.3106262385948795 0.13289416463868006
v -0.026371413164164064 0.3435076243401989 0.13289416463868003
v -0.02637141316416383 0.3106262385948795 0.05485908128298167
v -0.026371413164163835 0.3435076243401989 0.05451287397482409
v -0.026371413164163596 0.3106262385948795 -0.024273799314644514
v -0.026371413164163603 0.3435076243401989 -0.023595232990655666
v -0.02637141316416331 0.3106262385948795 -0.12042719589941969
v -0.026371413164163315 0.3435076243401989 -0.12042719589941969
v -0.08402777777777753 0.3750692669353308 -0.12042719589941987
v -0.19097222222222196 0.3750692669353308 -0.12042719589942018
v -0.24862858683583616 0.3750692669353308 -0.12042719589942036
v -0.24862858683583647 0.3750692669353308 -0.022916666666667477
v -0.24862858683583663 0.3750692669353308 0.03749999999999916
v -0.2486285868358369 0.3750692669353308 0.1328941646386794
v -0.1909722222222227 0.3750692669353308 0.13289416463867956
v -0.08402777777777828 0.3750692669353308 0.13289416463867987
v -0.11967800840353295 0.3750692669353308 0.13289416463867976
v -0.026371413164164068 0.3750692669353308 0.13289416463868003
v -0.026371413164163835 0.3750692669353308 0.05416666666666651
v -0.026371413164163606 0.3750692669353308 -0.022916666666666818
v -0.026371413164163318 0.3750692669353308 -0.12042719589941969
v -0.15740748447495936 0.3106262385948795 0.13289416463867967
v -0.15636647342470802 0.3435076243401989 0.13289416463867967
v -0.15532546237445669 0.3750692669353308 0.13289416463867967
v -0.11702867804273186 0.3106262385948795 -0.12042719589941996
v -0.1196780084035322 0.3750692669353308 -0.12042719589941997
v -0.15532546237445594 0.3750692669353308 -0.12042719589942008
v -0.1579753086841866 0.3106262385948795 -0.12042719589942008
v -0.1949466821198709 0.3435076243401989 -0.1329271958994202
v -0.15797530868418658 0.3106262385948795 -0.13292719589942006
v -0.1989211420175199 0.3106262385948795 -0.1329271958994202
v -0.0800533178801285 0.3435076243401989 -0.13292719589941984
v -0.11967800840353217 0.3750692669353308 -0.13292719589941998
v -0.08402777777777751 0.3750692669353308 -0.13292719589941987
v -0.07607885798247951 0.3106262385948795 -0.13292719589941984
v -0.11702867804273183 0.3106262385948795 -0.13292719589941995
v -0.1553254623744559 0.3750692669353308 -0.13292719589942006
v -0.19097222222222193 0.3750692669353308 -0.13292719589942018
v -0.15565669316317224 0.3671788562865479 -0.13292719589942006
v -0.11934684210843212 0.3671788562865479 -0.13292719589941998
v -0.08962832421587937 0.3435076243401989 -0.13292719589941987
v -0.09227794479946003 0.3671788562865479 -0.1329271958994199
v -0.08697870363229873 0.31884658503120933 -0.13292719589941987
v -0.11735984433783186 0.31884658503120933 -0.13292719589941995
v -0.15764407789547025 0.31884658503120933 -0.13292719589942006
v -0.18537260797223348 0.3435076243401989 -0.13292719589942018
v -0.18802226080262227 0.31884658503120933 -0.13292719589942018
v -0.1827229551418447 0.3671788562865479 -0.13292719589942015
v -0.15565669316317227 0.3671788562865479 -0.12042719589942008
v -0.11934684210843215 0.3671788562865479 -0.12042719589941997
v -0.118353343223132 0.3435076243401989 -0.12042719589941997
v -0.15665038552932126 0.3435076243401989 -0.12042719589942008
v -0.08962832421587939 0.3435076243401989 -0.12042719589941989
v -0.09227794479946005 0.3671788562865479 -0.12042719589941989
v -0.08697870363229876 0.31884658503120933 -0.12042719589941987
v -0.11735984433783189 0.31884658503120933 -0.12042719589941996
v -0.15764407789547027 0.31884658503120933 -0.12042719589942008
v -0.1853726079722335 0.3435076243401989 -0.12042719589942016
v -0.1880222608026223 0.31884658503120933 -0.12042719589942016
v -0.18272295514184472 0.3671788562865479 -0.12042719589942016
vt 0.3375578125 0.6263890624999999
vt 0.3384625 0.6875
vt 0.3186796875 0.6875
vt 0.31640625 0.6263890624999999
vt 0.44921875 0.8451390624999999
vt 0.4469453125 0.90625
vt 0.4271625 0.90625
vt 0.4280671875 0.8451390624999999
vt 0.17413125000000002 0.5199015625
vt 0.17413125000000002 0.539171875
vt 0.165625 0.539171875
vt 0.165625 0.5199015625
vt 8.673617379884035e-19 0.5859375
vt 8.673617379884035e-19 0.5647859375
vt 0.010590625000000001 0.5538484375
vt 0.010590625000000001 0.5859375
vt 0.4090262108262273 0.7517273951880569
vt 0.41434268012704845 0.8124982406212224
vt 0.40526768029759463 0.8125
vt 0.3984355860252566 0.7517294484024774
vt 0.453125 0.9392390625
vt 0.4463046875 1
vt 0.4368046875 1
vt 0.440971875 0.9392390625
vt 0.05190937500000001 0.5859375
vt 0.05190937500000001 0.5538484375
vt 0.0625 0.5647859375
vt 0.0625 0.5859375
vt 0.890625 0.78125
vt 0.890625 0.796875
vt 0.859375 0.796875
vt 0.859375 0.78125
vt 0.402778125 0.9392390625
vt 0.4069453125 1
vt 0.3974453125 1
vt 0.390625 0.9392390625
vt 0.4368046875 1
vt 0.4268515625 1
vt 0.428240625 0.9392390625
vt 0.440971875 0.9392390625
vt 0.209375 0.5199015625
vt 0.209375 0.539171875
vt 0.20086874999999998 0.539171875
vt 0.20086874999999998 0.5199015625
vt 0.17413125000000002 0.5199015625
vt 0.18304375 0.5199015625
vt 0.18304375 0.539171875
vt 0.17413125000000002 0.539171875
vt 0.4609425440816491 0.7517243924935122
vt 0.4541222315816491 0.8124962674935121
vt 0.4450472315816491 0.8124962674935121
vt 0.45035191908164907 0.7517243924935122
vt 0.4090262108262273 0.7517273951880569
vt 0.42280652165487675 0.761092488848378
vt 0.42457535658169987 0.8124963130916167
vt 0.41434253442232444 0.8124965751175284
vt 0.38671875 0.627425
vt 0.3753515625 0.6875
vt 0.355215625 0.6875
vt 0.3587078125 0.6263890624999999
vt 0.3587078125 0.6263890624999999
vt 0.355215625 0.6875
vt 0.3384625 0.6875
vt 0.3375578125 0.6263890624999999
vt 0.0625 0.515625
vt 0.0625 0.5436359374999999
vt 0.050346875 0.5436359374999999
vt 0.050346875 0.515625
vt 0.0625 0.5436359374999999
vt 0.0625 0.5647859375
vt 0.05190937500000001 0.5538484375
vt 0.050346875 0.5436359374999999
vt 0.012153125 0.515625
vt 0.024884375 0.515625
vt 0.024884375 0.5436359374999999
vt 0.012153125 0.5436359374999999
vt 0.012153125 0.5436359374999999
vt 0.024884375 0.5436359374999999
vt 0.024364062500000002 0.5538484375
vt 0.010590625000000001 0.5538484375
vt 0.012153125 0.515625
vt 0.012153125 0.5436359374999999
vt 0 0.5436359374999999
vt 0 0.515625
vt 0.012153125 0.5436359374999999
vt 0.010590625000000001 0.5538484375
vt 1.734723475976807e-18 0.5647859375
vt 1.734723475976807e-18 0.5436359374999999
vt 0.4069171875 0.8451390624999999
vt 0.4073796875 0.90625
vt 0.3902734375 0.90625
vt 0.37890625 0.846175
vt 0.4280671875 0.8451390624999999
vt 0.4271625 0.90625
vt 0.4073796875 0.90625
vt 0.4069171875 0.8451390624999999
vt 0.165625 0.5714640625
vt 0.165625 0.55844375
vt 0.17413125000000002 0.55844375
vt 0.17413125000000002 0.5714640625
vt 0.165625 0.55844375
vt 0.165625 0.539171875
vt 0.17413125000000002 0.539171875
vt 0.17413125000000002 0.55844375
vt 0.17413125000000002 0.55844375
vt 0.18304375 0.55844375
vt 0.18304375 0.5714640625
vt 0.17413125000000002 0.5714640625
vt 0.17413125000000002 0.539171875
vt 0.18304375 0.539171875
vt 0.18304375 0.55844375
vt 0.17413125000000002 0.55844375
vt 0.20086874999999998 0.5714640625
vt 0.20086874999999998 0.55844375
vt 0.209375 0.5542765625
vt 0.209375 0.5714640625
vt 0.20086874999999998 0.55844375
vt 0.20086874999999998 0.539171875
vt 0.209375 0.539171875
vt 0.209375 0.5542765625
vt 0.84375 0.265625
vt 0.875 0.265625
vt 0.875 0.28125
vt 0.84375 0.28125
vt 0.31640625 0.61024375
vt 0.3375578125 0.61024375
vt 0.3375578125 0.6263890624999999
vt 0.31640625 0.6263890624999999
vt 0.45035191908164907 0.7355790799935121
vt 0.4609425440816491 0.7355790799935121
vt 0.4609425440816491 0.7517243924935122
vt 0.45035191908164907 0.7517243924935122
vt 0.3375578125 0.61024375
vt 0.3587078125 0.61024375
vt 0.3587078125 0.6263890624999999
vt 0.3375578125 0.6263890624999999
vt 0.3587078125 0.61024375
vt 0.38671875 0.61024375
vt 0.38671875 0.62743125
vt 0.3587078125 0.6263890624999999
vt 0.390625 0.9220515625
vt 0.402778125 0.9220515625
vt 0.402778125 0.9392390625
vt 0.390625 0.9392390625
vt 0.440971875 0.9392390625
vt 0.428240625 0.9392390625
vt 0.428240625 0.9220515625
vt 0.440971875 0.9220515625
vt 0.705903125 0.3338546875
vt 0.7196765625 0.3338546875
vt 0.7196765625 0.359375
vt 0.705903125 0.35
vt 0.4069171875 0.82899375
vt 0.4280671875 0.82899375
vt 0.4280671875 0.8451390624999999
vt 0.4069171875 0.8451390624999999
vt 0.37890625 0.82899375
vt 0.4069171875 0.82899375
vt 0.4069171875 0.8451390624999999
vt 0.37890625 0.84618125
vt 0.440971875 0.9220515625
vt 0.453125 0.9220515625
vt 0.453125 0.9392390625
vt 0.440971875 0.9392390625
vt 0.4280671875 0.82899375
vt 0.44921875 0.82899375
vt 0.44921875 0.8451390624999999
vt 0.4280671875 0.8451390624999999
vt 0.734375 0.140625
vt 0.765625 0.140625
vt 0.765625 0.15625
vt 0.734375 0.15625
vt 0.3984324559183509 0.7355841362058957
vt 0.4090230807193216 0.7355820829914752
vt 0.4090262108262273 0.7517273951880569
vt 0.3984355860252566 0.7517294484024774
vt 0.4450472315816491 0.8124962674935121
vt 0.43481129408167446 0.8124962902925644
vt 0.43657992958525416 0.7610915988530602
vt 0.4503517837246614 0.7517259431782481
vt 0.43481129408167446 0.8124962902925644
vt 0.42457535658169987 0.8124963130916167
vt 0.4228064920852883 0.7610916295313759
vt 0.43657992958525416 0.7610915988530602
vt 0.03125 0.125
vt 0.03125 0.140625
vt 0 0.140625
vt 0 0.125
vt 0.859375 0.25
vt 0.84375 0.25
vt 0.84375 0.21875
vt 0.859375 0.21875
vt 0.747221875 0.35
vt 0.73345 0.359375
vt 0.73345 0.3338546875
vt 0.747221875 0.3338546875
vt 0.73345 0.359375
vt 0.7196765625 0.359375
vt 0.7196765625 0.3338546875
vt 0.73345 0.3338546875
vt 0.05190937500000001 0.5538484375
vt 0.038137500000000005 0.5538484375
vt 0.037615625 0.5436359374999999
vt 0.050346875 0.5436359374999999
vt 0.038137500000000005 0.5538484375
vt 0.024364062500000002 0.5538484375
vt 0.024884375 0.5436359374999999
vt 0.037615625 0.5436359374999999
vt 0.050346875 0.5436359374999999
vt 0.037615625 0.5436359374999999
vt 0.037615625 0.515625
vt 0.050346875 0.515625
vt 0.037615625 0.5436359374999999
vt 0.024884375 0.5436359374999999
vt 0.024884375 0.515625
vt 0.037615625 0.515625
vt 0.402778125 0.9220515625
vt 0.415509375 0.9220515625
vt 0.415509375 0.9392390625
vt 0.402778125 0.9392390625
vt 0.415509375 0.9220515625
vt 0.428240625 0.9220515625
vt 0.428240625 0.9392390625
vt 0.415509375 0.9392390625
vt 0.402778125 0.9392390625
vt 0.415509375 0.9392390625
vt 0.4168984375 1
vt 0.4069453125 1
vt 0.415509375 0.9392390625
vt 0.428240625 0.9392390625
vt 0.4268515625 1
vt 0.4168984375 1
vt 0.20086874999999998 0.5714640625
vt 0.19195625 0.5714640625
vt 0.19195625 0.55844375
vt 0.20086874999999998 0.55844375
vt 0.19195625 0.5714640625
vt 0.18304375 0.5714640625
vt 0.18304375 0.55844375
vt 0.19195625 0.55844375
vt 0.20086874999999998 0.55844375
vt 0.19195625 0.55844375
vt 0.19195625 0.539171875
vt 0.20086874999999998 0.539171875
vt 0.19195625 0.55844375
vt 0.18304375 0.55844375
vt 0.18304375 0.539171875
vt 0.19195625 0.539171875
vt 0.20086874999999998 0.539171875
vt 0.19195625 0.539171875
vt 0.19195625 0.5199015625
vt 0.20086874999999998 0.5199015625
vt 0.19195625 0.539171875
vt 0.18304375 0.539171875
vt 0.18304375 0.5199015625
vt 0.19195625 0.5199015625
vt 0.89361953125 0.14416562499999996
vt 0.90121484375 0.14416562499999996
vt 0.90146328125 0.15033125000000003
vt 0.89428203125 0.15033125000000003
vt 0.93689453125 0.39013906249999997
vt 0.93689453125 0.39835937499999996
vt 0.92347265625 0.39835937499999996
vt 0.92446640625 0.39013906249999997
vt 0.25018515625 0.26513906249999997
vt 0.25035546875 0.27335937499999996
vt 0.22614765625 0.27335937499999996
vt 0.22614765625 0.26513906249999997
vt 0.26693828124999996 0.26513906249999997
vt 0.26628359375 0.27335937499999996
vt 0.25035546875 0.27335937499999996
vt 0.25018515625 0.26513906249999997
vt 0.28947734375 0.26513906249999997
vt 0.28947734375 0.27335937499999996
vt 0.26628359375 0.27335937499999996
vt 0.26693828124999996 0.26513906249999997
vt 0.7663203125 0.45263906249999997
vt 0.7671015625 0.46085937499999996
vt 0.7534671875 0.46085937499999996
vt 0.7534671875 0.45263906249999997
vt 0.7953984375 0.46085937499999996
vt 0.785965625 0.46085937499999996
vt 0.7862265625 0.45263906249999997
vt 0.7961796875 0.45263906249999997
vt 0.8090328125 0.45263906249999997
vt 0.8090328125 0.46085937499999996
vt 0.7953984375 0.46085937499999996
vt 0.7961796875 0.45263906249999997
vt 0.74565703125 0.6870140625
vt 0.74574296875 0.695234375
vt 0.72614765625 0.695234375
vt 0.72614765625 0.6870140625
vt 0.76543984375 0.6870140625
vt 0.76526953125 0.695234375
vt 0.74574296875 0.695234375
vt 0.74565703125 0.6870140625
vt 0.78947734375 0.6870140625
vt 0.78947734375 0.695234375
vt 0.76526953125 0.695234375
vt 0.76543984375 0.6870140625
vt 0.60678359375 0.06201406249999997
vt 0.60777734375 0.07023437499999996
vt 0.59435546875 0.07023437499999996
vt 0.59435546875 0.06201406249999997
vt 0.89428203125 0.15033125000000003
vt 0.90146328125 0.15033125000000003
vt 0.90171015625 0.15625
vt 0.89494296875 0.15625
vt 0.92248046875 0.40625
vt 0.92347265625 0.39835937499999996
vt 0.93689453125 0.39835937499999996
vt 0.93689453125 0.40625
vt 0.22614765625 0.28125
vt 0.22614765625 0.27335937499999996
vt 0.25035546875 0.27335937499999996
vt 0.25052421874999997 0.28125
vt 0.25052421874999997 0.28125
vt 0.25035546875 0.27335937499999996
vt 0.26628359375 0.27335937499999996
vt 0.26562890625 0.28125
vt 0.26562890625 0.28125
vt 0.26628359375 0.27335937499999996
vt 0.28947734375 0.27335937499999996
vt 0.28947734375 0.28125
vt 0.7534671875 0.46875
vt 0.7534671875 0.46085937499999996
vt 0.7671015625 0.46085937499999996
vt 0.76788125 0.46875
vt 0.79461875 0.46875
vt 0.78570625 0.46875
vt 0.785965625 0.46085937499999996
vt 0.7953984375 0.46085937499999996
vt 0.79461875 0.46875
vt 0.7953984375 0.46085937499999996
vt 0.8090328125 0.46085937499999996
vt 0.8090328125 0.46875
vt 0.72614765625 0.703125
vt 0.72614765625 0.695234375
vt 0.74574296875 0.695234375
vt 0.74582890625 0.703125
vt 0.74582890625 0.703125
vt 0.74574296875 0.695234375
vt 0.76526953125 0.695234375
vt 0.76510078125 0.703125
vt 0.76510078125 0.703125
vt 0.76526953125 0.695234375
vt 0.78947734375 0.695234375
vt 0.78947734375 0.703125
vt 0.59435546875 0.078125
vt 0.59435546875 0.07023437499999996
vt 0.60777734375 0.07023437499999996
vt 0.60876953125 0.078125
vt 0.7663203125 0.45263906249999997
vt 0.7762734375 0.45263906249999997
vt 0.7765328125 0.46085937499999996
vt 0.7671015625 0.46085937499999996
vt 0.7762734375 0.45263906249999997
vt 0.7862265625 0.45263906249999997
vt 0.785965625 0.46085937499999996
vt 0.7765328125 0.46085937499999996
vt 0.7671015625 0.46085937499999996
vt 0.7765328125 0.46085937499999996
vt 0.77679375 0.46875
vt 0.76788125 0.46875
vt 0.7765328125 0.46085937499999996
vt 0.785965625 0.46085937499999996
vt 0.78570625 0.46875
vt 0.77679375 0.46875
vt 0.91755546875 0.15625
vt 0.91078828125 0.15625
vt 0.91103671875 0.15033125000000003
vt 0.9182179687500001 0.15033125000000003
vt 0.91078828125 0.15625
vt 0.90171015625 0.15625
vt 0.90146328125 0.15033125000000003
vt 0.91103671875 0.15033125000000003
vt 0.9182179687500001 0.15033125000000003
vt 0.91103671875 0.15033125000000003
vt 0.91128515625 0.14416562499999996
vt 0.91888046875 0.14416562499999996
vt 0.91103671875 0.15033125000000003
vt 0.90146328125 0.15033125000000003
vt 0.90121484375 0.14416562499999996
vt 0.91128515625 0.14416562499999996
vt 0.2605078125 0.5477046875
vt 0.2502703125 0.5477046875
vt 0.2502703125 0.54345
vt 0.2605078125 0.54345
vt 0.29340781250000003 0.5477046875
vt 0.2809796875 0.5477046875
vt 0.2809796875 0.54345
vt 0.2900546875 0.54345
vt 0.29340781250000003 0.5236671875000001
vt 0.29340781250000003 0.5477046875
vt 0.2900546875 0.54345
vt 0.2900546875 0.5236671875000001
vt 0.29340781250000003 0.5069140624999999
vt 0.29340781250000003 0.5236671875000001
vt 0.2900546875 0.5236671875000001
vt 0.2900546875 0.5069140624999999
vt 0.29340781250000003 0.484375
vt 0.29340781250000003 0.5069140624999999
vt 0.2900546875 0.5069140624999999
vt 0.2900546875 0.48677812500000006
vt 0.2805546875 0.484375
vt 0.29340781250000003 0.484375
vt 0.2900546875 0.48677812500000006
vt 0.2805546875 0.48677812500000006
vt 0.2506953125 0.484375
vt 0.2606484375 0.484375
vt 0.2606484375 0.48677812500000006
vt 0.2506953125 0.48677812500000006
vt 0.2378421875 0.484375
vt 0.2506953125 0.484375
vt 0.2506953125 0.48677812500000006
vt 0.2411953125 0.48677812500000006
vt 0.2378421875 0.5038843749999999
vt 0.2378421875 0.484375
vt 0.2411953125 0.48677812500000006
vt 0.2411953125 0.5038843749999999
vt 0.2378421875 0.5236671875000001
vt 0.2378421875 0.5038843749999999
vt 0.2411953125 0.5038843749999999
vt 0.2411953125 0.5236671875000001
vt 0.2378421875 0.5477046875
vt 0.2378421875 0.5236671875000001
vt 0.2411953125 0.5236671875000001
vt 0.2411953125 0.54345
vt 0.2502703125 0.5477046875
vt 0.2378421875 0.5477046875
vt 0.2411953125 0.54345
vt 0.2502703125 0.54345
vt 0.17413125000000002 0.5147953125
vt 0.18304375 0.5147953125
vt 0.18304375 0.5199015625
vt 0.17413125000000002 0.5199015625
vt 0.20086874999999998 0.5147953125
vt 0.2152828125 0.5147953125
vt 0.209375 0.5199015625
vt 0.20086874999999998 0.5199015625
vt 0.2152828125 0.5147953125
vt 0.2152828125 0.539171875
vt 0.209375 0.539171875
vt 0.209375 0.5199015625
vt 0.2152828125 0.539171875
vt 0.2152828125 0.5542765625
vt 0.209375 0.5542765625
vt 0.209375 0.539171875
vt 0.2152828125 0.5542765625
vt 0.2152828125 0.578125
vt 0.209375 0.5714640625
vt 0.209375 0.5542765625
vt 0.2152828125 0.578125
vt 0.20086874999999998 0.578125
vt 0.20086874999999998 0.5714640625
vt 0.209375 0.5714640625
vt 0.18304375 0.578125
vt 0.17413125000000002 0.578125
vt 0.17413125000000002 0.5714640625
vt 0.18304375 0.5714640625
vt 0.17413125000000002 0.578125
vt 0.1597171875 0.578125
vt 0.165625 0.5714640625
vt 0.17413125000000002 0.5714640625
vt 0.1597171875 0.578125
vt 0.1597171875 0.55844375
vt 0.165625 0.55844375
vt 0.165625 0.5714640625
vt 0.1597171875 0.55844375
vt 0.1597171875 0.539171875
vt 0.165625 0.539171875
vt 0.165625 0.55844375
vt 0.1597171875 0.539171875
vt 0.1597171875 0.5147953125
vt 0.165625 0.5199015625
vt 0.165625 0.539171875
vt 0.1597171875 0.5147953125
vt 0.17413125000000002 0.5147953125
vt 0.17413125000000002 0.5199015625
vt 0.165625 0.5199015625
vt 0.2706015625 0.484375
vt 0.2805546875 0.484375
vt 0.2805546875 0.48677812500000006
vt 0.2706015625 0.48677812500000006
vt 0.2606484375 0.484375
vt 0.2706015625 0.484375
vt 0.2706015625 0.48677812500000006
vt 0.2606484375 0.48677812500000006
vt 0.20086874999999998 0.578125
vt 0.19195625 0.578125
vt 0.19195625 0.5714640625
vt 0.20086874999999998 0.5714640625
vt 0.19195625 0.578125
vt 0.18304375 0.578125
vt 0.18304375 0.5714640625
vt 0.19195625 0.5714640625
vt 0.19195625 0.5147953125
vt 0.20086874999999998 0.5147953125
vt 0.20086874999999998 0.5199015625
vt 0.19195625 0.5199015625
vt 0.18304375 0.5147953125
vt 0.19195625 0.5147953125
vt 0.19195625 0.5199015625
vt 0.18304375 0.5199015625
vt 0.2809796875 0.5477046875
vt 0.27074375 0.5477046875
vt 0.27074375 0.54345
vt 0.2809796875 0.54345
vt 0.27074375 0.5477046875
vt 0.2605078125 0.5477046875
vt 0.2605078125 0.54345
vt 0.27074375 0.54345
vt 0.2809796875 0.5508296875
vt 0.27074375 0.5508296875
vt 0.27074375 0.5477046875
vt 0.2809796875 0.5477046875
vt 0.896875 0.05454843750000005
vt 0.896875 0.04626718750000003
vt 0.9 0.04626718750000003
vt 0.9 0.05454843750000005
vt 0.17413125000000002 0.5116703125
vt 0.18304375 0.5116703125
vt 0.18304375 0.5147953125
vt 0.17413125000000002 0.5147953125
vt 0.946875 0.148296875
vt 0.946875 0.15625
vt 0.94375 0.15625
vt 0.94375 0.148296875
vt 0.2605078125 0.5508296875
vt 0.2502703125 0.5508296875
vt 0.2502703125 0.5477046875
vt 0.2605078125 0.5477046875
vt 0.946875 0.14001562499999998
vt 0.946875 0.148296875
vt 0.94375 0.148296875
vt 0.94375 0.14001562499999998
vt 0.27074375 0.5508296875
vt 0.2605078125 0.5508296875
vt 0.2605078125 0.5477046875
vt 0.27074375 0.5477046875
vt 0.18304375 0.5116703125
vt 0.19195625 0.5116703125
vt 0.19195625 0.5147953125
vt 0.18304375 0.5147953125
vt 0.19195625 0.5116703125
vt 0.20086874999999998 0.5116703125
vt 0.20086874999999998 0.5147953125
vt 0.19195625 0.5147953125
vt 0.896875 0.0625
vt 0.896875 0.05454843750000005
vt 0.9 0.05454843750000005
vt 0.9 0.0625
vt 0.8235859375 0.16990312500000004
vt 0.8326640625 0.16990312500000004
vt 0.83258125 0.171875
vt 0.82366875 0.171875
vt 0.81681875 0.16990312500000004
vt 0.8235859375 0.16990312500000004
vt 0.82366875 0.171875
vt 0.81475625 0.171875
vt 0.8161578125 0.16398437499999996
vt 0.81681875 0.16990312500000004
vt 0.81475625 0.171875
vt 0.8137640625 0.16398437499999996
vt 0.823090625 0.15781875
vt 0.8154953125 0.15781875
vt 0.8127703125 0.15576406249999997
vt 0.8230078125 0.15576406249999997
vt 0.8154953125 0.15781875
vt 0.8161578125 0.16398437499999996
vt 0.8137640625 0.16398437499999996
vt 0.8127703125 0.15576406249999997
vt 0.8331609375 0.15781875
vt 0.823090625 0.15781875
vt 0.8230078125 0.15576406249999997
vt 0.83324375 0.15576406249999997
vt 0.84075625 0.15781875
vt 0.8331609375 0.15781875
vt 0.83324375 0.15576406249999997
vt 0.8434796875 0.15576406249999997
vt 0.84009375 0.16398437499999996
vt 0.84075625 0.15781875
vt 0.8434796875 0.15576406249999997
vt 0.8424859375 0.16398437499999996
vt 0.8326640625 0.16990312500000004
vt 0.83943125 0.16990312500000004
vt 0.84149375 0.171875
vt 0.83258125 0.171875
vt 0.83943125 0.16990312500000004
vt 0.84009375 0.16398437499999996
vt 0.8424859375 0.16398437499999996
vt 0.84149375 0.171875
vt 0.9485859375 0.171875
vt 0.9576640625 0.171875
vt 0.9576640625 0.17500000000000004
vt 0.9485859375 0.17500000000000004
vt 0.94181875 0.171875
vt 0.9485859375 0.171875
vt 0.9485859375 0.17500000000000004
vt 0.94181875 0.17500000000000004
vt 0.93125 0.053076562500000035
vt 0.93125 0.05903124999999998
vt 0.928125 0.05903124999999998
vt 0.928125 0.053076562500000035
vt 0.94808984375 0.21875
vt 0.94049453125 0.21875
vt 0.94049453125 0.21562499999999996
vt 0.94808984375 0.21562499999999996
vt 0.93125 0.046875
vt 0.93125 0.053076562500000035
vt 0.928125 0.053076562500000035
vt 0.928125 0.046875
vt 0.95816015625 0.21875
vt 0.94808984375 0.21875
vt 0.94808984375 0.21562499999999996
vt 0.95816015625 0.21562499999999996
vt 0.96575546875 0.21875
vt 0.95816015625 0.21875
vt 0.95816015625 0.21562499999999996
vt 0.96575546875 0.21562499999999996
vt 0.06875 0.03744999999999998
vt 0.06875 0.03125
vt 0.071875 0.03125
vt 0.071875 0.03744999999999998
vt 0.9576640625 0.171875
vt 0.96443125 0.171875
vt 0.96443125 0.17500000000000004
vt 0.9576640625 0.17500000000000004
vt 0.06875 0.04340468750000004
vt 0.06875 0.03744999999999998
vt 0.071875 0.03744999999999998
vt 0.071875 0.04340468750000004
vn -0.993753249970846 0.11159963338820336 -2.958066166607457e-15
vn 0.993753249970846 0.11159963338820372 2.9307321398444806e-15
vn -1.224646799147353e-16 1 -1.224646799147357e-16
vn 1.224646799147353e-16 -1 1.224646799147357e-16
vn 2.956252840257664e-15 0.03740751678159141 -0.9993000939098501
vn -2.933510361636883e-15 0.1870730941229002 0.9823459968133859
vn 1.224646799147353e-16 -1 1.224646799147357e-16
vn -0.5626675206838013 -0.826683289517542 -1.5658924234265276e-15
vn -2.933510361636883e-15 0.18707309412290013 0.9823459968133857
vn -2.933510361636883e-15 0.18707309412290016 0.9823459968133857
vn -1.224646799147353e-16 1 -1.224646799147357e-16
vn -1.224646799147353e-16 1 -1.224646799147357e-16
vn 2.956252840257664e-15 0.03740751678159141 -0.9993000939098501
vn 0.030806494844875066 0.04526156844083356 -0.9985000502241592
vn -0.9935354400690878 0.11352237368344816 -2.957656283747878e-15
vn -0.993753249970846 0.11159963338820335 -2.9580661666074566e-15
vn 1.224646799147353e-16 -1 1.224646799147357e-16
vn 1.224646799147353e-16 -1 1.224646799147357e-16
vn 1.224646799147353e-16 -1 1.224646799147357e-16
vn 1.224646799147353e-16 -1 1.224646799147357e-16
vn 1.224646799147353e-16 -1 1.224646799147357e-16
vn 1.224646799147353e-16 -1 1.224646799147357e-16
vn 0.9937532499708459 0.11159963338820372 2.93073213984448e-15
vn 0.993753249970846 0.11159963338820371 2.9307321398444802e-15
vn -1.224646799147353e-16 1 -1.224646799147357e-16
vn -1.224646799147353e-16 1 -1.224646799147357e-16
vn -1.224646799147353e-16 1 -1.224646799147357e-16
vn -1.224646799147353e-16 1 -1.224646799147357e-16
vn -1.224646799147353e-16 1 -1.224646799147357e-16
vn -1.224646799147353e-16 1 -1.224646799147357e-16
vn 1 1.224646799147357e-16 2.9629076969683865e-15
vn -1 -1.224646799147357e-16 -2.9629076969683865e-15
vn 2.9629076969683865e-15 -1.224646799147353e-16 -1
vn -1 -1.224646799147357e-16 -2.9629076969683865e-15
vn -1 -1.224646799147357e-16 -2.9629076969683865e-15
vn -2.9629076969683865e-15 1.224646799147353e-16 1
vn -2.9629076969683865e-15 1.224646799147353e-16 1
vn 2.9629076969683865e-15 -1.224646799147353e-16 -1
vn 1 1.224646799147357e-16 2.9629076969683865e-15
vn 1 1.224646799147357e-16 2.9629076969683865e-15
vn -2.9629076969683865e-15 1.224646799147353e-16 1
vn 1 1.224646799147357e-16 2.9629076969683865e-15
vn -1 -1.224646799147357e-16 -2.9629076969683865e-15
vn 2.9629076969683865e-15 -1.224646799147353e-16 -1
vn 2.9545930022896483e-15 0.04422410741253234 -0.9990216355632969
vn 2.9545930022896483e-15 0.04422410741253235 -0.9990216355632969
vn 0.5627049590473937 -0.8266578065097258 1.7684792379570343e-15
vn 1.224646799147353e-16 -1 1.224646799147357e-16
vn 2.9629076969683865e-15 -1.224646799147353e-16 -1
vn 2.9629076969683865e-15 -1.224646799147353e-16 -1
vn 1.224646799147353e-16 -1 1.224646799147357e-16
vn 1.224646799147353e-16 -1 1.224646799147357e-16
vn 1.224646799147353e-16 -1 1.224646799147357e-16
vn 1.224646799147353e-16 -1 1.224646799147357e-16
vn -2.9629076969683865e-15 1.224646799147353e-16 1
vn -2.9629076969683865e-15 1.224646799147353e-16 1
vn -2.933510361636883e-15 0.18707309412290019 0.9823459968133859
vn -2.933510361636883e-15 0.18707309412290019 0.9823459968133857
vn -1.224646799147353e-16 1 -1.224646799147357e-16
vn -1.224646799147353e-16 1 -1.224646799147357e-16
vn -1.224646799147353e-16 1 -1.224646799147357e-16
vn -1.224646799147353e-16 1 -1.224646799147357e-16
vn -1.224646799147353e-16 1 -1.224646799147357e-16
vn -1.224646799147353e-16 1 -1.224646799147357e-16
vn 2.9629076969683865e-15 -1.224646799147353e-16 -1
vn 2.9629076969683865e-15 -1.224646799147353e-16 -1
vn -1 -1.224646799147357e-16 -2.9629076969683865e-15
vn -1 -1.224646799147357e-16 -2.9629076969683865e-15
vn -1 -1.224646799147357e-16 -2.9629076969683865e-15
vn -2.9629076969683865e-15 1.224646799147353e-16 1
vn -2.9629076969683865e-15 1.224646799147353e-16 1
vn -2.9629076969683865e-15 1.224646799147353e-16 1
vn 1 1.224646799147357e-16 2.9629076969683865e-15
vn 1 1.224646799147357e-16 2.9629076969683865e-15
vn 1 1.224646799147357e-16 2.9629076969683865e-15
vn 2.9629076969683865e-15 -1.224646799147353e-16 -1
vn 2.9629076969683865e-15 -1.224646799147353e-16 -1
vn 2.9629076969683865e-15 -1.224646799147353e-16 -1
vn -1 -1.224646799147357e-16 -2.9629076969683865e-15
vn -1 -1.224646799147357e-16 -2.9629076969683865e-15
vn -1 -1.224646799147357e-16 -2.9629076969683865e-15
vn -2.9629076969683865e-15 1.224646799147353e-16 1
vn -2.9629076969683865e-15 1.224646799147353e-16 1
vn -2.9629076969683865e-15 1.224646799147353e-16 1
vn 1 1.224646799147357e-16 2.9629076969683865e-15
vn 1 1.224646799147357e-16 2.9629076969683865e-15
vn 1 1.224646799147357e-16 2.9629076969683865e-15
vn 2.9629076969683865e-15 -1.224646799147353e-16 -1
vn -2.9629076969683865e-15 1.224646799147353e-16 1
vn -2.9629076969683865e-15 1.224646799147353e-16 1
vn -2.9629076969683865e-15 1.224646799147353e-16 1
vn -2.9629076969683865e-15 1.224646799147353e-16 1
vn 2.9629076969683865e-15 -1.224646799147353e-16 -1
vn 2.9629076969683865e-15 -1.224646799147353e-16 -1
vn 2.9629076969683865e-15 -1.224646799147353e-16 -1
vn 2.9629076969683865e-15 -1.224646799147353e-16 -1
vn 1.224646799147353e-16 -1 1.224646799147357e-16
vn 1.224646799147353e-16 -1 1.224646799147357e-16
vn 1.224646799147353e-16 -1 1.224646799147357e-16
vn 1.224646799147353e-16 -1 1.224646799147357e-16
vn 1.224646799147353e-16 -1 1.224646799147357e-16
vn 1.224646799147353e-16 -1 1.224646799147357e-16
vn 1.224646799147353e-16 -1 1.224646799147357e-16
vn 1.224646799147353e-16 -1 1.224646799147357e-16
vn 1.224646799147353e-16 -1 1.224646799147357e-16
vn 1.224646799147353e-16 -1 1.224646799147357e-16
vn 1.224646799147353e-16 -1 1.224646799147357e-16
vn 1.224646799147353e-16 -1 1.224646799147357e-16
vn -1.224646799147353e-16 1 -1.224646799147357e-16
vn -1.224646799147353e-16 1 -1.224646799147357e-16
vn -1.224646799147353e-16 1 -1.224646799147357e-16
vn -1.224646799147353e-16 1 -1.224646799147357e-16
vn -1.224646799147353e-16 1 -1.224646799147357e-16
vn -1.224646799147353e-16 1 -1.224646799147357e-16
vn -1.224646799147353e-16 1 -1.224646799147357e-16
vn -1.224646799147353e-16 1 -1.224646799147357e-16
vn -1.224646799147353e-16 1 -1.224646799147357e-16
vn -1.224646799147353e-16 1 -1.224646799147357e-16
vn -1.224646799147353e-16 1 -1.224646799147357e-16
vn -1.224646799147353e-16 1 -1.224646799147357e-16
vn 1.224646799147353e-16 -1 1.224646799147357e-16
vn 1.224646799147353e-16 -1 1.224646799147357e-16
vn -1.224646799147353e-16 1 -1.224646799147357e-16
vn -1.224646799147353e-16 1 -1.224646799147357e-16
vn -1.224646799147353e-16 1 -1.224646799147357e-16
vn -1.224646799147353e-16 1 -1.224646799147357e-16
vn 1.224646799147353e-16 -1 1.224646799147357e-16
vn 1.224646799147353e-16 -1 1.224646799147357e-16
vn 1.224646799147353e-16 -1 1.224646799147357e-16
vn -0.9927739868563399 0.11999921258644941 -2.9561933521660608e-15
vn -1.224646799147353e-16 1 -1.224646799147357e-16
vn 0.9921642771294654 0.1249401744362692 2.9243904148931394e-15
vn 1.224646799147353e-16 -1 1.224646799147357e-16
vn 0.99277398685634 0.11999921258644926 2.9268020218472217e-15
vn 1.224646799147353e-16 -1 1.224646799147357e-16
vn -1.224646799147353e-16 1 -1.224646799147357e-16
vn -1.224646799147353e-16 1 -1.224646799147357e-16
vn -0.9921642771294656 0.12494017443626812 -2.954991931834798e-15
vn 2.9629076969683865e-15 -1.224646799147353e-16 -1
vn 2.9629076969683865e-15 -1.224646799147353e-16 -1
vn 2.9629076969683865e-15 -1.224646799147353e-16 -1
vn 2.9629076969683865e-15 -1.224646799147353e-16 -1
vn 2.9629076969683865e-15 -1.224646799147353e-16 -1
vn 2.9629076969683865e-15 -1.224646799147353e-16 -1
vn 2.9629076969683865e-15 -1.224646799147353e-16 -1
vn 2.9629076969683865e-15 -1.224646799147353e-16 -1
vn 2.9629076969683865e-15 -1.224646799147353e-16 -1
vn 2.9629076969683865e-15 -1.224646799147353e-16 -1
vn 1.224646799147353e-16 -1 1.224646799147357e-16
vn 1.224646799147353e-16 -1 1.224646799147357e-16
vn -0.9937936270804707 -0.11123950186081558 -2.9308958768855976e-15
vn -1.224646799147353e-16 1 -1.224646799147357e-16
vn -0.9942776507591783 -0.10682674384633069 -2.9328704013665404e-15
vn -1.224646799147353e-16 1 -1.224646799147357e-16
vn -1.224646799147353e-16 1 -1.224646799147357e-16
vn 0.9942775126656721 -0.10682802912796066 2.95903515559278e-15
vn 1.224646799147353e-16 -1 1.224646799147357e-16
vn 0.9937934774156026 -0.11124083893159196 2.9581414171648715e-15
usemtl m_3d478068-9534-e6ba-c28c-3f41e95b72f8
f 42/87/25 71/88/25 70/89/25 25/90/25
f 29/91/26 79/92/26 78/93/26 46/94/26
f 38/95/27 49/96/27 47/97/27 27/98/27
f 66/99/28 63/100/28 62/101/28 67/102/28
f 33/103/29 68/104/29 79/105/29 29/106/29
f 30/107/30 76/108/30 75/109/30 34/110/30
f 52/111/31 54/112/31 53/113/31 55/114/31
f 44/115/32 85/116/32 83/117/32 33/118/32
f 32/119/33 74/120/33 73/121/33 26/122/33
f 75/123/34 95/124/34 93/125/34 34/126/34
f 23/127/35 41/128/35 51/129/35 37/130/35
f 38/131/36 103/132/36 101/133/36 49/134/36
f 25/135/37 70/136/37 69/137/37 31/138/37
f 33/139/38 83/140/38 82/141/38 68/142/38
f 26/143/39 73/144/39 72/145/39 40/146/39
f 40/147/40 72/148/40 71/149/40 42/150/40
f 58/151/41 56/152/41 57/153/41 59/154/41
f 56/155/42 53/156/42 54/157/42 57/158/42
f 61/159/43 91/160/43 89/161/43 60/162/43
f 60/163/44 89/164/44 87/165/44 62/166/44
f 61/167/45 60/168/45 64/169/45 65/170/45
f 60/171/46 62/172/46 63/173/46 64/174/46
f 45/175/47 77/176/47 76/177/47 30/178/47
f 46/179/48 78/180/48 77/181/48 45/182/48
f 28/183/49 22/184/49 48/185/49 36/186/49
f 22/187/50 47/188/50 49/189/50 48/190/50
f 48/191/51 99/192/51 97/193/51 36/194/51
f 49/195/52 101/196/52 99/197/52 48/198/52
f 35/199/53 50/200/53 39/201/53 24/202/53
f 50/203/54 51/204/54 41/205/54 39/206/54
f 54/207/55 52/208/55 31/209/55 43/210/55
f 55/211/56 53/212/56 42/213/56 25/214/56
f 52/215/57 55/216/57 25/217/57 31/218/57
f 53/219/58 56/220/58 40/221/58 42/222/58
f 56/223/59 58/224/59 26/225/59 40/226/59
f 58/227/60 59/228/60 32/229/60 26/230/60
f 34/231/61 93/232/61 91/233/61 61/234/61
f 62/235/62 87/236/62 85/237/62 44/238/62
f 64/239/63 63/240/63 46/241/63 45/242/63
f 65/243/64 64/244/64 45/245/64 30/246/64
f 61/247/65 65/248/65 30/249/65 34/250/65
f 63/251/66 66/252/66 29/253/66 46/254/66
f 67/255/67 62/256/67 44/257/67 33/258/67
f 66/259/68 67/260/68 33/261/68 29/262/68
f 69/263/69 80/264/69 81/265/69 31/266/69
f 80/267/70 82/268/70 83/269/70 81/270/70
f 31/271/71 81/272/71 84/273/71 43/274/71
f 81/275/72 83/276/72 85/277/72 84/278/72
f 43/279/73 84/280/73 86/281/73 54/282/73
f 84/283/74 85/284/74 87/285/74 86/286/74
f 54/287/75 86/288/75 88/289/75 57/290/75
f 86/291/76 87/292/76 89/293/76 88/294/76
f 57/295/77 88/296/77 90/297/77 59/298/77
f 88/299/78 89/300/78 91/301/78 90/302/78
f 59/303/79 90/304/79 92/305/79 32/306/79
f 90/307/80 91/308/80 93/309/80 92/310/80
f 32/311/81 92/312/81 94/313/81 74/314/81
f 92/315/82 93/316/82 95/317/82 94/318/82
f 35/319/83 96/320/83 98/321/83 50/322/83
f 96/323/84 97/324/84 99/325/84 98/326/84
f 50/327/85 98/328/85 100/329/85 51/330/85
f 98/331/86 99/332/86 101/333/86 100/334/86
f 51/335/87 100/336/87 102/337/87 37/338/87
f 100/339/88 101/340/88 103/341/88 102/342/88
f 176/343/89 177/344/89 172/345/89 174/346/89
f 106/347/90 108/348/90 107/349/90 109/350/90
f 110/351/91 111/352/91 108/353/91 106/354/91
f 112/355/92 113/356/92 111/357/92 110/358/92
f 114/359/93 115/360/93 113/361/93 112/362/93
f 116/363/94 117/364/94 115/365/94 114/366/94
f 118/367/95 120/368/95 119/369/95 121/370/95
f 122/371/96 123/372/96 118/373/96 121/374/96
f 124/375/97 125/376/97 123/377/97 122/378/97
f 126/379/98 127/380/98 125/381/98 124/382/98
f 128/383/99 129/384/99 127/385/99 126/386/99
f 104/387/100 105/388/100 129/389/100 128/390/100
f 174/391/101 172/392/101 171/393/101 175/394/101
f 131/395/102 107/396/102 108/397/102 132/398/102
f 132/399/103 108/400/103 111/401/103 133/402/103
f 133/403/104 111/404/104 113/405/104 134/406/104
f 134/407/105 113/408/105 115/409/105 135/410/105
f 135/411/106 115/412/106 117/413/106 136/414/106
f 137/415/107 138/416/107 120/417/107 118/418/107
f 137/419/108 118/420/108 123/421/108 139/422/108
f 139/423/109 123/424/109 125/425/109 140/426/109
f 140/427/110 125/428/110 127/429/110 141/430/110
f 141/431/111 127/432/111 129/433/111 142/434/111
f 142/435/112 129/436/112 105/437/112 130/438/112
f 116/439/113 143/440/113 144/441/113 117/442/113
f 143/443/114 119/444/114 120/445/114 144/446/114
f 117/447/115 144/448/115 145/449/115 136/450/115
f 144/451/116 120/452/116 138/453/116 145/454/116
f 181/455/117 170/456/117 173/457/117 179/458/117
f 170/459/118 171/460/118 172/461/118 173/462/118
f 179/463/119 173/464/119 178/465/119 180/466/119
f 173/467/120 172/468/120 177/469/120 178/470/120
f 146/471/121 104/472/121 68/473/121 82/474/121
f 106/475/122 109/476/122 69/477/122 70/478/122
f 110/479/123 106/480/123 70/481/123 71/482/123
f 112/483/124 110/484/124 71/485/124 72/486/124
f 114/487/125 112/488/125 72/489/125 73/490/125
f 116/491/126 114/492/126 73/493/126 74/494/126
f 121/495/127 119/496/127 95/497/127 75/498/127
f 122/499/128 121/500/128 75/501/128 76/502/128
f 124/503/129 122/504/129 76/505/129 77/506/129
f 126/507/130 124/508/130 77/509/130 78/510/130
f 128/511/131 126/512/131 78/513/131 79/514/131
f 104/515/132 128/516/132 79/517/132 68/518/132
f 130/519/133 147/520/133 103/521/133 38/522/133
f 131/523/134 132/524/134 23/525/134 37/526/134
f 132/527/135 133/528/135 41/529/135 23/530/135
f 133/531/136 134/532/136 39/533/136 41/534/136
f 134/535/137 135/536/137 24/537/137 39/538/137
f 135/539/138 136/540/138 35/541/138 24/542/138
f 138/543/139 137/544/139 36/545/139 97/546/139
f 137/547/140 139/548/140 28/549/140 36/550/140
f 139/551/141 140/552/141 22/553/141 28/554/141
f 140/555/142 141/556/142 47/557/142 22/558/142
f 141/559/143 142/560/143 27/561/143 47/562/143
f 142/563/144 130/564/144 38/565/144 27/566/144
f 143/567/145 116/568/145 74/569/145 94/570/145
f 119/571/146 143/572/146 94/573/146 95/574/146
f 136/575/147 145/576/147 96/577/147 35/578/147
f 145/579/148 138/580/148 97/581/148 96/582/148
f 148/583/149 131/584/149 37/585/149 102/586/149
f 147/587/150 148/588/150 102/589/150 103/590/150
f 109/591/151 149/592/151 80/593/151 69/594/151
f 149/595/152 146/596/152 82/597/152 80/598/152
f 152/599/153 151/600/153 149/601/153 109/602/153
f 150/603/154 152/604/154 109/605/154 107/606/154
f 155/607/155 154/608/155 147/609/155 130/610/155
f 153/611/156 155/612/156 130/613/156 105/614/156
f 157/615/157 156/616/157 104/617/157 146/618/157
f 156/619/158 153/620/158 105/621/158 104/622/158
f 151/623/159 157/624/159 146/625/159 149/626/159
f 154/627/160 158/628/160 148/629/160 147/630/160
f 158/631/161 159/632/161 131/633/161 148/634/161
f 159/635/162 150/636/162 107/637/162 131/638/162
f 161/639/163 160/640/163 158/641/163 154/642/163
f 163/643/164 161/644/164 154/645/164 155/646/164
f 162/647/165 163/648/165 155/649/165 153/650/165
f 165/651/166 164/652/166 156/653/166 157/654/166
f 164/655/167 162/656/167 153/657/167 156/658/167
f 166/659/168 165/660/168 157/661/168 151/662/168
f 168/663/169 166/664/169 151/665/169 152/666/169
f 167/667/170 168/668/170 152/669/170 150/670/170
f 160/671/171 169/672/171 159/673/171 158/674/171
f 169/675/172 167/676/172 150/677/172 159/678/172
f 171/679/173 170/680/173 160/681/173 161/682/173
f 175/683/174 171/684/174 161/685/174 163/686/174
f 174/687/175 175/688/175 163/689/175 162/690/175
f 177/691/176 176/692/176 164/693/176 165/694/176
f 176/695/177 174/696/177 162/697/177 164/698/177
f 178/699/178 177/700/178 165/701/178 166/702/178
f 180/703/179 178/704/179 166/705/179 168/706/179
f 179/707/180 180/708/180 168/709/180 167/710/180
f 170/711/181 181/712/181 169/713/181 160/714/181
f 181/715/182 179/716/182 167/717/182 169/718/182
o Thigh
v -0.21874999999999978 0.703125 -0.09000000000000077
v -0.21875000000000033 0.703125 0.08999999999999925
v -0.21249999999999972 0.3781249999999998 -0.09000000000000072
v -0.21250000000000027 0.3781249999999998 0.0899999999999993
v -0.05624999999999984 0.6581250000000001 -0.09000000000000029
v -0.05625000000000037 0.6581250000000001 0.08999999999999973
v -0.05624999999999981 0.3781249999999998 -0.09000000000000026
v -0.056250000000000334 0.3781249999999998 0.08999999999999976
v -0.2437499999999998 0.5666249999999999 -0.11250000000000082
v -0.24375000000000047 0.5666249999999999 0.11249999999999918
v -0.05625000000000043 0.5666249999999999 0.11249999999999974
v -0.056249999999999765 0.5666249999999999 -0.11250000000000027
v -0.1374999999999997 0.5666249999999999 -0.11250000000000052
v -0.13749999999999976 0.705625 -0.09000000000000054
v -0.13750000000000032 0.705625 0.08999999999999948
v -0.13750000000000037 0.5666249999999999 0.11249999999999949
v -0.1375000000000003 0.3781249999999998 0.08999999999999952
v -0.13749999999999973 0.3781249999999998 -0.0900000000000005
vt 0.11625 0.4375
vt 0.121875 0.484375
vt 0.065625 0.484375
vt 0.07125000000000001 0.4375
vt 0.13187500000000002 0.5081249999999999
vt 0.1375 0.55525
vt 0.08125 0.55525
vt 0.08687500000000001 0.5081249999999999
vt 0.84375 0.40625
vt 0.84375 0.421875
vt 0.796875 0.421875
vt 0.796875 0.40625
vt 0.65234375 0.88875
vt 0.63359375 0.88875
vt 0.63359375 0.84375
vt 0.65234375 0.84375
vt 0.59375 0.844334375
vt 0.5671875 0.844334375
vt 0.5671875 0.796875
vt 0.5859375 0.796875
vt 0.5546875 0.875
vt 0.5734375 0.875
vt 0.5734375 0.922459375
vt 0.546875 0.922459375
vt 0.618125 0.9375
vt 0.6125 0.90625
vt 0.66875 0.90625
vt 0.663125 0.9375
vt 0.6327684641450363 0.9647984375
vt 0.6593309641450363 0.9647984375
vt 0.6593309641450363 1
vt 0.6390184641450363 0.999384375
vt 0.08687500000000001 0.578125
vt 0.08125 0.55525
vt 0.1375 0.55525
vt 0.13187500000000002 0.578125
vt 0.20468799461523446 0.37438341677931486
vt 0.1843749955003296 0.375
vt 0.1843749955003296 0.3397984262644831
vt 0.21093750449967041 0.33979777391105825
vt 0.1640624955003296 0.3397984262644831
vt 0.1843749955003296 0.3397984262644831
vt 0.1843749955003296 0.37499998876448315
vt 0.1640624955003296 0.36327811376448316
vt 0.6875 0.34375
vt 0.6875 0.375
vt 0.640625 0.375
vt 0.640625 0.34375
vt 0.6797315358549637 0.9882775133423253
vt 0.6593309641450363 1
vt 0.6593309641450363 0.9647975771957517
vt 0.679555134408526 0.9647972008150749
vt 0.59375 0.922459375
vt 0.5734375 0.922459375
vt 0.5734375 0.875
vt 0.59375 0.875
vt 0.61328125 0.84375
vt 0.63359375 0.84375
vt 0.63359375 0.88875
vt 0.61328125 0.88875
vt 0.546875 0.796875
vt 0.5671875 0.796875
vt 0.5671875 0.844334375
vt 0.546875 0.844334375
vn -0.9865350075748679 -0.1635502333512718 -2.9029830402949976e-15
vn 1 1.224646799147357e-16 2.9629076969683865e-15
vn -0.03075467578697342 0.9995269630766537 -2.135300152063207e-16
vn 1.224646799147353e-16 -1 1.224646799147357e-16
vn 2.9565381710648495e-15 -0.11852205281617371 -0.9929514202599441
vn -2.9275086405429094e-15 -0.11852205281617345 0.9929514202599441
vn -0.9836384960749287 0.18015357070969423 -2.936492520427274e-15
vn -2.9444057951002106e-15 0.15979061814520884 0.9871509298748455
vn 1 1.224646799147357e-16 2.9629076969683865e-15
vn -0.004916574979918166 0.1597886868474381 -0.9871389987463967
vn 2.90526838129115e-15 0.15979061814520865 -0.9871509298748457
vn 0.5046965873311549 0.8632967941190827 1.3896460376739453e-15
vn 0.09301110178732469 0.15909793726779767 0.9828717013432833
vn -2.9275086405429094e-15 -0.11852205281617346 0.9929514202599441
vn 1.224646799147353e-16 -1 1.224646799147357e-16
vn 2.9565381710648495e-15 -0.11852205281617371 -0.9929514202599441
usemtl m_3d478068-9534-e6ba-c28c-3f41e95b72f8
f 185/719/183 191/720/183 190/721/183 184/722/183
f 188/723/184 193/724/184 192/725/184 189/726/184
f 183/727/185 196/728/185 195/729/185 182/730/185
f 184/731/186 199/732/186 198/733/186 185/734/186
f 190/735/187 194/736/187 199/737/187 184/738/187
f 185/739/188 198/740/188 197/741/188 191/742/188
f 182/743/189 190/744/189 191/745/189 183/746/189
f 191/747/190 197/748/190 196/749/190 183/750/190
f 187/751/191 192/752/191 193/753/191 186/754/191
f 182/755/192 195/756/192 194/757/192 190/758/192
f 193/759/193 194/760/193 195/761/193 186/762/193
f 186/763/194 195/764/194 196/765/194 187/766/194
f 187/767/195 196/768/195 197/769/195 192/770/195
f 192/771/196 197/772/196 198/773/196 189/774/196
f 189/775/197 198/776/197 199/777/197 188/778/197
f 188/779/198 199/780/198 194/781/198 193/782/198
o cylinder
v 0.1375 0.002236652351681634 0.006250000000000047
v 0.1375 0.0022366523516816894 -0.12894736842105256
v 0.10513956543960196 0.09687500000000004 0.006250000000000089
v 0.10513956543960196 0.0968750000000001 -0.12894736842105253
v 0.059375 0.06648178118654752 0.006250000000000075
v 0.059375 0.06648178118654757 -0.12894736842105253
v 0.059375 0.002236652351681634 0.006250000000000047
v 0.059375 0.0022366523516816894 -0.12894736842105256
v 0.21562499999999998 0.002236652351681634 0.006250000000000047
v 0.21562499999999998 0.0022366523516816894 -0.12894736842105256
v 0.21562500000000004 0.06648178118654752 0.006250000000000075
v 0.21562500000000004 0.06648178118654763 -0.12894736842105253
v 0.16986043456039812 0.09687500000000004 0.006250000000000089
v 0.16986043456039812 0.0968750000000001 -0.12894736842105253
v 0.08515625 0.050107106775466814 -0.19374999999999978
v 0.08515625 0.0022366523516816894 -0.19374999999999984
v 0.1375 0.0022366523516816894 -0.19374999999999984
v 0.1158185088445333 0.06651334764831851 -0.19374999999999978
v 0.15918149115546673 0.06651334764831851 -0.19374999999999978
v 0.18984375 0.050107106775466814 -0.19374999999999978
v 0.18984375 0.0022366523516816894 -0.19374999999999984
vt 0.656528125 0.25803437500000004
vt 0.66796875 0.25043593750000004
vt 0.6484375 0.234375
vt 0.125 0.125
vt 0.125 0.09375
vt 0.109375 0.09375
vt 0.109375 0.125
vt 0.2630859375 0.09740781249999997
vt 0.2554203125 0.09330625000000003
vt 0.25 0.109375
vt 0.66796875 0.25043593750000004
vt 0.66796875 0.234375
vt 0.6484375 0.234375
vt 0.875 0.171875
vt 0.875 0.140625
vt 0.859375 0.140625
vt 0.859375 0.171875
vt 0.2630859375 0.109375
vt 0.2630859375 0.09740781249999997
vt 0.25 0.109375
vt 0.62890625 0.234375
vt 0.62890625 0.25043593750000004
vt 0.6484375 0.234375
vt 0.09375 0.125
vt 0.09375 0.09375
vt 0.078125 0.09375
vt 0.078125 0.125
vt 0.2369140625 0.09740781249999997
vt 0.2369140625 0.109375
vt 0.25 0.109375
vt 0.62890625 0.25043593750000004
vt 0.640346875 0.25803437500000004
vt 0.6484375 0.234375
vt 0.21875 0.125
vt 0.21875 0.09375
vt 0.203125 0.09375
vt 0.203125 0.125
vt 0.2445796875 0.09330625000000003
vt 0.2369140625 0.09740781249999997
vt 0.25 0.109375
vt 0.640346875 0.25803437500000004
vt 0.656528125 0.25803437500000004
vt 0.6484375 0.234375
vt 0.890625 0.96875
vt 0.890625 0.9375
vt 0.875 0.9375
vt 0.875 0.96875
vt 0.2554203125 0.09330625000000003
vt 0.2445796875 0.09330625000000003
vt 0.25 0.109375
vt 0.4765625 0.436925
vt 0.49609375 0.436925
vt 0.49609375 0.40312499999999996
vt 0.45703125 0.436925
vt 0.4765625 0.40312499999999996
vt 0.45703125 0.40312499999999996
vt 0.45703125 0.436925
vt 0.49609375 0.40312499999999996
vt 0.921875 0.484375
vt 0.92596875 0.5
vt 0.9375 0.5
vt 0.9375 0.484375
vt 0.45703125 0.436925
vt 0.4634765625 0.453125
vt 0.4765625 0.453125
vt 0.4765625 0.436925
vt 0.8250719772202569 0.09375
vt 0.8431604860817422 0.09375
vt 0.84375 0.08507626018359549
vt 0.8265711701205761 0.08014847739296571
vt 0.866909375 0.078125
vt 0.8695796875 0.09375
vt 0.8804203125 0.09375
vt 0.883090625 0.078125
vt 0.34375 0.07653295028259632
vt 0.3486830595445278 0.09375
vt 0.359375 0.09315916217959974
vt 0.359375 0.07511118460235011
vt 0.91384453125 0.078125
vt 0.91384453125 0.09375
vt 0.92581171875 0.09375
vt 0.92990546875 0.078125
vt 0.4765625 0.436925
vt 0.4765625 0.453125
vt 0.4896484375 0.453125
vt 0.49609375 0.436925
vn 0 -4.440892098500626e-16 1
vn -0.5532313418799935 0.8330276600219598 3.6993859532239873e-16
vn 0 4.440892098500626e-16 -1
vn 0 -4.440892098500626e-16 1
vn -1 0 0
vn 0 4.440892098500626e-16 -1
vn 0 -4.440892098500626e-16 1
vn 1 -8.640522984075935e-16 -7.384904993988963e-31
vn 0 4.440892098500626e-16 -1
vn 0 -4.440892098500626e-16 1
vn 0.5532313418799938 0.8330276600219597 3.699385953223987e-16
vn 0 4.440892098500626e-16 -1
vn 0 -4.440892098500626e-16 1
vn 0 1 4.440892098500626e-16
vn 0 4.440892098500626e-16 -1
vn 0 -1 -4.440892098500626e-16
vn 0 -1 -4.440892098500626e-16
vn -0.9291663057404799 1.6416289469912205e-16 -0.369661975697514
vn 0 -1 -4.440892098500626e-16
vn -0.42350685041294983 0.7915083516348359 -0.4406319064089758
vn 0 0.9055372248760174 -0.4242668197771788
vn 0.43643581943072246 0.8156718024635922 -0.37974107781964894
vn 0.9291663057404799 1.6416289469912185e-16 -0.3696619756975136
vn 0 -1 -4.440892098500626e-16
usemtl m_3d478068-9534-e6ba-c28c-3f41e95b72f8
f 202/783/199 204/784/199 200/785/199
f 205/786/200 204/787/200 202/788/200 203/789/200
f 214/790/201 217/791/201 216/792/201
f 204/793/202 206/794/202 200/795/202
f 207/796/203 206/797/203 204/798/203 205/799/203
f 215/800/204 214/801/204 216/802/204
f 208/803/205 210/804/205 200/805/205
f 211/806/206 210/807/206 208/808/206 209/809/206
f 219/810/207 220/811/207 216/812/207
f 210/813/208 212/814/208 200/815/208
f 213/816/209 212/817/209 210/818/209 211/819/209
f 218/820/210 219/821/210 216/822/210
f 212/823/211 202/824/211 200/825/211
f 203/826/212 202/827/212 212/828/212 213/829/212
f 217/830/213 218/831/213 216/832/213
f 201/833/214 209/834/214 208/835/214 207/836/214
f 200/837/215 206/838/215 207/839/215 208/840/215
f 205/841/216 214/842/216 215/843/216 207/844/216
f 207/845/217 215/846/217 216/847/217 201/848/217
f 203/849/218 217/850/218 214/851/218 205/852/218
f 213/853/219 218/854/219 217/855/219 203/856/219
f 211/857/220 219/858/220 218/859/220 213/860/220
f 209/861/221 220/862/221 219/863/221 211/864/221
f 201/865/222 216/866/222 220/867/222 209/868/222
o Shin
v 0.05000000000000029 0.3750692669353308 0.05416666666666644
v 0.22499999999999976 0.3750692669353308 -0.10000000000000073
v 0.22500000000000037 0.3750692669353308 0.10624999999999923
v 0.2624999999999997 0.0677083333333332 -0.1125000000000008
v 0.2625000000000005 0.07187500000000008 0.16874999999999918
v 0.04999999999999983 0.3750692669353308 -0.1000000000000002
v 0.05000000000000044 0.3750692669353308 0.10624999999999976
v 0.012499999999999761 0.06770833333333326 -0.11250000000000006
v 0.012500000000000594 0.07187500000000013 0.16874999999999993
v 0.22013888888888858 0.06770833333333326 -0.11250000000000067
v 0.21388888888888943 0.07187500000000013 0.16874999999999934
v 0.05486111111111082 0.06770833333333326 -0.11250000000000018
v 0.06111111111111164 0.07187500000000013 0.1687499999999998
v 0.19097222222222263 0.3750692669353308 0.10624999999999934
v 0.08402777777777821 0.3750692669353308 0.10624999999999965
v 0.19097222222222202 0.3750692669353308 -0.10000000000000062
v 0.0840277777777776 0.3750692669353308 -0.10000000000000031
v 0.22500000000000017 0.3750692669353308 0.037499999999999235
v 0.2625000000000002 0.0677083333333332 0.056707317073169915
v 0.225 0.3750692669353308 -0.022916666666667408
v 0.26249999999999996 0.0677083333333332 -0.027896341463415457
v 0.22013888888888897 0.06770833333333326 0.015853658536584672
v 0.0548611111111112 0.06770833333333326 0.01585365853658516
v 0.012500000000000263 0.06770833333333326 0.05670731707317066
v 0.012500000000000011 0.06770833333333326 -0.027896341463414718
v 0.05000000000000006 0.3750692669353308 -0.02291666666666689
v 0.08402777777777806 0.3750692669353308 0.05416666666666634
v 0.08402777777777783 0.3750692669353308 -0.02291666666666699
v 0.1909722222222225 0.3750692669353308 0.05416666666666602
v 0.19097222222222227 0.3750692669353308 -0.022916666666667307
v 0.22013888888888858 0.0031249999999998224 -0.11250000000000066
v 0.26249999999999996 0.003124999999999767 -0.02789634146341545
v 0.22013888888888897 0.0031249999999998224 0.01585365853658468
v 0.2624999999999997 0.003124999999999767 -0.11250000000000078
v 0.2625000000000002 0.003124999999999767 0.05670731707316992
v 0.21388888888888907 0.0031249999999998224 0.05670731707317007
v 0.2625000000000005 0.003124999999999767 0.1687499999999992
v 0.2138888888888894 0.0031249999999998224 0.16874999999999934
v 0.0611111111111113 0.0031249999999998224 0.05670731707317052
v 0.061111111111111636 0.0031249999999998224 0.1687499999999998
v 0.054861111111111194 0.0031249999999998224 0.01585365853658517
v 0.012500000000000002 0.0031249999999998224 -0.027896341463414707
v 0.012500000000000254 0.0031249999999998224 0.056707317073170664
v 0.012500000000000585 0.0031249999999998224 0.16874999999999993
v 0.012499999999999753 0.0031249999999998224 -0.11250000000000004
v 0.05486111111111081 0.0031249999999998224 -0.11250000000000017
v 0.0760788579824796 0.3106262385948795 -0.10340667991227083
v 0.19892114201751998 0.3106262385948795 -0.1034066799122712
v 0.23522003973681144 0.3106262385948795 -0.1034066799122713
v 0.23522003973681166 0.3106262385948795 -0.02427379931464513
v 0.23522003973681188 0.3106262385948795 0.04273465449934178
v 0.2352200397368121 0.3106262385948795 0.12328339956135202
v 0.19721780206138537 0.3106262385948795 0.12328339956135213
v 0.07778219793861554 0.3106262385948795 0.12328339956135248
v 0.039779960263188814 0.3106262385948795 0.12328339956135259
v 0.039779960263188606 0.3106262385948795 0.054859081282981635
v 0.03977996026318838 0.3106262385948795 -0.024273799314644556
v 0.03977996026318814 0.3106262385948795 -0.10340667991227073
v 0.15797530868418666 0.3106262385948795 -0.10340667991227108
v 0.16504844185143203 0.10520833333333313 -0.11250000000000052
v 0.11702867804273191 0.3106262385948795 -0.10340667991227095
v 0.10995692207818622 0.10520833333333313 -0.11250000000000035
v 0.16504844185143241 0.10520833333333313 0.015853658536584832
v 0.1099569220781866 0.10520833333333313 0.015853658536584995
v 0.1650484418514324 0.0031249999999998224 0.015853658536584842
v 0.10995692207818658 0.0031249999999998224 0.015853658536585005
v 0.16296494624922334 0.0031249999999998224 0.05670731707317022
v 0.11204001200504654 0.0031249999999998224 0.056707317073170366
v 0.16296494624922367 0.0031249999999998224 0.16874999999999948
v 0.11204001200504687 0.0031249999999998224 0.16874999999999965
v 0.1629649462492237 0.07187500000000013 0.16874999999999948
v 0.11204001200504689 0.07187500000000013 0.16874999999999965
v 0.15740748447495934 0.3106262385948795 0.12328339956135224
v 0.11759639169147551 0.3106262385948795 0.12328339956135237
v 0.1553254623744566 0.3750692669353308 0.10624999999999944
v 0.11967800840353288 0.3750692669353308 0.10624999999999955
v 0.15532546237445646 0.3750692669353308 0.05416666666666613
v 0.11967800840353272 0.3750692669353308 0.05416666666666623
v 0.15532546237445624 0.3750692669353308 -0.0229166666666672
v 0.11967800840353249 0.3750692669353308 -0.022916666666667095
v 0.155325462374456 0.3750692669353308 -0.10000000000000052
v 0.11967800840353227 0.3750692669353308 -0.10000000000000041
v 0.07607885798247954 0.3106262385948795 -0.12042719589941983
v 0.08005331788012852 0.3435076243401989 -0.12042719589941986
v 0.24862858683583616 0.3106262385948795 -0.12042719589942034
v 0.19494668211987093 0.3435076243401989 -0.12042719589942019
v 0.24862858683583616 0.3435076243401989 -0.12042719589942036
v 0.19892114201751993 0.3106262385948795 -0.1204271958994202
v 0.24862858683583644 0.3106262385948795 -0.024273799314645173
v 0.24862858683583644 0.3435076243401989 -0.023595232990656325
v 0.24862858683583666 0.3106262385948795 0.042734654499341745
v 0.24862858683583663 0.3435076243401989 0.04011732724967045
v 0.2486285868358369 0.3106262385948795 0.1328941646386794
v 0.2486285868358369 0.3435076243401989 0.1328941646386794
v 0.1972178020613854 0.3106262385948795 0.13289416463867953
v 0.19409501214180405 0.3435076243401989 0.13289416463867956
v 0.08090498785819693 0.3435076243401989 0.1328941646386799
v 0.11759639169147554 0.3106262385948795 0.13289416463867978
v 0.11863720004750423 0.3435076243401989 0.13289416463867978
v 0.07778219793861557 0.3106262385948795 0.1328941646386799
v 0.02637141316416406 0.3106262385948795 0.13289416463868006
v 0.026371413164164064 0.3435076243401989 0.13289416463868003
v 0.02637141316416383 0.3106262385948795 0.05485908128298167
v 0.026371413164163835 0.3435076243401989 0.05451287397482409
v 0.026371413164163596 0.3106262385948795 -0.024273799314644514
v 0.026371413164163603 0.3435076243401989 -0.023595232990655666
v 0.02637141316416331 0.3106262385948795 -0.12042719589941969
v 0.026371413164163315 0.3435076243401989 -0.12042719589941969
v 0.08402777777777753 0.3750692669353308 -0.12042719589941987
v 0.19097222222222196 0.3750692669353308 -0.12042719589942018
v 0.24862858683583616 0.3750692669353308 -0.12042719589942036
v 0.24862858683583647 0.3750692669353308 -0.022916666666667477
v 0.24862858683583663 0.3750692669353308 0.03749999999999916
v 0.2486285868358369 0.3750692669353308 0.1328941646386794
v 0.1909722222222227 0.3750692669353308 0.13289416463867956
v 0.08402777777777828 0.3750692669353308 0.13289416463867987
v 0.11967800840353295 0.3750692669353308 0.13289416463867976
v 0.026371413164164068 0.3750692669353308 0.13289416463868003
v 0.026371413164163835 0.3750692669353308 0.05416666666666651
v 0.026371413164163606 0.3750692669353308 -0.022916666666666818
v 0.026371413164163318 0.3750692669353308 -0.12042719589941969
v 0.15740748447495936 0.3106262385948795 0.13289416463867967
v 0.15636647342470802 0.3435076243401989 0.13289416463867967
v 0.15532546237445669 0.3750692669353308 0.13289416463867967
v 0.11702867804273186 0.3106262385948795 -0.12042719589941996
v 0.1196780084035322 0.3750692669353308 -0.12042719589941997
v 0.15532546237445594 0.3750692669353308 -0.12042719589942008
v 0.1579753086841866 0.3106262385948795 -0.12042719589942008
v 0.1949466821198709 0.3435076243401989 -0.1329271958994202
v 0.15797530868418658 0.3106262385948795 -0.13292719589942006
v 0.1989211420175199 0.3106262385948795 -0.1329271958994202
v 0.0800533178801285 0.3435076243401989 -0.13292719589941984
v 0.11967800840353217 0.3750692669353308 -0.13292719589941998
v 0.08402777777777751 0.3750692669353308 -0.13292719589941987
v 0.07607885798247951 0.3106262385948795 -0.13292719589941984
v 0.11702867804273183 0.3106262385948795 -0.13292719589941995
v 0.1553254623744559 0.3750692669353308 -0.13292719589942006
v 0.19097222222222193 0.3750692669353308 -0.13292719589942018
v 0.15565669316317224 0.3671788562865479 -0.13292719589942006
v 0.11934684210843212 0.3671788562865479 -0.13292719589941998
v 0.08962832421587937 0.3435076243401989 -0.13292719589941987
v 0.09227794479946003 0.3671788562865479 -0.1329271958994199
v 0.08697870363229873 0.31884658503120933 -0.13292719589941987
v 0.11735984433783186 0.31884658503120933 -0.13292719589941995
v 0.15764407789547025 0.31884658503120933 -0.13292719589942006
v 0.18537260797223348 0.3435076243401989 -0.13292719589942018
v 0.18802226080262227 0.31884658503120933 -0.13292719589942018
v 0.1827229551418447 0.3671788562865479 -0.13292719589942015
v 0.15565669316317227 0.3671788562865479 -0.12042719589942008
v 0.11934684210843215 0.3671788562865479 -0.12042719589941997
v 0.118353343223132 0.3435076243401989 -0.12042719589941997
v 0.15665038552932126 0.3435076243401989 -0.12042719589942008
v 0.08962832421587939 0.3435076243401989 -0.12042719589941989
v 0.09227794479946005 0.3671788562865479 -0.12042719589941989
v 0.08697870363229876 0.31884658503120933 -0.12042719589941987
v 0.11735984433783189 0.31884658503120933 -0.12042719589941996
v 0.15764407789547027 0.31884658503120933 -0.12042719589942008
v 0.1853726079722335 0.3435076243401989 -0.12042719589942016
v 0.1880222608026223 0.31884658503120933 -0.12042719589942016
v 0.18272295514184472 0.3671788562865479 -0.12042719589942016
vt 0.3186796875 0.6875
vt 0.3384625 0.6875
vt 0.3375578125 0.6263890624999999
vt 0.31640625 0.6263890624999999
vt 0.4271625 0.90625
vt 0.4469453125 0.90625
vt 0.44921875 0.8451390624999999
vt 0.4280671875 0.8451390624999999
vt 0.165625 0.539171875
vt 0.17413125000000002 0.539171875
vt 0.17413125000000002 0.5199015625
vt 0.165625 0.5199015625
vt 0.010590625000000001 0.5538484375
vt 8.673617379884035e-19 0.5647859375
vt 8.673617379884035e-19 0.5859375
vt 0.010590625000000001 0.5859375
vt 0.40526768029759463 0.8125
vt 0.41434268012704845 0.8124982406212224
vt 0.4090262108262273 0.7517273951880569
vt 0.3984355860252566 0.7517294484024774
vt 0.4368046875 1
vt 0.4463046875 1
vt 0.453125 0.9392390625
vt 0.440971875 0.9392390625
vt 0.0625 0.5647859375
vt 0.05190937500000001 0.5538484375
vt 0.05190937500000001 0.5859375
vt 0.0625 0.5859375
vt 0.859375 0.796875
vt 0.890625 0.796875
vt 0.890625 0.78125
vt 0.859375 0.78125
vt 0.3974453125 1
vt 0.4069453125 1
vt 0.402778125 0.9392390625
vt 0.390625 0.9392390625
vt 0.428240625 0.9392390625
vt 0.4268515625 1
vt 0.4368046875 1
vt 0.440971875 0.9392390625
vt 0.20086874999999998 0.539171875
vt 0.209375 0.539171875
vt 0.209375 0.5199015625
vt 0.20086874999999998 0.5199015625
vt 0.18304375 0.539171875
vt 0.18304375 0.5199015625
vt 0.17413125000000002 0.5199015625
vt 0.17413125000000002 0.539171875
vt 0.4450472315816491 0.8124962674935121
vt 0.4541222315816491 0.8124962674935121
vt 0.4609425440816491 0.7517243924935122
vt 0.45035191908164907 0.7517243924935122
vt 0.42457535658169987 0.8124963130916167
vt 0.42280652165487675 0.761092488848378
vt 0.4090262108262273 0.7517273951880569
vt 0.41434253442232444 0.8124965751175284
vt 0.355215625 0.6875
vt 0.3753515625 0.6875
vt 0.38671875 0.627425
vt 0.3587078125 0.6263890624999999
vt 0.3384625 0.6875
vt 0.355215625 0.6875
vt 0.3587078125 0.6263890624999999
vt 0.3375578125 0.6263890624999999
vt 0.050346875 0.5436359374999999
vt 0.0625 0.5436359374999999
vt 0.0625 0.515625
vt 0.050346875 0.515625
vt 0.05190937500000001 0.5538484375
vt 0.0625 0.5647859375
vt 0.0625 0.5436359374999999
vt 0.050346875 0.5436359374999999
vt 0.024884375 0.5436359374999999
vt 0.024884375 0.515625
vt 0.012153125 0.515625
vt 0.012153125 0.5436359374999999
vt 0.024364062500000002 0.5538484375
vt 0.024884375 0.5436359374999999
vt 0.012153125 0.5436359374999999
vt 0.010590625000000001 0.5538484375
vt 0 0.5436359374999999
vt 0.012153125 0.5436359374999999
vt 0.012153125 0.515625
vt 0 0.515625
vt 1.734723475976807e-18 0.5647859375
vt 0.010590625000000001 0.5538484375
vt 0.012153125 0.5436359374999999
vt 1.734723475976807e-18 0.5436359374999999
vt 0.3902734375 0.90625
vt 0.4073796875 0.90625
vt 0.4069171875 0.8451390624999999
vt 0.37890625 0.846175
vt 0.4073796875 0.90625
vt 0.4271625 0.90625
vt 0.4280671875 0.8451390624999999
vt 0.4069171875 0.8451390624999999
vt 0.17413125000000002 0.55844375
vt 0.165625 0.55844375
vt 0.165625 0.5714640625
vt 0.17413125000000002 0.5714640625
vt 0.17413125000000002 0.539171875
vt 0.165625 0.539171875
vt 0.165625 0.55844375
vt 0.17413125000000002 0.55844375
vt 0.18304375 0.5714640625
vt 0.18304375 0.55844375
vt 0.17413125000000002 0.55844375
vt 0.17413125000000002 0.5714640625
vt 0.18304375 0.55844375
vt 0.18304375 0.539171875
vt 0.17413125000000002 0.539171875
vt 0.17413125000000002 0.55844375
vt 0.209375 0.5542765625
vt 0.20086874999999998 0.55844375
vt 0.20086874999999998 0.5714640625
vt 0.209375 0.5714640625
vt 0.209375 0.539171875
vt 0.20086874999999998 0.539171875
vt 0.20086874999999998 0.55844375
vt 0.209375 0.5542765625
vt 0.875 0.28125
vt 0.875 0.265625
vt 0.84375 0.265625
vt 0.84375 0.28125
vt 0.3375578125 0.6263890624999999
vt 0.3375578125 0.61024375
vt 0.31640625 0.61024375
vt 0.31640625 0.6263890624999999
vt 0.4609425440816491 0.7517243924935122
vt 0.4609425440816491 0.7355790799935121
vt 0.45035191908164907 0.7355790799935121
vt 0.45035191908164907 0.7517243924935122
vt 0.3587078125 0.6263890624999999
vt 0.3587078125 0.61024375
vt 0.3375578125 0.61024375
vt 0.3375578125 0.6263890624999999
vt 0.38671875 0.62743125
vt 0.38671875 0.61024375
vt 0.3587078125 0.61024375
vt 0.3587078125 0.6263890624999999
vt 0.402778125 0.9392390625
vt 0.402778125 0.9220515625
vt 0.390625 0.9220515625
vt 0.390625 0.9392390625
vt 0.428240625 0.9220515625
vt 0.428240625 0.9392390625
vt 0.440971875 0.9392390625
vt 0.440971875 0.9220515625
vt 0.7196765625 0.359375
vt 0.7196765625 0.3338546875
vt 0.705903125 0.3338546875
vt 0.705903125 0.35
vt 0.4280671875 0.8451390624999999
vt 0.4280671875 0.82899375
vt 0.4069171875 0.82899375
vt 0.4069171875 0.8451390624999999
vt 0.4069171875 0.8451390624999999
vt 0.4069171875 0.82899375
vt 0.37890625 0.82899375
vt 0.37890625 0.84618125
vt 0.453125 0.9392390625
vt 0.453125 0.9220515625
vt 0.440971875 0.9220515625
vt 0.440971875 0.9392390625
vt 0.44921875 0.8451390624999999
vt 0.44921875 0.82899375
vt 0.4280671875 0.82899375
vt 0.4280671875 0.8451390624999999
vt 0.765625 0.15625
vt 0.765625 0.140625
vt 0.734375 0.140625
vt 0.734375 0.15625
vt 0.4090262108262273 0.7517273951880569
vt 0.4090230807193216 0.7355820829914752
vt 0.3984324559183509 0.7355841362058957
vt 0.3984355860252566 0.7517294484024774
vt 0.43657992958525416 0.7610915988530602
vt 0.43481129408167446 0.8124962902925644
vt 0.4450472315816491 0.8124962674935121
vt 0.4503517837246614 0.7517259431782481
vt 0.4228064920852883 0.7610916295313759
vt 0.42457535658169987 0.8124963130916167
vt 0.43481129408167446 0.8124962902925644
vt 0.43657992958525416 0.7610915988530602
vt 0 0.140625
vt 0.03125 0.140625
vt 0.03125 0.125
vt 0 0.125
vt 0.84375 0.21875
vt 0.84375 0.25
vt 0.859375 0.25
vt 0.859375 0.21875
vt 0.73345 0.3338546875
vt 0.73345 0.359375
vt 0.747221875 0.35
vt 0.747221875 0.3338546875
vt 0.7196765625 0.3338546875
vt 0.7196765625 0.359375
vt 0.73345 0.359375
vt 0.73345 0.3338546875
vt 0.037615625 0.5436359374999999
vt 0.038137500000000005 0.5538484375
vt 0.05190937500000001 0.5538484375
vt 0.050346875 0.5436359374999999
vt 0.024884375 0.5436359374999999
vt 0.024364062500000002 0.5538484375
vt 0.038137500000000005 0.5538484375
vt 0.037615625 0.5436359374999999
vt 0.037615625 0.515625
vt 0.037615625 0.5436359374999999
vt 0.050346875 0.5436359374999999
vt 0.050346875 0.515625
vt 0.024884375 0.515625
vt 0.024884375 0.5436359374999999
vt 0.037615625 0.5436359374999999
vt 0.037615625 0.515625
vt 0.415509375 0.9392390625
vt 0.415509375 0.9220515625
vt 0.402778125 0.9220515625
vt 0.402778125 0.9392390625
vt 0.428240625 0.9392390625
vt 0.428240625 0.9220515625
vt 0.415509375 0.9220515625
vt 0.415509375 0.9392390625
vt 0.4168984375 1
vt 0.415509375 0.9392390625
vt 0.402778125 0.9392390625
vt 0.4069453125 1
vt 0.4268515625 1
vt 0.428240625 0.9392390625
vt 0.415509375 0.9392390625
vt 0.4168984375 1
vt 0.19195625 0.55844375
vt 0.19195625 0.5714640625
vt 0.20086874999999998 0.5714640625
vt 0.20086874999999998 0.55844375
vt 0.18304375 0.55844375
vt 0.18304375 0.5714640625
vt 0.19195625 0.5714640625
vt 0.19195625 0.55844375
vt 0.19195625 0.539171875
vt 0.19195625 0.55844375
vt 0.20086874999999998 0.55844375
vt 0.20086874999999998 0.539171875
vt 0.18304375 0.539171875
vt 0.18304375 0.55844375
vt 0.19195625 0.55844375
vt 0.19195625 0.539171875
vt 0.19195625 0.5199015625
vt 0.19195625 0.539171875
vt 0.20086874999999998 0.539171875
vt 0.20086874999999998 0.5199015625
vt 0.18304375 0.5199015625
vt 0.18304375 0.539171875
vt 0.19195625 0.539171875
vt 0.19195625 0.5199015625
vt 0.90146328125 0.15033125000000003
vt 0.90121484375 0.14416562499999996
vt 0.89361953125 0.14416562499999996
vt 0.89428203125 0.15033125000000003
vt 0.92347265625 0.39835937499999996
vt 0.93689453125 0.39835937499999996
vt 0.93689453125 0.39013906249999997
vt 0.92446640625 0.39013906249999997
vt 0.22614765625 0.27335937499999996
vt 0.25035546875 0.27335937499999996
vt 0.25018515625 0.26513906249999997
vt 0.22614765625 0.26513906249999997
vt 0.25035546875 0.27335937499999996
vt 0.26628359375 0.27335937499999996
vt 0.26693828124999996 0.26513906249999997
vt 0.25018515625 0.26513906249999997
vt 0.26628359375 0.27335937499999996
vt 0.28947734375 0.27335937499999996
vt 0.28947734375 0.26513906249999997
vt 0.26693828124999996 0.26513906249999997
vt 0.7534671875 0.46085937499999996
vt 0.7671015625 0.46085937499999996
vt 0.7663203125 0.45263906249999997
vt 0.7534671875 0.45263906249999997
vt 0.7862265625 0.45263906249999997
vt 0.785965625 0.46085937499999996
vt 0.7953984375 0.46085937499999996
vt 0.7961796875 0.45263906249999997
vt 0.7953984375 0.46085937499999996
vt 0.8090328125 0.46085937499999996
vt 0.8090328125 0.45263906249999997
vt 0.7961796875 0.45263906249999997
vt 0.72614765625 0.695234375
vt 0.74574296875 0.695234375
vt 0.74565703125 0.6870140625
vt 0.72614765625 0.6870140625
vt 0.74574296875 0.695234375
vt 0.76526953125 0.695234375
vt 0.76543984375 0.6870140625
vt 0.74565703125 0.6870140625
vt 0.76526953125 0.695234375
vt 0.78947734375 0.695234375
vt 0.78947734375 0.6870140625
vt 0.76543984375 0.6870140625
vt 0.59435546875 0.07023437499999996
vt 0.60777734375 0.07023437499999996
vt 0.60678359375 0.06201406249999997
vt 0.59435546875 0.06201406249999997
vt 0.90171015625 0.15625
vt 0.90146328125 0.15033125000000003
vt 0.89428203125 0.15033125000000003
vt 0.89494296875 0.15625
vt 0.93689453125 0.39835937499999996
vt 0.92347265625 0.39835937499999996
vt 0.92248046875 0.40625
vt 0.93689453125 0.40625
vt 0.25035546875 0.27335937499999996
vt 0.22614765625 0.27335937499999996
vt 0.22614765625 0.28125
vt 0.25052421874999997 0.28125
vt 0.26628359375 0.27335937499999996
vt 0.25035546875 0.27335937499999996
vt 0.25052421874999997 0.28125
vt 0.26562890625 0.28125
vt 0.28947734375 0.27335937499999996
vt 0.26628359375 0.27335937499999996
vt 0.26562890625 0.28125
vt 0.28947734375 0.28125
vt 0.7671015625 0.46085937499999996
vt 0.7534671875 0.46085937499999996
vt 0.7534671875 0.46875
vt 0.76788125 0.46875
vt 0.785965625 0.46085937499999996
vt 0.78570625 0.46875
vt 0.79461875 0.46875
vt 0.7953984375 0.46085937499999996
vt 0.8090328125 0.46085937499999996
vt 0.7953984375 0.46085937499999996
vt 0.79461875 0.46875
vt 0.8090328125 0.46875
vt 0.74574296875 0.695234375
vt 0.72614765625 0.695234375
vt 0.72614765625 0.703125
vt 0.74582890625 0.703125
vt 0.76526953125 0.695234375
vt 0.74574296875 0.695234375
vt 0.74582890625 0.703125
vt 0.76510078125 0.703125
vt 0.78947734375 0.695234375
vt 0.76526953125 0.695234375
vt 0.76510078125 0.703125
vt 0.78947734375 0.703125
vt 0.60777734375 0.07023437499999996
vt 0.59435546875 0.07023437499999996
vt 0.59435546875 0.078125
vt 0.60876953125 0.078125
vt 0.7765328125 0.46085937499999996
vt 0.7762734375 0.45263906249999997
vt 0.7663203125 0.45263906249999997
vt 0.7671015625 0.46085937499999996
vt 0.785965625 0.46085937499999996
vt 0.7862265625 0.45263906249999997
vt 0.7762734375 0.45263906249999997
vt 0.7765328125 0.46085937499999996
vt 0.77679375 0.46875
vt 0.7765328125 0.46085937499999996
vt 0.7671015625 0.46085937499999996
vt 0.76788125 0.46875
vt 0.78570625 0.46875
vt 0.785965625 0.46085937499999996
vt 0.7765328125 0.46085937499999996
vt 0.77679375 0.46875
vt 0.91103671875 0.15033125000000003
vt 0.91078828125 0.15625
vt 0.91755546875 0.15625
vt 0.9182179687500001 0.15033125000000003
vt 0.90146328125 0.15033125000000003
vt 0.90171015625 0.15625
vt 0.91078828125 0.15625
vt 0.91103671875 0.15033125000000003
vt 0.91128515625 0.14416562499999996
vt 0.91103671875 0.15033125000000003
vt 0.9182179687500001 0.15033125000000003
vt 0.91888046875 0.14416562499999996
vt 0.90121484375 0.14416562499999996
vt 0.90146328125 0.15033125000000003
vt 0.91103671875 0.15033125000000003
vt 0.91128515625 0.14416562499999996
vt 0.2502703125 0.54345
vt 0.2502703125 0.5477046875
vt 0.2605078125 0.5477046875
vt 0.2605078125 0.54345
vt 0.2809796875 0.54345
vt 0.2809796875 0.5477046875
vt 0.29340781250000003 0.5477046875
vt 0.2900546875 0.54345
vt 0.2900546875 0.54345
vt 0.29340781250000003 0.5477046875
vt 0.29340781250000003 0.5236671875000001
vt 0.2900546875 0.5236671875000001
vt 0.2900546875 0.5236671875000001
vt 0.29340781250000003 0.5236671875000001
vt 0.29340781250000003 0.5069140624999999
vt 0.2900546875 0.5069140624999999
vt 0.2900546875 0.5069140624999999
vt 0.29340781250000003 0.5069140624999999
vt 0.29340781250000003 0.484375
vt 0.2900546875 0.48677812500000006
vt 0.2900546875 0.48677812500000006
vt 0.29340781250000003 0.484375
vt 0.2805546875 0.484375
vt 0.2805546875 0.48677812500000006
vt 0.2606484375 0.48677812500000006
vt 0.2606484375 0.484375
vt 0.2506953125 0.484375
vt 0.2506953125 0.48677812500000006
vt 0.2506953125 0.48677812500000006
vt 0.2506953125 0.484375
vt 0.2378421875 0.484375
vt 0.2411953125 0.48677812500000006
vt 0.2411953125 0.48677812500000006
vt 0.2378421875 0.484375
vt 0.2378421875 0.5038843749999999
vt 0.2411953125 0.5038843749999999
vt 0.2411953125 0.5038843749999999
vt 0.2378421875 0.5038843749999999
vt 0.2378421875 0.5236671875000001
vt 0.2411953125 0.5236671875000001
vt 0.2411953125 0.5236671875000001
vt 0.2378421875 0.5236671875000001
vt 0.2378421875 0.5477046875
vt 0.2411953125 0.54345
vt 0.2411953125 0.54345
vt 0.2378421875 0.5477046875
vt 0.2502703125 0.5477046875
vt 0.2502703125 0.54345
vt 0.18304375 0.5199015625
vt 0.18304375 0.5147953125
vt 0.17413125000000002 0.5147953125
vt 0.17413125000000002 0.5199015625
vt 0.209375 0.5199015625
vt 0.2152828125 0.5147953125
vt 0.20086874999999998 0.5147953125
vt 0.20086874999999998 0.5199015625
vt 0.209375 0.539171875
vt 0.2152828125 0.539171875
vt 0.2152828125 0.5147953125
vt 0.209375 0.5199015625
vt 0.209375 0.5542765625
vt 0.2152828125 0.5542765625
vt 0.2152828125 0.539171875
vt 0.209375 0.539171875
vt 0.209375 0.5714640625
vt 0.2152828125 0.578125
vt 0.2152828125 0.5542765625
vt 0.209375 0.5542765625
vt 0.20086874999999998 0.5714640625
vt 0.20086874999999998 0.578125
vt 0.2152828125 0.578125
vt 0.209375 0.5714640625
vt 0.17413125000000002 0.5714640625
vt 0.17413125000000002 0.578125
vt 0.18304375 0.578125
vt 0.18304375 0.5714640625
vt 0.165625 0.5714640625
vt 0.1597171875 0.578125
vt 0.17413125000000002 0.578125
vt 0.17413125000000002 0.5714640625
vt 0.165625 0.55844375
vt 0.1597171875 0.55844375
vt 0.1597171875 0.578125
vt 0.165625 0.5714640625
vt 0.165625 0.539171875
vt 0.1597171875 0.539171875
vt 0.1597171875 0.55844375
vt 0.165625 0.55844375
vt 0.165625 0.5199015625
vt 0.1597171875 0.5147953125
vt 0.1597171875 0.539171875
vt 0.165625 0.539171875
vt 0.17413125000000002 0.5199015625
vt 0.17413125000000002 0.5147953125
vt 0.1597171875 0.5147953125
vt 0.165625 0.5199015625
vt 0.2805546875 0.48677812500000006
vt 0.2805546875 0.484375
vt 0.2706015625 0.484375
vt 0.2706015625 0.48677812500000006
vt 0.2706015625 0.48677812500000006
vt 0.2706015625 0.484375
vt 0.2606484375 0.484375
vt 0.2606484375 0.48677812500000006
vt 0.19195625 0.5714640625
vt 0.19195625 0.578125
vt 0.20086874999999998 0.578125
vt 0.20086874999999998 0.5714640625
vt 0.18304375 0.5714640625
vt 0.18304375 0.578125
vt 0.19195625 0.578125
vt 0.19195625 0.5714640625
vt 0.20086874999999998 0.5199015625
vt 0.20086874999999998 0.5147953125
vt 0.19195625 0.5147953125
vt 0.19195625 0.5199015625
vt 0.19195625 0.5199015625
vt 0.19195625 0.5147953125
vt 0.18304375 0.5147953125
vt 0.18304375 0.5199015625
vt 0.27074375 0.54345
vt 0.27074375 0.5477046875
vt 0.2809796875 0.5477046875
vt 0.2809796875 0.54345
vt 0.2605078125 0.54345
vt 0.2605078125 0.5477046875
vt 0.27074375 0.5477046875
vt 0.27074375 0.54345
vt 0.27074375 0.5477046875
vt 0.27074375 0.5508296875
vt 0.2809796875 0.5508296875
vt 0.2809796875 0.5477046875
vt 0.9 0.04626718750000003
vt 0.896875 0.04626718750000003
vt 0.896875 0.05454843750000005
vt 0.9 0.05454843750000005
vt 0.18304375 0.5147953125
vt 0.18304375 0.5116703125
vt 0.17413125000000002 0.5116703125
vt 0.17413125000000002 0.5147953125
vt 0.94375 0.15625
vt 0.946875 0.15625
vt 0.946875 0.148296875
vt 0.94375 0.148296875
vt 0.2502703125 0.5477046875
vt 0.2502703125 0.5508296875
vt 0.2605078125 0.5508296875
vt 0.2605078125 0.5477046875
vt 0.94375 0.148296875
vt 0.946875 0.148296875
vt 0.946875 0.14001562499999998
vt 0.94375 0.14001562499999998
vt 0.2605078125 0.5477046875
vt 0.2605078125 0.5508296875
vt 0.27074375 0.5508296875
vt 0.27074375 0.5477046875
vt 0.19195625 0.5147953125
vt 0.19195625 0.5116703125
vt 0.18304375 0.5116703125
vt 0.18304375 0.5147953125
vt 0.20086874999999998 0.5147953125
vt 0.20086874999999998 0.5116703125
vt 0.19195625 0.5116703125
vt 0.19195625 0.5147953125
vt 0.9 0.05454843750000005
vt 0.896875 0.05454843750000005
vt 0.896875 0.0625
vt 0.9 0.0625
vt 0.83258125 0.171875
vt 0.8326640625 0.16990312500000004
vt 0.8235859375 0.16990312500000004
vt 0.82366875 0.171875
vt 0.82366875 0.171875
vt 0.8235859375 0.16990312500000004
vt 0.81681875 0.16990312500000004
vt 0.81475625 0.171875
vt 0.81475625 0.171875
vt 0.81681875 0.16990312500000004
vt 0.8161578125 0.16398437499999996
vt 0.8137640625 0.16398437499999996
vt 0.8127703125 0.15576406249999997
vt 0.8154953125 0.15781875
vt 0.823090625 0.15781875
vt 0.8230078125 0.15576406249999997
vt 0.8137640625 0.16398437499999996
vt 0.8161578125 0.16398437499999996
vt 0.8154953125 0.15781875
vt 0.8127703125 0.15576406249999997
vt 0.8230078125 0.15576406249999997
vt 0.823090625 0.15781875
vt 0.8331609375 0.15781875
vt 0.83324375 0.15576406249999997
vt 0.83324375 0.15576406249999997
vt 0.8331609375 0.15781875
vt 0.84075625 0.15781875
vt 0.8434796875 0.15576406249999997
vt 0.8434796875 0.15576406249999997
vt 0.84075625 0.15781875
vt 0.84009375 0.16398437499999996
vt 0.8424859375 0.16398437499999996
vt 0.84149375 0.171875
vt 0.83943125 0.16990312500000004
vt 0.8326640625 0.16990312500000004
vt 0.83258125 0.171875
vt 0.8424859375 0.16398437499999996
vt 0.84009375 0.16398437499999996
vt 0.83943125 0.16990312500000004
vt 0.84149375 0.171875
vt 0.9576640625 0.17500000000000004
vt 0.9576640625 0.171875
vt 0.9485859375 0.171875
vt 0.9485859375 0.17500000000000004
vt 0.9485859375 0.17500000000000004
vt 0.9485859375 0.171875
vt 0.94181875 0.171875
vt 0.94181875 0.17500000000000004
vt 0.928125 0.05903124999999998
vt 0.93125 0.05903124999999998
vt 0.93125 0.053076562500000035
vt 0.928125 0.053076562500000035
vt 0.94049453125 0.21562499999999996
vt 0.94049453125 0.21875
vt 0.94808984375 0.21875
vt 0.94808984375 0.21562499999999996
vt 0.928125 0.053076562500000035
vt 0.93125 0.053076562500000035
vt 0.93125 0.046875
vt 0.928125 0.046875
vt 0.94808984375 0.21562499999999996
vt 0.94808984375 0.21875
vt 0.95816015625 0.21875
vt 0.95816015625 0.21562499999999996
vt 0.95816015625 0.21562499999999996
vt 0.95816015625 0.21875
vt 0.96575546875 0.21875
vt 0.96575546875 0.21562499999999996
vt 0.071875 0.03125
vt 0.06875 0.03125
vt 0.06875 0.03744999999999998
vt 0.071875 0.03744999999999998
vt 0.96443125 0.17500000000000004
vt 0.96443125 0.171875
vt 0.9576640625 0.171875
vt 0.9576640625 0.17500000000000004
vt 0.071875 0.03744999999999998
vt 0.06875 0.03744999999999998
vt 0.06875 0.04340468750000004
vt 0.071875 0.04340468750000004
vn 0.993753249970846 0.11159963338820336 -2.958066166607457e-15
vn -0.993753249970846 0.11159963338820372 2.9307321398444806e-15
vn 1.224646799147353e-16 1 -1.224646799147357e-16
vn -1.224646799147353e-16 -1 1.224646799147357e-16
vn -2.956252840257664e-15 0.03740751678159141 -0.9993000939098501
vn 2.933510361636883e-15 0.18707309412290016 0.9823459968133857
vn -1.224646799147353e-16 -1 1.224646799147357e-16
vn 0.5626675206838013 -0.826683289517542 -1.5658924234265276e-15
vn 2.933510361636883e-15 0.18707309412290016 0.9823459968133857
vn 2.933510361636883e-15 0.18707309412290016 0.9823459968133857
vn 1.224646799147353e-16 1 -1.224646799147357e-16
vn 1.224646799147353e-16 1 -1.224646799147357e-16
vn -2.956252840257664e-15 0.03740751678159141 -0.9993000939098501
vn -0.030806494844875073 0.04526156844083356 -0.9985000502241592
vn 0.9935354400690878 0.11352237368344817 -2.957656283747878e-15
vn 0.993753249970846 0.11159963338820335 -2.9580661666074566e-15
vn -1.224646799147353e-16 -1 1.224646799147357e-16
vn -1.224646799147353e-16 -1 1.224646799147357e-16
vn -1.224646799147353e-16 -1 1.224646799147357e-16
vn -1.224646799147353e-16 -1 1.224646799147357e-16
vn -1.224646799147353e-16 -1 1.224646799147357e-16
vn -1.224646799147353e-16 -1 1.224646799147357e-16
vn -0.9937532499708459 0.11159963338820371 2.93073213984448e-15
vn -0.993753249970846 0.11159963338820371 2.9307321398444802e-15
vn 1.224646799147353e-16 1 -1.224646799147357e-16
vn 1.224646799147353e-16 1 -1.224646799147357e-16
vn 1.224646799147353e-16 1 -1.224646799147357e-16
vn 1.224646799147353e-16 1 -1.224646799147357e-16
vn 1.224646799147353e-16 1 -1.224646799147357e-16
vn 1.224646799147353e-16 1 -1.224646799147357e-16
vn -1 1.224646799147357e-16 2.9629076969683865e-15
vn 1 -1.224646799147357e-16 -2.9629076969683865e-15
vn -2.9629076969683865e-15 -1.224646799147353e-16 -1
vn 1 -1.224646799147357e-16 -2.9629076969683865e-15
vn 1 -1.224646799147357e-16 -2.9629076969683865e-15
vn 2.9629076969683865e-15 1.224646799147353e-16 1
vn 2.9629076969683865e-15 1.224646799147353e-16 1
vn -2.9629076969683865e-15 -1.224646799147353e-16 -1
vn -1 1.224646799147357e-16 2.9629076969683865e-15
vn -1 1.224646799147357e-16 2.9629076969683865e-15
vn 2.9629076969683865e-15 1.224646799147353e-16 1
vn -1 1.224646799147357e-16 2.9629076969683865e-15
vn 1 -1.224646799147357e-16 -2.9629076969683865e-15
vn -2.9629076969683865e-15 -1.224646799147353e-16 -1
vn -2.9545930022896483e-15 0.04422410741253234 -0.9990216355632969
vn -2.9545930022896487e-15 0.044224107412532354 -0.999021635563297
vn -0.5627049590473937 -0.8266578065097258 1.7684792379570343e-15
vn -1.224646799147353e-16 -1 1.224646799147357e-16
vn -2.9629076969683865e-15 -1.224646799147353e-16 -1
vn -2.9629076969683865e-15 -1.224646799147353e-16 -1
vn -1.224646799147353e-16 -1 1.224646799147357e-16
vn -1.224646799147353e-16 -1 1.224646799147357e-16
vn -1.224646799147353e-16 -1 1.224646799147357e-16
vn -1.224646799147353e-16 -1 1.224646799147357e-16
vn 2.9629076969683865e-15 1.224646799147353e-16 1
vn 2.9629076969683865e-15 1.224646799147353e-16 1
vn 2.933510361636883e-15 0.18707309412290019 0.9823459968133859
vn 2.933510361636883e-15 0.18707309412290016 0.9823459968133857
vn 1.224646799147353e-16 1 -1.224646799147357e-16
vn 1.224646799147353e-16 1 -1.224646799147357e-16
vn 1.224646799147353e-16 1 -1.224646799147357e-16
vn 1.224646799147353e-16 1 -1.224646799147357e-16
vn 1.224646799147353e-16 1 -1.224646799147357e-16
vn 1.224646799147353e-16 1 -1.224646799147357e-16
vn -2.9629076969683865e-15 -1.224646799147353e-16 -1
vn -2.9629076969683865e-15 -1.224646799147353e-16 -1
vn 1 -1.224646799147357e-16 -2.9629076969683865e-15
vn 1 -1.224646799147357e-16 -2.9629076969683865e-15
vn 1 -1.224646799147357e-16 -2.9629076969683865e-15
vn 2.9629076969683865e-15 1.224646799147353e-16 1
vn 2.9629076969683865e-15 1.224646799147353e-16 1
vn 2.9629076969683865e-15 1.224646799147353e-16 1
vn -1 1.224646799147357e-16 2.9629076969683865e-15
vn -1 1.224646799147357e-16 2.9629076969683865e-15
vn -1 1.224646799147357e-16 2.9629076969683865e-15
vn -2.9629076969683865e-15 -1.224646799147353e-16 -1
vn -2.9629076969683865e-15 -1.224646799147353e-16 -1
vn -2.9629076969683865e-15 -1.224646799147353e-16 -1
vn 1 -1.224646799147357e-16 -2.9629076969683865e-15
vn 1 -1.224646799147357e-16 -2.9629076969683865e-15
vn 1 -1.224646799147357e-16 -2.9629076969683865e-15
vn 2.9629076969683865e-15 1.224646799147353e-16 1
vn 2.9629076969683865e-15 1.224646799147353e-16 1
vn 2.9629076969683865e-15 1.224646799147353e-16 1
vn -1 1.224646799147357e-16 2.9629076969683865e-15
vn -1 1.224646799147357e-16 2.9629076969683865e-15
vn -1 1.224646799147357e-16 2.9629076969683865e-15
vn -2.9629076969683865e-15 -1.224646799147353e-16 -1
vn 2.9629076969683865e-15 1.224646799147353e-16 1
vn 2.9629076969683865e-15 1.224646799147353e-16 1
vn 2.9629076969683865e-15 1.224646799147353e-16 1
vn 2.9629076969683865e-15 1.224646799147353e-16 1
vn -2.9629076969683865e-15 -1.224646799147353e-16 -1
vn -2.9629076969683865e-15 -1.224646799147353e-16 -1
vn -2.9629076969683865e-15 -1.224646799147353e-16 -1
vn -2.9629076969683865e-15 -1.224646799147353e-16 -1
vn -1.224646799147353e-16 -1 1.224646799147357e-16
vn -1.224646799147353e-16 -1 1.224646799147357e-16
vn -1.224646799147353e-16 -1 1.224646799147357e-16
vn -1.224646799147353e-16 -1 1.224646799147357e-16
vn -1.224646799147353e-16 -1 1.224646799147357e-16
vn -1.224646799147353e-16 -1 1.224646799147357e-16
vn -1.224646799147353e-16 -1 1.224646799147357e-16
vn -1.224646799147353e-16 -1 1.224646799147357e-16
vn -1.224646799147353e-16 -1 1.224646799147357e-16
vn -1.224646799147353e-16 -1 1.224646799147357e-16
vn -1.224646799147353e-16 -1 1.224646799147357e-16
vn -1.224646799147353e-16 -1 1.224646799147357e-16
vn 1.224646799147353e-16 1 -1.224646799147357e-16
vn 1.224646799147353e-16 1 -1.224646799147357e-16
vn 1.224646799147353e-16 1 -1.224646799147357e-16
vn 1.224646799147353e-16 1 -1.224646799147357e-16
vn 1.224646799147353e-16 1 -1.224646799147357e-16
vn 1.224646799147353e-16 1 -1.224646799147357e-16
vn 1.224646799147353e-16 1 -1.224646799147357e-16
vn 1.224646799147353e-16 1 -1.224646799147357e-16
vn 1.224646799147353e-16 1 -1.224646799147357e-16
vn 1.224646799147353e-16 1 -1.224646799147357e-16
vn 1.224646799147353e-16 1 -1.224646799147357e-16
vn 1.224646799147353e-16 1 -1.224646799147357e-16
vn -1.224646799147353e-16 -1 1.224646799147357e-16
vn -1.224646799147353e-16 -1 1.224646799147357e-16
vn 1.224646799147353e-16 1 -1.224646799147357e-16
vn 1.224646799147353e-16 1 -1.224646799147357e-16
vn 1.224646799147353e-16 1 -1.224646799147357e-16
vn 1.224646799147353e-16 1 -1.224646799147357e-16
vn -1.224646799147353e-16 -1 1.224646799147357e-16
vn -1.224646799147353e-16 -1 1.224646799147357e-16
vn -1.224646799147353e-16 -1 1.224646799147357e-16
vn 0.9927739868563399 0.11999921258644941 -2.9561933521660608e-15
vn 1.224646799147353e-16 1 -1.224646799147357e-16
vn -0.9921642771294654 0.1249401744362692 2.9243904148931394e-15
vn -1.224646799147353e-16 -1 1.224646799147357e-16
vn -0.99277398685634 0.11999921258644926 2.9268020218472217e-15
vn -1.224646799147353e-16 -1 1.224646799147357e-16
vn 1.224646799147353e-16 1 -1.224646799147357e-16
vn 1.224646799147353e-16 1 -1.224646799147357e-16
vn 0.9921642771294656 0.12494017443626812 -2.954991931834798e-15
vn -2.9629076969683865e-15 -1.224646799147353e-16 -1
vn -2.9629076969683865e-15 -1.224646799147353e-16 -1
vn -2.9629076969683865e-15 -1.224646799147353e-16 -1
vn -2.9629076969683865e-15 -1.224646799147353e-16 -1
vn -2.9629076969683865e-15 -1.224646799147353e-16 -1
vn -2.9629076969683865e-15 -1.224646799147353e-16 -1
vn -2.9629076969683865e-15 -1.224646799147353e-16 -1
vn -2.9629076969683865e-15 -1.224646799147353e-16 -1
vn -2.9629076969683865e-15 -1.224646799147353e-16 -1
vn -2.9629076969683865e-15 -1.224646799147353e-16 -1
vn -1.224646799147353e-16 -1 1.224646799147357e-16
vn -1.224646799147353e-16 -1 1.224646799147357e-16
vn 0.9937936270804707 -0.11123950186081558 -2.9308958768855976e-15
vn 1.224646799147353e-16 1 -1.224646799147357e-16
vn 0.9942776507591783 -0.10682674384633069 -2.9328704013665404e-15
vn 1.224646799147353e-16 1 -1.224646799147357e-16
vn 1.224646799147353e-16 1 -1.224646799147357e-16
vn -0.9942775126656721 -0.10682802912796066 2.95903515559278e-15
vn -1.224646799147353e-16 -1 1.224646799147357e-16
vn -0.9937934774156026 -0.11124083893159196 2.9581414171648715e-15
usemtl m_3d478068-9534-e6ba-c28c-3f41e95b72f8
f 269/869/223 270/870/223 241/871/223 224/872/223
f 277/873/224 278/874/224 228/875/224 245/876/224
f 246/877/225 248/878/225 237/879/225 226/880/225
f 261/881/226 262/882/226 265/883/226 266/884/226
f 278/885/227 267/886/227 232/887/227 228/888/227
f 274/889/228 275/890/228 229/891/228 233/892/228
f 252/893/229 253/894/229 251/895/229 254/896/229
f 282/897/230 284/898/230 243/899/230 232/900/230
f 272/901/231 273/902/231 231/903/231 225/904/231
f 292/905/232 294/906/232 274/907/232 233/908/232
f 250/909/233 240/910/233 222/911/233 236/912/233
f 300/913/234 302/914/234 237/915/234 248/916/234
f 268/917/235 269/918/235 224/919/235 230/920/235
f 281/921/236 282/922/236 232/923/236 267/924/236
f 271/925/237 272/926/237 225/927/237 239/928/237
f 270/929/238 271/930/238 239/931/238 241/932/238
f 256/933/239 255/934/239 257/935/239 258/936/239
f 253/937/240 252/938/240 255/939/240 256/940/240
f 288/941/241 290/942/241 260/943/241 259/944/241
f 286/945/242 288/946/242 259/947/242 261/948/242
f 263/949/243 259/950/243 260/951/243 264/952/243
f 262/953/244 261/954/244 259/955/244 263/956/244
f 275/957/245 276/958/245 244/959/245 229/960/245
f 276/961/246 277/962/246 245/963/246 244/964/246
f 247/965/247 221/966/247 227/967/247 235/968/247
f 248/969/248 246/970/248 221/971/248 247/972/248
f 296/973/249 298/974/249 247/975/249 235/976/249
f 298/977/250 300/978/250 248/979/250 247/980/250
f 238/981/251 249/982/251 234/983/251 223/984/251
f 240/985/252 250/986/252 249/987/252 238/988/252
f 230/989/253 251/990/253 253/991/253 242/992/253
f 241/993/254 252/994/254 254/995/254 224/996/254
f 224/997/255 254/998/255 251/999/255 230/1000/255
f 239/1001/256 255/1002/256 252/1003/256 241/1004/256
f 225/1005/257 257/1006/257 255/1007/257 239/1008/257
f 231/1009/258 258/1010/258 257/1011/258 225/1012/258
f 290/1013/259 292/1014/259 233/1015/259 260/1016/259
f 284/1017/260 286/1018/260 261/1019/260 243/1020/260
f 245/1021/261 262/1022/261 263/1023/261 244/1024/261
f 244/1025/262 263/1026/262 264/1027/262 229/1028/262
f 229/1029/263 264/1030/263 260/1031/263 233/1032/263
f 228/1033/264 265/1034/264 262/1035/264 245/1036/264
f 243/1037/265 261/1038/265 266/1039/265 232/1040/265
f 232/1041/266 266/1042/266 265/1043/266 228/1044/266
f 280/1045/267 279/1046/267 268/1047/267 230/1048/267
f 282/1049/268 281/1050/268 279/1051/268 280/1052/268
f 283/1053/269 280/1054/269 230/1055/269 242/1056/269
f 284/1057/270 282/1058/270 280/1059/270 283/1060/270
f 285/1061/271 283/1062/271 242/1063/271 253/1064/271
f 286/1065/272 284/1066/272 283/1067/272 285/1068/272
f 287/1069/273 285/1070/273 253/1071/273 256/1072/273
f 288/1073/274 286/1074/274 285/1075/274 287/1076/274
f 289/1077/275 287/1078/275 256/1079/275 258/1080/275
f 290/1081/276 288/1082/276 287/1083/276 289/1084/276
f 291/1085/277 289/1086/277 258/1087/277 231/1088/277
f 292/1089/278 290/1090/278 289/1091/278 291/1092/278
f 293/1093/279 291/1094/279 231/1095/279 273/1096/279
f 294/1097/280 292/1098/280 291/1099/280 293/1100/280
f 297/1101/281 295/1102/281 234/1103/281 249/1104/281
f 298/1105/282 296/1106/282 295/1107/282 297/1108/282
f 299/1109/283 297/1110/283 249/1111/283 250/1112/283
f 300/1113/284 298/1114/284 297/1115/284 299/1116/284
f 301/1117/285 299/1118/285 250/1119/285 236/1120/285
f 302/1121/286 300/1122/286 299/1123/286 301/1124/286
f 371/1125/287 376/1126/287 375/1127/287 373/1128/287
f 306/1129/288 307/1130/288 305/1131/288 308/1132/288
f 307/1133/289 310/1134/289 309/1135/289 305/1136/289
f 310/1137/290 312/1138/290 311/1139/290 309/1140/290
f 312/1141/291 314/1142/291 313/1143/291 311/1144/291
f 314/1145/292 316/1146/292 315/1147/292 313/1148/292
f 318/1149/293 319/1150/293 317/1151/293 320/1152/293
f 317/1153/294 322/1154/294 321/1155/294 320/1156/294
f 322/1157/295 324/1158/295 323/1159/295 321/1160/295
f 324/1161/296 326/1162/296 325/1163/296 323/1164/296
f 326/1165/297 328/1166/297 327/1167/297 325/1168/297
f 328/1169/298 304/1170/298 303/1171/298 327/1172/298
f 370/1173/299 371/1174/299 373/1175/299 374/1176/299
f 307/1177/300 306/1178/300 330/1179/300 331/1180/300
f 310/1181/301 307/1182/301 331/1183/301 332/1184/301
f 312/1185/302 310/1186/302 332/1187/302 333/1188/302
f 314/1189/303 312/1190/303 333/1191/303 334/1192/303
f 316/1193/304 314/1194/304 334/1195/304 335/1196/304
f 319/1197/305 337/1198/305 336/1199/305 317/1200/305
f 322/1201/306 317/1202/306 336/1203/306 338/1204/306
f 324/1205/307 322/1206/307 338/1207/307 339/1208/307
f 326/1209/308 324/1210/308 339/1211/308 340/1212/308
f 328/1213/309 326/1214/309 340/1215/309 341/1216/309
f 304/1217/310 328/1218/310 341/1219/310 329/1220/310
f 343/1221/311 342/1222/311 315/1223/311 316/1224/311
f 319/1225/312 318/1226/312 342/1227/312 343/1228/312
f 344/1229/313 343/1230/313 316/1231/313 335/1232/313
f 337/1233/314 319/1234/314 343/1235/314 344/1236/314
f 372/1237/315 369/1238/315 380/1239/315 378/1240/315
f 371/1241/316 370/1242/316 369/1243/316 372/1244/316
f 377/1245/317 372/1246/317 378/1247/317 379/1248/317
f 376/1249/318 371/1250/318 372/1251/318 377/1252/318
f 267/1253/319 303/1254/319 345/1255/319 281/1256/319
f 268/1257/320 308/1258/320 305/1259/320 269/1260/320
f 269/1261/321 305/1262/321 309/1263/321 270/1264/321
f 270/1265/322 309/1266/322 311/1267/322 271/1268/322
f 271/1269/323 311/1270/323 313/1271/323 272/1272/323
f 272/1273/324 313/1274/324 315/1275/324 273/1276/324
f 294/1277/325 318/1278/325 320/1279/325 274/1280/325
f 274/1281/326 320/1282/326 321/1283/326 275/1284/326
f 275/1285/327 321/1286/327 323/1287/327 276/1288/327
f 276/1289/328 323/1290/328 325/1291/328 277/1292/328
f 277/1293/329 325/1294/329 327/1295/329 278/1296/329
f 278/1297/330 327/1298/330 303/1299/330 267/1300/330
f 302/1301/331 346/1302/331 329/1303/331 237/1304/331
f 222/1305/332 331/1306/332 330/1307/332 236/1308/332
f 240/1309/333 332/1310/333 331/1311/333 222/1312/333
f 238/1313/334 333/1314/334 332/1315/334 240/1316/334
f 223/1317/335 334/1318/335 333/1319/335 238/1320/335
f 234/1321/336 335/1322/336 334/1323/336 223/1324/336
f 235/1325/337 336/1326/337 337/1327/337 296/1328/337
f 227/1329/338 338/1330/338 336/1331/338 235/1332/338
f 221/1333/339 339/1334/339 338/1335/339 227/1336/339
f 246/1337/340 340/1338/340 339/1339/340 221/1340/340
f 226/1341/341 341/1342/341 340/1343/341 246/1344/341
f 237/1345/342 329/1346/342 341/1347/342 226/1348/342
f 273/1349/343 315/1350/343 342/1351/343 293/1352/343
f 293/1353/344 342/1354/344 318/1355/344 294/1356/344
f 295/1357/345 344/1358/345 335/1359/345 234/1360/345
f 296/1361/346 337/1362/346 344/1363/346 295/1364/346
f 236/1365/347 330/1366/347 347/1367/347 301/1368/347
f 301/1369/348 347/1370/348 346/1371/348 302/1372/348
f 279/1373/349 348/1374/349 308/1375/349 268/1376/349
f 281/1377/350 345/1378/350 348/1379/350 279/1380/350
f 348/1381/351 350/1382/351 351/1383/351 308/1384/351
f 308/1385/352 351/1386/352 349/1387/352 306/1388/352
f 346/1389/353 353/1390/353 354/1391/353 329/1392/353
f 329/1393/354 354/1394/354 352/1395/354 304/1396/354
f 303/1397/355 355/1398/355 356/1399/355 345/1400/355
f 304/1401/356 352/1402/356 355/1403/356 303/1404/356
f 345/1405/357 356/1406/357 350/1407/357 348/1408/357
f 347/1409/358 357/1410/358 353/1411/358 346/1412/358
f 330/1413/359 358/1414/359 357/1415/359 347/1416/359
f 306/1417/360 349/1418/360 358/1419/360 330/1420/360
f 357/1421/361 359/1422/361 360/1423/361 353/1424/361
f 353/1425/362 360/1426/362 362/1427/362 354/1428/362
f 354/1429/363 362/1430/363 361/1431/363 352/1432/363
f 355/1433/364 363/1434/364 364/1435/364 356/1436/364
f 352/1437/365 361/1438/365 363/1439/365 355/1440/365
f 356/1441/366 364/1442/366 365/1443/366 350/1444/366
f 350/1445/367 365/1446/367 367/1447/367 351/1448/367
f 351/1449/368 367/1450/368 366/1451/368 349/1452/368
f 358/1453/369 368/1454/369 359/1455/369 357/1456/369
f 349/1457/370 366/1458/370 368/1459/370 358/1460/370
f 359/1461/371 369/1462/371 370/1463/371 360/1464/371
f 360/1465/372 370/1466/372 374/1467/372 362/1468/372
f 362/1469/373 374/1470/373 373/1471/373 361/1472/373
f 363/1473/374 375/1474/374 376/1475/374 364/1476/374
f 361/1477/375 373/1478/375 375/1479/375 363/1480/375
f 364/1481/376 376/1482/376 377/1483/376 365/1484/376
f 365/1485/377 377/1486/377 379/1487/377 367/1488/377
f 367/1489/378 379/1490/378 378/1491/378 366/1492/378
f 368/1493/379 380/1494/379 369/1495/379 359/1496/379
f 366/1497/380 378/1498/380 380/1499/380 368/1500/380
o Thigh
v 0.21874999999999978 0.703125 -0.09000000000000077
v 0.21875000000000033 0.703125 0.08999999999999925
v 0.21249999999999972 0.3781249999999998 -0.09000000000000072
v 0.21250000000000027 0.3781249999999998 0.0899999999999993
v 0.05624999999999984 0.6581250000000001 -0.09000000000000029
v 0.05625000000000037 0.6581250000000001 0.08999999999999973
v 0.05624999999999981 0.3781249999999998 -0.09000000000000026
v 0.056250000000000334 0.3781249999999998 0.08999999999999976
v 0.2437499999999998 0.5666249999999999 -0.11250000000000082
v 0.24375000000000047 0.5666249999999999 0.11249999999999918
v 0.05625000000000043 0.5666249999999999 0.11249999999999974
v 0.056249999999999765 0.5666249999999999 -0.11250000000000027
v 0.1374999999999997 0.5666249999999999 -0.11250000000000052
v 0.13749999999999976 0.705625 -0.09000000000000054
v 0.13750000000000032 0.705625 0.08999999999999948
v 0.13750000000000037 0.5666249999999999 0.11249999999999949
v 0.1375000000000003 0.3781249999999998 0.08999999999999952
v 0.13749999999999973 0.3781249999999998 -0.0900000000000005
vt 0.065625 0.484375
vt 0.121875 0.484375
vt 0.11625 0.4375
vt 0.07125000000000001 0.4375
vt 0.08125 0.55525
vt 0.1375 0.55525
vt 0.13187500000000002 0.5081249999999999
vt 0.08687500000000001 0.5081249999999999
vt 0.796875 0.421875
vt 0.84375 0.421875
vt 0.84375 0.40625
vt 0.796875 0.40625
vt 0.63359375 0.84375
vt 0.63359375 0.88875
vt 0.65234375 0.88875
vt 0.65234375 0.84375
vt 0.5671875 0.796875
vt 0.5671875 0.844334375
vt 0.59375 0.844334375
vt 0.5859375 0.796875
vt 0.5734375 0.922459375
vt 0.5734375 0.875
vt 0.5546875 0.875
vt 0.546875 0.922459375
vt 0.66875 0.90625
vt 0.6125 0.90625
vt 0.618125 0.9375
vt 0.663125 0.9375
vt 0.6593309641450363 1
vt 0.6593309641450363 0.9647984375
vt 0.6327684641450363 0.9647984375
vt 0.6390184641450363 0.999384375
vt 0.1375 0.55525
vt 0.08125 0.55525
vt 0.08687500000000001 0.578125
vt 0.13187500000000002 0.578125
vt 0.1843749955003296 0.3397984262644831
vt 0.1843749955003296 0.375
vt 0.20468799461523446 0.37438341677931486
vt 0.21093750449967041 0.33979777391105825
vt 0.1843749955003296 0.37499998876448315
vt 0.1843749955003296 0.3397984262644831
vt 0.1640624955003296 0.3397984262644831
vt 0.1640624955003296 0.36327811376448316
vt 0.640625 0.375
vt 0.6875 0.375
vt 0.6875 0.34375
vt 0.640625 0.34375
vt 0.6593309641450363 0.9647975771957517
vt 0.6593309641450363 1
vt 0.6797315358549637 0.9882775133423253
vt 0.679555134408526 0.9647972008150749
vt 0.5734375 0.875
vt 0.5734375 0.922459375
vt 0.59375 0.922459375
vt 0.59375 0.875
vt 0.63359375 0.88875
vt 0.63359375 0.84375
vt 0.61328125 0.84375
vt 0.61328125 0.88875
vt 0.5671875 0.844334375
vt 0.5671875 0.796875
vt 0.546875 0.796875
vt 0.546875 0.844334375
vn 0.9865350075748679 -0.1635502333512718 -2.9029830402949976e-15
vn -1 1.224646799147357e-16 2.9629076969683865e-15
vn 0.03075467578697342 0.9995269630766537 -2.135300152063207e-16
vn -1.224646799147353e-16 -1 1.224646799147357e-16
vn -2.9565381710648495e-15 -0.11852205281617371 -0.9929514202599441
vn 2.9275086405429094e-15 -0.11852205281617345 0.9929514202599441
vn 0.9836384960749287 0.1801535707096943 -2.936492520427274e-15
vn 2.9444057951002106e-15 0.15979061814520884 0.9871509298748455
vn -1 1.224646799147357e-16 2.9629076969683865e-15
vn 0.0049165749799181474 0.1597886868474381 -0.9871389987463967
vn -2.90526838129115e-15 0.15979061814520865 -0.9871509298748457
vn -0.5046965873311549 0.8632967941190827 1.3896460376739453e-15
vn -0.09301110178732469 0.15909793726779767 0.9828717013432833
vn 2.9275086405429094e-15 -0.11852205281617346 0.9929514202599441
vn -1.224646799147353e-16 -1 1.224646799147357e-16
vn -2.9565381710648495e-15 -0.11852205281617371 -0.9929514202599441
usemtl m_3d478068-9534-e6ba-c28c-3f41e95b72f8
f 389/1501/381 390/1502/381 384/1503/381 383/1504/381
f 391/1505/382 392/1506/382 387/1507/382 388/1508/382
f 394/1509/383 395/1510/383 382/1511/383 381/1512/383
f 397/1513/384 398/1514/384 383/1515/384 384/1516/384
f 398/1517/385 393/1518/385 389/1519/385 383/1520/385
f 396/1521/386 397/1522/386 384/1523/386 390/1524/386
f 390/1525/387 389/1526/387 381/1527/387 382/1528/387
f 395/1529/388 396/1530/388 390/1531/388 382/1532/388
f 392/1533/389 391/1534/389 386/1535/389 385/1536/389
f 393/1537/390 394/1538/390 381/1539/390 389/1540/390
f 394/1541/391 393/1542/391 392/1543/391 385/1544/391
f 395/1545/392 394/1546/392 385/1547/392 386/1548/392
f 396/1549/393 395/1550/393 386/1551/393 391/1552/393
f 397/1553/394 396/1554/394 391/1555/394 388/1556/394
f 398/1557/395 397/1558/395 388/1559/395 387/1560/395
f 393/1561/396 398/1562/396 387/1563/396 392/1564/396
o Pelvis
v -0.13749999999999984 0.7906249999999995 -0.10036764705882407
v -0.13750000000000046 0.7906249999999995 0.10036764705882299
v -0.13749999999999982 0.6694164078674947 -0.10036764705882406
v -0.13750000000000043 0.6694164078674947 0.100367647058823
v 0.13750000000000018 0.7906249999999995 -0.10036764705882326
v 0.13749999999999957 0.7906249999999995 0.10036764705882381
v 0.1375000000000002 0.6694164078674947 -0.10036764705882324
v 0.1374999999999996 0.6694164078674947 0.10036764705882383
v -0.04583333333333308 0.6093749999999999 -0.13125000000000026
v -0.04583333333333386 0.6093749999999999 0.13124999999999976
v 0.04583333333333361 0.6093749999999999 -0.13124999999999998
v 0.04583333333333283 0.6093749999999999 0.13125000000000003
v -0.04583333333333388 0.7906249999999995 0.13124999999999973
v 0.04583333333333281 0.7906249999999995 0.13125
v -0.0458333333333331 0.7906249999999995 -0.13125000000000028
v 0.04583333333333359 0.7906249999999995 -0.13125
v 0.045833333333333594 0.7254399585921324 -0.13125
v -0.045833333333333094 0.7254399585921324 -0.13125000000000026
v -0.13749999999999982 0.7254399585921324 -0.10036764705882406
v -0.13750000000000043 0.7254399585921324 0.100367647058823
v -0.04583333333333387 0.7254399585921324 0.13124999999999976
v 0.04583333333333282 0.7254399585921324 0.13125
v 0.1374999999999996 0.7254399585921324 0.10036764705882383
v 0.1375000000000002 0.7254399585921324 -0.10036764705882324
v -0.04882645937453321 0.7906249999999995 -0.1432593582492769
v -0.048826459374533206 0.7254399585921324 -0.1432593582492769
v -0.14986812604119992 0.7254399585921324 -0.10925200530810072
v -0.14986812604119995 0.7906249999999995 -0.10925200530810072
v 0.14986812604120034 0.7906249999999995 -0.10925200530809984
v 0.14986812604120037 0.7254399585921324 -0.10925200530809984
v 0.048826459374533775 0.7254399585921324 -0.1432593582492766
v 0.04882645937453377 0.7906249999999995 -0.1432593582492766
v -0.1498681260412006 0.7254399585921324 0.10925200530809959
v -0.14986812604120062 0.7906249999999995 0.10925200530809959
v -0.04882645937453405 0.7254399585921324 0.14325935824927635
v -0.04882645937453406 0.7906249999999995 0.14325935824927635
v 0.04882645937453293 0.7254399585921324 0.14325935824927666
v 0.04882645937453292 0.7906249999999995 0.14325935824927666
v 0.1498681260411997 0.7254399585921324 0.10925200530810047
v 0.14986812604119967 0.7906249999999995 0.10925200530810047
v 0.04882645937453381 0.7906249999999995 -0.1557593582492766
v 0.048826459374533816 0.7254399585921324 -0.1557593582492766
v -0.048826459374533164 0.7254399585921324 -0.15575935824927692
v -0.04882645937453317 0.7906249999999995 -0.15575935824927692
v 0.039598258552746984 0.784465013586956 -0.15575935824927664
v 0.03959825855274699 0.7315999450051758 -0.15575935824927664
v -0.03959825855274634 0.7315999450051758 -0.1557593582492769
v -0.039598258552746346 0.784465013586956 -0.1557593582492769
v 0.03959825855274694 0.784465013586956 -0.14325935824927663
v 0.03959825855274695 0.7315999450051758 -0.14325935824927663
v -0.03959825855274638 0.7315999450051758 -0.14325935824927688
v -0.03959825855274639 0.784465013586956 -0.14325935824927688
vt 0.84375 0.78125
vt 0.84375 0.796875
vt 0.796875 0.796875
vt 0.796875 0.78125
vt 0.34375 0.1875
vt 0.34375 0.203125
vt 0.296875 0.203125
vt 0.296875 0.1875
vt 0.00468749999999999 0.6265937500000001
vt 0.027604687499999996 0.6188734375
vt 0.027604687499999996 0.6844984375000001
vt 0.00468749999999999 0.676778125
vt 0.5608453125 0.609375
vt 0.553125 0.578125
vt 0.61875 0.578125
vt 0.6110296875 0.609375
vt 0.03125 0.220984375
vt 0.03125 0.25
vt 0 0.25
vt 0 0.23599531250000005
vt 0.765625 0.26724531250000005
vt 0.765625 0.28125
vt 0.734375 0.28125
vt 0.734375 0.252234375
vt 0.5608453125 0.5625
vt 0.553125 0.53125
vt 0.61875 0.53125
vt 0.6110296875 0.5625
vt 0.5625 0.28125
vt 0.546875 0.28125
vt 0.546875 0.21875
vt 0.5625 0.21875
vt 0.78125 0.767859375
vt 0.78125 0.796875
vt 0.75 0.796875
vt 0.75 0.7828703125
vt 0.5 0.734375
vt 0.5 0.765625
vt 0.484375 0.765625
vt 0.484375 0.734375
vt 0.07343749999999999 0.676778125
vt 0.05052031249999999 0.6844984375000001
vt 0.05052031249999999 0.6188734375
vt 0.07343749999999999 0.6265937500000001
vt 0.05052031249999999 0.6844984375000001
vt 0.027604687499999996 0.6844984375000001
vt 0.027604687499999996 0.6188734375
vt 0.05052031249999999 0.6188734375
vt 0.484375 0.23599531250000005
vt 0.484375 0.25
vt 0.453125 0.25
vt 0.453125 0.220984375
vt 0.25 0.34375
vt 0.25 0.375
vt 0.234375 0.375
vt 0.234375 0.34375
vt 0.671875 0.75
vt 0.671875 0.734375
vt 0.6875 0.734375
vt 0.6875 0.75
vt 0.84375 0.59375
vt 0.84375 0.578125
vt 0.875 0.578125
vt 0.875 0.59375
vt 0.40625 0.203125
vt 0.40625 0.1875
vt 0.453125 0.1875
vt 0.453125 0.203125
vt 0.84375 0.515625
vt 0.84375 0.5
vt 0.875 0.5
vt 0.875 0.515625
vt 0.1875 0.671875
vt 0.1875 0.65625
vt 0.21875 0.65625
vt 0.21875 0.671875
vt 0.09375 0.15625
vt 0.09375 0.140625
vt 0.125 0.140625
vt 0.125 0.15625
vt 0.46875 0.203125
vt 0.46875 0.1875
vt 0.515625 0.1875
vt 0.515625 0.203125
vt 0.84375 0.625
vt 0.84375 0.609375
vt 0.875 0.609375
vt 0.875 0.625
vt 0.3734046875 0.7662515625000001
vt 0.34814375000000003 0.7747531250000002
vt 0.3473953125 0.7717515625000001
vt 0.37031250000000004 0.76403125
vt 0.051268749999999995 0.615871875
vt 0.0765296875 0.6243734375
vt 0.07343750000000002 0.62659375
vt 0.05052031249999999 0.6188734375
vt 0.32373125 0.7747531250000002
vt 0.2984703125 0.7662515625000001
vt 0.3015625 0.76403125
vt 0.3244796875 0.7717515625000001
vt 0.0015953124999999943 0.6243734375000001
vt 0.02685624999999999 0.6158718750000001
vt 0.027604687499999996 0.6188734375
vt 0.00468749999999999 0.6265937500000001
vt 0.34814375000000003 0.7747531250000002
vt 0.32373125 0.7747531250000002
vt 0.3244796875 0.7717515625000001
vt 0.3473953125 0.7717515625000001
vt 0.02685624999999999 0.6158718750000001
vt 0.051268749999999995 0.615871875
vt 0.05052031249999999 0.6188734375
vt 0.027604687499999996 0.6188734375
vt 0.3734046875 0.7116265625000001
vt 0.3734046875 0.7662515625000001
vt 0.37031250000000004 0.76403125
vt 0.37031250000000004 0.7138468750000001
vt 0.0765296875 0.6243734375
vt 0.0765296875 0.6789984375
vt 0.07343749999999999 0.676778125
vt 0.07343749999999999 0.6265937500000001
vt 0.34814375000000003 0.703125
vt 0.3734046875 0.7116265625000001
vt 0.37031250000000004 0.7138468750000001
vt 0.3473953125 0.7061265625
vt 0.0765296875 0.6789984375
vt 0.051268749999999995 0.6875
vt 0.05052031249999999 0.6844984375000001
vt 0.07343749999999999 0.676778125
vt 0.32373125 0.703125
vt 0.34814375000000003 0.703125
vt 0.3473953125 0.7061265625
vt 0.3244796875 0.7061265624999999
vt 0.051268749999999995 0.6875
vt 0.02685624999999999 0.6875
vt 0.027604687499999996 0.6844984375000001
vt 0.05052031249999999 0.6844984375000001
vt 0.2984703125 0.7116265625
vt 0.32373125 0.703125
vt 0.3244796875 0.7061265624999999
vt 0.30156249999999996 0.713846875
vt 0.02685624999999999 0.6875
vt 0.0015953124999999943 0.6789984375
vt 0.00468749999999999 0.676778125
vt 0.027604687499999996 0.6844984375000001
vt 0.2984703125 0.7662515625000001
vt 0.2984703125 0.7116265625000001
vt 0.3015625 0.7138468750000001
vt 0.3015625 0.76403125
vt 0.0015953124999999943 0.6789984375
vt 0.0015953124999999943 0.6243734375000001
vt 0.00468749999999999 0.6265937500000001
vt 0.00468749999999999 0.676778125
vt 0.390625 0.078125
vt 0.390625 0.09375
vt 0.375 0.09375
vt 0.375 0.078125
vt 0.34814375000000003 0.7778781250000001
vt 0.32373125 0.7778781250000001
vt 0.32373125 0.7747531250000002
vt 0.34814375000000003 0.7747531250000002
vt 0.53125 0.09375
vt 0.53125 0.078125
vt 0.546875 0.078125
vt 0.546875 0.09375
vt 0.026856249999999988 0.612746875
vt 0.05126874999999999 0.612746875
vt 0.051268749999999995 0.615871875
vt 0.02685624999999999 0.6158718750000001
vt 0.89635 0.71961875
vt 0.89635 0.7328343749999999
vt 0.89404375 0.734375
vt 0.89404375 0.718078125
vt 0.91615 0.71961875
vt 0.89635 0.71961875
vt 0.89404375 0.718078125
vt 0.91845625 0.718078125
vt 0.91615 0.7328343749999999
vt 0.91615 0.71961875
vt 0.91845625 0.718078125
vt 0.91845625 0.734375
vt 0.89635 0.7328343749999999
vt 0.91615 0.7328343749999999
vt 0.91845625 0.734375
vt 0.89404375 0.734375
vt 0.078125 0.0625
vt 0.078125 0.078125
vt 0.0625 0.078125
vt 0.0625 0.0625
vt 0.9375 0.921875
vt 0.921875 0.921875
vt 0.921875 0.90625
vt 0.9375 0.90625
vt 0.09375 0.078125
vt 0.09375 0.0625
vt 0.109375 0.0625
vt 0.109375 0.078125
vt 0.921875 0.875
vt 0.9375 0.875
vt 0.9375 0.890625
vt 0.921875 0.890625
vn -1 -1.224646799147357e-16 -2.9629076969683865e-15
vn 1 1.224646799147357e-16 2.9629076969683865e-15
vn -1.224646799147353e-16 1 -1.224646799147357e-16
vn 0.547923688440741 -0.8365283208866833 1.7258924868893783e-15
vn 0.31926677772801837 -7.695657244431614e-17 -0.9476648799228388
vn 0.31926677772801265 1.5515437992805709e-16 0.9476648799228407
vn -0.5479236884407408 -0.8365283208866834 -1.5210021407753805e-15
vn 1.224646799147353e-16 -1 1.224646799147357e-16
vn -0.3192667777280184 7.695657244431613e-17 0.9476648799228388
vn -2.9629076969683865e-15 1.224646799147353e-16 1
vn -1.224646799147353e-16 1 -1.224646799147357e-16
vn -1.224646799147353e-16 1 -1.224646799147357e-16
vn -0.31926677772801276 -1.551543799280571e-16 -0.9476648799228405
vn 2.9629076969683865e-15 -1.224646799147353e-16 -1
vn 2.9629076969683865e-15 -1.224646799147353e-16 -1
vn -0.31898522000211293 -1.551315099002875e-16 -0.9477596896999807
vn -1 -1.224646799147357e-16 -2.9629076969683865e-15
vn -0.31898522000211865 7.700266417010622e-17 0.9477596896999789
vn -2.9629076969683865e-15 1.224646799147353e-16 1
vn 0.3189852200021129 1.551315099002875e-16 0.9477596896999807
vn 1 1.224646799147357e-16 2.9629076969683865e-15
vn 0.3189852200021186 -7.700266417010622e-17 -0.9477596896999789
vn 1.224646799147353e-16 -1 1.224646799147357e-16
vn -1.224646799147353e-16 1 -1.224646799147357e-16
vn 1.224646799147353e-16 -1 1.224646799147357e-16
vn -1.224646799147353e-16 1 -1.224646799147357e-16
vn 1.224646799147353e-16 -1 1.224646799147357e-16
vn -1.224646799147353e-16 1 -1.224646799147357e-16
vn 1.224646799147353e-16 -1 1.224646799147357e-16
vn -1.224646799147353e-16 1 -1.224646799147357e-16
vn 1.224646799147353e-16 -1 1.224646799147357e-16
vn -1.224646799147353e-16 1 -1.224646799147357e-16
vn 1.224646799147353e-16 -1 1.224646799147357e-16
vn -1.224646799147353e-16 1 -1.224646799147357e-16
vn 1.224646799147353e-16 -1 1.224646799147357e-16
vn -1.224646799147353e-16 1 -1.224646799147357e-16
vn 1.224646799147353e-16 -1 1.224646799147357e-16
vn -1.224646799147353e-16 1 -1.224646799147357e-16
vn 1 1.224646799147357e-16 2.9629076969683865e-15
vn 1.224646799147353e-16 -1 1.224646799147357e-16
vn -1 -1.224646799147357e-16 -2.9629076969683865e-15
vn -1.224646799147353e-16 1 -1.224646799147357e-16
vn 2.9629076969683865e-15 -1.224646799147353e-16 -1
vn 2.9629076969683865e-15 -1.224646799147353e-16 -1
vn 2.9629076969683865e-15 -1.224646799147353e-16 -1
vn 2.9629076969683865e-15 -1.224646799147353e-16 -1
vn -1 -1.224646799147357e-16 -2.9629076969683865e-15
vn -1.224646799147353e-16 1 -1.224646799147357e-16
vn 1 1.224646799147357e-16 2.9629076969683865e-15
vn 1.224646799147353e-16 -1 1.224646799147357e-16
usemtl m_3d478068-9534-e6ba-c28c-3f41e95b72f8
f 402/1565/397 418/1566/397 417/1567/397 401/1568/397
f 405/1569/398 422/1570/398 421/1571/398 406/1572/398
f 403/1573/399 414/1574/399 412/1575/399 404/1576/399
f 406/1577/400 410/1578/400 409/1579/400 405/1580/400
f 409/1581/401 415/1582/401 422/1583/401 405/1584/401
f 406/1585/402 421/1586/402 420/1587/402 410/1588/402
f 401/1589/403 407/1590/403 408/1591/403 402/1592/403
f 407/1593/404 409/1594/404 410/1595/404 408/1596/404
f 408/1597/405 419/1598/405 418/1599/405 402/1600/405
f 410/1601/406 420/1602/406 419/1603/406 408/1604/406
f 400/1605/407 411/1606/407 413/1607/407 399/1608/407
f 411/1609/408 412/1610/408 414/1611/408 413/1612/408
f 401/1613/409 417/1614/409 416/1615/409 407/1616/409
f 407/1617/410 416/1618/410 415/1619/410 409/1620/410
f 447/1621/411 448/1622/411 449/1623/411 450/1624/411
f 423/1625/412 424/1626/412 425/1627/412 426/1628/412
f 426/1629/413 425/1630/413 431/1631/413 432/1632/413
f 432/1633/414 431/1634/414 433/1635/414 434/1636/414
f 434/1637/415 433/1638/415 435/1639/415 436/1640/415
f 436/1641/416 435/1642/416 437/1643/416 438/1644/416
f 438/1645/417 437/1646/417 428/1647/417 427/1648/417
f 427/1649/418 428/1650/418 429/1651/418 430/1652/418
f 425/1653/419 424/1654/419 416/1655/419 417/1656/419
f 423/1657/420 426/1658/420 399/1659/420 413/1660/420
f 429/1661/421 428/1662/421 422/1663/421 415/1664/421
f 427/1665/422 430/1666/422 414/1667/422 403/1668/422
f 424/1669/423 429/1670/423 415/1671/423 416/1672/423
f 430/1673/424 423/1674/424 413/1675/424 414/1676/424
f 431/1677/425 425/1678/425 417/1679/425 418/1680/425
f 426/1681/426 432/1682/426 400/1683/426 399/1684/426
f 433/1685/427 431/1686/427 418/1687/427 419/1688/427
f 432/1689/428 434/1690/428 411/1691/428 400/1692/428
f 435/1693/429 433/1694/429 419/1695/429 420/1696/429
f 434/1697/430 436/1698/430 412/1699/430 411/1700/430
f 437/1701/431 435/1702/431 420/1703/431 421/1704/431
f 436/1705/432 438/1706/432 404/1707/432 412/1708/432
f 428/1709/433 437/1710/433 421/1711/433 422/1712/433
f 438/1713/434 427/1714/434 403/1715/434 404/1716/434
f 440/1717/435 439/1718/435 430/1719/435 429/1720/435
f 441/1721/436 440/1722/436 429/1723/436 424/1724/436
f 442/1725/437 441/1726/437 424/1727/437 423/1728/437
f 439/1729/438 442/1730/438 423/1731/438 430/1732/438
f 444/1733/439 443/1734/439 439/1735/439 440/1736/439
f 445/1737/440 444/1738/440 440/1739/440 441/1740/440
f 446/1741/441 445/1742/441 441/1743/441 442/1744/441
f 443/1745/442 446/1746/442 442/1747/442 439/1748/442
f 448/1749/443 447/1750/443 443/1751/443 444/1752/443
f 449/1753/444 448/1754/444 444/1755/444 445/1756/444
f 450/1757/445 449/1758/445 445/1759/445 446/1760/445
f 447/1761/446 450/1762/446 446/1763/446 443/1764/446
o Body
v -0.16874999999999984 0.9304625427735616 -0.12410714285714355
v -0.16875000000000057 0.9304625427735616 0.12410714285714225
v -0.1214999999999999 0.7888899194121526 -0.09094684385382111
v -0.12150000000000043 0.7888899194121526 0.09094684385382014
v 0.1687500000000003 0.9304625427735616 -0.12410714285714256
v 0.16874999999999957 0.9304625427735616 0.12410714285714325
v 0.12150000000000018 0.7888899194121526 -0.09094684385382039
v 0.12149999999999965 0.7888899194121526 0.09094684385382086
v -5.002696984416378e-16 0.7888899194121526 0.12499999999999996
v 2.404572258004592e-16 0.7888899194121526 -0.1250000000000002
v -0.1464999999999999 0.863668771386781 -0.0971968438538212
v -0.14650000000000046 0.863668771386781 0.09094684385382006
v 0.14649999999999963 0.863668771386781 0.09094684385382092
v 0.14650000000000019 0.863668771386781 -0.09719684385382034
v 0.16875000000000026 1.090767594101836 -0.12410714285714257
v 3.2820715803864146e-16 1.1308438569339043 -0.16875000000000023
v -6.717741896881894e-16 1.1308438569339043 0.1687499999999999
v 0.16874999999999954 1.090767594101836 0.12410714285714324
v -0.1687500000000006 1.090767594101836 0.12410714285714224
v -0.16874999999999987 1.090767594101836 -0.12410714285714357
v -0.10631250000000043 1.1074660369485312 0.07521350931676972
v 1.4020744411415267e-16 1.1308438569339043 -0.10529891304347846
v -4.837744757637007e-16 1.1308438569339043 0.10529891304347813
v -0.10631249999999999 1.1074660369485312 -0.07521350931677069
v 0.1063125000000001 1.1074660369485312 -0.07521350931677005
v 0.10631249999999966 1.1074660369485312 0.07521350931677036
v -0.09095488903426244 1.2482742063737828 0.060656055900620676
v 6.585002076442796e-17 1.2449345178044433 -0.08491847826086978
v -4.373612049435183e-16 1.2449345178044433 0.08491847826086941
v -0.09095488903426208 1.2482742063737828 -0.06065605590062159
v 0.09095488903426208 1.2482742063737828 -0.06065605590062105
v 0.09095488903426172 1.2482742063737828 0.06065605590062122
v 4.185860383892922e-16 1.1308438569339043 -0.19896070103002203
v 0.17674224894974155 1.090767594101836 -0.15431784388716435
v 0.17595042299890543 0.9238412722910949 -0.1529976982370398
v 0.0000502233754659118 0.9234035023108924 -0.1974244895188035
v -0.176742248949741 1.090767594101836 -0.1543178438871654
v -0.17584997624797388 0.9229657323306899 -0.1525655665148529
v -7.621530700388402e-16 1.1308438569339043 0.1989607010300217
v -0.1767422489497419 1.090767594101836 0.15431784388716402
v -0.17583406695254056 0.9228386430307347 0.15249712317376715
v -0.00005278861154327852 0.9224486206341374 0.19691287855966036
v 0.17674224894974067 1.090767594101836 0.15431784388716507
v 0.1757284897294543 0.9220585982375398 0.1520429196598392
v 0.15322733237771846 0.855629289011715 -0.126138484067874
v 0.0000696625581372599 0.8545473083538753 -0.1598919450926017
v -0.15308800726144417 0.8534653276960358 -0.12553909382497053
v -0.1284683109766815 0.7888899194121526 -0.1209251975107229
v 0.00003887836534323241 0.7888899194121526 -0.15514561217761838
v 0.12854606770736773 0.7888899194121526 -0.12125971455215498
v -0.1531255786766851 0.8560448716439542 0.11945072971883665
v -0.000059105688407251916 0.8549951690907904 0.1532496074270825
v 0.1530073672998708 0.8539454665376265 0.1189421728429694
v 0.12855000409057363 0.7888899194121526 0.12127664925674772
v -0.000012634153728813238 0.7888899194121526 0.15538415876486597
v -0.12857527239803107 0.7888899194121526 0.12138535598062532
v 0.20571797480016807 0.9206409751299731 -0.14462301882928458
v 0.20695285073987868 1.0906874950478578 -0.1463256211913608
v 0.19896060179013736 1.0906874950478578 -0.11611492016133902
v 0.19851755180126293 0.9272622456124398 -0.11573246344938731
v 0.18184783194930426 0.8472474511494237 -0.11706492775624726
v 0.17512049957158599 0.8552869335244897 -0.0881232875421936
v 0.1564625650381511 0.7888899194121526 -0.11186973804860842
v 0.14941649733078355 0.7888899194121526 -0.08155686735027383
v 0.20705484864954973 1.0906878777271605 0.1467216313612583
v 0.20561987190763517 0.9192373623655847 0.1438536960044182
v 0.19864138217818045 0.9276413069016065 0.11591791920172222
v 0.19906259969980863 1.0906878777271605 0.11651093033123645
v 0.18172422950674708 0.8452899922212025 0.11079001235229409
v 0.1752168622068759 0.855013297070357 0.0827946833631456
v 0.1565135638477735 0.7888899194121526 0.1137545630603324
v 0.1494635597571995 0.7888899194121526 0.08342475765740553
v -0.20565739880618727 0.9199872073598778 0.14407303803666494
v -0.2069528589135273 1.090690864492879 0.14632561902901967
v -0.19896060996378598 1.090690864492879 0.11611491799899787
v -0.19857333185364728 0.9276111071027047 0.11568305772004003
v -0.18153864104969417 0.8473944305478271 0.11027810355452457
v -0.17491306237300952 0.855018330290654 0.08177421768950797
v -0.15596534340054116 0.7888899194121526 0.11189604906806123
v -0.14889007100251053 0.7888899194121526 0.08145753694125606
v -0.2070576817730831 1.0906855995972409 -0.1467329701482922
v -0.20565654697778055 0.9198777854985407 -0.14427115336561638
v -0.1985565707298065 0.9273745959414124 -0.11581272970790706
v -0.199065432823342 1.0906855995972409 -0.11652226911827038
v -0.18182261790808937 0.8451399307762102 -0.11680981493795466
v -0.1752346106466451 0.8553433744669554 -0.08846756496680531
v -0.15663982363370066 0.7888899194121526 -0.11247059229629093
v -0.14967151265701906 0.7888899194121526 -0.08249223863938913
v 0.1924686363258289 0.9225615117748216 0.12410714285714333
v 0.17021863632582895 0.855767740388041 0.09094684385382099
v 0.1702186363258295 0.855767740388041 -0.09719684385382027
v 0.1924686363258296 0.9225615117748216 -0.12410714285714247
v -0.19246863632582917 0.9225615117748216 -0.12410714285714362
v -0.17021863632582923 0.855767740388041 -0.09719684385382127
v -0.1702186363258298 0.855767740388041 0.09094684385381999
v -0.1924686363258299 0.9225615117748216 0.12410714285714218
vt 0.828125 0.59375
vt 0.828125 0.609375
vt 0.78125 0.609375
vt 0.7828125 0.59375
vt 0.8188296875 0.875
vt 0.8203921875 0.890625
vt 0.7733578125 0.890625
vt 0.7733578125 0.875
vt 0.07077343750000001 0.421875
vt 0.0647078125 0.3991203125
vt 0.10716718750000001 0.3991203125
vt 0.1011015625 0.421875
vt 0.35848437499999997 0.98345625
vt 0.328109375 0.9919703125
vt 0.328109375 0.9294703125
vt 0.35848437499999997 0.937984375
vt 0.6386710023510799 0.7500895274320191
vt 0.6444256898510798 0.7664207774320191
vt 0.6051850648510799 0.7666942149320191
vt 0.6054522523510799 0.750292652432019
vt 0.8123813562439487 0.733203125
vt 0.8122563562439487 0.7497375
vt 0.7730672937439487 0.75
vt 0.7791657312439487 0.733246875
vt 0.7989484328729675 0.6250167933654243
vt 0.8050421828729674 0.6412980433654242
vt 0.7658265578729674 0.6415605433654241
vt 0.7657203078729674 0.6250777308654242
vt 0.297734375 0.937984375
vt 0.328109375 0.9294703125
vt 0.328109375 0.9919703125
vt 0.297734375 0.98345625
vt 0.14017495855061113 0.2033967359613501
vt 0.14042339605061113 0.21985298596135006
vt 0.10121558355061114 0.22012329846135015
vt 0.10697808355061114 0.2033029859613501
vt 0.10110156249999999 0.37636562500000004
vt 0.10716718750000001 0.3991203125
vt 0.06470781249999999 0.3991203125
vt 0.07077343750000001 0.37636562500000004
vt 0.7345984375 0.828125
vt 0.7413265625 0.8125
vt 0.7883609375 0.8125
vt 0.7966515625 0.828125
vt 0.3358222585072156 0.31830994432921367
vt 0.340084375 0.29930625
vt 0.3792649452025381 0.3001025004602125
vt 0.3811014543281121 0.3200774066012926
vt 0.6813023730479048 0.45979163925746025
vt 0.6836982467837532 0.43984663585751316
vt 0.7229145825492632 0.4396443108805377
vt 0.7266343749999999 0.45901875000000003
vt 0.6877234375 0.9375
vt 0.6960140625 0.921875
vt 0.7430484375 0.921875
vt 0.7497765625 0.9375
vt 0.007699683263125992 0.286596677835671
vt 0.012035937500000003 0.26790468749999996
vt 0.05124411636307174 0.26814842104745695
vt 0.053028705691152665 0.2876373786759636
vt 0.78125 0.4203626257803996
vt 0.7617647616703423 0.4181948685710991
vt 0.7617647616703423 0.37895304853872647
vt 0.7808102544428013 0.375
vt 0.5221343698177032 0.5213051231446597
vt 0.47656093231770325 0.5112848106446598
vt 0.4766734323177032 0.46955199814465975
vt 0.5220296823177032 0.46944418564465984
vt 0.3671875 0.5116390625
vt 0.3216140625 0.521659375
vt 0.3217265625 0.46955781249999995
vt 0.3670796875 0.46945781249999996
vt 0.46875 0.65625
vt 0.40625 0.65625
vt 0.40625 0.609375
vt 0.46875 0.609375
vt 0.5221343688052514 0.5995963103549191
vt 0.4765609313052514 0.5895759978549191
vt 0.47667030630525137 0.5475900603549191
vt 0.5219968688052514 0.5474947478549191
vt 0.44531249925085 0.5114778418438524
vt 0.39973906175085 0.5214981543438524
vt 0.39982031175085 0.46963565434385246
vt 0.44520312425085 0.4695262793438524
vt 0.53125 1
vt 0.46875 1
vt 0.46875 0.953125
vt 0.53125 0.953125
vt 0.2518145728222933 0.7597859940698409
vt 0.2513096540753606 0.7315561592725206
vt 0.26718604071617147 0.718969856978574
vt 0.2671625728467347 0.7637383264676231
vt 0.2148989681864767 0.7221491410327419
vt 0.20079776410595837 0.7466083888389439
vt 0.18544140788367974 0.7426333127611204
vt 0.2071107231345764 0.703458879380932
vt 0.2513096540753606 0.7315561592725206
vt 0.2148989681864767 0.7221491410327419
vt 0.2071059309548336 0.7034473790888023
vt 0.2671862857575233 0.7189696627174618
vt 0.08050643959169801 0.7622414986192967
vt 0.06640043334171966 0.737783389467104
vt 0.0742008714694817 0.7190850520218102
vt 0.09584976148572262 0.7582710440623023
vt 0.029985966858766765 0.7471757624273522
vt 0.02948580139480377 0.7754042691939929
vt 0.01412415871668464 0.7793588665792888
vt 0.01412415871668464 0.734590625
vt 0.06640043334171966 0.737783389467104
vt 0.029985966858766765 0.7471757624273522
vt 0.01411439879835185 0.7345828812476864
vt 0.07420099186399882 0.7190847634255453
vt 0.38035346115177343 0.2577236331973407
vt 0.37934717639483717 0.28125
vt 0.34375 0.28125
vt 0.3516267259107895 0.25416720748607924
vt 0.5 0.31149300989905826
vt 0.4723077631527467 0.3125
vt 0.46875 0.28374553869428665
vt 0.5 0.2759294882474329
vt 0.19485156250000002 0.3125
vt 0.1645234375 0.3125
vt 0.160884375 0.28125
vt 0.198490625 0.28125
vt 0.7553534611517734 0.4920986331973407
vt 0.7543471763948372 0.515625
vt 0.71875 0.515625
vt 0.7266267259107895 0.48854220748607924
vt 0.109375 0.29586800989905826
vt 0.08168276315274671 0.296875
vt 0.078125 0.26812053869428665
vt 0.109375 0.2603044882474329
vt 0.6167265625 0.3125
vt 0.5863984375 0.3125
vt 0.582759375 0.28125
vt 0.620365625 0.28125
vt 0.08102660110209826 0.715309403608696
vt 0.10316490378331536 0.7563856735684777
vt 0.09585184348980295 0.7582748126340516
vt 0.0742008714694817 0.7190850520218102
vt 0.530759375 0.23751596336051706
vt 0.53125 0.280028463360517
vt 0.5234375 0.280028463360517
vt 0.5233171875 0.23917221336051697
vt 0.17813856562920866 0.7407507702788061
vt 0.20027615657019646 0.6996741905788235
vt 0.2071124818308319 0.7034556999574708
vt 0.18544140788367974 0.7426333127611204
vt 0.3125 0.2805407882217391
vt 0.3131828125 0.2378392257217391
vt 0.32051562499999997 0.23971266322173912
vt 0.3203125 0.2805407882217391
vt 0.27498643437079134 0.718965551532148
vt 0.2744762696033588 0.765625
vt 0.2671625728467347 0.7637383264676231
vt 0.2671860429731094 0.718965551532148
vt 0.7181234375 0.2684957309634317
vt 0.71875 0.31117229346343167
vt 0.7109375 0.31117229346343167
vt 0.7108078125 0.2704019809634317
vt 0.006822596216684636 0.78125
vt 0.00631165871668464 0.734590625
vt 0.01412415871668464 0.734590625
vt 0.01412415871668464 0.7793625
vt 0.703125 0.5929345156009185
vt 0.7039078125 0.5500720156009185
vt 0.71110625 0.5521720156009184
vt 0.7109375 0.5929345156009185
vt 0.5225373902212185 0.21875
vt 0.530759375 0.23751596336051706
vt 0.52331577544877 0.2391725276108433
vt 0.5151139700848665 0.22077697301709143
vt 0.3131828125 0.2378392257217391
vt 0.3213887589741065 0.21875
vt 0.3286607784217598 0.22130999520275108
vt 0.32051667881575385 0.2397129324578544
vt 0.9375 0.579182853312014
vt 0.9375 0.5637366916162135
vt 0.9450937067963471 0.5625
vt 0.9450586426518703 0.5803359983709515
vt 0.36022656249999996 0.9909515625
vt 0.3281 0.99950625
vt 0.328109375 0.9919703125
vt 0.35848437499999997 0.98345625
vt 0.4522079965056456 0.078125
vt 0.46817091404374384 0.078125
vt 0.46875 0.09375
vt 0.4508909232949052 0.09370746275371866
vt 0.3281 0.99950625
vt 0.2959734375 0.9910359375
vt 0.297734375 0.98345625
vt 0.328109375 0.9919703125
vt 0.7083786883582629 0.25
vt 0.7181234375 0.2684957309634317
vt 0.7108085105162426 0.27040179907966055
vt 0.7010683571522021 0.2519264015650231
vt 0.7039078125 0.5500720156009185
vt 0.7134729303610273 0.53125
vt 0.7206532449865093 0.5336956730653075
vt 0.7111072538637049 0.5521723084580532
vt 0.375 0.047067695350230476
vt 0.375 0.03160475475866509
vt 0.38277628723761087 0.03125
vt 0.3822795858617175 0.0489566577633791
vt 0.295971875 0.9304015625
vt 0.3281125 0.921875
vt 0.328109375 0.9294703125
vt 0.297734375 0.937984375
vt 0.6546442784766886 0.078125
vt 0.670611312998047 0.078125
vt 0.671875 0.09344843354043786
vt 0.654128548232217 0.09375
vt 0.3281125 0.921875
vt 0.360253125 0.9303734375
vt 0.35848437499999997 0.937984375
vt 0.328109375 0.9294703125
vt 0.46875 0.5112640135375153
vt 0.46894239217337486 0.46875
vt 0.47667343224208564 0.4695520261956373
vt 0.47656093231770325 0.5112848106446598
vt 0.07040876646281549 0.7122545877267078
vt 0.07724509172345094 0.7084730783480605
vt 0.08102660110209826 0.715309403608696
vt 0.07419027584146282 0.7190909129873433
vt 0.78125 0.5625
vt 0.828125 0.5625
vt 0.828125 0.578125
vt 0.7820343309023026 0.5780437680339127
vt 0 0.28559375
vt 0.004582812499999998 0.265625
vt 0.012035937500000003 0.26790468749999996
vt 0.0076999999999999985 0.28659531250000003
vt 0.0600296875 0.15130042367713104
vt 0.06410525396638768 0.1710226985742792
vt 0.05638066351693694 0.171875
vt 0.05254014339309111 0.15343159476446278
vt 0.09375 0.217965882847321
vt 0.09963060221787776 0.203125
vt 0.1069918103203779 0.20326291853278744
vt 0.10121558355061114 0.22012329846135015
vt 0.0542203125 0.13439573617713108
vt 0.0600296875 0.15130042367713104
vt 0.052534374999999994 0.153433236177131
vt 0.046875 0.134494173677131
vt 0.28899375 0.9886875
vt 0.2907546875 0.981109375
vt 0.297734375 0.98345625
vt 0.2959734375 0.9910359375
vt 0.3748265625 0.46875
vt 0.375 0.51161875
vt 0.3671875 0.5116390625
vt 0.3670796875 0.46945781249999996
vt 0.9140656054307873 0.796875
vt 0.9140656054307873 0.7561056759892872
vt 0.9218135518009941 0.756798484608374
vt 0.921875 0.796875
vt 0.006210096216684641 0.726778125
vt 0.01402259621668464 0.726778125
vt 0.01412415871668464 0.734590625
vt 0.00631165871668464 0.734590625
vt 0.7303609375 0.4375
vt 0.734375 0.458228125
vt 0.7266343749999999 0.45901875000000003
vt 0.722909375 0.4396171875
vt 0.78125 0.109375
vt 0.78125 0.08857699095644533
vt 0.796875 0.08925592498540202
vt 0.796875 0.10870023154968145
vt 0.806187476062726 0.625
vt 0.8125 0.639114874794596
vt 0.8050420762443072 0.6412977584755167
vt 0.7989484328729675 0.6250167933654243
vt 0.29074374999999997 0.9398640625
vt 0.28898124999999997 0.93228125
vt 0.295971875 0.9304015625
vt 0.297734375 0.937984375
vt 0.90625 0.96875
vt 0.9071252371475723 0.9510312478650254
vt 0.921875 0.9488150066397651
vt 0.921875 0.9685255044301442
vt 0.46875 0.5895561942263072
vt 0.46892367028921955 0.546875
vt 0.4766703062159555 0.5475900946330583
vt 0.4765609313052514 0.5895759978549191
vt 0.26717393437079134 0.711153051532148
vt 0.27498643437079134 0.711153051532148
vt 0.27498643437079134 0.718965551532148
vt 0.26717393437079134 0.718965551532148
vt 0.78125 0.5
vt 0.828125 0.5
vt 0.828125 0.515625
vt 0.7819512976479274 0.5155589584309935
vt 0.328125 0.317275
vt 0.332703125 0.296875
vt 0.340084375 0.29930625
vt 0.3358234375 0.31830468749999996
vt 0.890625 0.296875
vt 0.9115112285599156 0.296875
vt 0.9108735642117491 0.3125
vt 0.8914235570572016 0.31246318982714427
vt 0.765625 0.747800741277967
vt 0.7719356294981823 0.7331340132548845
vt 0.7791821887225404 0.7332016643708787
vt 0.7730672937439487 0.75
vt 0.4707344542206858 0.05554136169840618
vt 0.484375 0.054218859016566534
vt 0.484375 0.06199079652888051
vt 0.46875 0.0625
vt 0.3671 0.932746875
vt 0.36533125 0.94035625
vt 0.35848437499999997 0.937984375
vt 0.360253125 0.9303734375
vt 0.45293596144974524 0.46875
vt 0.453125 0.5114578195516032
vt 0.44531249925085 0.5114778418438524
vt 0.4452031201664729 0.4695247127518474
vt 0.14843904123568497 0.09375
vt 0.14843904123568497 0.05291740457120442
vt 0.15617638359148653 0.05367506761547314
vt 0.15625 0.09375
vt 0.20396605919035127 0.6927871930925142
vt 0.2108023844509867 0.6965687024711615
vt 0.2071124818308319 0.7034556999574708
vt 0.20027615657019646 0.6996741905788235
vt 0.6519154774330427 0.7642752640177255
vt 0.65625 0.7845961547139241
vt 0.6485255038014403 0.7854694959328563
vt 0.6444322889786185 0.7664163448152095
vt 0.1704743458707071 0.1710961921227554
vt 0.1744546875 0.1513683200586381
vt 0.18197169838115362 0.15341770283789113
vt 0.1781984979713039 0.171875
vt 0.646016035149616 0.75
vt 0.6519154774330427 0.7642752640177255
vt 0.6444248753619682 0.7664184659902068
vt 0.6386710023510799 0.7500895274320191
vt 0.3655265625 0.98134375
vt 0.36726875000000003 0.9888375
vt 0.36022656249999996 0.9909515625
vt 0.35848437499999997 0.98345625
vt 0.1744546875 0.1513683200586381
vt 0.180146875 0.13443707005863814
vt 0.1875 0.13443707005863814
vt 0.1819625 0.153415195058638
vt 0.15625 0.640625
vt 0.171875 0.640625
vt 0.171875 0.65625
vt 0.15625 0.65625
vt 0.578125 0.203125
vt 0.625 0.203125
vt 0.625 0.21875
vt 0.578125 0.21875
vt 0.328125 0.75
vt 0.328125 0.734375
vt 0.34375 0.734375
vt 0.34375 0.75
vt 0.28125 0.890625
vt 0.34375 0.890625
vt 0.34375 0.90625
vt 0.28125 0.90625
vt 0 0.875
vt 0.015625 0.875
vt 0.015625 0.890625
vt 0 0.890625
vt 0.78125 0.265625
vt 0.828125 0.265625
vt 0.828125 0.28125
vt 0.78125 0.28125
vt 0.609375 0.640625
vt 0.609375 0.625
vt 0.625 0.625
vt 0.625 0.640625
vt 0.671875 0.84375
vt 0.734375 0.84375
vt 0.734375 0.859375
vt 0.671875 0.859375
vn -0.9484024481022504 -0.3170690720232081 -2.771199150889634e-15
vn 0.9484024481022506 -0.31706907202320794 2.848858675722004e-15
vn 0.03669334948326316 0.9993265722994158 -1.3663201195426186e-17
vn 1.224646799147353e-16 -1 1.224646799147357e-16
vn -0.21533302225127096 -0.15103084575723522 -0.964790844254851
vn -0.21530660442507943 0.03136524802161308 0.9760426667454067
vn 0.21815878645581202 -0.04703657077629221 0.9747791056961236
vn 1.224646799147353e-16 -1 1.224646799147357e-16
vn 0.2151585502063774 -0.07051292929055117 -0.9740301458763768
vn -0.03669334948326341 0.9993265722994158 -2.311012164184497e-16
vn -0.9487454530331729 -0.31604123994959826 -2.7723413159654634e-15
vn -0.1915293552551108 -0.4867785176315322 0.8522694297274833
vn 0.18136783302062753 -0.5343995638615278 0.825543951155849
vn 0.9487454530331731 -0.31604123994959804 2.8497490945460314e-15
vn 0.19854741948153537 -0.41564058880673976 -0.8875932757483068
vn -0.19002682015770975 -0.46992337901891706 -0.8620103395390296
vn 0.24300509977433526 -0.008823887350477818 -0.9699848764262728
vn 0.24283923015203546 -0.009593530591470244 0.9700191093323663
vn 1 1.224646799147357e-16 2.9629076969683865e-15
vn -0.24235661499811134 -0.011828887143782189 0.9701151213106604
vn -0.24334561565130156 -0.007241660169030054 -0.9699126093114192
vn -1 -1.224646799147357e-16 -2.9629076969683865e-15
vn -0.22626318130017106 0.973098920616608 0.04339888803550718
vn -0.2147660059581785 0.9766655326593499 -7.559388839415272e-16
vn -0.2583623417917031 0.9660480838674166 -8.838105404744808e-16
vn 0.22626318130017084 0.973098920616608 -0.04339888803550742
vn 0.21476600595817832 0.9766655326593501 5.167248202597631e-16
vn 0.2583623417917029 0.9660480838674168 6.47197001728347e-16
vn -0.25132251372215164 0.12661792952093742 0.9595857929441276
vn -0.24812839577337226 0.17035069648044426 -0.9536314484220623
vn -0.9941046730140843 0.10842462400931223 -2.9587185741398477e-15
vn 0.25132251372215164 0.12661792952093726 -0.9595857929441276
vn 0.24812839577337226 0.17035069648044457 0.9536314484220624
vn 0.9941046730140843 0.10842462400931248 2.9321622003914954e-15
vn 0.2211361077162563 0.9752429553009365 5.357730592700963e-16
vn 0.9667328192032489 -0.004459694483079611 0.2557494230696454
vn -0.20758893616194837 0.9766733737199174 0.054917707979350625
vn -0.9699740559377866 -0.004451963618585249 0.24316765991294664
vn -0.22113610771625652 0.9752429553009365 -7.746386919901564e-16
vn -0.9667348465611837 -0.003961654613007084 -0.2557499594077233
vn 0.20758893616194815 0.9766733737199174 -0.05491770797935087
vn 0.9698923576594766 -0.004044487690548688 -0.24350042437963676
vn 0.9389076838605265 -0.20026657385820137 0.2799029485067268
vn -0.937994287238775 -0.1934275309576399 0.2876673554212469
vn -0.8984879503823283 -0.3861367350250581 0.20884880866778013
vn 1.224646799147353e-16 -1 1.224646799147357e-16
vn 0.8830845771133687 -0.35703498677709555 0.3044464614371173
vn 1.224646799147353e-16 -1 1.224646799147357e-16
vn -0.9417399607774544 -0.18088011393474016 -0.28356345084977796
vn 0.9428030335397168 -0.17889277593952274 -0.28128244642166944
vn 0.8891404351506936 -0.40830663245775073 -0.20667602780933872
vn 1.224646799147353e-16 -1 1.224646799147357e-16
vn -0.8692191548918918 -0.3884107903260015 -0.30593319324217905
vn 1.224646799147353e-16 -1 1.224646799147357e-16
vn 0.26964818339275387 -0.011599174274327793 -0.9628890467489709
vn 0.002477924938263744 0.9999967150750793 0.0006555356979532882
vn -0.25574352506306 0.0029557453683607764 0.9667401475875704
vn 0.17069761962019583 -0.3945361406912791 -0.9028862366568837
vn -0.20630330343715295 0.4081851476916174 0.8892827627897049
vn 0.31116101142829716 -0.2177079211413431 -0.9250849074756512
vn -0.24595946352936884 0.1892309844159844 0.950629042706619
vn 1.224646799147353e-16 -1 1.224646799147357e-16
vn 0.24299390105872648 -0.018257016496038003 0.9698559920920865
vn -0.2638590860519792 0.004189798166754363 -0.9645521387147178
vn 0.0024662976297750577 0.999996745830882 -0.0006524596904168281
vn 0.195697733998361 -0.4522961322861183 0.8701325218763662
vn -0.11855830858435368 0.44342460997673194 -0.8884360093628582
vn 0.25486768304073093 -0.06320675119134693 0.9649079597273953
vn 1.224646799147353e-16 -1 1.224646799147357e-16
vn -0.25867044783686166 0.0915822810001234 -0.9616144160851021
vn -0.2704937138445669 -0.014755206954524702 0.9626086612109321
vn -0.002373688602982741 0.9999969856298169 -0.0006279599478791288
vn 0.25574316500498323 0.0031674081404037303 -0.9667395725214242
vn -0.1443723420046736 -0.4566456060760604 0.8778561484181295
vn 0.19868758301102585 0.4671934528390874 -0.8615413640571928
vn -0.32514444799039227 -0.11617174807679773 0.938501578522809
vn 0.27410476063907147 0.11244015687985469 -0.9551040735521085
vn 1.224646799147353e-16 -1 1.224646799147357e-16
vn -0.2426451882269098 -0.015970584385929815 -0.9699836354623204
vn 0.26760212715985204 0.005020025817271511 0.9635164248108676
vn -0.002536791933393707 0.9999965571437872 0.0006711089770881185
vn -0.20805539119222446 -0.3951157161074934 -0.8947605965177017
vn 0.1602541243759278 0.39525518862913006 0.9044843566818918
vn -0.23778396914667205 -0.18008454189933654 -0.9544780467804174
vn 1.224646799147353e-16 -1 1.224646799147357e-16
vn 0.2820419241587262 0.19299844026469345 0.9397893141934733
vn -0.134668661261154 -0.4042709111569046 0.9046708694693859
vn -0.31604123994959815 -0.948745453033173 -8.202132141798289e-16
vn -0.1128402016019945 -0.33874259006930446 -0.934088082878462
vn 0.3160412399495981 0.9487454530331729 8.202132141798289e-16
vn 0.11284020160199999 -0.3387425900693045 -0.9340880828784613
vn 0.3160412399495983 -0.9487454530331728 1.0525888306323655e-15
vn 0.13466866126114874 -0.40427091115690467 0.9046708694693867
vn -0.3160412399495983 0.9487454530331729 -1.0525888306323657e-15
usemtl m_3d478068-9534-e6ba-c28c-3f41e95b72f8
f 454/1765/447 462/1766/447 461/1767/447 453/1768/447
f 457/1769/448 464/1770/448 463/1771/448 458/1772/448
f 477/1773/449 479/1774/449 478/1775/449 480/1776/449
f 453/1777/450 460/1778/450 459/1779/450 454/1780/450
f 498/1781/451 497/1782/451 496/1783/451 499/1784/451
f 505/1785/452 502/1786/452 501/1787/452 506/1788/452
f 504/1789/453 503/1790/453 502/1791/453 505/1792/453
f 458/1793/454 459/1794/454 460/1795/454 457/1796/454
f 499/1797/455 496/1798/455 495/1799/455 500/1800/455
f 481/1801/456 478/1802/456 479/1803/456 482/1804/456
f 543/1805/457 544/1806/457 545/1807/457 546/1808/457
f 491/1809/458 501/1810/458 502/1811/458 492/1812/458
f 492/1813/459 502/1814/459 503/1815/459 494/1816/459
f 539/1817/460 540/1818/460 541/1819/460 542/1820/460
f 485/1821/461 495/1822/461 496/1823/461 486/1824/461
f 486/1825/462 496/1826/462 497/1827/462 488/1828/462
f 483/1829/463 484/1830/463 485/1831/463 486/1832/463
f 493/1833/464 489/1834/464 492/1835/464 494/1836/464
f 465/1837/465 468/1838/465 456/1839/465 455/1840/465
f 489/1841/466 490/1842/466 491/1843/466 492/1844/466
f 487/1845/467 483/1846/467 486/1847/467 488/1848/467
f 469/1849/468 470/1850/468 451/1851/468 452/1852/468
f 473/1853/469 471/1854/469 469/1855/469 467/1856/469
f 474/1857/470 472/1858/470 466/1859/470 470/1860/470
f 471/1861/471 474/1862/471 470/1863/471 469/1864/471
f 472/1865/472 475/1866/472 465/1867/472 466/1868/472
f 476/1869/473 473/1870/473 467/1871/473 468/1872/473
f 475/1873/474 476/1874/474 468/1875/474 465/1876/474
f 479/1877/475 477/1878/475 471/1879/475 473/1880/475
f 480/1881/476 478/1882/476 472/1883/476 474/1884/476
f 477/1885/477 480/1886/477 474/1887/477 471/1888/477
f 478/1889/478 481/1890/478 475/1891/478 472/1892/478
f 482/1893/479 479/1894/479 473/1895/479 476/1896/479
f 481/1897/480 482/1898/480 476/1899/480 475/1900/480
f 484/1901/481 483/1902/481 466/1903/481 465/1904/481
f 507/1905/482 508/1906/482 509/1907/482 510/1908/482
f 483/1909/483 487/1910/483 470/1911/483 466/1912/483
f 531/1913/484 532/1914/484 533/1915/484 534/1916/484
f 490/1917/485 489/1918/485 467/1919/485 469/1920/485
f 523/1921/486 524/1922/486 525/1923/486 526/1924/486
f 489/1925/487 493/1926/487 468/1927/487 467/1928/487
f 515/1929/488 516/1930/488 517/1931/488 518/1932/488
f 511/1933/489 507/1934/489 510/1935/489 512/1936/489
f 532/1937/490 535/1938/490 536/1939/490 533/1940/490
f 535/1941/491 537/1942/491 538/1943/491 536/1944/491
f 498/1945/492 499/1946/492 460/1947/492 453/1948/492
f 513/1949/493 511/1950/493 512/1951/493 514/1952/493
f 499/1953/494 500/1954/494 457/1955/494 460/1956/494
f 527/1957/495 523/1958/495 526/1959/495 528/1960/495
f 516/1961/496 519/1962/496 520/1963/496 517/1964/496
f 519/1965/497 521/1966/497 522/1967/497 520/1968/497
f 504/1969/498 505/1970/498 459/1971/498 458/1972/498
f 529/1973/499 527/1974/499 528/1975/499 530/1976/499
f 505/1977/500 506/1978/500 454/1979/500 459/1980/500
f 508/1981/501 507/1982/501 485/1983/501 484/1984/501
f 509/1985/502 508/1986/502 484/1987/502 465/1988/502
f 510/1989/503 509/1990/503 465/1991/503 455/1992/503
f 507/1993/504 511/1994/504 495/1995/504 485/1996/504
f 512/1997/505 510/1998/505 455/1999/505 464/2000/505
f 511/2001/506 513/2002/506 500/2003/506 495/2004/506
f 514/2005/507 512/2006/507 464/2007/507 457/2008/507
f 513/2009/508 514/2010/508 457/2011/508 500/2012/508
f 516/2013/509 515/2014/509 493/2015/509 494/2016/509
f 518/2017/510 517/2018/510 456/2019/510 468/2020/510
f 515/2021/511 518/2022/511 468/2023/511 493/2024/511
f 519/2025/512 516/2026/512 494/2027/512 503/2028/512
f 517/2029/513 520/2030/513 463/2031/513 456/2032/513
f 521/2033/514 519/2034/514 503/2035/514 504/2036/514
f 522/2037/515 521/2038/515 504/2039/515 458/2040/515
f 520/2041/516 522/2042/516 458/2043/516 463/2044/516
f 524/2045/517 523/2046/517 491/2047/517 490/2048/517
f 525/2049/518 524/2050/518 490/2051/518 469/2052/518
f 526/2053/519 525/2054/519 469/2055/519 452/2056/519
f 523/2057/520 527/2058/520 501/2059/520 491/2060/520
f 528/2061/521 526/2062/521 452/2063/521 462/2064/521
f 527/2065/522 529/2066/522 506/2067/522 501/2068/522
f 530/2069/523 528/2070/523 462/2071/523 454/2072/523
f 529/2073/524 530/2074/524 454/2075/524 506/2076/524
f 532/2077/525 531/2078/525 487/2079/525 488/2080/525
f 534/2081/526 533/2082/526 451/2083/526 470/2084/526
f 531/2085/527 534/2086/527 470/2087/527 487/2088/527
f 535/2089/528 532/2090/528 488/2091/528 497/2092/528
f 533/2093/529 536/2094/529 461/2095/529 451/2096/529
f 537/2097/530 535/2098/530 497/2099/530 498/2100/530
f 538/2101/531 537/2102/531 498/2103/531 453/2104/531
f 536/2105/532 538/2106/532 453/2107/532 461/2108/532
f 540/2109/533 539/2110/533 456/2111/533 463/2112/533
f 541/2113/534 540/2114/534 463/2115/534 464/2116/534
f 542/2117/535 541/2118/535 464/2119/535 455/2120/535
f 539/2121/536 542/2122/536 455/2123/536 456/2124/536
f 544/2125/537 543/2126/537 451/2127/537 461/2128/537
f 545/2129/538 544/2130/538 461/2131/538 462/2132/538
f 546/2133/539 545/2134/539 462/2135/539 452/2136/539
f 543/2137/540 546/2138/540 452/2139/540 451/2140/540